ID,payload,sendTo
132,Michael,S2
139,Vicki,S2
290,Susan,S2
340,Mary,S2
378,William‖Marie,S2
437,Marie,S2
468,Todd‖Shirley,S2
489,Ronnie,S2
494,Adela,S2
576,Bettye,S2
599,Jennifer,S2
766,Jose,S2
841,Steven,S2
862,Margaret,S2
870,Bart,S2
901,Joseph,S2
924,Elizabeth,S2
940,Tami,S2
1002,Jose,S2
1021,Sandra,S2
1030,Tamara,S2
1042,Lori,S2
1073,Juan,S2
1106,Megan,S2
1254,Vicky,S2
1306,Willie,S2
1465,Donald,S2
1471,Chad,S2
1505,Kendall,S2
1522,Alvin,S2
1589,Crystal,S2
1591,Ronald,S2
1596,Eva,S2
1638,Alan‖Amy,S2
1686,John,S2
1709,James,S2
1796,Dianne,S2
1836,Pamela‖William,S2
1845,Irma‖Patti,S2
1846,Anna,S2
1977,John,S2
1991,Gene,S2
2119,Tracy,S2
2198,Elva,S2
2271,Margarita,S2
2308,Edward,S2
2312,Arthur,S2
2346,Pamela,S2
2362,Jennifer,S2
2425,Larry,S2
2465,Rene,S2
2474,Katrina,S2
2481,Jenee,S2
2529,Shannon,S2
2547,Shaquita,S2
2563,Antonio,S2
2580,Michael,S2
2623,Alicia,S2
2626,Jeff,S2
2698,Timothy,S2
2701,Shannon,S2
2705,Linda,S2
2828,Caleb,S2
2921,Elizabeth,S2
2967,Shannon,S2
2977,Kathleen,S2
128,John,S2
132,Dale,S2
190,Leroy,S2
207,Raymond,S2
227,Robert,S2
281,Susie,S2
290,Sandra,S2
340,William,S2
346,Ronald,S2
489,Craig,S2
561,Frank,S2
649,Beatrice,S2
670,Joe,S2
701,Carol,S2
732,Gale,S2
820,Curtis,S2
823,Marilyn,S2
841,Dean,S2
848,Randy,S2
850,Francis,S2
948,Carolina,S2
959,Blanca,S2
1002,Manuel,S2
1008,David,S2
1030,Daniel,S2
1042,Ethan,S2
1106,Jack,S2
1109,Mary,S2
1126,Otis,S2
1213,Warren,S2
1216,Doris,S2
1353,Brenda,S2
1480,Casey,S2
1528,Jonathan,S2
1533,June,S2
1589,Steven,S2
1591,Harold,S2
1633,Carol,S2
1638,Tonya,S2
1836,Barbara,S2
1911,Rosa,S2
1946,Herbert,S2
2041,Karen,S2
2093,Cheryl,S2
2111,Lana,S2
2119,Joseph,S2
2142,Sandra,S2
2151,Dwight,S2
2208,Maria,S2
2271,Sue,S2
2308,George,S2
2312,William,S2
2346,Adelaide,S2
2425,John,S2
2455,Kim,S2
2465,Peter,S2
2470,Stanley,S2
2481,Teresa,S2
2509,Reba,S2
2529,Francisco,S2
2530,Kathleen,S2
2580,Gilbert,S2
2616,Tommy,S2
2645,Polly,S2
2656,Linda,S2
2705,Irma‖Edna,S2
2759,Laurence,S2
2828,Kyra,S2
2850,Myra,S2
2964,Richard,S2
2967,Donna,S2
2978,Jim,S2
128,Kenneth,S2
190,Mike,S2
271,Hubert,S2
346,Joseph,S2
378,Kenneth,S2
437,Robert,S2
448,Sharon,S2
468,Mary,S2
576,Marlene,S2
602,Shawn,S2
701,Elizabeth,S2
708,Octavio,S2
732,Teresa,S2
763,Antonio,S2
766,Jane,S2
820,Nannette,S2
823,Jason,S2
848,Kathleen,S2
862,George,S2
901,Cythia,S2
924,Olive,S2
987,James,S2
1042,Jesse,S2
1109,Stephanie,S2
1213,Carri,S2
1254,Granville,S2
1353,James,S2
1465,Peggy,S2
1489,Scott,S2
1528,Gregory,S2
1533,Catherine,S2
1686,Violet,S2
1829,Victoria,S2
1836,Donald,S2
1846,Iris,S2
1946,Bruce,S2
1991,David,S2
2111,Patti,S2
2142,Ruth,S2
2151,James‖James,S2
2198,Sara,S2
2208,Larry,S2
2240,Lawrence‖Debra,S2
2308,Lila,S2
2509,Shannon,S2
2530,Sandra,S2
2547,Dennis,S2
2563,Dana,S2
2580,Carly,S2
2616,Cody,S2
2623,Christina,S2
2626,Lance,S2
2645,Gilbert,S2
2680,Gregory,S2
2694,Nan‖Jessica,S2
2698,Marie,S2
2759,Kenneth‖James,S2
2977,Stanley,S2
2978,Patricia,S2
139,Roy,S2
190,Beth,S2
227,Joshua,S2
281,John,S2
340,Tyrone,S2
346,James,S2
404,Delores,S2
433,Sherman,S2
489,Betty,S2
494,Billy,S2
561,Charles,S2
576,Roxanne,S2
599,Zachary,S2
602,Jeffery,S2
649,Jason,S2
708,Luis,S2
763,Joseph,S2
808,Mabel,S2
823,Heather,S2
841,Angela,S2
850,Lucy,S2
862,Lindsey,S2
870,Robert,S2
948,Gregory,S2
959,Roxanne,S2
987,Christopher,S2
1006,Jodi,S2
1008,Howard‖Anna,S2
1021,William,S2
1030,Stephen,S2
1073,Angelo,S2
1126,Sheila,S2
1353,Michael,S2
1471,Ben,S2
1505,Grace‖Richard,S2
1522,Keith,S2
1528,Kenneth,S2
1589,Tonya,S2
1591,Doreen,S2
1596,Joanne,S2
1686,Chauncey,S2
1829,John,S2
1845,John,S2
1846,Beverly,S2
1911,Sharon,S2
1946,Crystal,S2
1977,Tammy,S2
2041,Nakisha,S2
2111,Jesse,S2
2142,Diane,S2
2151,Dawn,S2
2198,Donald,S2
2240,Jane,S2
2271,Leah,S2
2295,Christina,S2
2312,Diana,S2
2362,Mary,S2
2425,Bertie,S2
2455,Charles,S2
2465,Ulysses,S2
2474,Richard,S2
2509,Jesse,S2
2616,Paul,S2
2627,Jason,S2
2656,Jose,S2
2668,James,S2
2698,Phyllis,S2
2701,Kevin,S2
2705,Brian,S2
2828,Ralph,S2
2850,Virginia,S2
2921,Nita,S2
2964,Carlos,S2
2977,Myrtis,S2
128,Dina‖David,S2
132,Krystal,S2
139,Anthony,S2
190,Kindra,S2
207,Matthew,S2
227,Edna‖Elizabeth,S2
340,Charlene,S2
346,Esteban,S2
378,Deb,S2
433,Alan,S2
448,Barbara,S2
468,Alex,S2
494,Jose,S2
561,Julio,S2
599,Brenda,S2
649,Jason,S2
701,Clemmie,S2
708,George,S2
732,Ruben,S2
766,John,S2
901,Daisy,S2
924,Dale,S2
1002,James,S2
1006,Julie,S2
1021,Edwin,S2
1042,Joseph,S2
1092,Corrina,S2
1109,Lula,S2
1213,Lora,S2
1216,Blair,S2
1254,Richard,S2
1306,Sarah,S2
1353,Jean,S2
1522,Cheryl,S2
1596,Hazel,S2
1633,Mary,S2
1724,Bradley,S2
1796,Rachael,S2
1829,Ann‖Karen,S2
1845,Kennith,S2
1846,Katherine,S2
1911,Will,S2
2041,Racquel,S2
2093,Frieda,S2
2208,John,S2
2271,Leon,S2
2295,Louise,S2
2362,Manuel,S2
2465,Janice,S2
2470,Jessica,S2
2481,Patricia‖Joseph,S2
2529,Mary,S2
2530,Theodore,S2
2547,Justin,S2
2563,Anne,S2
2623,Francis,S2
2627,Curtis,S2
2668,Linda,S2
2680,Rebecca,S2
2694,Karolyn,S2
2698,Toni,S2
2759,Marisela,S2
2828,Peter,S2
2921,Bethany‖Loretta,S2
132,Jana,S2
207,Dana,S2
271,Craig,S2
281,Lisa,S2
290,Charles,S2
404,Anna,S2
448,Frank,S2
576,Geneva,S2
599,Jacqueline,S2
602,Alan,S2
649,Fred,S2
670,Jamie,S2
701,Jose,S2
766,Darrel,S2
808,Michael,S2
820,Mia,S2
823,Susan,S2
841,Thelma,S2
870,Archie,S2
924,Ivan,S2
940,Harold,S2
948,Owen,S2
959,Sylvia,S2
1002,Marylou,S2
1006,Arturo,S2
1008,Jose,S2
1073,Teresa,S2
1092,Brenda,S2
1106,Robert,S2
1126,David,S2
1213,Michael,S2
1216,Ethel,S2
1254,Ann,S2
1306,Timothy,S2
1465,Bernard,S2
1471,Darci,S2
1480,Kathleen,S2
1489,Cindy,S2
1505,Stephen,S2
1522,Gerald,S2
1533,Geneva,S2
1591,Shawna,S2
1596,Courtney,S2
1633,Marilyn,S2
1638,Jo,S2
1709,Robert,S2
1724,Jennifer,S2
1911,Krista,S2
1946,Joy,S2
1977,Marilyn,S2
1991,Richard,S2
2093,Jesse,S2
2111,John,S2
2142,Ana,S2
2198,Edwin,S2
2240,Judith,S2
2295,Billy,S2
2312,Elizabeth,S2
2455,Kenneth,S2
2470,Sue,S2
2474,Ruby,S2
2509,Pamela,S2
2547,Evette,S2
2623,Bryan,S2
2626,Nancy,S2
2627,Michelle,S2
2645,Richard,S2
2656,Beth,S2
2668,Mary,S2
2680,Jeffrey‖Myron,S2
2694,Delores,S2
2701,Jack,S2
2850,Kenneth,S2
2964,Margaret‖Jacqueline,S2
2967,Charles,S2
1,Veney,R2
2,Pals‖Brannen,R2
6,Beck,R2
11,Miller,R2
19,Buono,R2
27,Davis,R2
30,Carson,R2
48,Reeb,R2
57,Clinton‖Ibrahim,R2
67,Castro,R2
75,Cooper‖Love,R2
77,Young,R2
84,Bower,R2
95,Garis,R2
102,Ponce‖Nichols,R2
106,Dierking,R2
140,Kellogg,R2
143,Needham,R2
148,Schwald,R2
158,Pegoda,R2
160,Mitchel,R2
162,Carroll,R2
170,Mcgaughey,R2
172,Torres,R2
176,Medina,R2
186,Mcatee,R2
198,Belanger,R2
208,Hedrick,R2
220,Miller,R2
223,Holland,R2
228,Hall,R2
238,Stec,R2
239,Armstrong,R2
252,Crumm,R2
257,Billington,R2
259,Pastel,R2
276,Zielinski,R2
278,Rierson,R2
279,Hunter,R2
292,Jordan,R2
302,Goble,R2
305,Rivera,R2
314,Cornett,R2
318,Wells,R2
345,Mccoy,R2
347,Hunter,R2
348,Kurtz,R2
362,Weigel,R2
366,Sawyer,R2
376,Weeks,R2
391,Monteagudo,R2
392,Downey,R2
395,Halstead‖Evans,R2
403,King,R2
418,Deck‖Nixon,R2
424,Purcell,R2
459,Potts,R2
463,Lowery,R2
480,Larson,R2
482,Nesbitt‖Tuder,R2
502,Robinson,R2
514,Ross,R2
523,Cox,R2
524,Bright‖Chesley,R2
527,Turnbull,R2
529,Lyons,R2
531,Purcell,R2
533,Davis,R2
535,Mackie,R2
541,Jones,R2
542,Marcum,R2
559,King,R2
583,Mccurdy,R2
591,Breden,R2
604,Long,R2
607,Fry,R2
611,Lum,R2
617,Becerra‖Howard,R2
618,Anderson,R2
624,Carter,R2
628,Leonard,R2
638,Hernandez,R2
641,Lackey,R2
654,Hernandez,R2
656,Maize,R2
662,Martin,R2
665,Hausner,R2
689,Taylor,R2
693,Harris,R2
746,Robinson,R2
747,Walker,R2
750,Hull,R2
764,Boggioni,R2
765,Howard,R2
767,Hudson,R2
775,Murphy‖Dover,R2
789,Stebbins,R2
795,Hayes,R2
818,Chouteau,R2
819,Montoya‖Thompson,R2
837,Sigmon,R2
853,Vinroe,R2
854,Fuchs,R2
858,Cummings,R2
886,Johnson,R2
892,Damour,R2
896,Wasson,R2
897,Vasquez‖Richardson,R2
898,Roche‖Masella,R2
905,Gravitt,R2
907,Champion,R2
908,Roberts,R2
919,Little,R2
938,Partain,R2
939,Grissom,R2
953,Wolf,R2
966,Marrara,R2
969,Lucero,R2
970,Ching‖Charles,R2
990,Pledger,R2
1007,Holt,R2
1009,Scott,R2
1018,Woodard‖Sellers,R2
1020,Gilbert,R2
1025,Romero,R2
1026,Johnson,R2
1050,Martin,R2
1058,Williams,R2
1061,Hakes‖Rodgers,R2
1077,Gleason,R2
1079,Wilson,R2
1083,Starkey,R2
1084,Singleton,R2
1085,Gould,R2
1123,Wingfield,R2
1124,Norton,R2
1130,Zima,R2
1134,Potts,R2
1136,Zehner,R2
1138,Verkamp,R2
1158,Pfeiffer,R2
1179,Forget,R2
1181,Prince,R2
1189,Davis,R2
1200,Sande,R2
1203,Hayes‖Frink,R2
1210,Eckloff,R2
1211,Sanchez,R2
1220,Griffie‖Meyer,R2
1228,Leiva,R2
1229,Villalpando,R2
1241,Poplin,R2
1248,Pujols,R2
1259,Castillo,R2
1271,Jarvis,R2
1275,Fields,R2
1285,Bragg,R2
1291,Cobb,R2
1293,Boatner‖Gillick,R2
1294,Stein,R2
1300,Laine,R2
1310,Corbett,R2
1316,Johnston,R2
1319,Schooley,R2
1336,Hollen,R2
1368,Cooke,R2
1374,Ainslie,R2
1376,Sullivan,R2
1384,Carr,R2
1390,Ewings,R2
1392,Lynn,R2
1412,Quezad,R2
1418,Benton,R2
1427,Pettigrew‖Thompson‖Brown,R2
1428,Rule,R2
1433,Cote,R2
1446,Ciraulo,R2
1454,Pierce,R2
1455,Goodwin‖Seay,R2
1479,Marino,R2
1486,Peckham,R2
1493,Boudreaux,R2
1501,Turrie,R2
1503,Lane,R2
1523,Barry,R2
1538,Dyas,R2
1551,Clarke,R2
1552,Reed,R2
1555,Preston,R2
1557,Springer,R2
1558,Klug,R2
1562,Pinkert,R2
1575,Cassette,R2
1586,Matthey,R2
1602,Raynor,R2
1607,Johnson,R2
1623,Riggins,R2
1624,Butler‖Mortensen,R2
1631,Owens,R2
1636,Osei,R2
1646,Cook,R2
1660,Reyes,R2
1676,Scott,R2
1680,Flores,R2
1685,Cupit,R2
1691,Arce,R2
1729,Santoro,R2
1737,Los,R2
1738,Spooner,R2
1745,Rodriguez,R2
1761,Hayes‖Roddy,R2
1764,Vogt,R2
1766,Marr,R2
1794,Stephens,R2
1810,Ngo,R2
1816,Brown,R2
1818,Hill,R2
1852,Henderson,R2
1857,Messer,R2
1864,Londo,R2
1869,Laite,R2
1880,Sanchez,R2
1890,Cavett,R2
1893,Coleman,R2
1901,Hager,R2
1919,Mcrae‖Schulz,R2
1932,Falconio,R2
1936,Witek,R2
1937,Chaney,R2
1945,Siegel,R2
1948,Goodwin,R2
1952,Bowman‖Diercks,R2
1961,Guido‖Jennings,R2
1971,Brothers‖Reyes,R2
1978,Delorenzo,R2
1988,Nelson,R2
2000,Smith,R2
2008,Wascher,R2
2009,Grantham,R2
2011,Smith,R2
2023,Morris,R2
2025,Conway,R2
2034,Phillips,R2
2048,Schulze,R2
2073,Marsh,R2
2074,Atchley,R2
2100,Perez‖Gordon,R2
2110,Miller,R2
2113,Bustamante,R2
2115,Manzo,R2
2134,Smith,R2
2138,Winfrey,R2
2147,Mingus‖Foster,R2
2150,Jenkins,R2
2157,Fowler,R2
2161,Basel,R2
2165,Mischler‖Muise,R2
2182,Ward,R2
2212,Moore,R2
2213,Jeffries,R2
2230,Hernandez,R2
2233,Birdsong,R2
2245,Granata,R2
2248,Mckoy,R2
2250,Espinoza,R2
2270,Trowbridge,R2
2274,Roberts,R2
2275,Brown,R2
2297,Ransom,R2
2305,Tartaglia,R2
2314,Mixon,R2
2333,Thompson‖Hou,R2
2341,Hinton,R2
2347,Martin,R2
2358,Baker,R2
2361,Metoyer,R2
2369,Jefferis,R2
2396,Sartain,R2
2410,Fields,R2
2437,Alvarez,R2
2459,Collom,R2
2463,Torres,R2
2468,Roberts,R2
2485,Watkins,R2
2492,Campos,R2
2503,Talton,R2
2506,Poulin,R2
2531,Aquino,R2
2552,Brown,R2
2555,Jones,R2
2560,Browning,R2
2567,Ota,R2
2575,Lange,R2
2577,Mottillo,R2
2583,Sloan,R2
2584,Usry,R2
2597,Walker,R2
2598,Ohare,R2
2604,Branch,R2
2615,Smith,R2
2618,Noyes,R2
2639,Hoffman,R2
2658,Koch,R2
2659,Stuart,R2
2663,Bartels,R2
2664,Dejohn,R2
2667,Bass,R2
2670,Harper,R2
2675,Hardister‖Dawson,R2
2676,Taggart,R2
2690,Jennings,R2
2702,Guy‖Dupes,R2
2707,Warner,R2
2712,Barnett,R2
2713,Coleman,R2
2723,Buhl,R2
2742,Jones,R2
2771,Vicini,R2
2772,Hatch,R2
2775,Buckman,R2
2787,Johnson,R2
2791,Sheetz,R2
2797,Kidd,R2
2808,Rocco,R2
2812,Beckett,R2
2814,Baker,R2
2815,Arnold,R2
2826,Leu,R2
2827,Kidd,R2
2831,Mcgee‖Bowden,R2
2833,Woodberry,R2
2845,Lee,R2
2854,Brown,R2
2857,Wideman,R2
2868,Haight,R2
2869,Sheffer,R2
2882,Holloway,R2
2893,Clarke,R2
2900,Hoelscher,R2
2904,Hernandez,R2
2910,Holland,R2
2913,Mcgee‖Vaughan,R2
2916,Vaughn,R2
2929,Shutt,R2
2931,Hargraves,R2
2937,Cox,R2
2961,Lawson,R2
2973,Quitugua‖Benzi,R2
2990,Cerda‖Gonzales,R2
4,Obrecht‖Matthews,R2
6,Ford,R2
7,House,R2
10,Chin,R2
19,Barr,R2
27,Morgan,R2
30,Vanwormer,R2
36,Moore,R2
37,Mitchell,R2
38,Groseclose,R2
51,Bess,R2
67,Goodall,R2
71,Wasinger,R2
77,Anaya,R2
82,Missey,R2
84,Davies,R2
94,Rosales,R2
102,Hamff,R2
106,Dudley,R2
117,Burton,R2
124,Dyer,R2
154,Soltis,R2
163,Marsh,R2
169,Soto,R2
170,Brandt,R2
172,Hill,R2
180,Settle,R2
182,Kirsch,R2
184,Somogyi,R2
186,Brim,R2
198,Pabon,R2
220,Mcbride,R2
223,Andrews,R2
226,Chavez,R2
229,Ford,R2
238,Rose,R2
275,Militello,R2
276,Ledbetter,R2
278,Franzen,R2
289,Mcgrew‖Allen,R2
305,Davis,R2
308,Skinner,R2
310,Chatterton,R2
314,Dickens,R2
324,Edwards‖Martinez,R2
336,Butler,R2
339,Harris,R2
342,Mangone,R2
362,Baver,R2
389,Ezell,R2
399,Mccormick,R2
410,Hill,R2
411,Burdick,R2
415,Cromartie,R2
418,Long,R2
421,Steele,R2
423,Schrum,R2
424,Wilson,R2
432,Barnes,R2
438,Bellinghausen,R2
443,Bailey,R2
444,Wittkop‖Bove,R2
475,Germon,R2
502,Martin,R2
512,Jugo,R2
523,Reed,R2
529,Holland‖Ponce,R2
548,Gully,R2
551,Massey,R2
558,Coleman,R2
559,Nenno,R2
570,Butler,R2
600,Howland‖Seiler,R2
607,Torres,R2
608,Kirby,R2
610,Thomas,R2
614,Spueler,R2
667,Fernandez‖Rabideau‖Daggett,R2
677,Feria,R2
693,Lopez,R2
696,Albright‖Peterson,R2
707,Ruffin,R2
711,Rollag,R2
717,Arnold,R2
725,Lamarre,R2
731,Lussier,R2
733,Ramirez,R2
746,Westlund‖Scott,R2
752,Grimes,R2
767,Bales,R2
771,Anderson,R2
778,Davis,R2
781,Brawer,R2
805,Cartright,R2
818,Mccarthy,R2
819,Neal,R2
826,Garcia,R2
839,Ramsdell,R2
893,Tuholski‖Thompson,R2
900,Houston,R2
905,Grams,R2
915,Boles,R2
925,Bailey,R2
931,Martell,R2
939,Mccain,R2
946,Ellinger,R2
953,Draper‖Stevens,R2
956,Thomas,R2
965,Lankford,R2
969,Kelch,R2
978,Moochler,R2
984,Yawn,R2
990,Glassman,R2
1007,Philipp,R2
1018,Fortner,R2
1025,Ramirez,R2
1040,Dandrea,R2
1058,Daniels‖Debuhr,R2
1065,Sandoval,R2
1067,Holsapple,R2
1068,Rivard,R2
1074,Pence,R2
1077,Miller,R2
1079,Alvarado,R2
1083,Sees,R2
1084,Fine,R2
1094,Kline,R2
1103,Wiford,R2
1120,Moore,R2
1125,Bailey,R2
1134,Davidson,R2
1159,Travers,R2
1179,Taylor,R2
1191,Johnston,R2
1203,Tew,R2
1209,Glenn,R2
1210,Page,R2
1228,Fairchild‖Imes,R2
1231,Spirko,R2
1243,Digregorio,R2
1245,Mccray,R2
1247,Baldwin,R2
1248,Edwards,R2
1265,Yu,R2
1266,Ulrich,R2
1271,Sanderson,R2
1275,Fritz,R2
1281,Bickford,R2
1289,Calvert,R2
1290,Elwick,R2
1291,Powers,R2
1293,Regan,R2
1305,Villarreal,R2
1310,Lopes,R2
1321,Williams,R2
1339,Parks,R2
1340,Lowry,R2
1356,Caldwell,R2
1357,Good,R2
1359,Beckett,R2
1375,Peck,R2
1384,Hill,R2
1385,Stone,R2
1387,Sosa,R2
1396,Raymond,R2
1405,Vazquez,R2
1415,Taylor‖Neihart,R2
1459,Mendoza,R2
1467,Thomas,R2
1468,Matthews,R2
1470,Ramos,R2
1474,Jones,R2
1477,Long,R2
1501,Morgan,R2
1502,Smith,R2
1515,Williams,R2
1524,Niess‖Kilmer,R2
1551,Cross‖Quinn,R2
1555,Lineberger,R2
1557,Iribarren,R2
1561,Mcginnis,R2
1566,Mattern,R2
1577,Dagley,R2
1580,Nordman,R2
1581,Elias,R2
1600,Stover,R2
1602,Allen,R2
1614,Mcdowell,R2
1621,Yong,R2
1623,Mcgee,R2
1624,Estrada,R2
1631,Yeargin,R2
1636,Aadland‖Manns,R2
1641,Cowan,R2
1643,Case,R2
1647,Savoie,R2
1654,Avery,R2
1656,Thon,R2
1660,Lopez,R2
1687,French‖Salano‖Denger,R2
1689,Riblett,R2
1713,Kaylor,R2
1716,Quezad,R2
1725,Konecny,R2
1729,Litton,R2
1737,Schneider,R2
1747,Madson,R2
1750,Abbe,R2
1761,Smith,R2
1764,Watkins,R2
1767,Purdom,R2
1780,Hare,R2
1781,Fowler,R2
1794,Rodrequez‖Crum,R2
1822,Morris,R2
1835,Kaplan,R2
1853,Wolff‖Agrela,R2
1856,Hawkins,R2
1869,Rice,R2
1888,Soto,R2
1914,Aguilar,R2
1919,Toth,R2
1932,Parham,R2
1933,Gray,R2
1937,Wilson,R2
1941,Wangberg‖Brennan,R2
1947,Warren,R2
1948,Guice,R2
1949,Brown,R2
1960,Hapke,R2
1961,Reed,R2
1968,Barnes,R2
1971,Davis,R2
1976,Kamiya,R2
1997,Ostrowski,R2
2000,Barbeau,R2
2008,Spells,R2
2010,Hornbeck,R2
2016,Robertson,R2
2024,Mann,R2
2059,Powell,R2
2091,Chaffin,R2
2095,Larkin‖Giles,R2
2098,Parish,R2
2100,Johnson,R2
2105,Ingersoll,R2
2108,Greene,R2
2113,Carlson,R2
2114,Smith‖Alston,R2
2116,Copley‖Anderson,R2
2122,Donaldson,R2
2147,Rios,R2
2155,Tracy,R2
2158,Dunkel,R2
2182,Hartz,R2
2183,Murphy,R2
2184,Daniels,R2
2194,Bustamente,R2
2228,Brown,R2
2232,Brown,R2
2245,Margulis,R2
2248,Hardman‖Macmillan,R2
2251,Broenneke,R2
2281,Eberheart,R2
2283,Kenney,R2
2284,Vanhouten,R2
2294,Harris,R2
2299,Noble,R2
2311,Ingle,R2
2313,Lester,R2
2317,Caesar,R2
2318,Jones,R2
2331,Bennington,R2
2333,Mast,R2
2345,Bryson,R2
2348,Lopez,R2
2370,Kowalski,R2
2371,Gage,R2
2387,Richardson,R2
2388,Feuerborn,R2
2390,Girard‖Fowler,R2
2391,Riina,R2
2392,Mccrae,R2
2410,Wolf,R2
2421,Fleming‖Downes‖Oneill,R2
2422,Whitfield,R2
2437,Ioele,R2
2442,Harvey,R2
2445,Bailey,R2
2459,Mitchell,R2
2463,Iannone,R2
2478,Elie,R2
2480,Estes,R2
2491,Winebrenner‖Hall,R2
2498,George,R2
2501,Rodriguez,R2
2512,Bells‖Melton,R2
2516,Snider,R2
2519,Demarco‖Steiger‖Mcfarland,R2
2545,Gonzalez,R2
2552,Burris‖Lanham,R2
2561,Billington,R2
2575,Merrigan,R2
2590,Pearl,R2
2598,Bates,R2
2630,Wendler,R2
2634,Cole,R2
2637,Scovil,R2
2650,Goeltz,R2
2661,Mccallum,R2
2663,Cabrera,R2
2664,Lewandowski,R2
2676,Sims‖Pratt,R2
2692,Swee,R2
2702,Dallas,R2
2707,Kennamore,R2
2723,Hendrix,R2
2729,Anderson,R2
2731,Diaz,R2
2738,Biggs,R2
2741,Irvin,R2
2742,Justen‖Rodriguez,R2
2757,Still,R2
2760,Hinton,R2
2763,Hill,R2
2771,Jeffries,R2
2777,Quintero,R2
2784,Burlew,R2
2816,Case,R2
2820,Washington,R2
2842,Brown,R2
2845,Dorfman,R2
2849,Mcclain,R2
2854,Young,R2
2857,Karpinen,R2
2865,Coutts,R2
2889,Davis,R2
2898,Oliver,R2
2899,Glendening,R2
2900,Kern,R2
2906,Sano,R2
2907,Trimpe,R2
2910,Binkley,R2
2916,Sena,R2
2925,Gaither,R2
2929,Fonner,R2
2930,Gage,R2
2937,Kelly,R2
2990,Cuomo‖Hickman,R2
2995,Carr,R2
1,Scott,R2
4,Bussey,R2
7,Stclair‖Chase,R2
10,Krause‖Andrews,R2
11,Hayden,R2
12,Curry,R2
14,Smith,R2
25,Mcmonagle,R2
27,Baber‖Hanner,R2
36,Collins,R2
53,Thomason,R2
71,Deacon,R2
74,Laing,R2
75,Monroe,R2
82,Lighty,R2
95,Ruvalcaba,R2
96,Matos,R2
119,Flores,R2
121,Lee,R2
126,Baldwin,R2
140,Sanchez,R2
143,Torris,R2
158,Victor,R2
160,Richmond,R2
167,Rushing,R2
169,Jose‖Weigand,R2
176,Marshall,R2
178,Stonerock,R2
180,Parker‖Smith,R2
187,Edmondson,R2
198,Wiersema,R2
226,Rice,R2
228,Jones,R2
239,Simmons,R2
249,Lee,R2
253,Vazquez,R2
259,Torres‖Causey,R2
276,Walley,R2
305,Watson,R2
313,Ewers,R2
315,Dietrick,R2
330,Escamilla,R2
344,Mitchell,R2
352,Manning,R2
358,Brower,R2
376,Gordon‖Hail,R2
381,Ruiz,R2
390,Rainey,R2
393,Clayton,R2
399,Hilgert‖Polycarpe,R2
402,Reyolds,R2
410,Brown‖Turner,R2
414,Larsen‖Wickman,R2
415,Wilson,R2
416,Webster,R2
424,Brustmann,R2
432,Somerville,R2
435,Kendig,R2
444,Lucey,R2
453,Fassett‖Vierra,R2
459,Wilder,R2
484,Lambert,R2
502,Emrick,R2
504,Meeks,R2
509,Crews‖Terranova,R2
514,Roche,R2
517,Matthews,R2
519,Piotrowski,R2
524,Carrillo,R2
527,Alarcon,R2
531,Goguen,R2
535,Jones,R2
542,Kovacs,R2
548,Tran,R2
565,Hale‖Flachs,R2
569,Burnham,R2
583,Pitcher,R2
584,Urbaniak,R2
588,Martin,R2
593,Robinson,R2
607,Main‖Wylie,R2
610,Gonzalez,R2
611,Fairman‖Colbert,R2
614,Farish,R2
615,Kirkland,R2
617,Waite,R2
628,Arp,R2
641,Jones,R2
665,Mccullough,R2
667,Mayer,R2
668,Bastien,R2
693,Malinsky,R2
707,Perkins,R2
711,Davis,R2
712,Mozak,R2
733,Barnes,R2
762,Vaughn,R2
764,Nighman‖Jameson,R2
767,Anthony,R2
789,Allen,R2
805,Robards,R2
806,Hall‖Yates,R2
810,Shea,R2
821,Lance,R2
839,Flagge,R2
851,Vitale,R2
877,Merkle,R2
900,Dauzat,R2
905,Wood,R2
908,Pereira‖Ulrich,R2
929,Meza,R2
931,Wimberly,R2
946,Moore,R2
947,Zeinert,R2
953,Dunn,R2
966,Schultz,R2
972,Badgley,R2
978,Minors,R2
982,Haven,R2
984,Smith,R2
993,Conley,R2
1009,Pryor‖Lando,R2
1010,Wright,R2
1011,White,R2
1020,Suomela‖Pina,R2
1023,Eaton,R2
1026,Mitchell,R2
1040,Cooper,R2
1044,Phillips,R2
1050,Carter,R2
1062,Smith,R2
1063,Stuart‖Tucker,R2
1079,Turpin,R2
1094,Link,R2
1095,Hickman‖Rodriguez‖Garrett,R2
1120,Kimes,R2
1123,Mcglinchey,R2
1130,Fernandez,R2
1133,Hanson,R2
1138,Carruthers,R2
1165,Macri,R2
1177,Kubicek,R2
1189,Ball,R2
1191,Blevins‖Olufson,R2
1200,Spears,R2
1203,Hopkins,R2
1210,Rico,R2
1215,Hennessey,R2
1232,French,R2
1241,Hunter,R2
1243,Rodriguez,R2
1251,Alford‖Miller,R2
1259,Klatt,R2
1268,Parks,R2
1276,Lawrence,R2
1281,Gilbert,R2
1283,Harris,R2
1303,Novak,R2
1305,Miller,R2
1309,Cannon,R2
1319,Jackson‖Hunt,R2
1340,Lima,R2
1356,Ferguson,R2
1357,Fordyce,R2
1359,Matthews,R2
1383,Franks,R2
1385,Lewis,R2
1390,Hawkins,R2
1392,Townsend,R2
1398,Baker,R2
1405,Bordelon‖Williams,R2
1413,Bradshaw‖Hayes,R2
1417,Mengel,R2
1431,Hurst,R2
1470,Hernandez,R2
1472,Alcorn,R2
1477,Kasper,R2
1479,Lockhart,R2
1486,Mosby,R2
1493,Montague,R2
1501,Wilson,R2
1515,Hamilton‖Christopherso,R2
1543,Souders,R2
1556,Gibson,R2
1558,Lopez,R2
1566,Curry,R2
1581,Beauchamp‖Darnstaedt,R2
1597,Whitman,R2
1600,Williams,R2
1602,Hatch,R2
1621,Bell,R2
1636,Burke,R2
1641,Adame,R2
1643,Arroyo,R2
1648,Russell‖Barefield,R2
1654,Crisp‖Trudel,R2
1655,Brink,R2
1656,Howk,R2
1671,Kosmowski,R2
1675,Barrow,R2
1676,Thompson,R2
1680,Bradley,R2
1685,Hammond,R2
1707,Paull,R2
1713,Lentz,R2
1737,Baisden,R2
1747,Romriell,R2
1750,Jennings,R2
1766,Parrales,R2
1790,Conley‖Ryan,R2
1793,Earnest,R2
1810,Rahim‖Bookhardt,R2
1811,Gayle,R2
1812,Donis‖Morris,R2
1816,Thornley,R2
1822,Jones,R2
1835,Meads‖Young,R2
1837,Austell,R2
1857,Shumaker,R2
1864,Lyman,R2
1867,Rosiles,R2
1869,Helland,R2
1875,Gibbs,R2
1880,Agnew,R2
1893,Daugherty,R2
1896,Charles,R2
1914,Peloquin‖Franklin,R2
1932,Lauritzen,R2
1943,Reeves,R2
1949,Robinette,R2
1968,Mason‖Byrne,R2
1973,Mcclendon‖Howard,R2
1976,Curtin,R2
1988,Morrison‖Dipasquale,R2
2009,Anwar,R2
2014,Graham,R2
2024,Lopez,R2
2025,Peltier,R2
2034,Archer,R2
2048,Ramsey,R2
2049,Siggins,R2
2059,Keehn,R2
2070,Walker,R2
2073,Ransom,R2
2083,Parker,R2
2098,Frey‖Carter,R2
2112,Hong,R2
2116,Ray,R2
2122,Kilgore,R2
2127,Coleman,R2
2130,Barron,R2
2134,Hall,R2
2149,Mcguire‖Krieg,R2
2157,Verret,R2
2176,Wenzel‖Gray,R2
2191,Lanosga,R2
2194,Haggerty,R2
2212,Fournier,R2
2215,Wisdom,R2
2220,Harmon,R2
2228,Twomey‖Whatoname,R2
2230,Fontanella,R2
2248,Whetstone,R2
2251,Saunders,R2
2254,Whelan,R2
2255,King,R2
2283,East,R2
2284,Watson‖Lacroix,R2
2297,Laflore‖Brown,R2
2301,Jennings,R2
2311,Hodges,R2
2313,Tomita,R2
2314,Rock‖Huntington,R2
2322,Dudley,R2
2333,Shaw,R2
2350,Todd,R2
2358,Berrios,R2
2371,Langley,R2
2374,Christopherso,R2
2379,Stewart,R2
2387,Murphy,R2
2390,Kinney,R2
2391,Burton,R2
2392,Pressley,R2
2396,Willis,R2
2416,Hebert,R2
2421,Hampton,R2
2445,Delarosa,R2
2453,Douglas,R2
2454,Hollandsworth,R2
2461,Matthews,R2
2464,Frith,R2
2468,Shaw,R2
2480,Patrick,R2
2492,Russell,R2
2495,Millsap,R2
2503,Wolsted‖Thompson,R2
2516,Brunk,R2
2519,Rogers,R2
2531,Wright,R2
2560,Rinehart,R2
2565,Mendoza,R2
2575,Lloyd,R2
2577,Barnes,R2
2584,Hema,R2
2597,Chavis,R2
2598,Donley,R2
2604,Espino,R2
2615,Brummell,R2
2618,Reeves‖Colon,R2
2621,Jensen,R2
2630,Taylor‖Stanley,R2
2639,Wright,R2
2649,Penland‖Garcia,R2
2650,Jensen,R2
2652,Quinn,R2
2660,Buikema,R2
2661,Halvorson,R2
2712,Kellar,R2
2718,Butler,R2
2726,Atkins‖Roberts,R2
2729,Martin,R2
2736,Feller,R2
2738,Eldred,R2
2742,Havercroft,R2
2760,Stone,R2
2771,Steveson,R2
2772,Bolen,R2
2774,Coleman,R2
2775,Brewer,R2
2784,Underwood,R2
2787,Johnson,R2
2791,Kenon,R2
2797,Klyce,R2
2812,Driver,R2
2814,Crabtree,R2
2815,Poteat,R2
2820,Shipley,R2
2827,Greenspan,R2
2831,Brown,R2
2837,Harris,R2
2842,Barker,R2
2843,Lewis,R2
2846,Clantz,R2
2854,Sonoski,R2
2857,Hanna,R2
2860,Goodwyn,R2
2868,Castro,R2
2869,Smith,R2
2882,Bender,R2
2893,Carr,R2
2901,Richert,R2
2907,Lavin,R2
2913,Morrone,R2
2925,Thomas,R2
2931,Raymond,R2
2938,Cookson,R2
2961,Meade,R2
2973,Caya,R2
8,Furukawa,R2
10,Ritter,R2
11,Berger,R2
14,Baker,R2
30,Meeks,R2
37,Smith,R2
41,Walker,R2
43,Knee‖Mitchell,R2
51,Rodriguez‖Sprague,R2
53,Lambert,R2
56,Milton,R2
57,Oconnell,R2
82,Perry,R2
94,Carson‖Mclean,R2
96,Bradley,R2
106,Herrera,R2
110,Littich,R2
119,Hosmer‖Jorgenson,R2
121,Guerrant,R2
134,Singletary‖Curtis,R2
142,Santiago,R2
143,Velasquez,R2
158,Speed,R2
160,Quan,R2
169,Pierson,R2
170,Saenphimmacha,R2
172,Hammers,R2
182,White,R2
184,Jones,R2
186,Harteau,R2
223,Dillahunt,R2
226,Hiltz,R2
229,Wynn,R2
239,Adams,R2
252,Hudson,R2
257,Collins,R2
275,Juarez‖Graves,R2
276,Gardner,R2
279,Kosse,R2
289,Fomby,R2
298,Butler,R2
304,Scott,R2
308,Broadway,R2
310,Armon,R2
313,Reed,R2
314,Polanco‖Luiz,R2
318,Hoban,R2
321,Shaw,R2
324,Washington,R2
328,Levin,R2
336,Crowe‖Embry,R2
342,Matos‖Dunstan,R2
348,Mann,R2
352,Robertson,R2
375,Cobos,R2
381,Ferrell,R2
389,Coley‖Currin,R2
391,Sheppard,R2
395,Henson,R2
416,Church,R2
418,Anderson,R2
428,Negri,R2
438,Schumacher,R2
451,Malley,R2
459,Hodge,R2
463,Resch,R2
480,Whirry‖Ellis,R2
504,Starrett,R2
509,Brignac,R2
519,Twigg,R2
533,Shedlock,R2
536,Marine,R2
541,Ward,R2
551,Brent,R2
552,Ryan,R2
565,Cline,R2
583,Metzler,R2
584,Scheel,R2
588,Higgin,R2
592,Burke,R2
600,Parker,R2
606,Brantley,R2
608,Kirkwood,R2
624,Matson‖Quinn,R2
628,Manning‖Chiu,R2
638,Campbell,R2
641,Lank,R2
689,Bryant,R2
693,Sassano,R2
696,Kelly,R2
717,Shackelford,R2
725,Boyer,R2
734,Echols,R2
741,Goya,R2
747,Lopez,R2
752,Tibbs,R2
762,Rodriguez,R2
764,Little,R2
765,Cornett,R2
767,Greene,R2
771,Cacciatori,R2
778,Dixon,R2
781,Sanchez,R2
793,Wolf,R2
795,Titus,R2
804,Kuczenski,R2
805,Maldanado,R2
810,Thurman,R2
811,Sarkin,R2
818,Henderson,R2
819,Soto,R2
821,Kirk,R2
839,Wu,R2
851,Winter,R2
853,Winkler,R2
877,Higby,R2
886,Crowley,R2
889,Franck,R2
892,Newland‖Trujillo,R2
893,Wilcutt,R2
898,Carrizales,R2
904,Gilliam,R2
907,Dupree,R2
915,Wicker‖Beasley,R2
919,Parker,R2
925,Ward,R2
929,Kirby‖Davine,R2
947,Dodd,R2
956,Schoppert,R2
963,Jacobsen,R2
969,Ball,R2
970,Canon,R2
972,Howell,R2
993,Plessinger‖Barnett,R2
1009,Williams,R2
1010,Wilkes,R2
1011,Reynolds‖Boggs,R2
1018,Wood,R2
1022,Dahl,R2
1025,Muller,R2
1026,Grossman‖Williams,R2
1040,Norton,R2
1046,Mendez,R2
1062,Whalen,R2
1103,Soukup,R2
1122,Cashdollar,R2
1125,Park,R2
1136,Bonilla,R2
1158,Cameron‖Wrobel,R2
1159,Cosgrove,R2
1162,Davison,R2
1165,Kelley,R2
1177,Richard,R2
1179,Vance,R2
1181,Haney‖Neal,R2
1194,Thomas,R2
1209,Obrien,R2
1215,Miller,R2
1233,Cain,R2
1242,Reibert,R2
1247,Schroeter,R2
1248,Nagata,R2
1249,Marro,R2
1251,Lanza,R2
1259,Logan,R2
1268,Witherspoon,R2
1271,Franzen,R2
1289,Sanchez‖Smith,R2
1300,Ruscio‖Ingram,R2
1310,Woodall,R2
1316,Bellavance,R2
1321,Zieman,R2
1336,Jackson,R2
1339,Dunn,R2
1359,Ross,R2
1375,Kelly,R2
1376,Chiariello,R2
1384,John,R2
1385,Long,R2
1390,Fox,R2
1412,Espinal,R2
1413,Scholer,R2
1415,Walker,R2
1417,Bernardino,R2
1418,Cockrell,R2
1434,Pennell,R2
1450,Sterling,R2
1455,Ramirez,R2
1470,Blechman,R2
1474,Turner,R2
1477,Yin,R2
1492,Marshall,R2
1501,Marois,R2
1523,Wood,R2
1525,Smith,R2
1526,Mccullough,R2
1534,Benedetti,R2
1538,Poulin,R2
1551,Bernardo,R2
1557,Barns,R2
1558,Moser,R2
1561,Tejeiro,R2
1562,Varner,R2
1566,Morabito,R2
1575,Yantzer,R2
1578,Dugat‖Benesh,R2
1580,Pettrey,R2
1586,Rodwell,R2
1602,Hinman,R2
1621,Liebl,R2
1624,Johnson,R2
1646,Brown,R2
1648,Lewis,R2
1657,Simpson,R2
1660,Gunnels,R2
1666,Sheller,R2
1680,Goins,R2
1713,Terry,R2
1730,Mcguire,R2
1749,Scott,R2
1764,Hinnenkamp,R2
1766,Wicklund‖Bluestein,R2
1770,Mccorkle‖Smith‖Griffin,R2
1790,Farina,R2
1794,Charles,R2
1811,Campbell,R2
1816,Lewis,R2
1837,Love,R2
1852,Perez,R2
1857,Scolaro,R2
1867,Pulse,R2
1869,Fairbanks,R2
1875,Radford,R2
1880,Polk,R2
1881,Schmitmeyer,R2
1896,Edmisten,R2
1905,Diaz,R2
1908,Patterson,R2
1915,Welder,R2
1917,Drabant,R2
1936,Calvert,R2
1943,Klinger,R2
1945,Johnson,R2
1949,Franks,R2
1953,Redden,R2
1960,Burke,R2
1968,Arch,R2
1972,Odom,R2
1978,Capobianco,R2
1982,Alonso‖Swisher,R2
1988,Hipsher,R2
1998,Doire,R2
2008,Kirk,R2
2012,Smith‖Hunter,R2
2014,Drake,R2
2034,Miller,R2
2049,Melton,R2
2059,Barton,R2
2070,Turnbull,R2
2077,Shea,R2
2083,Mathews,R2
2089,Cousins,R2
2095,Johnson,R2
2098,Burchfield,R2
2108,Bales,R2
2113,Schubert,R2
2115,Sysyn,R2
2122,Green,R2
2123,Cirrincione,R2
2149,Frank,R2
2157,Delamora,R2
2158,Williams,R2
2161,Tederous,R2
2176,Millican,R2
2184,Tusa,R2
2190,Smiley,R2
2191,Harris‖Merchant,R2
2195,Rilley,R2
2212,Ellis,R2
2213,Bolden,R2
2219,Mcquay,R2
2220,Levy,R2
2228,Wilson,R2
2233,Shaffer,R2
2234,Barrette,R2
2250,Dambrosio,R2
2253,Schultz,R2
2261,Self,R2
2265,Lowery,R2
2270,Urbanek,R2
2274,Newton,R2
2275,Hunter,R2
2281,Riederer,R2
2289,Cantu,R2
2294,Kohler‖Rodriguez,R2
2299,Corey,R2
2305,Huber,R2
2309,Vaccaro,R2
2322,Kimball,R2
2329,Williams,R2
2331,Nunez,R2
2345,Paxman,R2
2350,Tweedy,R2
2354,Murphy,R2
2361,Brackett,R2
2366,Londono,R2
2369,Bathke,R2
2370,Wade,R2
2387,Casey‖Mitchell,R2
2391,Honeycutt,R2
2396,Johnson,R2
2410,Pelc,R2
2424,Rice,R2
2453,Lerner,R2
2457,Pollak,R2
2468,Nance‖Garcia,R2
2478,Wright‖Beaver,R2
2480,Scott,R2
2496,Ohara,R2
2501,Murphy,R2
2516,Gore,R2
2523,Allen,R2
2536,Rhoden,R2
2541,Anderson,R2
2552,Stokes,R2
2560,Pullen,R2
2561,Richardson‖Higgins,R2
2567,Adkins,R2
2575,Williams,R2
2581,Coleman‖Leblanc,R2
2591,Hennigan,R2
2602,Holt,R2
2643,Tremblay,R2
2647,Dullea‖Ochoa,R2
2649,Racki,R2
2650,Anderson,R2
2659,House,R2
2663,Roberts,R2
2664,Czarnecki,R2
2667,Moniz,R2
2669,Hegyi,R2
2675,Alvarez,R2
2676,Adams,R2
2702,Murphy,R2
2707,Vinson,R2
2712,Woods,R2
2713,Hinton,R2
2720,Knotts,R2
2723,Price,R2
2726,Salisbury,R2
2729,Fitzgerald,R2
2745,Johnson,R2
2763,Deyo,R2
2775,Spencer,R2
2777,Branum,R2
2787,Williams,R2
2791,Cottle,R2
2814,Deveau,R2
2820,Peluso‖Chirino,R2
2827,Humann,R2
2849,Fifield‖Johnson,R2
2865,Pineda‖Blanco,R2
2893,Harris,R2
2894,Keenan,R2
2899,Nailor,R2
2901,Foster,R2
2910,Loree,R2
2913,Sanchez,R2
2925,Woods,R2
2929,Bridges,R2
2931,Ledbetter,R2
2954,Wright,R2
2961,Smith,R2
2987,Davidson,R2
2991,Brooks,R2
2995,Morgan,R2
1,Zaragoza,R2
2,Choiniere,R2
8,Schilling,R2
11,Taylor,R2
12,Williams,R2
19,Aucoin,R2
37,Charles,R2
38,Fair,R2
41,Clements,R2
43,Knerr,R2
48,Marquardt,R2
51,Presnell,R2
57,Simons,R2
71,Boyd,R2
109,Johnson,R2
110,Downing,R2
121,Thompson,R2
126,Stoner,R2
158,Odonnell,R2
167,Hooper‖Kelley,R2
172,Smith,R2
178,Koh‖Vanhamlin,R2
180,Mcrary,R2
184,Garrett,R2
186,Miranda,R2
192,Weiland,R2
208,Kidwell,R2
223,White,R2
251,Lipsky,R2
252,Gray,R2
302,Spiller,R2
308,Hartford,R2
313,Spiller,R2
318,Rodriguez,R2
321,Reynolds,R2
324,Ferrell,R2
330,Hart,R2
347,Zediker,R2
352,Thorpe,R2
362,Abston,R2
366,Mcpherson,R2
390,Dalton,R2
393,Conn‖Nelson,R2
395,Brown,R2
410,Mcphatter,R2
414,Lopez‖Milner,R2
416,Bassetti,R2
421,Chipps‖Whitten,R2
423,Medina,R2
435,Middendorf,R2
451,Roderiquez,R2
453,Weldon,R2
475,Lambe,R2
480,Celestine,R2
482,Carter,R2
509,Boss,R2
512,Cluck,R2
523,Morgan,R2
524,Pannell,R2
529,Jackson,R2
530,Crawford,R2
535,Putnam,R2
536,Parks,R2
541,Webb,R2
548,Cook,R2
553,Shephard,R2
565,Hodges,R2
583,Grey,R2
584,Peet,R2
588,Guerrero,R2
600,Mccauley,R2
608,Davis,R2
611,Martin,R2
614,Phillips,R2
616,Kovach,R2
617,Kuebler,R2
624,Brown,R2
638,Wilkerson,R2
662,Holm,R2
668,Chamberlin,R2
673,Plotts,R2
685,Willey,R2
689,Osbourn,R2
692,Daisley,R2
707,Walls,R2
711,Reed,R2
742,Dupree,R2
750,Lawrence,R2
752,Spence‖Guerrero,R2
753,Smialek,R2
762,Wilton‖Mcbride,R2
765,Lew,R2
775,Glass,R2
804,Bonner,R2
806,Vitucci,R2
810,Hill,R2
818,Brewington,R2
821,Alexander,R2
825,Morello,R2
837,Greenlee‖Ware,R2
851,Ramey,R2
853,Stratton,R2
854,Proudfoot,R2
889,Patterson,R2
893,Beard,R2
896,Price,R2
897,Dacosta,R2
925,Belisle,R2
933,Jarrard,R2
938,Mckeever,R2
946,Walters,R2
963,Davis,R2
966,Hoff,R2
972,Sparks,R2
984,Brannan‖Mullins,R2
990,Harbin,R2
1010,Calderon,R2
1022,Ball‖French,R2
1023,Hook,R2
1025,Paci,R2
1044,Thomas,R2
1046,Ader,R2
1058,Eikenberry,R2
1061,Smith,R2
1062,Brown,R2
1063,Mooney,R2
1067,Mathes,R2
1068,Gausman,R2
1071,Walker,R2
1074,Jewett,R2
1085,Turner,R2
1120,Carter,R2
1123,Germano,R2
1124,Vincent‖Evans,R2
1138,Walker‖Shepherd,R2
1162,Dunbar,R2
1165,Johansen‖Sifuentes,R2
1181,Cassidy,R2
1209,Francis,R2
1215,Champion,R2
1229,Benefield,R2
1231,Jordan,R2
1232,Belcher‖Kryder,R2
1233,Brock,R2
1243,Cormier‖Banks,R2
1248,Anderson,R2
1259,Carter,R2
1266,Archer,R2
1268,Davis,R2
1275,Allen,R2
1276,Croteau,R2
1289,Irons,R2
1290,Kennedy,R2
1293,Crowder,R2
1294,Yancey,R2
1298,Sukhu,R2
1305,Holt,R2
1309,Dutcher,R2
1319,Bush,R2
1328,Stotts,R2
1339,Mcwilliams,R2
1340,Gray,R2
1357,Rust,R2
1376,Renn,R2
1383,Hoover,R2
1385,Frye,R2
1397,Foster,R2
1398,Hudson,R2
1413,Medford,R2
1415,Durfee,R2
1418,Klar,R2
1421,Currie,R2
1427,Abner,R2
1431,Jones‖Monaghan,R2
1433,Moody,R2
1434,Patterson,R2
1450,Stokes,R2
1459,Teeter‖Mabry,R2
1467,Gohn,R2
1477,Mcneil,R2
1486,Tylman,R2
1502,Diaz,R2
1503,Peterson,R2
1508,Mckinney,R2
1515,Keegan,R2
1523,Hall,R2
1525,Mulholland,R2
1534,Jackson,R2
1538,Paulsen‖Givens,R2
1543,Davis,R2
1558,Danger,R2
1562,Johnson,R2
1567,Jones,R2
1577,Brown,R2
1578,Bresnahan,R2
1597,Huckleberry,R2
1607,Lavalley‖Cox,R2
1614,Craghead,R2
1631,Baerga,R2
1643,Decaro‖Derosa,R2
1646,Mitchell,R2
1647,Helgeson,R2
1649,Edmundson,R2
1654,Higgins,R2
1655,Pair,R2
1656,Dodson,R2
1657,Wood,R2
1671,Cadwallader,R2
1675,Dicarlo,R2
1689,Lord,R2
1691,Franklin,R2
1713,Sether,R2
1716,Boggess‖Fontenette,R2
1738,Vanderlinden,R2
1744,Hartline,R2
1745,Grammer,R2
1750,Quandt‖Lambert,R2
1761,Pena,R2
1770,Atkins,R2
1790,Jackson,R2
1793,Boothe‖Adams,R2
1798,Bookwalter,R2
1800,Chavez,R2
1810,Mehling,R2
1812,Payne,R2
1822,Perez,R2
1827,Stephan,R2
1835,Aho,R2
1837,Burgess,R2
1852,Bligen,R2
1856,Mims,R2
1864,Brown,R2
1867,Waters,R2
1881,Stillwell,R2
1888,Zelechowski‖Boyter,R2
1896,Fellman‖Vaughn,R2
1915,Towry,R2
1917,Jones‖Allen,R2
1924,Gray,R2
1932,Martinez,R2
1937,Turrentine,R2
1939,Malik,R2
1941,Pinard,R2
1948,Roehl,R2
1952,Schmidt,R2
1953,Shouse,R2
1958,Clark,R2
1971,Valenzuela,R2
1973,Aste,R2
1976,Westmoreland,R2
1978,Lamothe‖Filmore,R2
1982,Montes,R2
1997,Martinez,R2
2012,Amisano,R2
2023,Geoghegan,R2
2034,Smith,R2
2059,Richard,R2
2062,Stuckey,R2
2083,Kjar,R2
2089,Buffalo‖Stephens,R2
2091,Parker,R2
2095,Johnson,R2
2099,Gentry,R2
2105,Kivett,R2
2108,Muniz‖Garcia,R2
2112,Lester,R2
2114,Brown,R2
2115,Sparks,R2
2122,Gregg,R2
2127,Walsh,R2
2130,Hancock‖Singh,R2
2134,Winters‖Overall,R2
2138,Cloutier,R2
2147,Murphy,R2
2150,Kilgore,R2
2155,Bell,R2
2161,Lundberg,R2
2165,Elletson,R2
2182,Josilowsky,R2
2183,Stewart,R2
2184,Creed,R2
2188,Glenn,R2
2213,Hansberry,R2
2216,Markell,R2
2219,Owen,R2
2230,Rodriguez,R2
2234,Morris,R2
2236,Perry,R2
2251,Cabanilla,R2
2265,Friend‖Taylor,R2
2270,Tapia,R2
2274,Falconio,R2
2309,Killeagle‖Guignard,R2
2322,Galarza,R2
2327,Fleishman,R2
2331,Charley,R2
2341,Barrett‖Burbach,R2
2345,Sayegh,R2
2350,Strickland,R2
2354,Mieszala,R2
2361,Hall,R2
2366,Bonner,R2
2369,Gressler,R2
2371,Templeton,R2
2391,Mcgeever,R2
2392,Brock‖Castillo,R2
2445,Walker,R2
2453,Fontenot,R2
2454,Green,R2
2464,Colunga,R2
2478,Wall,R2
2491,Erdman,R2
2523,Smith,R2
2545,Medina,R2
2555,Weber,R2
2560,Whited,R2
2565,Mccoy,R2
2567,Meehan,R2
2577,Capone,R2
2581,King‖Fancher,R2
2589,Gilreath,R2
2590,Fleming,R2
2591,Humble‖Payne,R2
2597,Meyer,R2
2598,Lewis,R2
2602,Dejong,R2
2604,Vanhuss,R2
2615,Dyson,R2
2618,Carter,R2
2634,Hill,R2
2637,Jones,R2
2647,Hansberry,R2
2650,Bedford,R2
2657,Murphy,R2
2661,Daniels,R2
2664,Li,R2
2670,Tate,R2
2675,Borgman,R2
2690,Fitzpatrick,R2
2718,Simon,R2
2720,Turner,R2
2726,Smith,R2
2729,Drake,R2
2731,Cansler,R2
2732,Martin,R2
2738,Oaks,R2
2739,Primeaux,R2
2757,Upchurch,R2
2760,Martinez‖Walker,R2
2763,Beck,R2
2771,Mckinney,R2
2775,Lindsey,R2
2787,Roark,R2
2791,Kneip,R2
2797,Murray‖Rose,R2
2826,Gamble,R2
2843,Harper‖Oneill,R2
2846,Moyer,R2
2849,Bauer,R2
2860,Robbins,R2
2868,Tribble,R2
2871,Cocker,R2
2882,Fried,R2
2898,Clark,R2
2900,Kyseth,R2
2901,Truelove,R2
2906,Travis,R2
2907,Smith,R2
2910,Arvizu,R2
2931,Bland,R2
2969,Paynes,R2
2972,Brown,R2
2987,Israel,R2
2995,Lopresti,R2
2,Vandeusen,R2
6,Erickson,R2
8,Inabinet,R2
12,Burgos‖Gonzalez,R2
19,Brannon,R2
25,Bearden,R2
38,Bryant,R2
41,Lewis‖Herrin,R2
53,Brough,R2
56,Dunne,R2
67,Kelly‖Robb,R2
71,Brooks,R2
94,Otero,R2
96,Vandorp‖Smith,R2
101,Adriance,R2
102,Strom,R2
106,Rios,R2
117,Nutter‖Vann,R2
119,Michaels,R2
124,Scalise,R2
140,Yoshioka,R2
154,Collins,R2
160,Herrod,R2
163,Lopez,R2
167,Pogue,R2
170,Stegmann,R2
187,Gonzalez,R2
198,Vig,R2
220,Branche‖Heslep,R2
233,Parsons,R2
239,Robles,R2
249,Tompkins,R2
251,Moreland,R2
259,Dougherty,R2
275,Guthrie,R2
278,Wong,R2
298,Gaffney,R2
304,Ken,R2
310,Buske,R2
313,Oneal,R2
315,Gallion,R2
318,Nelson,R2
336,Goble,R2
342,Barrientos,R2
347,Colon,R2
352,Lloyd,R2
366,Hill,R2
375,Trevino,R2
389,Hackwell,R2
390,Hinds,R2
393,Fiorello,R2
399,Disimone,R2
402,Newman,R2
403,Schwass,R2
411,Merry,R2
415,Parker‖Wolfinger,R2
416,Smith,R2
421,Hinson,R2
426,Holton,R2
435,Shaner,R2
438,Lopez‖Nailor,R2
444,Guthrie,R2
451,Johnson,R2
453,Lane,R2
459,English,R2
482,Carrington,R2
504,Mclaughlin‖Jordan,R2
512,Ragan,R2
514,Chastain,R2
531,Foltz,R2
533,Phair,R2
536,Pendleton,R2
548,Kelash,R2
553,Ransdell,R2
568,Furrer,R2
569,Strauss,R2
570,Ford,R2
591,Patterson,R2
592,Perez,R2
593,Tanner‖Sweeney‖Pugh,R2
608,Glass,R2
616,Tirado,R2
618,Quincy,R2
696,Peterson,R2
707,Marvin,R2
717,Heyes,R2
731,Kolinski,R2
733,Washington,R2
741,Perez,R2
742,Reber,R2
746,Lemire,R2
747,Salles‖Jackson,R2
775,Lopez,R2
778,Shelby,R2
789,Phillips,R2
793,Gardner,R2
804,Locher,R2
811,Parker,R2
821,Day,R2
825,Colton‖Jones‖Stringer,R2
851,Wilson,R2
853,Varel,R2
854,Cutter,R2
877,Grubbs,R2
886,Baker,R2
892,Schmidt,R2
896,Johnson,R2
897,Williams,R2
898,Dix,R2
904,Peterson,R2
905,Humphrey,R2
908,Correia,R2
915,Kim,R2
919,Friesner,R2
931,White‖Boone,R2
933,Logan,R2
938,Long‖Spencer,R2
939,Mclendon,R2
966,Price,R2
969,Manzo,R2
972,Mcconnell,R2
978,Spencer,R2
982,Reier,R2
990,Duong,R2
993,Visick,R2
1011,Hoyman,R2
1040,Lightner,R2
1046,Green‖Richardson,R2
1050,Smith,R2
1062,Manalo,R2
1067,Baver,R2
1071,Frias,R2
1077,Patton,R2
1083,Williams,R2
1084,Ratcliff,R2
1085,Culver,R2
1094,Younker,R2
1095,Lee,R2
1108,Hill,R2
1120,Bayer,R2
1122,Milton,R2
1124,Stone,R2
1125,Gibson,R2
1131,Foreman,R2
1158,Lister,R2
1159,Smith,R2
1162,Res,R2
1177,Thurmond,R2
1179,Venzke,R2
1189,Strickland,R2
1191,Polley,R2
1194,Stamm,R2
1200,Bradley‖Smith,R2
1220,Connor,R2
1231,Lau‖Black,R2
1241,Dunlap,R2
1242,Delcour,R2
1251,Williams,R2
1271,Cline,R2
1275,Vaughn,R2
1283,Maxwell‖Freeman,R2
1290,Mckinney,R2
1298,Gandee,R2
1300,Smith,R2
1303,Kennedy,R2
1305,Cashman,R2
1356,Mcshane,R2
1357,Hargrove,R2
1359,Armstead,R2
1364,Honeycutt,R2
1368,Vasquez,R2
1374,Morgan,R2
1375,Carl,R2
1376,Hill,R2
1383,Bolton,R2
1390,Hudgins,R2
1392,Keys,R2
1398,Spiller‖Hardy,R2
1412,Phipps‖Lee,R2
1431,Carter,R2
1434,Stahl,R2
1467,Robinson‖Jimenez,R2
1470,Winslow,R2
1474,Johnson,R2
1503,Hostetler‖Crosten,R2
1523,Cirone,R2
1524,Burrell,R2
1525,Mobley,R2
1534,Reeves,R2
1543,Fisher,R2
1555,Wood,R2
1562,Scheller,R2
1567,Lemieux‖Howard,R2
1575,Clark‖Cook,R2
1578,Lopez,R2
1581,Meyer,R2
1597,Mcintyre‖Kelly,R2
1607,Nikolai,R2
1621,Mcnab,R2
1646,Arias,R2
1647,Jensen,R2
1649,Crabtree,R2
1666,Cleveland,R2
1675,Dillingham,R2
1676,Johnson,R2
1680,Childs,R2
1687,Willingham,R2
1692,Villa,R2
1737,Brown,R2
1738,Harris,R2
1744,Logan,R2
1745,Ho,R2
1768,Villa,R2
1780,Sigman,R2
1781,Littlefield,R2
1811,Jone,R2
1822,Bradford,R2
1837,Balas,R2
1850,Vernon,R2
1852,Macmillan,R2
1853,Bartel,R2
1857,Hua,R2
1864,Roberts,R2
1875,Murphy,R2
1879,Klingel,R2
1890,Sheridan,R2
1893,Gordon,R2
1909,Shelton,R2
1913,Smith,R2
1914,Godbold,R2
1915,Marshall‖Miller,R2
1917,Pierce,R2
1924,Wilner,R2
1934,Marshall,R2
1941,Dillingham,R2
1945,Ehsan,R2
1948,Dominguez,R2
1960,Martel,R2
1961,Wilhoit,R2
1972,Schuetze,R2
1973,Perkins,R2
1997,Schenk‖Brewer,R2
2008,Donovan,R2
2009,Mitchell,R2
2012,Pegues,R2
2014,Alston‖Stremming,R2
2016,Aldrich,R2
2023,Santos,R2
2025,Martin,R2
2048,Gladney,R2
2067,Means‖Nguyen,R2
2077,Carney,R2
2089,Sease,R2
2091,Murphy,R2
2099,Hippen,R2
2100,Willard,R2
2105,Soderquist,R2
2112,Bookman‖Johnson,R2
2114,Borrelli,R2
2116,Horsley,R2
2130,Brenner,R2
2138,Horne,R2
2149,Crafford,R2
2150,Morriss,R2
2155,Barks,R2
2157,Riley,R2
2158,Plienis,R2
2182,Stone,R2
2183,Hoskin,R2
2184,Janousek,R2
2188,Szabat,R2
2191,Martin,R2
2194,Guereca,R2
2212,Graves,R2
2219,Shelby‖Baker,R2
2220,Hayes,R2
2232,Clark‖Bolding,R2
2233,Jones,R2
2236,Taylor,R2
2245,Vanpelt,R2
2251,Ely,R2
2255,Radloff,R2
2257,Wood,R2
2261,Youngman,R2
2265,Lake,R2
2274,Tierney,R2
2281,Hernandez‖Salmons,R2
2289,Speed,R2
2297,Creighton,R2
2305,Overton,R2
2309,Ortega,R2
2311,Fisher,R2
2314,Bynum,R2
2322,Jones,R2
2323,Bertrand,R2
2327,Roberts,R2
2329,Stewart,R2
2341,Curry,R2
2345,Fox,R2
2358,Johnson,R2
2366,Dequattro‖Brown,R2
2369,Robison,R2
2370,Marshall,R2
2374,Ross,R2
2379,Jones,R2
2390,Duran,R2
2424,Goff,R2
2442,Slater,R2
2445,Mcdaniel,R2
2459,Le,R2
2461,Reid‖Garcia,R2
2464,Gilbert‖Sneeden,R2
2480,Humphery,R2
2485,Ramirez,R2
2487,Luke,R2
2491,Arendt,R2
2495,Silverthorn‖Tomita,R2
2503,Lauderdale,R2
2512,Galloway,R2
2531,Warner,R2
2541,Burgess,R2
2555,Wade,R2
2562,Flowers,R2
2573,Zook,R2
2577,Petersen,R2
2583,Politi,R2
2591,Valdez,R2
2604,Taylor,R2
2621,Melchor,R2
2630,Werner,R2
2634,Norman,R2
2647,Glaser,R2
2649,Dungan,R2
2657,Calhoun,R2
2659,Barrera,R2
2667,Rogers‖Thomas,R2
2670,Lopez‖Lee,R2
2712,Twitty,R2
2713,Cortez‖Gatlin,R2
2720,Lugo,R2
2723,Senft,R2
2738,Staley,R2
2774,Longnecker,R2
2777,Kenney‖Tyson,R2
2784,Martel,R2
2808,Gatlin,R2
2814,Ledwig,R2
2815,Young‖Mangione,R2
2826,Anderson,R2
2827,Meyer,R2
2831,Risbeck,R2
2833,Hall‖Williams,R2
2843,Corey,R2
2865,Carthen,R2
2889,Keller,R2
2893,Danner,R2
2898,Martin,R2
2899,Bastien‖Castle,R2
2901,Dixon,R2
2904,Thatcher,R2
2907,Fuller,R2
2923,Thoms,R2
2930,Stewart,R2
2937,Amidon‖Garret,R2
2954,Killian,R2
2969,Dietrich,R2
2987,Broussard,R2
2991,Peterson,R2
