ID,FirstName
1,William
2,Jeffrey
4,Aleta
6,Virginia
7,Lois
7,Joseph
8,Julie
10,Susan
11,Sidney
12,Jeffrey
14,Diane
14,Franklin
17,Joe
19,Jodi
19,Robert
19,Dawn
25,Melissa
25,Ronald
27,Eufemia
30,Zachariah
36,Sadie
37,Lesley
38,Marci
41,Wendy
41,Aurelia
43,Yolanda
43,Scott
46,Jean
46,Janet
48,Rebecca
51,Frederick
51,Carrie
51,Christina
53,Dorothy
54,Alesha
56,Linda
57,Brenda
67,Phyllis
71,Rita
74,William
75,David
77,Jeanne
82,Gary
82,Natalie
84,Kristina
92,Charles
93,Ernest
94,Travis
95,Lewis
96,Pablo
96,Jonathan
96,Wilma
101,Ann
102,Margaret
106,Ike
109,Paul
110,Samuel
113,Willie
117,Thelma
117,Albert
119,Valarie
120,Lorie
121,Clayton
123,Jack
124,Lucas
126,Carla
128,Kenneth
134,Marcelina
134,Charles
137,Matthew
140,Dorothy
140,Wayne
142,Harriette
143,Steven
148,Mary
154,Michael
158,Michael
160,Walter
162,Lester
163,Karen
167,Lisa
167,Rita
169,Theresa
170,Vivian
170,Kathryn
172,Jennifer
173,Viola
176,Steven
177,Catherine
178,Sophia
178,Judith
180,Amanda
182,Carolyn
184,Aaron
186,Richard
186,Mary
187,Pauline
190,Mike
192,Chris
198,Michael
198,Michael
208,David
220,Thomas
223,Scott
223,Melissa
225,Donnie
226,Mamie
228,John
229,Larry
233,James
237,Irene
238,Milton
239,Michelle
239,Kelly
244,Olga
249,Michael
251,Michael
252,Katy
253,Joseph
257,Karen
259,Alice
259,Michael
271,Hubert
275,Christy
276,Wanda
278,Eric
279,Michael
282,Kenneth
289,Jerry
292,Jaime
298,Darlene
299,April
302,Christine
303,Monica
304,Bob
305,Cindy
307,John
308,Gina
310,Paula
313,Dennis
313,Allan
314,Maxine
315,Irene
318,Jennifer
321,Paula
324,Penelope
324,Rose
328,Katie
330,Diane
332,Kristina
336,Bonnie
336,Joshua
339,Sara
342,Robert
342,Genoveva
344,David
345,Jennifer
346,Joseph
347,Jennifer
348,Peggy
352,Phil
352,Bernadine
358,Berta
362,Kathy
366,Nancy
366,Kristina
370,Anthony
373,Jeffrey
375,Sharon
375,William
376,Lupe
376,David
377,April
378,Kenneth
379,Kathryn
381,Bruce
382,Dorthy
386,Brian
389,Leon
389,Lisa
390,Diann
390,Charles
391,Andrea
392,Herbert
393,Kathy
395,Tyler
395,Patrick
398,Kathleen
399,Sadie
400,Kevin
402,Mark
403,Lilia
410,Jerry
411,Dwayne
411,Rachel
414,Jesse
415,Kenneth
416,Regina
418,Doris
421,Charles
421,Melissa
423,Ann
424,Amy
426,Harriette
428,Jim
432,Craig
435,Brenda
437,Robert
438,Paula
443,Linda
444,Gregory
444,Walter
448,Sharon
451,Carlos
453,Charlotte
453,Margarita
456,Willie
457,Brandi
459,Elda
459,Joyce
459,Iesha
463,Philip
468,Mary
475,James
480,Rhea
482,Albert
484,Bryan
486,Linda
500,Leticia
502,James
503,Scott
504,Felicia
509,Mark
512,Jason
514,Ella
514,Charlene
517,Katherine
519,Dorothy
522,John
523,Marlene
524,Richard
527,Michael
529,Tiffany
529,Denise
530,Stephan
531,Kenneth
533,Virginia
535,Milton
535,Brendan
536,Carlos
541,Jeffrey
541,Rosalyn
542,Laura
548,Glen
551,Santos
552,Diane
553,Kathleen
558,Lester
559,Jared
564,Janet
565,Raymond
568,Charla
569,Caitlin
570,Kenneth
576,Marlene
583,Howard
584,Raymond
588,Maribeth
590,Larry
591,Dolores
592,Rose
593,Dave
600,Lisa
602,Shawn
604,Matthew
606,Morris
607,Gabriele
608,Ronald
610,Jarrod
611,Brandon
612,Sheryl
614,Billie
615,David
616,Susan
617,Sarah
618,John
619,Barbara
624,Christopher
624,Cheryl
628,Matthew
638,Margie
641,Laurena
651,Silvia
654,Ines
656,Donald
662,Barbara
665,Patricia
667,Ronald
668,Leslie
671,Leslie
673,Jessica
677,John
685,Wayne
689,Charles
692,Joseph
693,Charles
693,Diane
696,Mark
701,Elizabeth
705,Candice
707,Michael
708,Octavio
711,Steven
712,Caitlin
717,Catherine
725,Herman
731,Andres
732,Teresa
733,Adam
734,Benjamin
738,Willie
741,Barbara
742,Letitia
743,Tracey
746,Mary
747,Lisa
747,Paul
750,Sammy
752,Deloris
752,Jerome
753,Judith
757,Wayne
758,Vickie
762,Scott
763,Antonio
764,Erica
765,Margaret
766,Jane
767,Erin
767,Kevin
767,Mark
771,Connie
771,Melodie
775,Betty
778,Christopher
780,William
781,Hedwig
789,Carol
793,Chance
795,David
800,Debra
804,Jocelyn
805,Thelma
806,Regina
809,Christopher
810,Clyde
811,Dante
818,Linda
819,Sharon
819,Julio
820,Nannette
821,Walter
823,Jason
825,Thomas
826,Herman
830,John
837,Minnie
837,Keesha
839,Christopher
842,Ruben
848,Kathleen
851,Harold
853,Robin
853,Keith
854,Willene
858,Mallory
861,Laura
862,George
865,Selena
877,David
886,Fernando
889,Julia
892,Joseph
893,Charlene
893,Norma
896,Ray
897,Elizabeth
897,Lucia
897,Susan
898,Lynn
900,Robert
901,Cythia
904,Jerome
905,Raphael
907,Devin
907,Deborah
908,Sandra
908,Kathy
915,Jonathan
915,Sidney
917,Duane
919,Anne
919,Richard
924,Olive
925,Annette
929,Charles
929,Hector
930,Albert
931,Prudence
933,Karen
938,Karen
939,Gerald
946,Ronnie
947,Sabrina
953,Priscilla
956,Toby
963,Dennis
965,Thomas
966,Victor
969,Ricardo
970,Priscilla
970,Christopher
972,Jackie
972,Gregory
975,Jennifer
978,Beverly
981,Mark
982,Elaine
984,Leonard
987,James
990,Carol
990,Lori
993,Michael
995,Roberta
1007,Forrest
1009,Janice
1009,Michael
1010,Mary
1011,Marian
1011,Patricia
1018,Beverly
1020,Frederick
1022,Carla
1022,Diane
1023,Shirlee
1024,Betsy
1025,Jody
1025,Billie
1026,Javier
1040,Jordan
1042,Jesse
1044,Patricia
1046,Susan
1048,Barbara
1050,James
1052,Judith
1057,Terry
1058,Lisette
1061,Jean
1061,Charlotte
1062,Ella
1062,Danny
1063,David
1063,Mark
1065,Katherine
1066,Marc
1066,Emily
1067,John
1068,Craig
1071,Miriam
1072,Charles
1074,Mark
1077,Eric
1079,Alicia
1082,Mark
1083,Jerry
1084,Nathan
1085,May
1094,Willard
1095,Linda
1095,Tasia
1103,Joleen
1108,Vernon
1109,Stephanie
1110,Austin
1120,Kimberly
1122,Karen
1123,Nancy
1124,Fred
1125,Dorothy
1130,Fatima
1131,Alesha
1133,Amy
1134,Nelly
1136,Juan
1138,Minnie
1146,Paulette
1147,Thomas
1148,Julius
1157,Elijah
1158,Betsy
1159,Margery
1159,Mary
1162,Judith
1165,Jesus
1177,William
1177,Sylvester
1177,Jason
1179,Marguerite
1181,Gloria
1189,William
1191,Cindy
1194,Melanie
1196,Martha
1200,James
1203,Anthony
1209,Sammy
1209,Kirk
1210,Nicholas
1211,Kerry
1213,Carri
1215,Steven
1220,Clara
1228,April
1229,Barbara
1231,Nell
1232,Vera
1233,Lee
1241,David
1242,Carolyn
1243,Patricia
1245,Geraldine
1247,Donald
1248,Lilliam
1249,Brian
1251,Harold
1251,Wilmer
1254,Granville
1259,Antonia
1265,Casey
1266,Judy
1268,Ruth
1268,Raymond
1271,David
1275,Kristina
1275,Petrina
1275,Juanita
1275,Daniel
1276,Richard
1281,Paul
1283,Matthew
1284,Victor
1285,Mabel
1289,Lindsay
1290,Cynthia
1291,Edwin
1293,Robbin
1293,Charlene
1294,Carlos
1294,Joshua
1298,Jill
1300,Donna
1303,Edmond
1305,Willie
1309,Gregory
1310,Pat
1310,Charles
1316,Armando
1317,Dortha
1319,Rose
1321,Patricia
1322,John
1328,Elizabeth
1336,Virginia
1339,Miguel
1340,Tam
1353,James
1356,Miguel
1357,Melissa
1359,Latonya
1359,Guadalupe
1364,Renee
1368,Richard
1374,Floyd
1375,Kathy
1376,Jessica
1381,Sandra
1383,Leslie
1384,Stephen
1385,Billy
1386,Lillian
1387,Mark
1390,Sophia
1392,Maurice
1396,Robin
1397,Jennifer
1398,Donald
1405,Angela
1412,Daniel
1412,Terence
1413,Ramon
1413,Jill
1415,Jesse
1415,Curtis
1417,Mary
1418,Joseph
1421,William
1427,Joshua
1428,Sam
1431,Maggie
1433,Sandra
1434,Maricruz
1437,Gary
1438,Luis
1446,Robert
1450,Donald
1454,Ty
1455,Ruth
1455,Mark
1459,Kirk
1465,Peggy
1467,Carolyn
1467,Michael
1468,Elnora
1470,Brett
1472,Roger
1474,Carlota
1477,John
1479,Jeffrey
1482,Donald
1486,Ruby
1489,Scott
1490,Frank
1492,Betty
1493,Mary
1501,Jean
1502,John
1503,Fredrick
1508,Nicole
1512,Lindy
1515,William
1518,Eric
1523,George
1523,Vera
1524,Walter
1524,Lawrence
1525,Mildred
1526,Joshua
1528,Gregory
1529,Mercedes
1533,Catherine
1534,Susan
1537,Shanna
1538,Mary
1542,Sonya
1543,Ernie
1543,James
1551,Robert
1552,Marg
1555,Jay
1556,Delbert
1557,Karen
1558,Paul
1561,David
1562,Barbara
1566,James
1567,Grace
1567,Maria
1572,Ryan
1575,Steve
1575,Patti
1577,Christine
1578,Janice
1578,Mark
1578,Eric
1580,David
1581,Juliette
1586,Freda
1593,Teresa
1597,James
1600,Christina
1602,Margo
1607,Edward
1614,Lauren
1621,George
1623,Ross
1624,Gregory
1631,Linda
1636,Reginald
1636,Jeffrey
1640,David
1641,Dwight
1643,Michael
1646,Helen
1647,Martha
1648,Kevin
1648,Robert
1649,Lacy
1650,Carolyn
1651,Roxana
1654,Joshua
1655,Felicia
1656,Janice
1656,Robin
1657,Harry
1660,Joyce
1666,Shu
1671,Lisa
1675,Michael
1676,John
1680,George
1680,John
1680,Bruce
1685,Frederick
1686,Violet
1687,Julia
1689,Marcus
1691,Al
1692,Taylor
1697,Trevor
1707,Tammy
1713,Kum
1716,Rodney
1725,Mary
1729,William
1730,Mattie
1737,Donna
1737,Stephen
1738,April
1744,Kristian
1745,Rose
1747,Mary
1749,Kathy
1750,Donald
1751,Glen
1760,Mario
1761,Christopher
1761,Pearl
1764,August
1766,Earl
1767,Billie
1768,Benny
1770,Jennifer
1780,Walter
1781,Josephine
1787,Marion
1788,Carolyn
1790,Eric
1793,Joan
1794,Rodney
1798,Daniel
1800,Jason
1804,Joseph
1808,Paul
1810,Remona
1811,Henry
1812,Sarah
1816,Anita
1816,Lisa
1818,Stefan
1822,Gladys
1827,Dorothy
1829,Victoria
1834,Clair
1835,Chris
1835,Kimberly
1836,Donald
1837,Shelly
1839,Sarah
1846,Iris
1850,Meghan
1852,Lillian
1852,Catherine
1853,Samuel
1853,Dean
1854,Brett
1855,Adam
1856,Mary
1857,Jillian
1862,Dewey
1864,Joel
1864,Mark
1866,Judy
1867,Robert
1869,Christian
1871,Natalie
1875,Betty
1878,Kenneth
1879,Jennifer
1880,William
1880,Maria
1881,Maurice
1884,Margaret
1888,Anthony
1889,Dawn
1890,Luke
1893,Nilsa
1896,Jennifer
1901,Sidney
1905,Ali
1908,Patricia
1909,Wilma
1913,Ann
1914,Susan
1915,Maurice
1915,Santos
1917,Charles
1919,Yvonne
1924,Mary
1927,Frank
1931,Edwin
1932,Adele
1933,Ellen
1934,Julia
1936,Joseph
1937,Noel
1937,Ashlie
1939,Grace
1941,Sherrie
1943,Daniel
1945,Irma
1946,Bruce
1947,Bonnie
1948,Hector
1948,Norma
1948,Harry
1949,Edward
1951,Roberta
1952,Jacqueline
1952,Maria
1953,Harvey
1954,Emma
1958,Mona
1960,Cynthia
1961,Shirley
1961,James
1961,Davis
1968,Donna
1971,Samantha
1972,Lisa
1973,Beth
1973,Matthew
1976,Lillian
1978,Evangeline
1978,Courtney
1982,Julius
1982,Karen
1984,Alexander
1988,Guadalupe
1991,David
1997,Ruth
1998,David
2000,Susan
2008,Michael
2009,Erica
2010,Nick
2011,Ramona
2012,Daniel
2014,Michelle
2014,William
2016,Kristen
2023,Florence
2024,Maria
2025,Edwin
2032,Kathy
2034,Beatrice
2034,Terrence
2034,Mark
2048,Wendy
2049,James
2058,Patricia
2059,Dorothy
2062,Steven
2067,Sarah
2067,Hector
2070,Emma
2073,Vikki
2074,George
2077,Charity
2083,Mitchell
2089,Ronald
2089,Robert
2089,William
2089,John
2091,Rose
2091,Cary
2095,Mary
2098,Virginia
2099,Cory
2100,Noah
2105,Jason
2105,Walter
2108,Geneva
2108,Robert
2110,James
2111,Patti
2112,Irena
2113,Darrell
2114,Kevin
2114,Howard
2114,Meredith
2115,Jacqueline
2115,Sheryl
2116,Steven
2122,Georgia
2123,William
2127,Marisela
2130,William
2134,Shauna
2134,Penny
2138,Jack
2138,Robert
2142,Ruth
2147,Mary
2149,Gene
2150,Wendell
2151,James
2151,James
2155,Carrie
2157,Brigitte
2157,Emily
2158,Lauren
2161,William
2165,Eric
2173,Anna
2176,Anne
2176,Sharon
2176,Sara
2180,Clayton
2182,James
2183,James
2183,Chong
2184,Jamie
2188,Melissa
2190,Christopher
2191,Janet
2191,Lucy
2194,Amy
2195,Stephen
2198,Sara
2208,Larry
2212,Robert
2213,Joe
2213,Russell
2215,Humberto
2216,Deirdre
2219,Brenda
2220,Daniel
2223,Vance
2228,Norberto
2230,Ana
2232,Leon
2232,Lisa
2233,Rhonda
2234,Sean
2236,Carlos
2240,Lawrence
2240,Debra
2245,Patricia
2248,Kevin
2250,Gladys
2251,Tommy
2251,Kelly
2253,Joseph
2254,Julio
2255,Tracy
2257,Karen
2261,Larry
2265,Mary
2270,David
2274,Gina
2275,Arlene
2281,Laura
2283,James
2283,Rosie
2284,Millie
2284,Millie
2289,Leslie
2294,Brian
2294,Kevin
2294,Earl
2297,Esther
2299,Lavonne
2301,Harry
2305,Jason
2308,Lila
2309,Terri
2311,Mary
2311,Eric
2313,Scarlett
2314,Mary
2317,Kim
2318,Michael
2322,Darcy
2323,Richard
2327,Evelyn
2329,Mary
2331,Deborah
2333,Kenneth
2333,Jason
2335,Jose
2341,Rachel
2345,Connie
2347,Arthur
2348,Christina
2349,Albert
2350,Edmund
2354,Julie
2354,Rachel
2358,Frances
2361,Daniel
2364,Carrie
2366,James
2369,Robert
2370,David
2371,Becky
2374,Jillian
2378,William
2379,David
2387,Lori
2387,Victoria
2388,Jerry
2390,Dolly
2391,Andy
2391,Floyd
2392,Gayle
2396,Lamar
2396,Laura
2410,Clarence
2416,Lakendra
2417,Maria
2421,Laura
2421,Gwendolyn
2422,Phillip
2424,Corey
2429,Michelle
2437,Mark
2442,Larry
2445,Edwin
2451,Kim
2453,Kathryn
2454,Charles
2456,Mae
2457,Ronald
2459,Jenny
2461,Michael
2461,Patricia
2463,Betty
2464,Jennifer
2468,Vernon
2471,Karen
2478,Stanley
2480,Brett
2485,William
2487,Andrew
2491,Tracee
2491,Betsy
2492,Michelle
2495,Betty
2495,Eddie
2496,Janyce
2498,William
2501,Karen
2503,Robert
2503,Marian
2506,Melissa
2509,Shannon
2512,Barry
2512,Clarence
2516,Bessie
2516,Suzanne
2519,Lucy
2523,Kathleen
2528,Michael
2528,George
2530,Sandra
2531,Brittany
2536,Arturo
2541,Moira
2544,Virginia
2545,Mary
2547,Dennis
2549,Carolyn
2551,William
2552,Mary
2552,Sarah
2555,Gwendolyn
2555,Ida
2560,Carolyn
2561,Demetrius
2561,Bradley
2562,Bert
2563,Dana
2565,Janice
2567,Emily
2573,Jason
2574,Asa
2575,Orlando
2575,Michael
2577,Frank
2579,Guadalupe
2580,Carly
2581,Robert
2581,Sherry
2583,Joan
2584,Harold
2589,Jamie
2590,Alan
2591,Virginia
2597,Melba
2598,Kenneth
2598,Crystal
2602,Karen
2604,Edith
2615,Benjamin
2616,Cody
2618,Fred
2621,Barbara
2623,Christina
2626,Lance
2630,Roger
2630,Richard
2634,Connie
2634,Tammy
2637,Jennifer
2639,William
2639,Riley
2643,Leah
2645,Gilbert
2647,Mary
2647,Dennis
2649,William
2650,James
2652,Bret
2657,Deborah
2657,Eileen
2658,Sheila
2659,Arturo
2660,Constance
2661,Vicki
2663,James
2663,Ellen
2664,Sarah
2667,Barbara
2669,Richard
2670,Marilyn
2675,Rick
2676,Linsey
2680,Gregory
2690,Sharon
2692,Bobby
2694,Nan
2694,Jessica
2696,Erika
2698,Marie
2702,Nola
2702,Martha
2702,Christopher
2707,Sharonda
2712,Junior
2713,Jessie
2713,Bobby
2718,Nancy
2720,Robert
2723,Jackie
2726,Jack
2729,Carolee
2729,Mark
2731,Peggy
2732,Elizabeth
2736,Sidney
2738,Barbara
2739,Douglas
2741,Melba
2742,Mamie
2745,Lashawn
2757,Sophie
2759,Kenneth
2759,James
2760,Bernice
2763,Deann
2771,Kendall
2772,Elizabeth
2774,Troy
2775,Edwin
2775,Lazaro
2777,Duane
2784,Evonne
2787,Miguel
2791,Noe
2797,Robert
2808,Norman
2808,Robert
2812,Bill
2814,Eduardo
2815,Theodore
2816,Maria
2817,Andrea
2818,Linda
2820,Mary
2820,Debra
2826,Robert
2827,Linda
2831,Robert
2833,Lance
2833,Sherri
2837,Austin
2842,Constance
2843,Arthur
2845,William
2846,Tammy
2849,Lynn
2854,Christopher
2857,John
2860,Katherine
2860,Roger
2863,Stuart
2864,Mary
2865,Walter
2868,Amber
2869,Helen
2871,Michael
2876,Brandon
2876,James
2877,Agnes
2882,Ella
2889,Estella
2893,Gary
2893,Marcus
2894,Francisco
2897,Evelyn
2898,Karen
2898,Joy
2899,Duane
2900,Amanda
2901,James
2904,Lydia
2906,Alice
2907,Elizabeth
2907,Ruth
2910,Yolanda
2913,Ricky
2913,Winifred
2916,Jacqueline
2923,Chau
2925,John
2929,John
2930,Donald
2931,David
2931,Howard
2937,Vicky
2937,Ronald
2938,Tonya
2941,Amy
2954,Harold
2960,Jeremy
2961,Rubin
2969,Colleen
2972,Charles
2973,Laura
2974,Loraine
2977,Stanley
2978,Patricia
2987,Sheila
2990,Margie
2990,Karen
2991,Rodney
2995,Rosa
2996,Lynette
