ID,Surname
1,Scott
4,Bussey
7,Stclair
7,Chase
10,Krause
10,Andrews
11,Hayden
12,Curry
14,Smith
15,Billman
23,Frey
24,Hernandez
25,Mcmonagle
27,Baber
27,Hanner
32,Mountain
33,Yanez
35,Hammack
36,Collins
40,Wand
44,Robinson
50,Meek
52,Holland
53,Thomason
58,Glass
71,Deacon
73,Neighbors
74,Laing
75,Monroe
80,Steward
82,Lighty
83,Sullivan
88,Chojnacki
88,Kotas
90,Eldridge
90,Boykin
91,Montgomery
95,Ruvalcaba
96,Matos
100,Mcgrath
104,Mathews
105,Franks
107,Hutchinson
108,Beck
111,Edwards
114,Roeder
119,Flores
121,Lee
126,Baldwin
128,Costanzo
128,Pensinger
129,Roberts
129,Jackson
132,Carroll
132,Williams
133,Hicks
139,Kimble
140,Sanchez
141,Allen
143,Torris
144,Lemen
147,Mason
152,Chan
157,Mickens
158,Victor
159,Lazarine
160,Richmond
164,Costello
165,Huddleston
167,Rushing
169,Jose
169,Weigand
176,Marshall
178,Stonerock
180,Parker
180,Smith
181,Thompson
187,Edmondson
189,Gonzalez
190,Davis
190,Wolfe
196,Torres
197,Belisle
198,Wiersema
205,Knowles
207,Green
207,Gardea
211,Troia
217,Basye
217,Morel
218,Oneill
219,Downey
226,Rice
227,Hurst
227,Kinnard
227,Trantham
228,Jones
230,Poland
232,Tallman
236,Moore
239,Simmons
240,Williams
246,Winebarger
247,Guevara
249,Lee
253,Vazquez
254,Wilburn
259,Torres
259,Causey
263,Cotten
267,Garcia
268,Devine
268,Purdy
270,Oneill
271,Ness
271,Swedlund
273,Campbell
276,Walley
277,Johnson
281,Merino
281,Oglesby
285,Wilson
290,Mccabe
290,Misfeldt
290,Wiggins
300,Simon
305,Watson
311,Johns
313,Ewers
315,Dietrick
316,Bullock
317,Grissinger
320,Jones
323,Maguire
327,Garcia
329,Larsen
330,Escamilla
338,Grabe
340,Haslam
340,Baker
344,Mitchell
346,Holmes
351,Liebl
352,Manning
355,Johnson
358,Brower
361,Johnson
371,Crout
372,Smith
376,Gordon
376,Hail
378,Gibson
378,Nichols
380,Hill
381,Ruiz
384,Burrell
385,Watson
390,Rainey
393,Clayton
394,Swanner
399,Hilgert
399,Polycarpe
402,Reyolds
404,Wilkerson
404,Free
405,Nielsen
410,Brown
410,Turner
412,Leon
414,Larsen
414,Wickman
415,Wilson
416,Webster
417,Wallace
424,Brustmann
427,Stanley
432,Somerville
433,Gilligan
433,Stein
435,Kendig
437,Jones
437,Obrien
442,Modica
444,Lucey
445,Snyder
446,Shultz
447,Cleare
448,Edwards
448,Hubbard
449,Herrera
450,Smith
452,Salmons
453,Fassett
453,Vierra
459,Wilder
460,Stern
461,Fox
464,Kleinpeter
464,Ackerman
467,Mccaskill
467,Struthers
468,Medas
468,Molina
484,Lambert
485,Gillian
489,Wiltshire
489,Suarez
489,Campbell
492,Wallace
494,Flores
495,Rivera
498,Holland
499,Wilson
502,Emrick
504,Meeks
507,Privateer
507,Leppert
508,Eslinger
508,Maxwell
509,Crews
509,Terranova
514,Roche
516,Broome
517,Matthews
519,Piotrowski
524,Carrillo
527,Alarcon
531,Goguen
532,Gonzales
534,Johnson
535,Jones
538,Mitchell
540,Wilson
542,Kovacs
543,Pereda
544,Hart
547,Mcintyre
548,Tran
554,Jones
554,Miller
557,Johnson
561,Newman
561,Delaurentis
561,Gibson
562,Cook
565,Hale
565,Flachs
569,Burnham
576,Morris
578,Newton
582,Steele
583,Pitcher
584,Urbaniak
588,Martin
593,Robinson
596,Carls
598,Miera
599,Blake
602,Campbell
602,Rhodes
607,Main
607,Wylie
609,Rangel
610,Gonzalez
611,Fairman
611,Colbert
613,Rodriguez
614,Farish
615,Kirkland
617,Waite
621,Angel
622,Blackwell
623,Phelps
625,Madigan
628,Arp
629,Hills
640,Thompson
641,Jones
642,Hawks
643,White
646,Bishop
649,Johnson
649,Fine
649,Hudson
650,Kuster
658,Naffziger
665,Mccullough
666,Farrer
667,Mayer
668,Bastien
669,Flynn
670,Thomas
670,Mccoy
675,Kennedy
676,Ross
680,Courtright
681,Johnson
682,Everson
686,Pinkard
688,Ohare
693,Malinsky
694,Chen
698,Evans
699,Phillips
699,Myers
701,Marshall
701,Brett
702,Pao
704,Scott
707,Perkins
708,Coon
708,Black
709,Ackerman
711,Davis
712,Mozak
722,Bellomy
730,White
732,Davis
733,Barnes
736,Gore
745,Brandt
748,Heling
749,Rainey
761,Stone
762,Vaughn
763,Oakley
763,Trujillo
764,Nighman
764,Jameson
766,Frost
767,Anthony
768,Moody
769,Wilson
769,Flick
777,Brown
784,Mcmanus
789,Allen
790,Cruz
801,Jordan
803,Black
805,Robards
806,Hall
806,Yates
807,Pierce
807,Williams
808,Henderson
808,Berenguer
810,Shea
812,Surber
813,Rosado
820,Lee
820,Sherrod
821,Lance
823,Romero
824,Gibbons
835,Cobb
839,Flagge
841,Gardenhire
841,Dunham
843,Smith
846,Wilson
847,Grim
848,Krikorian
848,Lashley
850,Popovich
850,Zuniga
851,Vitale
862,Mcgowen
862,Marquez
870,Stanford
877,Merkle
880,Dvorak
881,Wingfield
881,Moskowitz
885,Burke
888,Gonzalez
890,Patterson
891,Beckett
894,Similien
899,Byrne
900,Dauzat
901,Begay
903,Trujillo
905,Wood
906,White
908,Pereira
908,Ulrich
912,Campbell
913,Merlino
914,Fleming
918,Harris
920,Nadeau
920,Hoff
921,Daniels
921,Belcher
922,Davis
923,Hull
924,Pierce
926,Franklin
926,Hsu
929,Meza
931,Wimberly
932,Jones
935,Pare
936,Page
936,Elwell
940,Brasil
940,Johnson
941,Musselwhite
942,Vause
945,Sharum
946,Moore
947,Zeinert
948,Mitchell
948,Conwell
950,Sattler
951,Barwick
953,Dunn
955,White
958,Meyer
959,Watson
959,Mayor
961,Ingram
962,Sepulveda
966,Schultz
967,Hansen
971,Stansell
972,Badgley
973,Garcia
978,Minors
982,Haven
984,Smith
985,Mahoney
985,Black
986,Mullen
987,Logue
987,Thompson
993,Conley
994,Rehkop
996,Moore
1001,Sittre
1002,Charles
1002,Krause
1002,Gavenda
1003,Stokes
1005,Nitkowski
1006,Hensley
1008,Kremer
1008,Fiene
1009,Pryor
1009,Lando
1010,Wright
1011,White
1012,Gray
1015,Baxter
1016,Greer
1017,Semaan
1017,Miranda
1020,Suomela
1020,Pina
1021,Saunders
1021,Helbling
1023,Eaton
1026,Mitchell
1030,Small
1033,Smith
1034,Lopez
1036,Dage
1040,Cooper
1041,Anderson
1042,Gunderman
1043,Florence
1043,Martinez
1044,Phillips
1047,Yoes
1050,Carter
1059,Banks
1060,Dingess
1062,Smith
1063,Stuart
1063,Tucker
1070,Chun
1073,Tsasie
1075,Abrams
1076,Dowler
1079,Turpin
1080,Sargent
1086,Smith
1087,Cannon
1092,Crum
1092,Vazquez
1094,Link
1095,Hickman
1095,Rodriguez
1095,Garrett
1097,Thompson
1098,Fiecke
1098,Edmonds
1106,Cucuzza
1107,Henry
1109,Pastian
1109,Cardillo
1112,Stanley
1114,Barrows
1115,Merlo
1120,Kimes
1123,Mcglinchey
1126,Aaronson
1126,Judson
1126,Hernandez
1129,Fuentes
1130,Fernandez
1133,Hanson
1138,Carruthers
1141,Watson
1143,Schumann
1150,Stanley
1165,Macri
1170,Player
1172,Smith
1174,Cason
1175,Kane
1177,Kubicek
1178,Thomas
1183,Stewart
1187,Green
1188,Garcia
1188,Edwards
1189,Ball
1191,Blevins
1191,Olufson
1192,Deering
1193,Negron
1200,Spears
1201,Sharick
1203,Hopkins
1207,Mccormick
1210,Rico
1213,Davis
1213,Alm
1215,Hennessey
1216,Schiller
1219,Vermeesch
1232,French
1239,Pool
1241,Hunter
1243,Rodriguez
1251,Alford
1251,Miller
1254,Dietz
1255,Nguyen
1258,Irizarry
1259,Klatt
1260,Marks
1261,Petty
1262,Flanders
1267,Baughman
1268,Parks
1276,Lawrence
1278,Comer
1279,Buckner
1281,Gilbert
1283,Harris
1292,Phillips
1295,Keister
1299,Stanley
1301,Cheatwood
1302,Dow
1302,Boggs
1303,Novak
1304,Mckinney
1305,Miller
1306,Mitchell
1308,Williams
1309,Cannon
1319,Jackson
1319,Hunt
1324,Harris
1330,Lewis
1333,Hoyt
1340,Lima
1342,Haines
1351,Harris
1353,Camp
1355,Castaneda
1356,Ferguson
1357,Fordyce
1358,Adon
1359,Matthews
1360,Orduno
1365,Morton
1367,Nicklas
1377,Sibley
1380,Dargis
1383,Franks
1385,Lewis
1390,Hawkins
1391,Eiselein
1392,Townsend
1398,Baker
1405,Bordelon
1405,Williams
1407,Melnick
1407,Farnsworth
1409,Chavez
1409,Hixson
1413,Bradshaw
1413,Hayes
1416,Herrington
1417,Mengel
1420,Miesner
1420,Duncan
1426,Benton
1430,Linnane
1431,Hurst
1436,Ballester
1440,Lynch
1442,Soles
1444,Clark
1460,Clark
1465,Hillebrandt
1465,Ware
1470,Hernandez
1471,Mccrystal
1472,Alcorn
1477,Kasper
1479,Lockhart
1480,Lee
1480,Samford
1483,Redd
1485,Armour
1486,Mosby
1487,Oliver
1489,Cool
1489,Roca
1493,Montague
1501,Wilson
1505,Givens
1505,Murray
1511,Kelly
1515,Hamilton
1515,Christopherso
1522,Johnson
1522,Sisk
1527,Peterson
1528,Andrews
1533,Short
1535,Landis
1536,Voyles
1536,Benton
1543,Souders
1545,Martinez
1547,Davis
1550,Allen
1553,Harper
1556,Gibson
1558,Lopez
1564,Moss
1566,Curry
1570,Sanders
1573,Tamayo
1574,Maxwell
1574,Marshall
1581,Beauchamp
1581,Darnstaedt
1584,Russell
1587,Longoria
1588,Mccarty
1589,Espinoza
1591,Washington
1591,Piro
1595,Seals
1596,Williams
1597,Whitman
1600,Williams
1602,Hatch
1605,Banks
1608,Gardner
1613,Burchill
1615,Baird
1616,Rivera
1621,Bell
1628,Braun
1630,Lizarraga
1630,Wood
1632,Lee
1633,Speicher
1633,Cofield
1636,Burke
1638,Jones
1638,Parker
1641,Adame
1643,Arroyo
1645,Devers
1648,Russell
1648,Barefield
1653,Lambert
1654,Crisp
1654,Trudel
1655,Brink
1656,Howk
1658,Rathbum
1659,Griffin
1661,Pinto
1662,Vanstee
1668,Sigler
1671,Kosmowski
1672,Michael
1674,Swindell
1675,Barrow
1676,Thompson
1678,Merchant
1679,Page
1680,Bradley
1681,Shuford
1683,Morse
1685,Hammond
1686,Joyner
1693,Roades
1699,Velasquez
1702,Hughes
1706,Hartford
1707,Paull
1709,Smith
1709,Patterson
1713,Lentz
1718,Cronin
1719,Dunkel
1724,Oliver
1724,Black
1732,Valencia
1732,Putnam
1734,Cook
1736,Carrell
1737,Baisden
1741,Lopes
1742,Quintana
1747,Romriell
1748,Travis
1750,Jennings
1752,Wilburn
1753,Bryant
1755,Hatchett
1759,Mccorry
1766,Parrales
1771,Vang
1771,Miller
1772,Robertson
1773,Brockman
1777,Summers
1779,Cavanaugh
1779,King
1782,Brown
1785,Mccain
1786,Whatley
1790,Conley
1790,Ryan
1792,Wood
1793,Earnest
1795,Jones
1795,Doran
1796,Opperman
1796,Robinette
1799,Greer
1805,Hanson
1806,Harris
1810,Rahim
1810,Bookhardt
1811,Gayle
1812,Donis
1812,Morris
1814,Littman
1814,Brackins
1815,Montgomery
1816,Thornley
1819,Leatherman
1822,Jones
1829,Smith
1829,Espinoza
1830,Estrella
1833,Perez
1835,Meads
1835,Young
1836,Garcia
1836,Dobbins
1837,Austell
1840,Hutchinson
1842,Hackett
1844,Joseph
1845,Torbert
1845,Roberts
1846,Groce
1846,Walsh
1851,Pearson
1857,Shumaker
1864,Lyman
1865,Messenger
1867,Rosiles
1869,Helland
1873,Santistevan
1875,Gibbs
1880,Agnew
1887,Mcbride
1893,Daugherty
1896,Charles
1897,Briley
1898,Oneal
1900,Paul
1907,Knopp
1910,Vandusen
1911,White
1911,Burton
1914,Peloquin
1914,Franklin
1920,Queen
1921,Dean
1923,Walters
1925,Johnson
1928,Martin
1932,Lauritzen
1940,Roberson
1942,Aleo
1943,Reeves
1946,Sturtevant
1949,Robinette
1957,Keeler
1967,Skees
1968,Mason
1968,Byrne
1970,Phillips
1973,Mcclendon
1973,Howard
1975,Jones
1976,Curtin
1977,Johns
1977,Smith
1980,Degasperis
1986,Beasley
1987,Varner
1988,Morrison
1988,Dipasquale
1989,Johnson
1990,White
1991,Frank
1994,Allison
1996,Robinson
2001,Perez
2001,Gandee
2003,Redhead
2003,Ayotte
2005,Munnerlyn
2009,Anwar
2013,Barrett
2014,Graham
2022,Sanders
2024,Lopez
2025,Peltier
2026,Vandiford
2029,Jobson
2029,Bowers
2034,Archer
2036,Witcher
2041,Corf
2047,Knowles
2048,Ramsey
2049,Siggins
2050,Dupont
2059,Keehn
2060,Travis
2061,Frank
2063,Davis
2064,Dates
2065,Roley
2070,Walker
2073,Ransom
2076,Garner
2078,Moreno
2080,Duke
2081,Vanscooter
2083,Parker
2084,Jansen
2084,Doughty
2090,Pugh
2093,Kimbrell
2093,Maynard
2096,Young
2097,Meyers
2098,Frey
2098,Carter
2111,Noyes
2111,Passe
2112,Hong
2116,Ray
2119,Figueroa
2119,Woodyard
2122,Kilgore
2125,Kemppainen
2126,Harrell
2127,Coleman
2128,Coyle
2128,Hopper
2130,Barron
2134,Hall
2140,Mays
2142,Wark
2145,Evans
2149,Mcguire
2149,Krieg
2151,Egleston
2153,Wright
2154,Winchell
2157,Verret
2162,Tierney
2163,Bishop
2163,Pugmire
2166,Mcneal
2168,Moore
2172,Estabrook
2176,Wenzel
2176,Gray
2185,Manteca
2185,Brister
2187,Smith
2191,Lanosga
2194,Haggerty
2198,Reach
2199,Chambers
2200,Evans
2200,Dejohn
2202,Arwood
2208,Johnstonbaugh
2211,Woody
2211,Green
2212,Fournier
2215,Wisdom
2220,Harmon
2222,Ross
2224,Salvador
2226,Chambers
2228,Twomey
2228,Whatoname
2230,Fontanella
2235,Casillas
2237,Fitzgerald
2237,Luce
2240,Brown
2240,Kellam
2241,Mortensen
2248,Whetstone
2251,Saunders
2254,Whelan
2255,King
2258,Mercer
2258,Andersson
2260,Lowry
2266,Ruiz
2267,Bankhead
2271,Shibuya
2271,Terry
2272,Blount
2277,Mcneil
2282,Diaz
2283,East
2284,Watson
2284,Lacroix
2286,Hopkins
2287,Labranche
2290,Frazier
2295,Bailey
2297,Laflore
2297,Brown
2298,Samples
2301,Jennings
2302,Ashburn
2306,Sampson
2308,Magana
2311,Hodges
2312,Osborne
2312,Allen
2313,Tomita
2314,Rock
2314,Huntington
2322,Dudley
2328,Mclaughlin
2330,Nadeau
2333,Shaw
2340,Moore
2346,Zappa
2346,Anello
2350,Todd
2355,Carter
2356,Young
2358,Berrios
2362,Stec
2367,Mcintyre
2368,Mack
2371,Langley
2374,Christopherso
2379,Stewart
2381,Chamberlain
2382,Delorenzo
2384,Harris
2386,Busch
2387,Murphy
2390,Kinney
2391,Burton
2392,Pressley
2393,Rayborn
2395,Holmes
2396,Willis
2403,Woodall
2416,Hebert
2418,Wedderburn
2421,Hampton
2425,Haaf
2430,Nelson
2431,Oneal
2435,Maguire
2435,Macomber
2438,Alvey
2441,Blum
2444,Dyas
2445,Delarosa
2449,Williams
2453,Douglas
2454,Hollandsworth
2455,Aubuchon
2455,Jenkins
2461,Matthews
2464,Frith
2465,Thomas
2465,Norris
2467,Mclean
2468,Shaw
2470,Gilbert
2470,Gonzalez
2472,Degnan
2474,Mcnolty
2474,Pankratz
2475,Gadd
2480,Patrick
2481,Duncan
2481,Mccutcheon
2481,Balde
2486,Mcguire
2486,Evans
2490,Labbie
2492,Russell
2493,Thompson
2494,Sloan
2494,Duplessis
2494,Huseth
2495,Millsap
2499,Thompson
2500,Sorensen
2503,Wolsted
2503,Thompson
2504,Marchand
2509,Henry
2515,Powell
2516,Brunk
2519,Rogers
2520,Salinas
2521,Mcgowan
2524,Rowell
2529,Herbert
2530,Roush
2530,Hill
2531,Wright
2546,Edison
2547,Confalone
2547,Rice
2560,Rinehart
2563,Buster
2565,Mendoza
2566,Hill
2569,Coleman
2570,Gordon
2575,Lloyd
2577,Barnes
2580,Chase
2580,Caruso
2584,Hema
2586,Tvedt
2587,Jensen
2588,Freeman
2593,Olson
2594,Schreffler
2595,Connell
2597,Chavis
2598,Donley
2599,Kelly
2600,Nichols
2604,Espino
2605,Federico
2607,Gerleman
2609,Lyon
2610,Grant
2615,Brummell
2616,Atkinson
2616,Hobbs
2618,Reeves
2618,Colon
2621,Jensen
2623,Woolley
2623,Vance
2623,Spencer
2626,Price
2626,Portis
2627,Ciaburri
2629,Dominguez
2630,Taylor
2630,Stanley
2636,Harris
2638,Benton
2639,Wright
2640,Gardner
2645,Willey
2648,Shea
2649,Penland
2649,Garcia
2650,Jensen
2652,Quinn
2654,Bernal
2655,Labrum
2656,Heslop
2656,Jean
2660,Buikema
2661,Halvorson
2662,Scott
2668,Rogers
2671,Carney
2672,Odonnell
2677,Gaskin
2677,Hill
2679,Fuqua
2680,Marzett
2687,Dias
2691,Schafer
2693,Richardson
2694,Clifton
2694,Mitchell
2694,Holman
2694,Hudson
2698,Leonard
2700,Emory
2701,Hall
2701,Greene
2701,Harris
2703,Fry
2704,Marshall
2705,Grimes
2705,Brittain
2709,Snyder
2710,Deutsch
2712,Kellar
2715,Perry
2718,Butler
2725,Wagner
2726,Atkins
2726,Roberts
2727,Jackson
2729,Martin
2734,Young
2736,Feller
2738,Eldred
2740,Warren
2742,Havercroft
2743,Jimenez
2744,Joseph
2744,Miller
2755,Vanwassenhove
2759,Deshayes
2759,Hayden
2759,Kassner
2760,Stone
2761,Cross
2765,Secrist
2771,Steveson
2772,Bolen
2774,Coleman
2775,Brewer
2778,Magallan
2780,Case
2784,Underwood
2787,Johnson
2791,Kenon
2797,Klyce
2798,Corradino
2799,Harris
2801,Mares
2805,Ott
2809,Sanderlin
2810,Hodgdon
2811,Davis
2812,Driver
2814,Crabtree
2815,Poteat
2820,Shipley
2824,Kimbrough
2825,Mcguire
2827,Greenspan
2828,Lieb
2831,Brown
2832,Forbes
2834,Cody
2836,Smith
2837,Harris
2840,Watson
2841,Marsaw
2842,Barker
2843,Lewis
2846,Clantz
2848,Abramowski
2850,Durkin
2854,Sonoski
2857,Hanna
2859,Godbee
2860,Goodwyn
2866,Mims
2868,Castro
2869,Smith
2875,Pinkham
2878,Jackson
2879,Destephen
2880,Upchurch
2882,Bender
2883,Cuomo
2884,Provino
2886,Bell
2888,Bartkowiak
2890,Mcgraw
2893,Carr
2895,Rees
2901,Richert
2905,Evans
2907,Lavin
2913,Morrone
2917,Picken
2918,Fogle
2919,Fetzer
2920,Davis
2921,Jones
2921,Andrews
2925,Thomas
2926,Ferretti
2927,Green
2931,Raymond
2935,Mueller
2936,Vallejos
2938,Cookson
2945,Watkins
2947,Ramirez
2950,Dunn
2950,Wilkie
2958,Cimini
2959,Boudreau
2961,Meade
2962,Scott
2964,Gladwin
2964,Brown
2967,Jenkins
2967,Ingrum
2967,Hugill
2968,Estrada
2971,Carter
2973,Caya
2975,Rice
2977,Mickle
2978,Benware
2978,Buford
2981,Johnson
2982,Newberry
2983,Monaghan
2986,Mulvihill
