table,sendTo,payload
R,0,1‖Woodrow
R,0,2‖Ellen
R,0,7‖Leroy
R,0,12‖Aldo
R,0,17‖Marla
R,0,18‖Mary
R,0,21‖Tara
R,0,22‖Lula
R,0,23‖Warren
R,0,24‖Patricia
R,0,27‖Timothy
R,0,29‖Matthew
R,0,32‖William
R,0,32‖Daniel
R,0,33‖Anthony
R,0,35‖Keith
R,0,36‖Gertrude
R,0,38‖Donald
R,0,42‖Orlando
R,0,44‖William
R,0,52‖Angel
R,0,53‖Joyce
R,0,54‖Lorie
R,0,55‖Susan
R,0,57‖Marion
R,0,58‖Jennifer
R,0,60‖Christopher
R,0,63‖Delia
R,0,64‖Dianne
R,0,64‖Daniel
R,0,66‖Joan
R,0,71‖Kelly
R,0,77‖Joseph
R,0,82‖Marian
R,0,85‖Lulu
R,0,92‖Olivia
R,0,93‖John
R,0,97‖Jaimie
R,0,102‖John
R,0,104‖Dana
R,0,110‖Bobbie
R,0,111‖John
R,0,113‖Robert
R,0,114‖Jeffrey
R,0,114‖Michael
R,0,122‖Victor
R,0,123‖David
R,0,126‖Joseph
R,0,128‖John
R,0,129‖Suzette
R,0,130‖Allen
R,0,130‖Gay
R,0,132‖Dale
R,0,133‖Clarence
R,0,137‖Chris
R,0,138‖Judith
R,0,150‖Maragret
R,0,151‖Randall
R,0,151‖Sarah
R,0,152‖Lorenza
R,0,153‖Jeffrey
R,0,153‖Daniel
R,0,157‖Christina
R,0,158‖Donald
R,0,159‖Edward
R,0,159‖Jonathan
R,0,161‖Cora
R,0,163‖John
R,0,165‖Carol
R,0,165‖Suzanne
R,0,166‖Jeffery
R,0,166‖Christopher
R,0,167‖Katherine
R,0,170‖Hannah
R,0,171‖Albert
R,0,172‖John
R,0,173‖Frederick
R,0,174‖Alesia
R,0,177‖Lynn
R,0,180‖Donna
R,0,188‖John
R,0,188‖Evelyn
R,0,190‖Leroy
R,0,193‖Jerry
R,0,194‖Laura
R,0,202‖Robert
R,0,205‖Patricia
R,0,206‖Cristal
R,0,207‖Raymond
R,0,208‖Rosa
R,0,210‖Noel
R,0,212‖Jose
R,0,219‖Grover
R,0,224‖Roberto
R,0,225‖Gary
R,0,226‖Robert
R,0,227‖Robert
R,0,228‖Joan
R,0,229‖Ralph
R,0,232‖James
R,0,234‖Thelma
R,0,235‖Matthew
R,0,235‖Jeffrey
R,0,236‖William
R,0,239‖Nilsa
R,0,249‖Cheryl
R,0,251‖Christy
R,0,256‖Sherri
R,0,259‖David
R,0,268‖Lynda
R,0,272‖Louis
R,0,273‖Evelyn
R,0,273‖Jerry
R,0,275‖Isabel
R,0,277‖Charlotte
R,0,277‖Mary
R,0,278‖Nathan
R,0,281‖Susie
R,0,286‖Daniel
R,0,290‖Sandra
R,0,295‖Ruth
R,0,296‖Robert
R,0,296‖Amber
R,0,296‖Irvin
R,0,297‖Betty
R,0,298‖Joanna
R,0,299‖Robert
R,0,306‖Sheila
R,0,306‖Elmer
R,0,311‖Matthew
R,0,313‖Angie
R,0,318‖Larry
R,0,319‖Lonnie
R,0,320‖Damaris
R,0,320‖Paul
R,0,323‖Ariane
R,0,323‖Betty
R,0,325‖Cecelia
R,0,326‖Paul
R,0,327‖Lewis
R,0,329‖Phillip
R,0,330‖Fernando
R,0,340‖William
R,0,342‖Geraldine
R,0,342‖Shannon
R,0,346‖Ronald
R,0,347‖Tina
R,0,351‖Penny
R,0,352‖Martin
R,0,352‖Christopher
R,0,353‖Carl
R,0,354‖Jose
R,0,355‖Joe
R,0,367‖Earnest
R,0,372‖Leola
R,0,377‖Stephanie
R,0,381‖Donna
R,0,382‖Albert
R,0,384‖Erica
R,0,388‖Melanie
R,0,390‖Herman
R,0,393‖Matt
R,0,396‖Darlene
R,0,396‖Carol
R,0,398‖Vicki
R,0,399‖Michelle
R,0,399‖Vernon
R,0,401‖Harold
R,0,407‖Consuelo
R,0,414‖John
R,0,414‖Donna
R,0,416‖Sean
R,0,419‖Sarah
R,0,424‖Benjamin
R,0,430‖Pamela
R,0,431‖Christine
R,0,435‖Beatriz
R,0,438‖Brian
R,0,438‖Jodi
R,0,439‖Justin
R,0,440‖George
R,0,442‖James
R,0,444‖Thomas
R,0,446‖Kevin
R,0,446‖Heather
R,0,447‖Sue
R,0,450‖Monica
R,0,452‖Chris
R,0,455‖Wilma
R,0,457‖Barbara
R,0,459‖Jamie
R,0,460‖Ivory
R,0,461‖Derrick
R,0,467‖Robert
R,0,469‖Bobbie
R,0,470‖Paul
R,0,471‖Curtis
R,0,472‖Richard
R,0,476‖Kristen
R,0,482‖Jonathan
R,0,483‖Ella
R,0,488‖Marion
R,0,489‖Craig
R,0,490‖Mark
R,0,490‖Jasper
R,0,493‖Luis
R,0,495‖George
R,2,1002‖Manuel
R,2,1005‖Gertrude
R,2,1005‖Richard
R,2,1008‖David
R,2,1010‖Susanne
R,2,1011‖Nancy
R,2,1012‖Jeffrey
R,2,1016‖John
R,2,1018‖Christine
R,2,1030‖Daniel
R,2,1031‖Don
R,2,1036‖Asia
R,2,1037‖Frank
R,2,1040‖Julia
R,2,1040‖Daniel
R,2,1041‖Pamela
R,2,1042‖Ethan
R,2,1043‖Carolyn
R,2,1045‖Charlene
R,2,1046‖Sherry
R,2,1046‖John
R,2,1049‖Priscilla
R,2,1050‖Mark
R,2,1052‖John
R,2,1056‖Vivian
R,2,1059‖Samuel
R,2,1059‖Esther
R,2,1062‖Craig
R,2,1064‖Ola
R,2,1068‖Bryan
R,2,1069‖Patrick
R,2,1074‖Brenda
R,2,1076‖Eva
R,2,1076‖John
R,2,1079‖Susan
R,2,1081‖Patricia
R,2,1087‖Earl
R,2,1087‖Lee
R,2,1089‖David
R,2,1090‖Tim
R,2,1096‖Paul
R,2,1099‖Stacy
R,2,1100‖Jane
R,2,1100‖Julia
R,2,1101‖Jackie
R,2,1106‖Jack
R,2,1109‖Mary
R,2,1111‖Avis
R,2,1112‖Christopher
R,2,1113‖Emily
R,2,1116‖Ana
R,2,1118‖Maria
R,2,1121‖Carmen
R,2,1123‖Troy
R,2,1125‖Flora
R,2,1126‖Otis
R,2,1135‖William
R,2,1137‖Henry
R,2,1138‖Ruth
R,2,1139‖Elnora
R,2,1140‖Doris
R,2,1141‖Amber
R,2,1143‖Crystal
R,2,1145‖Christopher
R,2,1146‖Everett
R,2,1150‖Gary
R,2,1150‖Alan
R,2,1151‖Robert
R,2,1155‖Willie
R,2,1157‖Lisa
R,2,1160‖Misty
R,2,1165‖Elizabeth
R,2,1166‖Susan
R,2,1169‖Sara
R,2,1171‖Cesar
R,2,1172‖Lina
R,2,1175‖David
R,2,1176‖John
R,2,1179‖Guillermo
R,2,1181‖Jesus
R,2,1185‖Beth
R,2,1187‖Jack
R,2,1190‖Andrew
R,2,1191‖Kyle
R,2,1196‖Gertrude
R,2,1197‖Dora
R,2,1198‖John
R,2,1199‖James
R,2,1203‖Robert
R,2,1203‖Heidi
R,2,1205‖Norma
R,2,1213‖Warren
R,2,1215‖Walter
R,2,1216‖Doris
R,2,1218‖Greg
R,2,1219‖Mary
R,2,1219‖David
R,2,1225‖Douglas
R,2,1231‖Michael
R,2,1240‖Becky
R,2,1241‖Samantha
R,2,1247‖Jaime
R,2,1248‖Dean
R,2,1250‖Judy
R,2,1251‖Louise
R,2,1259‖William
R,2,1261‖Gregory
R,2,1270‖Jame
R,2,1276‖Elbert
R,2,1282‖Donna
R,2,1287‖Roger
R,2,1290‖John
R,2,1299‖Nada
R,2,1299‖Christopher
R,2,1300‖Shirley
R,2,1301‖Paula
R,2,1302‖David
R,2,1302‖Tamara
R,2,1303‖Steven
R,2,1304‖Joshua
R,2,1304‖Raymond
R,2,1305‖Joseph
R,2,1307‖Suzanne
R,2,1308‖Janice
R,2,1310‖Theresa
R,2,1311‖Dylan
R,2,1312‖Ethel
R,2,1317‖Maria
R,2,1319‖Courtney
R,2,1322‖Eva
R,2,1325‖Heidi
R,2,1325‖Henry
R,2,1326‖Joseph
R,2,1331‖Stewart
R,2,1332‖Chester
R,2,1333‖Sanjuana
R,2,1334‖Samantha
R,2,1342‖Linda
R,2,1351‖Beth
R,2,1353‖Brenda
R,2,1355‖Bernadette
R,2,1357‖Brenda
R,2,1357‖Susan
R,2,1359‖James
R,2,1366‖Rogelio
R,2,1375‖Penny
R,2,1377‖Donald
R,2,1377‖Paula
R,2,1382‖Avis
R,2,1383‖Kristina
R,2,1384‖Daniel
R,2,1385‖Robert
R,2,1385‖Alexander
R,2,1386‖Jeff
R,2,1388‖Kevin
R,2,1389‖Kala
R,2,1391‖Dana
R,2,1393‖Sheila
R,2,1400‖Bryant
R,2,1400‖Christine
R,2,1400‖Kevin
R,2,1401‖Collen
R,2,1403‖Ruth
R,2,1406‖Jennie
R,2,1410‖Jeffrey
R,2,1411‖Martha
R,2,1415‖Terrance
R,2,1420‖Magdalena
R,2,1430‖Mei
R,2,1430‖Ferdinand
R,2,1433‖Wayne
R,2,1437‖Rose
R,2,1440‖Donald
R,2,1444‖Noe
R,2,1447‖Tracy
R,2,1448‖David
R,2,1448‖Rex
R,2,1453‖Anthony
R,2,1456‖Mark
R,2,1461‖Kip
R,2,1463‖Kenneth
R,2,1475‖Carl
R,2,1475‖Rex
R,2,1476‖Brandon
R,2,1478‖Bob
R,2,1478‖Timothy
R,2,1480‖Casey
R,2,1481‖Jean
R,2,1483‖Joseph
R,2,1485‖Karen
R,2,1490‖Adeline
R,2,1493‖John
R,2,1497‖Judy
R,3,1501‖Shaun
R,3,1501‖Carol
R,3,1507‖Christopher
R,3,1510‖Elbert
R,3,1512‖George
R,3,1513‖Gary
R,3,1515‖Scott
R,3,1515‖Thomas
R,3,1517‖Nancy
R,3,1517‖Mary
R,3,1517‖Pat
R,3,1520‖Tommy
R,3,1525‖Frederick
R,3,1527‖Eva
R,3,1528‖Jonathan
R,3,1529‖Jason
R,3,1530‖John
R,3,1531‖Gwendolyn
R,3,1533‖June
R,3,1535‖Dorothy
R,3,1536‖Gaynell
R,3,1536‖Carter
R,3,1542‖Angela
R,3,1547‖Jesus
R,3,1547‖Alex
R,3,1550‖Regina
R,3,1551‖Lacey
R,3,1551‖Dulce
R,3,1558‖Mark
R,3,1561‖Leonard
R,3,1568‖Joseph
R,3,1568‖Judith
R,3,1573‖John
R,3,1574‖Thomas
R,3,1574‖Thaddeus
R,3,1575‖Matthew
R,3,1578‖Christopher
R,3,1581‖Joyce
R,3,1584‖Denise
R,3,1584‖Louise
R,3,1585‖Peggy
R,3,1587‖Nina
R,3,1589‖Steven
R,3,1590‖Michael
R,3,1590‖Joyce
R,3,1591‖Harold
R,3,1592‖Joseph
R,3,1593‖Jean
R,3,1595‖Patricia
R,3,1602‖Tommy
R,3,1605‖Robert
R,3,1615‖David
R,3,1615‖Kristen
R,3,1616‖Darcy
R,3,1618‖Douglas
R,3,1620‖Matthew
R,3,1622‖Steven
R,3,1624‖Julie
R,3,1629‖Jeffrey
R,3,1631‖Martha
R,3,1633‖Carol
R,3,1637‖Paul
R,3,1638‖Tonya
R,3,1640‖Jacob
R,3,1647‖Araceli
R,3,1648‖Stephen
R,3,1649‖Donna
R,3,1650‖Ricardo
R,3,1653‖Darrell
R,3,1655‖Carolyn
R,3,1659‖Brian
R,3,1660‖Nancy
R,3,1661‖Daniel
R,3,1663‖Theresia
R,3,1664‖Scott
R,3,1668‖Judith
R,3,1674‖Diane
R,3,1677‖Harry
R,3,1678‖Wayne
R,3,1688‖Daniel
R,3,1690‖Jonathan
R,3,1696‖Ryan
R,3,1699‖Elnora
R,3,1704‖Jay
R,3,1706‖Jane
R,3,1708‖Maria
R,3,1710‖Molly
R,3,1711‖Alexis
R,3,1713‖Hung
R,3,1718‖Rene
R,3,1721‖Susan
R,3,1723‖Billy
R,3,1728‖Thomas
R,3,1732‖Susan
R,3,1735‖Karl
R,3,1739‖Robert
R,3,1741‖Joyce
R,3,1741‖Eduardo
R,3,1743‖Patricia
R,3,1747‖Branda
R,3,1758‖Jamie
R,3,1760‖Tommy
R,3,1771‖Manual
R,3,1771‖Teresa
R,3,1772‖Melissa
R,3,1773‖Helen
R,3,1776‖Ben
R,3,1778‖Rose
R,3,1778‖Melanie
R,3,1779‖Gonzalo
R,3,1779‖Dennis
R,3,1780‖Oma
R,3,1783‖Elva
R,3,1788‖Dorothy
R,3,1789‖Bridget
R,3,1794‖Kenneth
R,3,1795‖Ada
R,3,1801‖Dolores
R,3,1805‖Ashley
R,3,1806‖Erin
R,3,1808‖Justin
R,3,1809‖Ashlyn
R,3,1811‖Joshua
R,3,1812‖Derrick
R,3,1812‖Richard
R,3,1813‖Joan
R,3,1814‖Violet
R,3,1815‖Nathaniel
R,3,1819‖Ryan
R,3,1819‖Kathryn
R,3,1821‖Marc
R,3,1821‖Emma
R,3,1821‖Lillian
R,3,1822‖Jeffrey
R,3,1825‖Frank
R,3,1828‖Jill
R,3,1831‖Petra
R,3,1833‖John
R,3,1835‖Thomas
R,3,1836‖Barbara
R,3,1840‖Mary
R,3,1847‖Gary
R,3,1849‖Danny
R,3,1851‖Esther
R,3,1852‖John
R,3,1856‖Fermina
R,3,1857‖Gabriel
R,3,1860‖Jarrod
R,3,1860‖Robert
R,3,1864‖Tiffany
R,3,1867‖Crystal
R,3,1868‖Melissa
R,3,1868‖Marcus
R,3,1869‖Megan
R,3,1872‖Brad
R,3,1872‖Cindy
R,3,1877‖James
R,3,1880‖Rachel
R,3,1883‖Rosie
R,3,1886‖Jo
R,3,1889‖Steven
R,3,1892‖Glenn
R,3,1894‖Lionel
R,3,1898‖Stuart
R,3,1898‖Charles
R,3,1898‖Janie
R,3,1903‖Ramona
R,3,1911‖Rosa
R,3,1912‖Roy
R,3,1917‖Muriel
R,3,1919‖Janelle
R,3,1919‖Susan
R,3,1920‖David
R,3,1922‖Paul
R,3,1923‖Peggy
R,3,1925‖Frances
R,3,1926‖Rosa
R,3,1928‖David
R,3,1930‖Laura
R,3,1935‖Kathleen
R,3,1940‖Clayton
R,3,1941‖George
R,3,1941‖Tonya
R,3,1946‖Herbert
R,3,1949‖Martin
R,3,1955‖Alton
R,3,1956‖Rosie
R,3,1967‖William
R,3,1967‖John
R,3,1968‖Mary
R,3,1969‖Sybil
R,3,1971‖Kourtney
R,3,1973‖William
R,3,1974‖Christine
R,3,1979‖Dominic
R,3,1980‖David
R,3,1981‖James
R,3,1984‖Manuela
R,3,1988‖Joseph
R,3,1988‖Leonard
R,3,1996‖Carol
R,3,1997‖Michael
R,3,1997‖Mary
R,4,2002‖Johnathan
R,4,2002‖Charles
R,4,2003‖Maria
R,4,2003‖Alan
R,4,2005‖Mark
R,4,2006‖Francisco
R,4,2006‖Mark
R,4,2007‖Violet
R,4,2008‖Maryann
R,4,2008‖Richard
R,4,2013‖Elena
R,4,2014‖Alicia
R,4,2014‖Vergie
R,4,2021‖Rebecca
R,4,2022‖Blanca
R,4,2023‖Emily
R,4,2024‖Mathew
R,4,2026‖Mary
R,4,2031‖Mary
R,4,2032‖Lisa
R,4,2035‖Bonnie
R,4,2036‖Erwin
R,4,2039‖Tatiana
R,4,2041‖Karen
R,4,2044‖Francis
R,4,2047‖Amber
R,4,2053‖Oliver
R,4,2055‖Kevin
R,4,2056‖Karly
R,4,2056‖Pam
R,4,2068‖Ethel
R,4,2070‖Maria
R,4,2072‖Ramona
R,4,2075‖Rose
R,4,2076‖Marcelina
R,4,2082‖Chad
R,4,2083‖Gerald
R,4,2083‖Phyllis
R,4,2084‖Holly
R,4,2084‖Jason
R,4,2085‖James
R,4,2087‖Camille
R,4,2087‖Vance
R,4,2093‖Cheryl
R,4,2094‖Sandra
R,4,2095‖Rosa
R,4,2095‖Calvin
R,4,2101‖Matt
R,4,2101‖Michael
R,4,2106‖Emory
R,4,2111‖Lana
R,4,2115‖Pam
R,4,2116‖James
R,4,2118‖Vincent
R,4,2118‖Alice
R,4,2119‖Joseph
R,4,2121‖Donald
R,4,2128‖Alberto
R,4,2139‖Blanche
R,4,2142‖Sandra
R,4,2148‖Brittany
R,4,2149‖Joanne
R,4,2151‖Dwight
R,4,2152‖Gayle
R,4,2154‖Linda
R,4,2156‖Iris
R,4,2160‖Neal
R,4,2163‖Daniel
R,4,2163‖Laura
R,4,2165‖Annette
R,4,2165‖James
R,4,2168‖Tamara
R,4,2170‖Tricia
R,4,2170‖Gerald
R,4,2170‖Adam
R,4,2175‖Willie
R,4,2177‖John
R,4,2178‖Alonzo
R,4,2180‖Katherine
R,4,2181‖Hans
R,4,2184‖Kirk
R,4,2189‖Maria
R,4,2192‖Arthur
R,4,2194‖Johnny
R,4,2200‖Corinne
R,4,2202‖Linda
R,4,2207‖Karen
R,4,2208‖Maria
R,4,2209‖Lucile
R,4,2212‖Vanessa
R,4,2212‖Frances
R,4,2222‖Gregory
R,4,2224‖Noah
R,4,2226‖Ella
R,4,2228‖Beverly
R,4,2228‖Christopher
R,4,2235‖Jeffrey
R,4,2235‖Anna
R,4,2237‖Audrey
R,4,2239‖Scott
R,4,2243‖Dorothy
R,4,2243‖Dana
R,4,2245‖Loraine
R,4,2250‖Bryan
R,4,2255‖Barbara
R,4,2258‖Rocco
R,4,2259‖James
R,4,2260‖Patricia
R,4,2260‖Geraldine
R,4,2260‖Susie
R,4,2265‖Erin
R,4,2266‖Gerald
R,4,2267‖Samuel
R,4,2269‖Wendell
R,4,2271‖Sue
R,4,2277‖Ray
R,4,2278‖Jonathan
R,4,2279‖Faye
R,4,2282‖Ginny
R,4,2284‖Willard
R,4,2285‖Kathy
R,4,2286‖Deborah
R,4,2289‖James
R,4,2297‖Michele
R,4,2298‖Sheri
R,4,2298‖Marcia
R,4,2303‖Kathy
R,4,2305‖Marta
R,4,2306‖Martha
R,4,2308‖George
R,4,2310‖Nelson
R,4,2312‖William
R,4,2329‖Alfred
R,4,2330‖Sarah
R,4,2332‖Cynthia
R,4,2332‖Gerald
R,4,2334‖Jenelle
R,4,2335‖Irving
R,4,2338‖Shane
R,4,2339‖Jackson
R,4,2340‖Alexandra
R,4,2345‖Connie
R,4,2346‖Adelaide
R,4,2349‖Steven
R,4,2350‖Kathryn
R,4,2352‖Geraldine
R,4,2355‖Berta
R,4,2356‖Robert
R,4,2356‖Lisa
R,4,2359‖Richard
R,4,2361‖Vernon
R,4,2365‖Justin
R,4,2367‖Thomas
R,4,2369‖Anna
R,4,2369‖Alana
R,4,2369‖Steven
R,4,2370‖Mary
R,4,2371‖Brad
R,4,2372‖Brandee
R,4,2372‖Richard
R,4,2373‖Michelle
R,4,2373‖Laura
R,4,2375‖Charles
R,4,2376‖Cathy
R,4,2377‖Constance
R,4,2380‖Pamela
R,4,2383‖Tammy
R,4,2386‖Joy
R,4,2390‖Judy
R,4,2390‖Alice
R,4,2391‖John
R,4,2394‖Marsha
R,4,2395‖Josef
R,4,2397‖Alvin
R,4,2401‖Raymond
R,4,2405‖Milton
R,4,2406‖Mary
R,4,2408‖Ronald
R,4,2411‖Anthony
R,4,2414‖Charles
R,4,2415‖Darlene
R,4,2423‖Curtis
R,4,2423‖Shaun
R,4,2425‖John
R,4,2426‖Victor
R,4,2426‖James
R,4,2427‖Paulette
R,4,2429‖Virginia
R,4,2430‖Rose
R,4,2431‖Josephine
R,4,2433‖Nancy
R,4,2435‖Teddy
R,4,2436‖Gayle
R,4,2437‖Lindsey
R,4,2445‖William
R,4,2446‖Clarence
R,4,2448‖Ronald
R,4,2450‖Agustin
R,4,2450‖Howard
R,4,2451‖Joe
R,4,2451‖Dianne
R,4,2452‖Anne
R,4,2455‖Kim
R,4,2460‖Robert
R,4,2465‖Peter
R,4,2466‖Vada
R,4,2466‖Angela
R,4,2467‖Ross
R,4,2467‖Anthony
R,4,2468‖Miranda
R,4,2469‖Derrick
R,4,2469‖Norma
R,4,2470‖Stanley
R,4,2476‖Jeffrey
R,4,2476‖James
R,4,2477‖Evelyn
R,4,2478‖Cathy
R,4,2479‖Deborah
R,4,2481‖Teresa
R,4,2484‖Charles
R,4,2486‖Cedric
R,4,2489‖Elizabeth
R,4,2492‖Timothy
R,4,2493‖David
R,5,2502‖Ruth
R,5,2503‖Sabrina
R,5,2504‖Ralph
R,5,2505‖Derek
R,5,2509‖Reba
R,5,2510‖Pamela
R,5,2518‖Brandon
R,5,2519‖Katherine
R,5,2520‖Joseph
R,5,2521‖Michael
R,5,2521‖Wilfred
R,5,2522‖Sharon
R,5,2526‖Bonnie
R,5,2526‖John
R,5,2528‖Edith
R,5,2529‖Francisco
R,5,2530‖Kathleen
R,5,2533‖Ralph
R,5,2537‖Cynthia
R,5,2539‖John
R,5,2542‖Mark
R,5,2545‖Cynthia
R,5,2548‖Robert
R,5,2550‖John
R,5,2551‖Charles
R,5,2553‖James
R,5,2553‖Josephine
R,5,2557‖Stephanie
R,5,2560‖Marisa
R,5,2567‖Patricia
R,5,2568‖Jennifer
R,5,2571‖Bobby
R,5,2571‖Samuel
R,5,2576‖John
R,5,2576‖June
R,5,2576‖James
R,5,2577‖Brandon
R,5,2579‖Hallie
R,5,2580‖Gilbert
R,5,2581‖Brenda
R,5,2581‖Carol
R,5,2586‖Sarah
R,5,2586‖Duane
R,5,2587‖Mary
R,5,2590‖Enoch
R,5,2599‖Donald
R,5,2599‖Kelly
R,5,2600‖Bill
R,5,2602‖Linwood
R,5,2604‖Brian
R,5,2605‖Adam
R,5,2607‖Lorenzo
R,5,2610‖Michael
R,5,2613‖Edith
R,5,2615‖Loretta
R,5,2616‖Tommy
R,5,2625‖William
R,5,2631‖Thanh
R,5,2631‖Jerry
R,5,2631‖Erica
R,5,2635‖Joesph
R,5,2636‖Darlene
R,5,2644‖Gary
R,5,2645‖Polly
R,5,2653‖Danielle
R,5,2655‖Roderick
R,5,2656‖Linda
R,5,2661‖Edward
R,5,2662‖Jeanne
R,5,2667‖Randy
R,5,2670‖Mark
R,5,2670‖Richard
R,5,2671‖Randy
R,5,2678‖Alex
R,5,2679‖Dorothea
R,5,2681‖David
R,5,2688‖Adrianne
R,5,2688‖Megan
R,5,2697‖Reginald
R,5,2705‖Irma
R,5,2705‖Edna
R,5,2706‖Mary
R,5,2708‖Brandy
R,5,2709‖Gussie
R,5,2711‖Patricia
R,5,2712‖Randy
R,5,2714‖Zachary
R,5,2715‖Ryan
R,5,2717‖Robert
R,5,2720‖Larry
R,5,2720‖Cheryl
R,5,2726‖Randall
R,5,2727‖Mary
R,5,2729‖Nancy
R,5,2733‖Bradley
R,5,2742‖Matthew
R,5,2742‖Norris
R,5,2742‖Donald
R,5,2743‖Keith
R,5,2744‖Mary
R,5,2744‖Gordon
R,5,2749‖Gloria
R,5,2753‖Jesse
R,5,2754‖Doreen
R,5,2756‖Mark
R,5,2758‖Craig
R,5,2759‖Laurence
R,5,2760‖Deana
R,5,2763‖Lauren
R,5,2770‖Jonathan
R,5,2770‖Vincent
R,5,2771‖Sergio
R,5,2781‖Denise
R,5,2781‖Linda
R,5,2783‖Brian
R,5,2783‖Gerald
R,5,2785‖John
R,5,2786‖Janet
R,5,2787‖Guadalupe
R,5,2788‖Helen
R,5,2790‖Jack
R,5,2791‖Jessica
R,5,2800‖Kelly
R,5,2802‖Olga
R,5,2803‖Gerald
R,5,2803‖Edith
R,5,2809‖Sheri
R,5,2811‖Maude
R,5,2813‖Nellie
R,5,2814‖Hector
R,5,2815‖Jane
R,5,2818‖Mildred
R,5,2823‖Katie
R,5,2824‖Gary
R,5,2826‖Edward
R,5,2828‖Kyra
R,5,2830‖Catherine
R,5,2832‖Madge
R,5,2833‖Ernie
R,5,2838‖Frank
R,5,2841‖Fabian
R,5,2847‖Fran
R,5,2847‖Patricia
R,5,2849‖Jill
R,5,2850‖Myra
R,5,2851‖Cheryl
R,5,2859‖Sylvia
R,5,2861‖Adam
R,5,2862‖David
R,5,2874‖Ruby
R,5,2879‖William
R,5,2883‖Barbara
R,5,2884‖Donald
R,5,2886‖Kathleen
R,5,2886‖June
R,5,2888‖Dorinda
R,5,2889‖Patrick
R,5,2890‖Ines
R,5,2890‖Rick
R,5,2891‖Latasha
R,5,2891‖Crystal
R,5,2893‖Misty
R,5,2897‖Joe
R,5,2899‖Don
R,5,2899‖Meryl
R,5,2900‖Thomas
R,5,2900‖Serena
R,5,2901‖Maria
R,5,2907‖Irene
R,5,2914‖Otis
R,5,2917‖Sherri
R,5,2917‖Adriana
R,5,2918‖Maggie
R,5,2919‖Marcia
R,5,2919‖Tara
R,5,2924‖Brian
R,5,2931‖Charles
R,5,2933‖Catharine
R,5,2939‖Anna
R,5,2940‖James
R,5,2940‖Ramon
R,5,2949‖Gary
R,5,2956‖Peter
R,5,2957‖Damien
R,5,2961‖Angie
R,5,2962‖Helen
R,5,2964‖Richard
R,5,2965‖Rose
R,5,2967‖Donna
R,5,2973‖Juan
R,5,2973‖Jeanne
R,5,2974‖Amy
R,5,2975‖Dottie
R,5,2976‖Kenneth
R,5,2978‖Jim
R,5,2979‖Tina
R,5,2981‖Emilio
R,5,2985‖Thomas
R,5,2989‖Emily
R,5,2990‖Marvin
R,5,2993‖Johanna
R,5,2993‖Felix
R,5,2996‖Bob
R,5,2998‖Harriet
R,5,2998‖Eleanor
R,5,2999‖Alonzo
S,0,4‖Obrecht
S,0,4‖Matthews
S,0,6‖Ford
S,0,7‖House
S,0,10‖Chin
S,0,16‖Ayers
S,0,17‖Samuels
S,0,18‖Tomblin
S,0,19‖Barr
S,0,23‖Richardson
S,0,27‖Morgan
S,0,29‖Armstrong
S,0,29‖Michalak
S,0,30‖Vanwormer
S,0,36‖Moore
S,0,37‖Mitchell
S,0,38‖Groseclose
S,0,44‖Trotter
S,0,45‖Haddad
S,0,47‖Singer
S,0,51‖Bess
S,0,55‖Batres
S,0,58‖Craighead
S,0,60‖Miranda
S,0,66‖Wright
S,0,67‖Goodall
S,0,68‖Streb
S,0,69‖Wilkins
S,0,71‖Wasinger
S,0,77‖Anaya
S,0,78‖Riso
S,0,80‖Werner
S,0,82‖Missey
S,0,84‖Davies
S,0,85‖Eftekhari
S,0,89‖Swanson
S,0,92‖Whipple
S,0,93‖Phillips
S,0,94‖Rosales
S,0,97‖Powell
S,0,97‖Scott
S,0,102‖Hamff
S,0,106‖Dudley
S,0,113‖Pewitt
S,0,113‖Levasseur
S,0,114‖Sawyer
S,0,117‖Burton
S,0,118‖Miller
S,0,120‖Green
S,0,120‖Knapp
S,0,124‖Dyer
S,0,125‖Bailey
S,0,129‖Waldron
S,0,130‖Himes
S,0,133‖Sloan
S,0,138‖Kim
S,0,151‖Gaydosh
S,0,153‖Walker
S,0,154‖Soltis
S,0,159‖Mcfarland
S,0,159‖Leon
S,0,161‖Fox
S,0,163‖Marsh
S,0,164‖Newhouse
S,0,165‖Brooks
S,0,165‖Meyer
S,0,166‖Crape
S,0,169‖Soto
S,0,170‖Brandt
S,0,171‖Dwight
S,0,171‖Henning
S,0,171‖Pryor
S,0,172‖Hill
S,0,180‖Settle
S,0,182‖Kirsch
S,0,184‖Somogyi
S,0,186‖Brim
S,0,188‖Eglinton
S,0,191‖Fuhrman
S,0,191‖Reichert
S,0,193‖Perez
S,0,195‖Chivers
S,0,196‖Sanders
S,0,198‖Pabon
S,0,200‖Anderson
S,0,204‖Henderson
S,0,204‖Britt
S,0,211‖Reyes
S,0,214‖Cathey
S,0,215‖Williams
S,0,220‖Mcbride
S,0,223‖Andrews
S,0,225‖Hines
S,0,225‖Sun
S,0,226‖Chavez
S,0,229‖Ford
S,0,230‖Clemente
S,0,231‖Griffith
S,0,232‖Lanasa
S,0,234‖Coe
S,0,235‖Avallone
S,0,237‖Bacon
S,0,238‖Rose
S,0,241‖Williams
S,0,243‖Fox
S,0,255‖Lopez
S,0,258‖Haley
S,0,258‖Raab
S,0,260‖Bryant
S,0,265‖Bryant
S,0,265‖Foster
S,0,266‖Ward
S,0,270‖Arneecher
S,0,272‖Rhodes
S,0,273‖Greenlief
S,0,273‖Hall
S,0,275‖Militello
S,0,276‖Ledbetter
S,0,277‖Okeefe
S,0,278‖Franzen
S,0,281‖Marcus
S,0,282‖Flens
S,0,282‖Jagger
S,0,285‖Frazier
S,0,287‖Polston
S,0,289‖Mcgrew
S,0,289‖Allen
S,0,296‖Williams
S,0,296‖Baldwin
S,0,297‖Williams
S,0,303‖Cardona
S,0,303‖Santiago
S,0,305‖Davis
S,0,307‖Andres
S,0,307‖Mcfaul
S,0,308‖Skinner
S,0,309‖Davis
S,0,310‖Chatterton
S,0,312‖Brower
S,0,314‖Dickens
S,0,322‖Valdovinos
S,0,323‖Cervantes
S,0,324‖Edwards
S,0,324‖Martinez
S,0,333‖Weidner
S,0,333‖Randolph
S,0,336‖Butler
S,0,339‖Harris
S,0,340‖Marsh
S,0,342‖Mangone
S,0,354‖Lee
S,0,355‖Braun
S,0,356‖Mccain
S,0,357‖Larson
S,0,357‖Elkins
S,0,360‖Murphy
S,0,362‖Baver
S,0,369‖Scharmer
S,0,370‖Mccarroll
S,0,370‖Heald
S,0,378‖Bair
S,0,378‖Russ
S,0,386‖Starr
S,0,387‖Starr
S,0,389‖Ezell
S,0,396‖Simons
S,0,399‖Mccormick
S,0,400‖Pikula
S,0,401‖Lambert
S,0,406‖Ullery
S,0,407‖Reeves
S,0,408‖Bonney
S,0,410‖Hill
S,0,411‖Burdick
S,0,415‖Cromartie
S,0,417‖Munn
S,0,418‖Long
S,0,421‖Steele
S,0,423‖Schrum
S,0,424‖Wilson
S,0,427‖Brown
S,0,431‖Nelson
S,0,432‖Barnes
S,0,438‖Bellinghausen
S,0,439‖Logan
S,0,439‖Daugherty
S,0,440‖Chatman
S,0,442‖Cripe
S,0,443‖Bailey
S,0,444‖Wittkop
S,0,444‖Bove
S,0,446‖Hudson
S,0,455‖Hooten
S,0,455‖Gonzalez
S,0,456‖Coble
S,0,456‖Johnson
S,0,457‖Daley
S,0,461‖Mcgee
S,0,462‖Barnett
S,0,464‖Wyatt
S,0,465‖Mitchell
S,0,465‖Wylam
S,0,466‖Maymi
S,0,467‖Haywood
S,0,470‖Barkhimer
S,0,475‖Germon
S,0,478‖Mulherin
S,0,479‖Dismuke
S,0,479‖Crabtree
S,0,479‖Arnhart
S,0,485‖Irizarry
S,0,488‖Anderson
S,0,488‖Winkler
S,0,495‖Cheung
S,2,1004‖Barker
S,2,1005‖Inglis
S,2,1007‖Philipp
S,2,1018‖Fortner
S,2,1021‖Ovalle
S,2,1024‖Ibarra
S,2,1024‖Fossum
S,2,1024‖Holland
S,2,1025‖Ramirez
S,2,1032‖Morris
S,2,1035‖Hatton
S,2,1035‖Zamora
S,2,1040‖Dandrea
S,2,1042‖Schwartz
S,2,1045‖Bacon
S,2,1052‖Blackard
S,2,1052‖Aldridge
S,2,1054‖Warren
S,2,1058‖Daniels
S,2,1058‖Debuhr
S,2,1065‖Sandoval
S,2,1066‖Orozco
S,2,1066‖Bolenbaugh
S,2,1066‖Bullard
S,2,1067‖Holsapple
S,2,1068‖Rivard
S,2,1074‖Pence
S,2,1075‖Reed
S,2,1076‖Burns
S,2,1076‖Bishop
S,2,1077‖Miller
S,2,1078‖Quinonez
S,2,1079‖Alvarado
S,2,1080‖Wester
S,2,1082‖Johnson
S,2,1083‖Sees
S,2,1084‖Fine
S,2,1086‖Cowan
S,2,1091‖Dale
S,2,1093‖Ward
S,2,1094‖Kline
S,2,1096‖Witham
S,2,1097‖Pooley
S,2,1098‖Williams
S,2,1098‖Denk
S,2,1101‖Fells
S,2,1103‖Wiford
S,2,1105‖Bonn
S,2,1107‖Williams
S,2,1110‖Wick
S,2,1111‖Denis
S,2,1116‖Edwards
S,2,1116‖Green
S,2,1118‖Chennault
S,2,1118‖Gallagher
S,2,1120‖Moore
S,2,1125‖Bailey
S,2,1128‖Holland
S,2,1132‖Manzo
S,2,1134‖Davidson
S,2,1137‖Williams
S,2,1137‖Summers
S,2,1142‖Cauthon
S,2,1143‖Reilly
S,2,1145‖Elston
S,2,1150‖White
S,2,1151‖Trager
S,2,1157‖Labo
S,2,1159‖Travers
S,2,1169‖Yenz
S,2,1171‖Moore
S,2,1174‖Campbell
S,2,1176‖Schrader
S,2,1178‖Tienda
S,2,1179‖Taylor
S,2,1180‖Brooks
S,2,1182‖Davis
S,2,1184‖Rice
S,2,1190‖Wight
S,2,1191‖Johnston
S,2,1195‖Crisp
S,2,1203‖Tew
S,2,1208‖Sawtelle
S,2,1209‖Glenn
S,2,1210‖Page
S,2,1212‖Mayer
S,2,1214‖Davis
S,2,1222‖Hanavan
S,2,1223‖Page
S,2,1225‖Burkhart
S,2,1226‖Evans
S,2,1228‖Fairchild
S,2,1228‖Imes
S,2,1231‖Spirko
S,2,1236‖Voigt
S,2,1239‖Christian
S,2,1243‖Digregorio
S,2,1245‖Mccray
S,2,1246‖Blaise
S,2,1246‖Emery
S,2,1247‖Baldwin
S,2,1248‖Edwards
S,2,1250‖Tienda
S,2,1250‖Sisson
S,2,1260‖Smith
S,2,1264‖Wagner
S,2,1265‖Yu
S,2,1266‖Ulrich
S,2,1271‖Sanderson
S,2,1274‖Clewis
S,2,1275‖Fritz
S,2,1280‖Whipple
S,2,1281‖Bickford
S,2,1282‖Devoy
S,2,1284‖Harris
S,2,1284‖Alexander
S,2,1286‖Davis
S,2,1289‖Calvert
S,2,1290‖Elwick
S,2,1291‖Powers
S,2,1292‖Foster
S,2,1293‖Regan
S,2,1299‖Kragt
S,2,1304‖Flenory
S,2,1305‖Villarreal
S,2,1307‖Henderson
S,2,1310‖Lopes
S,2,1315‖Lutz
S,2,1321‖Williams
S,2,1322‖Johnson
S,2,1324‖Bumgardner
S,2,1325‖Petty
S,2,1332‖Wilson
S,2,1334‖Hunte
S,2,1335‖Mcclelland
S,2,1339‖Parks
S,2,1340‖Lowry
S,2,1341‖Vale
S,2,1341‖Twombley
S,2,1351‖Bove
S,2,1356‖Caldwell
S,2,1357‖Good
S,2,1359‖Beckett
S,2,1362‖Sugg
S,2,1369‖Passe
S,2,1371‖Ipock
S,2,1375‖Peck
S,2,1377‖Mckay
S,2,1381‖Flores
S,2,1382‖Beery
S,2,1382‖Miller
S,2,1384‖Hill
S,2,1385‖Stone
S,2,1386‖Carnes
S,2,1387‖Sosa
S,2,1394‖Marston
S,2,1396‖Raymond
S,2,1399‖Edwards
S,2,1400‖Thompson
S,2,1400‖Cormier
S,2,1401‖Ferraro
S,2,1402‖Brunk
S,2,1404‖Sagar
S,2,1405‖Vazquez
S,2,1406‖Heiskell
S,2,1406‖Walsh
S,2,1410‖Shulda
S,2,1414‖Giacchino
S,2,1415‖Taylor
S,2,1415‖Neihart
S,2,1419‖Brown
S,2,1422‖Cruz
S,2,1432‖Savarese
S,2,1436‖Ruiz
S,2,1441‖Gerecke
S,2,1443‖Goehring
S,2,1448‖Petersen
S,2,1451‖Aguas
S,2,1459‖Mendoza
S,2,1460‖Rader
S,2,1461‖Azim
S,2,1461‖Blanton
S,2,1462‖Montgomery
S,2,1462‖Nielsen
S,2,1462‖Hickey
S,2,1467‖Thomas
S,2,1468‖Matthews
S,2,1469‖Weafer
S,2,1470‖Ramos
S,2,1474‖Jones
S,2,1477‖Long
S,2,1478‖Shaw
S,2,1484‖Hensley
S,2,1488‖Decker
S,2,1495‖Gandy
S,3,1501‖Morgan
S,3,1502‖Smith
S,3,1511‖Roach
S,3,1513‖Erdmann
S,3,1515‖Williams
S,3,1519‖Goodson
S,3,1520‖Bash
S,3,1522‖Fraley
S,3,1524‖Niess
S,3,1524‖Kilmer
S,3,1533‖Bergmark
S,3,1533‖Muffley
S,3,1535‖Urick
S,3,1542‖Rodriquez
S,3,1545‖Perez
S,3,1551‖Cross
S,3,1551‖Quinn
S,3,1555‖Lineberger
S,3,1557‖Iribarren
S,3,1561‖Mcginnis
S,3,1566‖Mattern
S,3,1570‖Maye
S,3,1571‖Sprecher
S,3,1577‖Dagley
S,3,1580‖Nordman
S,3,1581‖Elias
S,3,1590‖Pichler
S,3,1592‖Brown
S,3,1593‖Jones
S,3,1593‖Cromwell
S,3,1593‖Linton
S,3,1594‖Smith
S,3,1594‖Easter
S,3,1595‖Cracchiolo
S,3,1595‖Farrell
S,3,1596‖Benefield
S,3,1596‖Scrudato
S,3,1600‖Stover
S,3,1602‖Allen
S,3,1606‖Montgomery
S,3,1611‖Esqueda
S,3,1614‖Mcdowell
S,3,1617‖Roberts
S,3,1618‖Sanchez
S,3,1620‖Jackson
S,3,1621‖Yong
S,3,1622‖Baker
S,3,1623‖Mcgee
S,3,1624‖Estrada
S,3,1628‖Steller
S,3,1629‖Miller
S,3,1631‖Yeargin
S,3,1633‖Ulatowski
S,3,1636‖Aadland
S,3,1636‖Manns
S,3,1640‖Bowey
S,3,1641‖Cowan
S,3,1642‖Novak
S,3,1643‖Case
S,3,1645‖Mcminn
S,3,1647‖Savoie
S,3,1650‖Johnson
S,3,1651‖Nev
S,3,1651‖Russell
S,3,1654‖Avery
S,3,1656‖Thon
S,3,1660‖Lopez
S,3,1663‖Rakowski
S,3,1663‖Townsend
S,3,1669‖Hansen
S,3,1682‖Fritz
S,3,1683‖Carroll
S,3,1684‖Murray
S,3,1686‖Lark
S,3,1686‖Knapchuck
S,3,1687‖French
S,3,1687‖Salano
S,3,1687‖Denger
S,3,1689‖Riblett
S,3,1697‖Nowak
S,3,1697‖Salazar
S,3,1698‖Walter
S,3,1699‖Johnston
S,3,1700‖Toan
S,3,1708‖Brown
S,3,1710‖Giannetti
S,3,1713‖Kaylor
S,3,1716‖Quezad
S,3,1717‖Fuentes
S,3,1717‖Horton
S,3,1720‖Lin
S,3,1725‖Konecny
S,3,1726‖Siegel
S,3,1728‖Mclaughlin
S,3,1728‖Howell
S,3,1729‖Litton
S,3,1731‖Melendez
S,3,1732‖Middlebrook
S,3,1737‖Schneider
S,3,1741‖Meadows
S,3,1741‖Jones
S,3,1746‖Morales
S,3,1747‖Madson
S,3,1748‖Cooper
S,3,1750‖Abbe
S,3,1753‖Fortunato
S,3,1754‖Debarge
S,3,1755‖Campbell
S,3,1758‖Swavely
S,3,1758‖Murphy
S,3,1760‖Vrabel
S,3,1760‖Morrow
S,3,1761‖Smith
S,3,1763‖Ballew
S,3,1764‖Watkins
S,3,1767‖Purdom
S,3,1774‖Anderson
S,3,1775‖Tagliarini
S,3,1775‖Smith
S,3,1778‖Link
S,3,1780‖Hare
S,3,1781‖Fowler
S,3,1783‖Stremming
S,3,1784‖Diaz
S,3,1785‖Sevier
S,3,1786‖Cook
S,3,1792‖Cavanagh
S,3,1794‖Rodrequez
S,3,1794‖Crum
S,3,1797‖Douglas
S,3,1801‖Kitchens
S,3,1801‖Eplin
S,3,1802‖Whatley
S,3,1804‖Barrios
S,3,1808‖Lundberg
S,3,1809‖Odoms
S,3,1809‖Zavala
S,3,1814‖Hickey
S,3,1815‖Weaver
S,3,1819‖King
S,3,1821‖Quinn
S,3,1821‖Scerra
S,3,1822‖Morris
S,3,1826‖Cruz
S,3,1831‖Thompson
S,3,1835‖Kaplan
S,3,1839‖Culbreath
S,3,1839‖Douthit
S,3,1842‖Tidwell
S,3,1846‖Nine
S,3,1846‖Riffe
S,3,1853‖Wolff
S,3,1853‖Agrela
S,3,1856‖Hawkins
S,3,1859‖Harty
S,3,1859‖Edmunds
S,3,1861‖Burns
S,3,1869‖Rice
S,3,1874‖Blake
S,3,1876‖Ryan
S,3,1878‖Wong
S,3,1878‖Long
S,3,1885‖Cross
S,3,1888‖Soto
S,3,1892‖Lewis
S,3,1894‖Paras
S,3,1898‖Barroso
S,3,1898‖Leclair
S,3,1903‖Hugo
S,3,1910‖Whelton
S,3,1912‖Buchauer
S,3,1914‖Aguilar
S,3,1916‖Daniel
S,3,1919‖Toth
S,3,1929‖Ford
S,3,1932‖Parham
S,3,1933‖Gray
S,3,1937‖Wilson
S,3,1940‖Aguirre
S,3,1940‖Mcadams
S,3,1941‖Wangberg
S,3,1941‖Brennan
S,3,1946‖Blain
S,3,1946‖Freeman
S,3,1946‖Faulkner
S,3,1947‖Warren
S,3,1948‖Guice
S,3,1949‖Brown
S,3,1955‖Robinson
S,3,1956‖Barton
S,3,1957‖Capps
S,3,1960‖Hapke
S,3,1961‖Reed
S,3,1962‖Rocha
S,3,1962‖Shook
S,3,1963‖Warner
S,3,1964‖Valencia
S,3,1965‖Sawyer
S,3,1967‖Pless
S,3,1968‖Barnes
S,3,1971‖Davis
S,3,1976‖Kamiya
S,3,1981‖Mora
S,3,1984‖Morrow
S,3,1984‖Coates
S,3,1992‖Jackson
S,3,1996‖Heenan
S,3,1997‖Ostrowski
S,4,2000‖Barbeau
S,4,2001‖Conrad
S,4,2004‖Schwing
S,4,2006‖Joyce
S,4,2008‖Spells
S,4,2010‖Hornbeck
S,4,2016‖Robertson
S,4,2017‖Smalls
S,4,2018‖Raymo
S,4,2018‖Honeycutt
S,4,2018‖Barnes
S,4,2020‖Gibson
S,4,2021‖Johnson
S,4,2021‖Rockwood
S,4,2024‖Mann
S,4,2027‖Whiting
S,4,2028‖Clement
S,4,2031‖Moers
S,4,2038‖Dewees
S,4,2040‖King
S,4,2047‖Richardson
S,4,2047‖Johnson
S,4,2052‖Jones
S,4,2055‖Smith
S,4,2059‖Powell
S,4,2065‖Appleton
S,4,2068‖Blake
S,4,2069‖Rizo
S,4,2076‖Heft
S,4,2079‖Leahy
S,4,2087‖Hollinger
S,4,2090‖Harris
S,4,2091‖Chaffin
S,4,2095‖Larkin
S,4,2095‖Giles
S,4,2097‖Hinds
S,4,2098‖Parish
S,4,2100‖Johnson
S,4,2101‖Morely
S,4,2105‖Ingersoll
S,4,2106‖Keith
S,4,2108‖Greene
S,4,2113‖Carlson
S,4,2114‖Smith
S,4,2114‖Alston
S,4,2116‖Copley
S,4,2116‖Anderson
S,4,2117‖Dunigan
S,4,2120‖Parson
S,4,2122‖Donaldson
S,4,2124‖Wright
S,4,2125‖Lowe
S,4,2129‖Stinnett
S,4,2131‖Mason
S,4,2132‖Steed
S,4,2133‖Hughey
S,4,2140‖Lunstrum
S,4,2142‖Moten
S,4,2146‖Wallace
S,4,2147‖Rios
S,4,2153‖Carrillo
S,4,2154‖Benge
S,4,2155‖Tracy
S,4,2156‖Foulks
S,4,2156‖Parker
S,4,2158‖Dunkel
S,4,2167‖Page
S,4,2168‖Sims
S,4,2168‖Cox
S,4,2168‖Jimenez
S,4,2170‖Torres
S,4,2170‖Garza
S,4,2174‖Torres
S,4,2178‖West
S,4,2178‖Albin
S,4,2182‖Hartz
S,4,2183‖Murphy
S,4,2184‖Daniels
S,4,2189‖Jacob
S,4,2189‖Booton
S,4,2194‖Bustamente
S,4,2201‖Lee
S,4,2202‖Silva
S,4,2203‖Bertrand
S,4,2206‖Haitz
S,4,2210‖Williams
S,4,2223‖Swindle
S,4,2224‖Marx
S,4,2224‖Shannon
S,4,2228‖Brown
S,4,2232‖Brown
S,4,2235‖Pruett
S,4,2238‖Hernandez
S,4,2242‖Guardado
S,4,2243‖Lee
S,4,2245‖Margulis
S,4,2246‖Kreidel
S,4,2248‖Hardman
S,4,2248‖Macmillan
S,4,2251‖Broenneke
S,4,2258‖Watland
S,4,2262‖Darnley
S,4,2267‖Beckstead
S,4,2272‖Beebee
S,4,2273‖Wilson
S,4,2279‖Wagner
S,4,2280‖Sylvia
S,4,2281‖Eberheart
S,4,2283‖Kenney
S,4,2284‖Vanhouten
S,4,2287‖Thornton
S,4,2291‖Johnson
S,4,2294‖Harris
S,4,2299‖Noble
S,4,2304‖Rivera
S,4,2307‖Mcvicker
S,4,2307‖Brandon
S,4,2307‖Garcia
S,4,2310‖Kitterman
S,4,2311‖Ingle
S,4,2312‖Furman
S,4,2313‖Lester
S,4,2317‖Caesar
S,4,2318‖Jones
S,4,2320‖Banks
S,4,2325‖Loffelbein
S,4,2331‖Bennington
S,4,2333‖Mast
S,4,2336‖Mireles
S,4,2338‖Esposito
S,4,2340‖Boddie
S,4,2343‖Garcia
S,4,2344‖Jones
S,4,2345‖Bryson
S,4,2348‖Lopez
S,4,2349‖Rogge
S,4,2352‖Deguire
S,4,2353‖Jones
S,4,2355‖Litchford
S,4,2356‖Evans
S,4,2370‖Kowalski
S,4,2371‖Gage
S,4,2373‖Ramer
S,4,2378‖York
S,4,2378‖Jennings
S,4,2378‖Wheat
S,4,2378‖Rister
S,4,2387‖Richardson
S,4,2388‖Feuerborn
S,4,2389‖Johns
S,4,2390‖Girard
S,4,2390‖Fowler
S,4,2391‖Riina
S,4,2392‖Mccrae
S,4,2394‖Seabolt
S,4,2401‖Rodriguez
S,4,2402‖Fowler
S,4,2404‖Duke
S,4,2404‖Fowler
S,4,2406‖Boyd
S,4,2409‖Wilson
S,4,2410‖Wolf
S,4,2411‖Hill
S,4,2412‖Lozoya
S,4,2419‖Woodley
S,4,2421‖Fleming
S,4,2421‖Downes
S,4,2421‖Oneill
S,4,2422‖Whitfield
S,4,2426‖Harding
S,4,2426‖Miller
S,4,2431‖Copeland
S,4,2433‖Evans
S,4,2436‖Goins
S,4,2437‖Ioele
S,4,2442‖Harvey
S,4,2443‖Lee
S,4,2445‖Bailey
S,4,2446‖Wenthold
S,4,2448‖Hurt
S,4,2449‖Cooksey
S,4,2452‖Nixon
S,4,2458‖Wright
S,4,2459‖Mitchell
S,4,2463‖Iannone
S,4,2465‖Vasquez
S,4,2467‖Mckenna
S,4,2470‖Rossano
S,4,2473‖Johnson
S,4,2478‖Elie
S,4,2479‖Holt
S,4,2480‖Estes
S,4,2490‖Kearns
S,4,2491‖Winebrenner
S,4,2491‖Hall
S,4,2493‖Poplin
S,4,2498‖George
S,5,2501‖Rodriguez
S,5,2502‖Gonzales
S,5,2509‖Mitchem
S,5,2509‖Sturgill
S,5,2509‖Harris
S,5,2512‖Bells
S,5,2512‖Melton
S,5,2516‖Snider
S,5,2519‖Demarco
S,5,2519‖Steiger
S,5,2519‖Mcfarland
S,5,2520‖Carter
S,5,2521‖Ramsey
S,5,2521‖Holmes
S,5,2522‖Dearing
S,5,2524‖Sample
S,5,2533‖Watkins
S,5,2544‖Saldana
S,5,2544‖Morsbach
S,5,2545‖Gonzalez
S,5,2547‖Dwyer
S,5,2547‖Kuhn
S,5,2548‖Lejeune
S,5,2548‖Saling
S,5,2549‖Roberts
S,5,2549‖Asberry
S,5,2552‖Burris
S,5,2552‖Lanham
S,5,2553‖Farias
S,5,2553‖Temple
S,5,2554‖Tepper
S,5,2557‖Dyer
S,5,2561‖Billington
S,5,2563‖Torres
S,5,2563‖Williams
S,5,2569‖Aybar
S,5,2574‖Thole
S,5,2575‖Merrigan
S,5,2579‖Cepero
S,5,2579‖Moseley
S,5,2582‖Mills
S,5,2587‖Barton
S,5,2590‖Pearl
S,5,2598‖Bates
S,5,2600‖Eckman
S,5,2607‖Forker
S,5,2608‖Mccomas
S,5,2612‖Lyons
S,5,2613‖Barnes
S,5,2622‖Todd
S,5,2624‖Vazquez
S,5,2628‖Brown
S,5,2629‖Mitchell
S,5,2630‖Wendler
S,5,2631‖Leclerc
S,5,2631‖Landry
S,5,2632‖Barbre
S,5,2634‖Cole
S,5,2637‖Scovil
S,5,2638‖Lobato
S,5,2642‖Oharra
S,5,2644‖Sarkisian
S,5,2646‖Brodes
S,5,2650‖Goeltz
S,5,2651‖Soto
S,5,2654‖Gordon
S,5,2656‖Hardin
S,5,2661‖Mccallum
S,5,2663‖Cabrera
S,5,2664‖Lewandowski
S,5,2665‖Ramos
S,5,2665‖Johnson
S,5,2676‖Sims
S,5,2676‖Pratt
S,5,2678‖Valdovinos
S,5,2678‖Roberts
S,5,2679‖Yohe
S,5,2679‖Regalado
S,5,2682‖Thomas
S,5,2683‖Terry
S,5,2685‖Harrison
S,5,2688‖Fleming
S,5,2691‖Turley
S,5,2692‖Swee
S,5,2696‖Killam
S,5,2696‖Honse
S,5,2697‖Glaus
S,5,2698‖Davila
S,5,2699‖Galle
S,5,2700‖Mosley
S,5,2700‖Reed
S,5,2702‖Dallas
S,5,2707‖Kennamore
S,5,2708‖Clarkson
S,5,2709‖Welch
S,5,2711‖Milano
S,5,2711‖Nivens
S,5,2717‖Taylor
S,5,2719‖Pixler
S,5,2722‖Thompson
S,5,2723‖Hendrix
S,5,2727‖Bryant
S,5,2728‖Canady
S,5,2729‖Anderson
S,5,2731‖Diaz
S,5,2733‖Grant
S,5,2738‖Biggs
S,5,2741‖Irvin
S,5,2742‖Justen
S,5,2742‖Rodriguez
S,5,2743‖Linn
S,5,2748‖Allen
S,5,2749‖Williams
S,5,2756‖Foulks
S,5,2757‖Still
S,5,2759‖Fannin
S,5,2760‖Hinton
S,5,2763‖Hill
S,5,2764‖Haller
S,5,2767‖Lallo
S,5,2771‖Jeffries
S,5,2773‖Bracero
S,5,2773‖Fiorentino
S,5,2777‖Quintero
S,5,2779‖Hughes
S,5,2779‖Rogers
S,5,2781‖Hagan
S,5,2783‖Whitehead
S,5,2784‖Burlew
S,5,2785‖Hildebrant
S,5,2786‖Gant
S,5,2786‖Fonseca
S,5,2792‖Jameson
S,5,2796‖Hedrick
S,5,2798‖Mccormack
S,5,2801‖Abreu
S,5,2802‖Groves
S,5,2813‖Graham
S,5,2816‖Case
S,5,2817‖Adams
S,5,2817‖Dombrowski
S,5,2819‖Williams
S,5,2820‖Washington
S,5,2828‖Hayes
S,5,2830‖Wentz
S,5,2832‖Kanahele
S,5,2839‖Crane
S,5,2840‖Pope
S,5,2841‖Watkins
S,5,2841‖Elder
S,5,2842‖Brown
S,5,2844‖Jones
S,5,2845‖Dorfman
S,5,2848‖Mathis
S,5,2849‖Mcclain
S,5,2850‖Stockton
S,5,2850‖Hasting
S,5,2854‖Young
S,5,2857‖Karpinen
S,5,2858‖Perry
S,5,2862‖James
S,5,2865‖Coutts
S,5,2866‖Freeman
S,5,2870‖Moree
S,5,2872‖Laforest
S,5,2876‖Dominguez
S,5,2876‖Green
S,5,2876‖Fennessey
S,5,2877‖Diamond
S,5,2877‖Davis
S,5,2881‖Saum
S,5,2883‖Snyder
S,5,2887‖Miller
S,5,2889‖Davis
S,5,2891‖Grothe
S,5,2895‖Smith
S,5,2896‖Lambert
S,5,2898‖Oliver
S,5,2899‖Glendening
S,5,2900‖Kern
S,5,2902‖Hoban
S,5,2905‖Salvas
S,5,2906‖Sano
S,5,2907‖Trimpe
S,5,2910‖Binkley
S,5,2914‖Robinson
S,5,2914‖Marshall
S,5,2916‖Sena
S,5,2922‖Scruggs
S,5,2924‖Enyart
S,5,2925‖Gaither
S,5,2928‖Harris
S,5,2929‖Fonner
S,5,2930‖Gage
S,5,2934‖Simmons
S,5,2937‖Kelly
S,5,2940‖Lane
S,5,2949‖Luff
S,5,2950‖Manlangit
S,5,2951‖Jones
S,5,2953‖Billups
S,5,2960‖Knapp
S,5,2960‖Ferber
S,5,2968‖Barton
S,5,2976‖Ferrari
S,5,2979‖Watkins
S,5,2983‖Rhodes
S,5,2988‖Stout
S,5,2990‖Cuomo
S,5,2990‖Hickman
S,5,2993‖Jordon
S,5,2995‖Carr
S,5,2996‖Rodriguez
S,5,2998‖Medel
S,5,2998‖Santiago
