ID,FirstName
4,Carmen
7,Garland
7,Jeffrey
11,Carson
11,Leah
12,Kelly
14,Richard
15,Harriet
16,Margaret
16,Thomas
21,Ernest
26,Florence
26,Carole
29,Linda
30,Paige
34,Ladonna
35,Ashton
37,Gloria
37,Susan
38,Frank
38,Stephen
41,Percy
42,Barbara
43,Daniel
44,Lynn
46,Steven
50,Brittany
51,Quentin
63,Thomas
65,Michael
66,Mary
66,Carol
66,Joan
67,Mary
69,Kira
69,Gwendolyn
70,Alba
73,Gary
74,Maria
76,Leila
77,Virginia
78,Nicholas
79,Audrey
80,Mark
87,Glen
88,Gail
88,Richard
96,Robin
98,Pamela
105,Carol
107,Tony
107,Emma
112,Louise
113,Eugene
115,Micheal
118,Dorothy
118,Duane
118,Denise
119,Joshua
123,Lindsey
123,Kenneth
123,Sherry
134,Kevin
136,John
137,Andrew
137,Jessica
143,Lilla
145,Jessica
146,James
147,Carl
155,Hector
157,Vincent
158,Theodore
159,Debra
159,James
160,Nancy
161,Briana
162,Courtney
162,John
164,Katherine
167,Theresa
171,Herman
173,Brandon
178,Susan
179,Thomas
180,Brian
181,Deshawn
185,Ethel
187,Tiesha
188,Charlotte
193,Virginia
203,Goldie
204,Jeannine
205,Douglas
206,Evelyn
208,Mark
209,Michael
210,Rebecca
210,Mark
210,May
212,James
213,Dave
214,Peter
215,Betty
216,Michael
217,Donald
219,Marc
222,Leona
226,Elizabeth
226,Felix
226,Larry
233,Diane
238,David
238,Brandon
240,Brandon
241,Helen
242,Julian
245,Charles
246,Curtis
247,Patsy
249,Elmer
250,Catherine
251,Raul
256,Robert
259,Dale
260,James
263,Leonard
265,Phyllis
266,Jennifer
267,Brian
270,Robert
274,Robert
274,Oscar
277,Carrie
277,Adriana
278,Kathleen
279,Jimmie
284,Edward
285,Helen
286,Pattie
288,Della
291,Richard
300,Robert
301,Gisele
302,Grace
302,Cori
303,Veronica
303,Timothy
305,Lois
307,Linda
321,Josie
324,Marilyn
326,Patrick
327,Vaughn
328,Tamara
331,Ernest
331,Lynette
332,Bertha
336,Marguerite
340,Shannon
342,Terry
342,Bobbie
345,Sarah
345,Mark
347,Patricia
348,Ernest
348,Collin
354,Louis
355,Joanna
360,Edwin
363,Jessica
365,David
366,Warren
373,Gladys
375,Raymond
375,Brian
376,Donna
377,Leon
389,Glenn
393,Andrew
394,Hope
394,Penny
400,Steven
404,Wayne
404,Eugene
404,Mark
405,Nakia
409,John
411,Deborah
415,Thomas
416,Larry
418,William
424,Tracy
431,Carrie
435,David
438,Leah
445,Erik
445,Gilbert
447,Ray
447,Alan
448,Bruce
451,Pamela
453,Nora
454,Judith
457,Alice
457,Susan
463,Cynthia
465,Beverly
466,Jonathan
469,Isabel
473,Cheryl
475,Jason
478,Edward
480,Hedwig
482,Lee
482,Elizabeth
485,Norma
486,Holly
487,James
488,Leonard
495,Veronica
499,Nathan
500,Lisa
501,Sherri
503,Charlotte
503,Vernon
504,Marie
504,Barbara
510,Jodi
511,Marion
514,Deonna
516,Lisa
517,Gladys
523,Cody
523,Frankie
524,Jacob
527,Kenneth
527,Mary
527,Michael
529,Bernardo
529,Eva
530,Jeffrey
531,Linda
533,Laura
533,Lucinda
534,Peter
537,Marlene
539,Georgina
540,Julie
541,Veta
543,Nancy
543,Robert
550,Karen
551,Mary
553,Virginia
558,Betty
569,Rosa
569,Edward
570,Jennie
571,Nancy
583,Darlene
584,Edgar
585,Lesa
588,Elizabeth
590,Lee
596,Birdie
597,Michael
598,Raymond
601,Jennifer
602,Steven
603,Mary
607,Ida
611,Lionel
613,Robert
622,Albert
622,Charles
625,Robert
626,Matt
629,Andre
633,Evelyn
637,Marcene
637,Clara
639,Jessie
643,Linda
647,Diane
648,Sally
649,Jennifer
650,William
651,Jeffrey
651,Alberto
652,Gary
658,Rachelle
662,Carol
663,Charla
665,Ricky
665,Howard
668,Brian
669,Raymond
674,Bertha
676,Edward
677,Marjorie
680,Frank
680,Darren
682,Buffy
682,Malcolm
688,Eli
689,Marcelo
694,Alyssa
696,Marina
697,Erika
701,Kenneth
703,Ernest
705,Byron
708,Juan
710,Marjorie
717,John
721,Mildred
722,Jack
722,Katherine
722,Jean
723,Fernando
725,Martin
732,Angela
734,Jose
734,Trinidad
738,Adela
738,Jennifer
740,Lynn
741,Sylvia
741,Candi
742,Omer
743,Evelyn
749,Paul
752,Paula
761,Andrew
762,Anne
764,Kristin
764,Fred
768,Megan
768,Patsy
772,Benita
772,Elmer
778,Debbie
779,Gus
779,Walton
780,Leslie
780,Lyndon
781,Aaron
783,Marvin
785,Clyde
787,Pearl
787,Isabel
792,Marie
793,Steven
804,Elsa
811,Nancy
813,Meghan
823,Roberta
823,Annie
827,Kristin
829,Micheal
829,John
832,Carey
839,Elizabeth
841,Robert
842,Jeffrey
843,John
843,Jonathan
844,Frances
845,Cornelius
845,Terry
847,Iva
849,Sonja
852,Valentina
854,Jean
856,Vanessa
859,Daniel
861,Rosendo
862,Patricia
863,Joseph
864,Ralph
867,Rachel
868,David
869,Mary
870,Robert
872,Jessica
886,Kristen
894,Steven
896,Stephanie
898,Luisa
898,Kenneth
900,Birdie
901,James
911,Courtney
912,Allen
917,Paul
922,Buffy
923,Leo
929,Samuel
929,Annabelle
939,Eddie
939,Lauri
941,Rita
942,Nicholas
945,Carlos
945,Leon
954,Francis
962,Andrea
962,Paula
963,Todd
971,Stephen
971,Freddie
972,Adam
975,Shelley
978,Jacob
981,Erik
984,Frances
986,Andrew
988,Joseph
988,Freddie
989,Charlie
990,Cody
994,James
994,Melba
994,Luis
998,Audrey
1002,Robert
1003,Jeff
1009,Alexander
1012,Brian
1013,Darrel
1014,Carolyn
1027,Thomas
1030,Daisy
1031,Robert
1031,William
1031,Wanda
1032,Clarence
1033,Juan
1034,Daniel
1036,Bethany
1038,Joseph
1039,William
1040,Todd
1043,Genaro
1046,Agnes
1048,Allison
1054,Florence
1055,Janie
1055,Tyler
1063,Henrietta
1064,Catherine
1076,Leonard
1078,Richard
1079,Peter
1080,Janie
1083,Nelson
1086,Kent
1088,Patricia
1089,Harry
1089,Larry
1091,Clara
1093,Edward
1094,Bruce
1101,Manuel
1110,Monica
1111,Martin
1112,William
1113,Joseph
1118,John
1121,Stanley
1123,Francis
1124,Lucy
1125,Melinda
1129,Elaine
1130,Andrew
1131,Lillian
1133,Bradford
1138,Nikita
1141,Yvonne
1143,Justin
1143,Ed
1145,Dianne
1145,Josie
1147,Roy
1153,Robert
1154,Teresa
1156,Maria
1158,Linda
1162,Sean
1162,Clarence
1168,William
1170,Raelene
1182,Michael
1188,Michael
1192,Rebecca
1195,Chester
1195,Hilda
1196,Henry
1204,Johnnie
1204,Christine
1211,Mike
1211,Ruben
1218,Casey
1223,Elizabeth
1224,Lora
1225,Jeffry
1228,Leo
1229,Alan
1231,Cheryl
1234,Carla
1235,Penny
1237,Molly
1241,Bruce
1241,Rosie
1244,Barbara
1245,Steve
1249,Jesus
1250,Dennis
1250,Darlene
1251,Porter
1251,Gerard
1257,Aleida
1258,Tasha
1263,Michelle
1271,Daisey
1273,Nancy
1274,Betty
1275,Steven
1277,Carl
1279,Sylvia
1280,Gina
1286,Elizabeth
1288,Denise
1288,David
1300,Dorian
1304,Jennifer
1309,Francisca
1313,Daniel
1315,Edward
1316,Felicia
1317,Michael
1320,Elaine
1327,Sara
1333,Charley
1337,Grace
1340,Julia
1341,Marion
1342,Matthew
1345,Joe
1347,Paul
1347,Kenneth
1348,Jonathon
1355,Larry
1359,William
1368,Constance
1370,Kelly
1371,James
1373,Mark
1379,Beverly
1386,Luis
1392,William
1394,Jennifer
1395,Dora
1397,Charles
1398,Helen
1402,Ida
1404,Carl
1405,Travis
1405,Alma
1406,Pamela
1414,Paul
1417,Herbert
1419,Stacy
1428,Kelly
1435,Sheila
1436,Barbara
1439,Sonia
1442,Ada
1443,Brian
1447,Alisa
1450,Louise
1450,Marcia
1454,Sammy
1460,Mason
1461,Corinne
1461,Guadalupe
1463,John
1464,William
1466,Robert
1467,Maryann
1470,Brendan
1470,Kent
1472,Manuel
1475,Nicole
1482,Thomas
1482,Theodore
1485,William
1485,Anthony
1486,Terri
1494,Curtis
1497,Eugene
1501,Nadine
1501,Violet
1501,Edmond
1504,James
1505,Clara
1505,Lula
1506,Gary
1508,Sharon
1510,Sheila
1515,Paul
1518,Kathryn
1521,Travis
1522,Ronald
1531,Shirley
1531,Ingrid
1532,Christian
1535,Myrtle
1536,Heidi
1537,Linda
1541,Jolene
1544,Wilma
1549,Barbara
1550,John
1556,Brenda
1559,Alice
1560,Kevin
1562,Jack
1563,Anthony
1566,Carolyn
1570,Patricia
1573,Ashley
1577,Dorothy
1585,Claude
1585,John
1588,Kevin
1595,Monica
1603,Rosalee
1605,Stephanie
1606,Jannet
1607,Edna
1611,Ruth
1614,Chrystal
1615,Andrew
1615,Sue
1618,Terry
1620,Erich
1621,Elizabeth
1624,Robert
1625,Nancy
1629,Joel
1632,Victor
1633,Jimmy
1634,Betty
1635,Laura
1643,Myrtle
1645,James
1645,Tommy
1652,Kathleen
1653,Catherine
1656,Maureen
1656,Abel
1656,Nicholas
1657,Ryan
1662,Staci
1663,Katherine
1664,Jesus
1664,Judith
1665,William
1667,Earlene
1670,Israel
1674,Ana
1675,Curtis
1675,Tonya
1677,Jeffrey
1679,Larry
1680,Hugh
1683,Robert
1688,Lois
1689,Kristen
1690,Dawn
1693,James
1693,Jonathan
1695,Terry
1696,Curtis
1697,Amanda
1699,Betty
1699,John
1700,Katherine
1704,Penelope
1715,Stephen
1717,Alvina
1717,Frank
1717,Sarah
1720,Steven
1725,Regan
1726,Nicholas
1729,Louisa
1731,Edward
1732,Denise
1734,Cynthia
1735,Jose
1739,Bradley
1741,Clarissa
1742,Deborah
1747,Marian
1751,Veronica
1751,Robert
1751,Jeffrey
1756,Wesley
1757,David
1759,Elizabeth
1759,Loren
1764,Mary
1764,Dustin
1765,Erma
1767,Harry
1767,Esther
1767,James
1768,Martin
1770,Lisa
1773,Helen
1775,Michael
1776,Gregory
1778,David
1778,Kelly
1780,Austin
1784,Kathryn
1786,Harley
1786,Leroy
1790,Margaret
1790,William
1792,Leeann
1793,Doyle
1795,Harold
1799,Louise
1800,Nancy
1801,Andrea
1806,Jeanne
1807,Carrie
1808,Luana
1809,Paul
1810,Nicole
1811,Ahmad
1812,Tom
1816,Eugene
1817,William
1817,Virginia
1819,Elizabeth
1822,Scott
1825,Shawn
1825,Glenn
1828,Marinda
1828,Fernando
1830,Robert
1830,Wayne
1832,Paul
1832,Dana
1834,Belle
1836,Denise
1837,Michael
1841,Marcus
1843,Maureen
1845,Antonio
1848,David
1850,Curtis
1852,Betty
1855,Christopher
1855,Dionne
1856,Marion
1857,Deborah
1857,Elnora
1858,Laurie
1861,Traci
1871,Tyrone
1875,Ralph
1875,Bradley
1878,Josephine
1879,Kristina
1879,Anna
1882,Rona
1883,Judy
1883,Eduardo
1884,Bertha
1886,Yvonne
1887,Will
1887,Eileen
1887,Carlos
1888,Marcus
1889,Leo
1891,Richard
1893,Sherry
1900,Manuel
1916,Sergio
1917,Luella
1917,Kenneth
1918,Valerie
1924,Donald
1928,Michael
1928,Janet
1938,Roscoe
1939,William
1942,William
1948,Janis
1952,Michael
1954,Floyd
1954,Jasmine
1955,Cheryl
1957,Ali
1957,Marie
1961,Robert
1962,Marvin
1965,Sara
1967,Raymond
1973,Cory
1973,Karla
1976,Robert
1976,Charles
1979,Sean
1980,Vinnie
1982,Deanna
1993,Dorothy
1994,Joanne
1995,Heidi
1996,Jennifer
1998,Debra
2001,Rosa
2005,James
2008,Jane
2008,Renee
2010,Bernard
2013,Ruth
2013,Gary
2015,Kirk
2017,Angela
2022,Susan
2023,Judith
2025,Zenaida
2029,Taylor
2046,Max
2046,Alisha
2047,Sonia
2052,Bruce
2055,Aaron
2061,Ronnie
2062,Helena
2063,Edward
2066,Christopher
2070,Maurice
2077,Lillian
2078,Juan
2082,Warren
2083,Michael
2090,William
2092,James
2095,James
2098,Florence
2099,Margaret
2109,John
2109,Mary
2110,Jack
2111,Clifford
2113,Minnie
2114,Lillian
2116,Eric
2117,George
2117,Alton
2124,Isabel
2125,Gerald
2126,Dorothy
2127,Virginia
2127,Kelly
2128,Jeanette
2129,Deborah
2132,Thelma
2133,Virginia
2133,Judith
2138,Coral
2139,Bradley
2140,Arnold
2144,Antonio
2145,Lewis
2147,Ava
2150,Dan
2151,Frank
2153,Steven
2153,Kathryn
2157,Dana
2162,Kenneth
2163,Clarence
2164,Claudia
2168,Willie
2169,Wanda
2173,Marlene
2174,Lindsey
2175,Susie
2175,Jeffrey
2181,Joshua
2182,Calvin
2182,David
2189,Brenda
2191,Jeffrey
2201,Nancy
2203,Thomas
2207,Sandra
2208,Barbara
2214,Graham
2216,Jennifer
2219,William
2228,Philip
2229,Monica
2232,Anthony
2234,Emily
2235,April
2237,Maple
2238,Joseph
2239,Joyce
2240,Freddie
2244,Charles
2245,Michael
2253,Stephen
2254,Mallory
2262,Ada
2264,Terri
2264,Michael
2267,Ronald
2268,Joseph
2268,Cheryl
2269,Dorothy
2274,Josephine
2276,Robert
2276,Michael
2279,Penny
2281,Addie
2286,Donald
2287,Christen
2289,Lisa
2291,Julia
2293,Jennifer
2293,Andrea
2294,Tiffanie
2298,Bruce
2300,Alejandra
2302,John
2304,John
2306,Carlos
2307,Roy
2309,Jessica
2313,Gina
2330,Willie
2330,Joe
2333,Willie
2333,Jennifer
2337,Deirdre
2337,Alicia
2338,Paul
2341,Morris
2343,Juan
2350,Andrew
2353,Ruth
2355,Travis
2363,Linda
2365,Tanner
2368,Wallace
2372,Kathy
2375,Bruce
2376,Robin
2380,Lucy
2382,Mark
2389,Bernard
2395,Steven
2397,Joseph
2397,James
2397,Steven
2400,Cuc
2401,Marlene
2401,Isabel
2402,Frank
2407,Audrey
2407,Ashley
2409,Anthony
2412,Avis
2413,Michael
2423,Kevin
2427,Mary
2427,Devin
2428,Roger
2430,Muriel
2436,Barbara
2438,Peter
2439,Rosalinda
2442,Corey
2443,Jean
2444,Timothy
2450,Donna
2450,Kevin
2451,Edna
2452,Mendy
2452,Terry
2454,Latoya
2455,Robert
2455,Raymond
2456,Joseph
2458,Ann
2459,Roger
2460,Megan
2462,Thomas
2465,Kristy
2467,Marie
2468,Norbert
2475,Kathryn
2475,Brenda
2478,Whitney
2478,Roy
2481,Robert
2482,William
2482,Lila
2483,Frank
2484,Leonard
2486,Gregory
2487,Laura
2488,Erin
2491,Natalie
2493,Kyle
2495,Dianne
2499,Richard
2504,James
2506,David
2510,Bryan
2511,Beverly
2514,Oliver
2517,David
2517,William
2520,Carl
2525,Gregory
2528,David
2528,Alan
2531,Antoine
2533,Iris
2536,Colleen
2540,Sherri
2546,Stanley
2550,Florence
2552,Emely
2553,Aleen
2553,Orlando
2555,Tracy
2555,Laura
2556,Suzanne
2558,Paula
2561,Charles
2561,Virginia
2561,Wendy
2561,Sheila
2564,Denise
2566,Adrienne
2567,Eugenio
2569,Edward
2569,Henry
2571,James
2572,George
2572,Erica
2574,David
2576,Hollis
2579,Willie
2580,Elsie
2581,Chantay
2581,Greg
2588,Lucille
2589,Jason
2590,Tina
2590,Elliott
2592,Monique
2594,David
2597,Jan
2603,Wesley
2605,Carolyn
2605,Roger
2606,Christopher
2611,Michael
2611,Pauline
2612,Clarine
2617,John
2617,Kris
2618,Patricia
2620,Allen
2628,Dominic
2629,Bobbie
2629,Marylou
2637,Helen
2639,Paige
2640,Charles
2641,Larry
2642,Shenita
2643,Alicia
2646,Jonathan
2646,Homer
2647,Emma
2647,Linda
2648,Steven
2652,Charles
2654,Nellie
2658,Norma
2663,John
2670,Jean
2678,Danielle
2679,Jean
2680,Daniel
2681,Michael
2685,Gregory
2685,Garnet
2689,Preston
2690,Tommye
2691,Linda
2692,Erica
2694,Eunice
2695,Kenneth
2696,Mike
2699,Donald
2704,Gary
2705,Dennis
2707,Allen
2709,Wendy
2716,Frank
2717,Bessie
2719,Quintin
2722,Samuel
2722,Helen
2723,Joanne
2725,Ernestine
2727,Patrick
2728,Melonie
2729,Monty
2731,Lillian
2735,Linda
2738,Wesley
2741,Susan
2745,Richard
2746,Tracy
2748,Betty
2749,Pearlie
2750,Anthony
2753,Jeffrey
2757,Anne
2759,Angela
2762,Michael
2763,Joel
2763,Jody
2768,Samatha
2770,John
2772,Karen
2776,Allison
2778,Robin
2778,Andrew
2779,Darrell
2780,Myrtle
2780,Jeff
2784,Britney
2785,Jesse
2790,Katherine
2793,Charles
2796,Robert
2798,Cheryle
2802,Donald
2803,Thomas
2805,Tonya
2812,Gerald
2813,Consuelo
2821,James
2822,James
2824,Alice
2824,Isabella
2826,Darrin
2827,Herbert
2830,Martha
2831,Julia
2833,David
2833,Sharon
2835,Charles
2835,Georgia
2839,Scott
2842,Peter
2846,Roberto
2847,Christine
2847,Rose
2851,Joseph
2855,Aretha
2856,Nikki
2857,Julie
2858,Sean
2860,Frank
2862,Della
2862,Stacey
2863,William
2864,Heidi
2871,Janet
2879,Andrea
2880,John
2882,Joshua
2883,Nancy
2886,Tracy
2886,John
2891,Teresa
2891,Kevin
2896,Oliver
2898,Alton
2898,Patricia
2900,Richard
2904,Mari
2905,Michael
2912,Jeremy
2913,Dale
2918,Milton
2919,Jean
2922,Martha
2924,Irene
2925,Mary
2926,Joe
2930,Marion
2933,John
2934,John
2934,Claudia
2937,Victor
2938,Rebecca
2940,Kevin
2944,Bruce
2952,Ryan
2952,Michael
2961,Henry
2963,Helen
2964,Roberta
2966,Donna
2968,Dominique
2970,Charles
2971,John
2971,Mary
2973,Jamie
2975,Rose
2977,Melissa
2982,Leo
2983,Jose
2991,Thomas
2992,Julie
2998,Diane
2998,Aide
2999,Julia
