ID,nodeID
4011,R4
4016,R4
4018,R4
4030,R4
4035,R4
4036,R4
4039,R4
4050,R4
4056,R4
4057,R4
4062,R4
4064,R4
4065,R4
4082,R4
4112,R4
4113,R4
4134,R4
4150,R4
4163,R4
4184,R4
4188,R4
4189,R4
4193,R4
4207,R4
4226,R4
4276,R4
4298,R4
4302,R4
4320,R4
4333,R4
4341,R4
4368,R4
4374,R4
4381,R4
4401,R4
4403,R4
4416,R4
4417,R4
4421,R4
4423,R4
4436,R4
4443,R4
4445,R4
4448,R4
4450,R4
4465,R4
4467,R4
4475,R4
4482,R4
4511,R4
4514,R4
4516,R4
4519,R4
4522,R4
4523,R4
4535,R4
4552,R4
4557,R4
4563,R4
4576,R4
4592,R4
4601,R4
4604,R4
4606,R4
4615,R4
4621,R4
4622,R4
4623,R4
4624,R4
4628,R4
4630,R4
4631,R4
4658,R4
4661,R4
4685,R4
4693,R4
4697,R4
4700,R4
4711,R4
4715,R4
4720,R4
4762,R4
4778,R4
4781,R4
4783,R4
4790,R4
4804,R4
4826,R4
4832,R4
4842,R4
4850,R4
4859,R4
4861,R4
4865,R4
4876,R4
4879,R4
4882,R4
4885,R4
4898,R4
4914,R4
4932,R4
4941,R4
4965,R4
4966,R4
4968,R4
4969,R4
4977,R4
4984,R4
4994,R4
4002,S4
4037,S4
4067,S4
4091,S4
4095,S4
4111,S4
4123,S4
4130,S4
4150,S4
4185,S4
4186,S4
4191,S4
4228,S4
4231,S4
4232,S4
4260,S4
4281,S4
4297,S4
4303,S4
4308,S4
4318,S4
4364,S4
4373,S4
4374,S4
4375,S4
4381,S4
4384,S4
4385,S4
4396,S4
4411,S4
4427,S4
4430,S4
4434,S4
4442,S4
4448,S4
4470,S4
4485,S4
4487,S4
4497,S4
4511,S4
4522,S4
4563,S4
4568,S4
4577,S4
4592,S4
4600,S4
4614,S4
4619,S4
4626,S4
4646,S4
4660,S4
4662,S4
4679,S4
4683,S4
4688,S4
4701,S4
4709,S4
4715,S4
4724,S4
4742,S4
4743,S4
4746,S4
4758,S4
4774,S4
4776,S4
4783,S4
4786,S4
4793,S4
4803,S4
4814,S4
4825,S4
4838,S4
4839,S4
4860,S4
4861,S4
4878,S4
4910,S4
4913,S4
4924,S4
4925,S4
4932,S4
4948,S4
4961,S4
4006,R0
4027,R0
4032,R0
4041,R0
4047,R0
4049,R0
4070,R0
4089,R0
4090,R0
4096,R0
4129,R0
4131,R0
4137,R0
4145,R0
4146,R0
4165,R0
4186,R0
4190,R0
4234,R0
4236,R0
4238,R0
4240,R0
4245,R0
4246,R0
4263,R0
4281,R0
4315,R0
4317,R0
4325,R0
4331,R0
4338,R0
4339,R0
4348,R0
4353,R0
4357,R0
4375,R0
4378,R0
4402,R0
4409,R0
4410,R0
4433,R0
4440,R0
4447,R0
4449,R0
4451,R0
4459,R0
4466,R0
4468,R0
4472,R0
4478,R0
4492,R0
4493,R0
4498,R0
4512,R0
4525,R0
4541,R0
4544,R0
4546,R0
4564,R0
4577,R0
4588,R0
4611,R0
4626,R0
4640,R0
4645,R0
4654,R0
4660,R0
4668,R0
4673,R0
4689,R0
4692,R0
4706,R0
4709,R0
4716,R0
4735,R0
4736,R0
4748,R0
4766,R0
4775,R0
4791,R0
4822,R0
4857,R0
4860,R0
4877,R0
4883,R0
4889,R0
4906,R0
4929,R0
4931,R0
4934,R0
4935,R0
4949,R0
4954,R0
4976,R0
4988,R0
4992,R0
4998,R0
4029,S0
4038,S0
4041,S0
4042,S0
4050,S0
4052,S0
4053,S0
4055,S0
4059,S0
4065,S0
4069,S0
4071,S0
4083,S0
4093,S0
4112,S0
4121,S0
4125,S0
4129,S0
4145,S0
4151,S0
4155,S0
4156,S0
4184,S0
4193,S0
4200,S0
4208,S0
4235,S0
4238,S0
4245,S0
4264,S0
4300,S0
4301,S0
4307,S0
4326,S0
4335,S0
4338,S0
4339,S0
4340,S0
4390,S0
4394,S0
4414,S0
4436,S0
4445,S0
4452,S0
4460,S0
4477,S0
4478,S0
4482,S0
4498,S0
4550,S0
4551,S0
4555,S0
4581,S0
4585,S0
4586,S0
4604,S0
4610,S0
4616,S0
4636,S0
4640,S0
4647,S0
4655,S0
4675,S0
4678,S0
4680,S0
4693,S0
4694,S0
4698,S0
4705,S0
4710,S0
4729,S0
4731,S0
4733,S0
4734,S0
4738,S0
4741,S0
4744,S0
4815,S0
4821,S0
4827,S0
4834,S0
4862,S0
4909,S0
4918,S0
4937,S0
4942,S0
4949,S0
4964,S0
4966,S0
4003,R1
4021,R1
4025,R1
4042,R1
4044,R1
4052,R1
4071,R1
4083,R1
4088,R1
4104,R1
4118,R1
4123,R1
4124,R1
4130,R1
4132,R1
4147,R1
4152,R1
4167,R1
4170,R1
4171,R1
4174,R1
4175,R1
4178,R1
4185,R1
4195,R1
4228,R1
4244,R1
4251,R1
4253,R1
4258,R1
4260,R1
4268,R1
4272,R1
4275,R1
4284,R1
4285,R1
4294,R1
4318,R1
4337,R1
4343,R1
4347,R1
4349,R1
4360,R1
4386,R1
4391,R1
4394,R1
4398,R1
4407,R1
4429,R1
4431,R1
4437,R1
4446,R1
4453,R1
4460,R1
4462,R1
4474,R1
4481,R1
4491,R1
4503,R1
4531,R1
4542,R1
4553,R1
4560,R1
4565,R1
4566,R1
4569,R1
4581,R1
4594,R1
4608,R1
4619,R1
4638,R1
4646,R1
4649,R1
4650,R1
4655,R1
4656,R1
4662,R1
4665,R1
4675,R1
4680,R1
4682,R1
4683,R1
4688,R1
4698,R1
4708,R1
4752,R1
4753,R1
4754,R1
4757,R1
4811,R1
4816,R1
4818,R1
4820,R1
4833,R1
4847,R1
4852,R1
4923,R1
4925,R1
4927,R1
4936,R1
4947,R1
4953,R1
4955,R1
4962,R1
4974,R1
4990,R1
4003,S1
4012,S1
4023,S1
4024,S1
4027,S1
4036,S1
4043,S1
4064,S1
4072,S1
4074,S1
4077,S1
4098,S1
4102,S1
4116,S1
4119,S1
4136,S1
4140,S1
4162,S1
4163,S1
4166,S1
4169,S1
4175,S1
4202,S1
4237,S1
4250,S1
4251,S1
4254,S1
4263,S1
4267,S1
4289,S1
4291,S1
4302,S1
4313,S1
4316,S1
4319,S1
4321,S1
4324,S1
4328,S1
4337,S1
4342,S1
4350,S1
4368,S1
4369,S1
4392,S1
4398,S1
4399,S1
4403,S1
4409,S1
4413,S1
4419,S1
4424,S1
4438,S1
4444,S1
4449,S1
4456,S1
4476,S1
4480,S1
4483,S1
4508,S1
4509,S1
4517,S1
4540,S1
4562,S1
4564,S1
4587,S1
4591,S1
4605,S1
4629,S1
4669,S1
4690,S1
4708,S1
4723,S1
4747,S1
4752,S1
4763,S1
4764,S1
4778,S1
4790,S1
4801,S1
4822,S1
4830,S1
4833,S1
4854,S1
4858,S1
4875,S1
4885,S1
4896,S1
4899,S1
4900,S1
4920,S1
4926,S1
4930,S1
4931,S1
4947,S1
4954,S1
4972,S1
4980,S1
4981,S1
4983,S1
4997,S1
4999,S1
4008,R2
4026,R2
4066,R2
4069,R2
4077,R2
4079,R2
4098,R2
4125,R2
4139,R2
4154,R2
4158,R2
4204,R2
4209,R2
4213,R2
4218,R2
4220,R2
4237,R2
4241,R2
4243,R2
4255,R2
4264,R2
4265,R2
4270,R2
4286,R2
4293,R2
4295,R2
4300,R2
4308,R2
4309,R2
4345,R2
4363,R2
4373,R2
4414,R2
4415,R2
4441,R2
4471,R2
4476,R2
4480,R2
4484,R2
4515,R2
4518,R2
4521,R2
4526,R2
4527,R2
4537,R2
4540,R2
4550,R2
4558,R2
4561,R2
4562,R2
4575,R2
4578,R2
4587,R2
4590,R2
4599,R2
4617,R2
4618,R2
4639,R2
4667,R2
4679,R2
4690,R2
4703,R2
4704,R2
4722,R2
4730,R2
4746,R2
4749,R2
4755,R2
4761,R2
4765,R2
4774,R2
4788,R2
4794,R2
4801,R2
4807,R2
4810,R2
4813,R2
4814,R2
4815,R2
4823,R2
4843,R2
4853,R2
4854,R2
4855,R2
4871,R2
4878,R2
4887,R2
4893,R2
4897,R2
4903,R2
4915,R2
4917,R2
4922,R2
4944,R2
4951,R2
4960,R2
4963,R2
4973,R2
4991,R2
4004,S2
4013,S2
4022,S2
4039,S2
4044,S2
4063,S2
4087,S2
4131,S2
4135,S2
4141,S2
4165,S2
4176,S2
4180,S2
4187,S2
4189,S2
4190,S2
4192,S2
4205,S2
4210,S2
4215,S2
4221,S2
4223,S2
4225,S2
4239,S2
4249,S2
4276,S2
4278,S2
4299,S2
4320,S2
4341,S2
4344,S2
4349,S2
4353,S2
4356,S2
4366,S2
4408,S2
4454,S2
4455,S2
4458,S2
4463,S2
4489,S2
4495,S2
4496,S2
4502,S2
4507,S2
4516,S2
4529,S2
4531,S2
4532,S2
4539,S2
4545,S2
4547,S2
4553,S2
4561,S2
4569,S2
4582,S2
4622,S2
4624,S2
4631,S2
4637,S2
4639,S2
4653,S2
4656,S2
4666,S2
4699,S2
4711,S2
4712,S2
4735,S2
4753,S2
4754,S2
4756,S2
4759,S2
4767,S2
4768,S2
4769,S2
4794,S2
4798,S2
4805,S2
4810,S2
4813,S2
4818,S2
4823,S2
4826,S2
4844,S2
4851,S2
4856,S2
4891,S2
4901,S2
4935,S2
4939,S2
4943,S2
4944,S2
4950,S2
4965,S2
4970,S2
4976,S2
4978,S2
4979,S2
4992,S2
4993,S2
4995,S2
4004,R3
4019,R3
4028,R3
4053,R3
4080,R3
4087,R3
4094,R3
4101,R3
4109,R3
4116,R3
4121,R3
4144,R3
4155,R3
4157,R3
4159,R3
4160,R3
4161,R3
4162,R3
4164,R3
4166,R3
4180,R3
4187,R3
4206,R3
4217,R3
4222,R3
4233,R3
4235,R3
4259,R3
4303,R3
4304,R3
4311,R3
4314,R3
4323,R3
4326,R3
4355,R3
4362,R3
4371,R3
4387,R3
4406,R3
4418,R3
4422,R3
4427,R3
4494,R3
4496,R3
4502,R3
4504,R3
4538,R3
4549,R3
4573,R3
4574,R3
4584,R3
4607,R3
4609,R3
4610,R3
4612,R3
4614,R3
4625,R3
4632,R3
4641,R3
4663,R3
4664,R3
4666,R3
4678,R3
4681,R3
4695,R3
4714,R3
4719,R3
4723,R3
4725,R3
4776,R3
4779,R3
4782,R3
4793,R3
4830,R3
4831,R3
4836,R3
4840,R3
4841,R3
4845,R3
4862,R3
4863,R3
4870,R3
4872,R3
4880,R3
4881,R3
4886,R3
4895,R3
4938,R3
4956,R3
4958,R3
4971,R3
4005,S3
4010,S3
4015,S3
4016,S3
4017,S3
4025,S3
4026,S3
4028,S3
4051,S3
4056,S3
4092,S3
4100,S3
4105,S3
4114,S3
4118,S3
4127,S3
4134,S3
4241,S3
4271,S3
4272,S3
4279,S3
4282,S3
4286,S3
4287,S3
4288,S3
4298,S3
4305,S3
4312,S3
4314,S3
4323,S3
4332,S3
4336,S3
4357,S3
4359,S3
4367,S3
4379,S3
4388,S3
4400,S3
4404,S3
4412,S3
4416,S3
4417,S3
4423,S3
4469,S3
4492,S3
4494,S3
4499,S3
4513,S3
4525,S3
4537,S3
4543,S3
4549,S3
4559,S3
4567,S3
4570,S3
4603,S3
4613,S3
4627,S3
4633,S3
4643,S3
4648,S3
4661,S3
4695,S3
4703,S3
4706,S3
4707,S3
4718,S3
4720,S3
4762,S3
4771,S3
4777,S3
4779,S3
4789,S3
4797,S3
4799,S3
4806,S3
4819,S3
4824,S3
4829,S3
4832,S3
4837,S3
4849,S3
4855,S3
4857,S3
4863,S3
4864,S3
4877,S3
4881,S3
4884,S3
4888,S3
4894,S3
4895,S3
4902,S3
4922,S3
4927,S3
4928,S3
4929,S3
4936,S3
4968,S3
4971,S3
4985,S3
4002,R5
4010,R5
4014,R5
4017,R5
4034,R5
4037,R5
4038,R5
4043,R5
4086,R5
4093,R5
4095,R5
4097,R5
4102,R5
4103,R5
4106,R5
4107,R5
4111,R5
4115,R5
4128,R5
4143,R5
4149,R5
4173,R5
4181,R5
4192,R5
4199,R5
4200,R5
4205,R5
4223,R5
4224,R5
4252,R5
4266,R5
4273,R5
4279,R5
4283,R5
4289,R5
4321,R5
4330,R5
4336,R5
4340,R5
4351,R5
4352,R5
4369,R5
4376,R5
4390,R5
4395,R5
4399,R5
4430,R5
4470,R5
4473,R5
4483,R5
4500,R5
4505,R5
4507,R5
4520,R5
4551,R5
4554,R5
4580,R5
4595,R5
4602,R5
4635,R5
4647,R5
4657,R5
4659,R5
4670,R5
4684,R5
4701,R5
4713,R5
4724,R5
4727,R5
4739,R5
4741,R5
4768,R5
4770,R5
4773,R5
4797,R5
4799,R5
4817,R5
4821,R5
4828,R5
4829,R5
4848,R5
4856,R5
4866,R5
4868,R5
4896,R5
4902,R5
4908,R5
4916,R5
4937,R5
4940,R5
4948,R5
4972,R5
4995,R5
4001,S5
4009,S5
4030,S5
4032,S5
4033,S5
4035,S5
4046,S5
4062,S5
4086,S5
4088,S5
4089,S5
4108,S5
4109,S5
4117,S5
4146,S5
4149,S5
4159,S5
4164,S5
4171,S5
4172,S5
4179,S5
4181,S5
4196,S5
4201,S5
4211,S5
4212,S5
4217,S5
4218,S5
4226,S5
4234,S5
4244,S5
4246,S5
4253,S5
4257,S5
4262,S5
4265,S5
4284,S5
4294,S5
4296,S5
4309,S5
4325,S5
4327,S5
4354,S5
4358,S5
4360,S5
4362,S5
4363,S5
4380,S5
4387,S5
4391,S5
4393,S5
4395,S5
4397,S5
4428,S5
4443,S5
4450,S5
4464,S5
4467,S5
4474,S5
4484,S5
4491,S5
4493,S5
4515,S5
4521,S5
4533,S5
4541,S5
4544,S5
4552,S5
4558,S5
4560,S5
4566,S5
4579,S5
4580,S5
4584,S5
4598,S5
4609,S5
4611,S5
4612,S5
4617,S5
4623,S5
4630,S5
4638,S5
4641,S5
4642,S5
4651,S5
4674,S5
4682,S5
4697,S5
4713,S5
4722,S5
4727,S5
4737,S5
4770,S5
4784,S5
4787,S5
4800,S5
4807,S5
4809,S5
4828,S5
4836,S5
4843,S5
4846,S5
4852,S5
4853,S5
4866,S5
4874,S5
4882,S5
4898,S5
4907,S5
4908,S5
4921,S5
4955,S5
4963,S5
4969,S5
4989,S5
4991,S5
4012,R6
4013,R6
4024,R6
4029,R6
4048,R6
4060,R6
4072,R6
4073,R6
4075,R6
4076,R6
4078,R6
4084,R6
4099,R6
4100,R6
4110,R6
4126,R6
4127,R6
4151,R6
4172,R6
4177,R6
4183,R6
4198,R6
4203,R6
4208,R6
4211,R6
4216,R6
4221,R6
4227,R6
4231,R6
4232,R6
4239,R6
4247,R6
4249,R6
4256,R6
4261,R6
4267,R6
4274,R6
4287,R6
4310,R6
4328,R6
4334,R6
4335,R6
4342,R6
4344,R6
4354,R6
4358,R6
4359,R6
4372,R6
4385,R6
4404,R6
4413,R6
4420,R6
4425,R6
4428,R6
4432,R6
4439,R6
4444,R6
4461,R6
4486,R6
4488,R6
4529,R6
4534,R6
4536,R6
4539,R6
4555,R6
4568,R6
4591,R6
4596,R6
4598,R6
4603,R6
4637,R6
4642,R6
4643,R6
4652,R6
4671,R6
4674,R6
4676,R6
4691,R6
4694,R6
4733,R6
4734,R6
4738,R6
4740,R6
4742,R6
4745,R6
4777,R6
4795,R6
4824,R6
4825,R6
4834,R6
4835,R6
4837,R6
4864,R6
4869,R6
4874,R6
4891,R6
4900,R6
4904,R6
4910,R6
4911,R6
4928,R6
4930,R6
4945,R6
4950,R6
4957,R6
4959,R6
4964,R6
4975,R6
4982,R6
4986,R6
4996,R6
4000,S6
4014,S6
4031,S6
4040,S6
4057,S6
4068,S6
4070,S6
4081,S6
4084,S6
4085,S6
4094,S6
4096,S6
4097,S6
4103,S6
4106,S6
4110,S6
4126,S6
4137,S6
4142,S6
4143,S6
4152,S6
4153,S6
4161,S6
4170,S6
4177,S6
4188,S6
4203,S6
4207,S6
4222,S6
4229,S6
4233,S6
4242,S6
4273,S6
4283,S6
4293,S6
4295,S6
4311,S6
4317,S6
4330,S6
4331,S6
4346,S6
4348,S6
4376,S6
4406,S6
4420,S6
4431,S6
4432,S6
4447,S6
4468,S6
4501,S6
4503,S6
4518,S6
4519,S6
4528,S6
4530,S6
4534,S6
4572,S6
4595,S6
4606,S6
4620,S6
4621,S6
4649,S6
4657,S6
4667,S6
4668,S6
4671,S6
4684,S6
4686,S6
4687,S6
4692,S6
4700,S6
4717,S6
4721,S6
4736,S6
4739,S6
4765,S6
4780,S6
4782,S6
4788,S6
4804,S6
4811,S6
4816,S6
4840,S6
4848,S6
4871,S6
4876,S6
4887,S6
4892,S6
4911,S6
4912,S6
4916,S6
4923,S6
4941,S6
4945,S6
4951,S6
4956,S6
4958,S6
4960,S6
4962,S6
4973,S6
4987,S6
4001,R7
4009,R7
4015,R7
4020,R7
4022,R7
4031,R7
4046,R7
4054,R7
4055,R7
4061,R7
4074,R7
4081,R7
4091,R7
4117,R7
4119,R7
4122,R7
4136,R7
4140,R7
4142,R7
4156,R7
4168,R7
4169,R7
4179,R7
4194,R7
4196,R7
4201,R7
4210,R7
4219,R7
4229,R7
4242,R7
4269,R7
4271,R7
4277,R7
4278,R7
4296,R7
4297,R7
4305,R7
4319,R7
4327,R7
4350,R7
4356,R7
4364,R7
4365,R7
4366,R7
4384,R7
4396,R7
4412,R7
4438,R7
4454,R7
4455,R7
4456,R7
4458,R7
4463,R7
4464,R7
4469,R7
4506,R7
4509,R7
4510,R7
4524,R7
4533,R7
4543,R7
4548,R7
4559,R7
4571,R7
4572,R7
4583,R7
4585,R7
4586,R7
4627,R7
4644,R7
4672,R7
4702,R7
4705,R7
4717,R7
4721,R7
4737,R7
4751,R7
4756,R7
4760,R7
4769,R7
4771,R7
4772,R7
4780,R7
4786,R7
4787,R7
4789,R7
4792,R7
4805,R7
4819,R7
4838,R7
4839,R7
4846,R7
4873,R7
4884,R7
4888,R7
4890,R7
4892,R7
4905,R7
4907,R7
4920,R7
4926,R7
4933,R7
4939,R7
4942,R7
4961,R7
4970,R7
4985,R7
4987,R7
4989,R7
4993,R7
4997,R7
4006,S7
4020,S7
4034,S7
4054,S7
4060,S7
4061,S7
4066,S7
4073,S7
4075,S7
4082,S7
4128,S7
4132,S7
4133,S7
4139,S7
4148,S7
4157,S7
4182,S7
4216,S7
4220,S7
4236,S7
4240,S7
4252,S7
4256,S7
4258,S7
4259,S7
4269,S7
4270,S7
4275,S7
4277,S7
4280,S7
4285,S7
4290,S7
4315,S7
4329,S7
4334,S7
4352,S7
4370,S7
4371,S7
4378,S7
4401,S7
4410,S7
4415,S7
4422,S7
4429,S7
4433,S7
4453,S7
4457,S7
4462,S7
4465,S7
4500,S7
4504,S7
4524,S7
4527,S7
4536,S7
4538,S7
4542,S7
4556,S7
4557,S7
4588,S7
4594,S7
4596,S7
4618,S7
4635,S7
4650,S7
4652,S7
4654,S7
4663,S7
4689,S7
4702,S7
4704,S7
4716,S7
4725,S7
4732,S7
4745,S7
4748,S7
4750,S7
4802,S7
4831,S7
4835,S7
4845,S7
4850,S7
4868,S7
4870,S7
4872,S7
4879,S7
4886,S7
4889,S7
4890,S7
4897,S7
4904,S7
4938,S7
4952,S7
4953,S7
4959,S7
4982,S7
4984,S7
4990,S7
4007,R8
4023,R8
4033,R8
4040,R8
4085,R8
4092,R8
4108,R8
4120,R8
4135,R8
4138,R8
4148,R8
4182,R8
4191,R8
4197,R8
4202,R8
4212,R8
4215,R8
4225,R8
4248,R8
4254,R8
4280,R8
4282,R8
4290,R8
4291,R8
4292,R8
4299,R8
4312,R8
4313,R8
4322,R8
4329,R8
4346,R8
4361,R8
4367,R8
4383,R8
4397,R8
4405,R8
4408,R8
4411,R8
4419,R8
4426,R8
4434,R8
4435,R8
4442,R8
4489,R8
4495,R8
4497,R8
4508,R8
4513,R8
4528,R8
4532,R8
4556,R8
4570,R8
4579,R8
4589,R8
4593,R8
4600,R8
4605,R8
4620,R8
4629,R8
4634,R8
4636,R8
4651,R8
4653,R8
4669,R8
4677,R8
4686,R8
4687,R8
4712,R8
4718,R8
4726,R8
4728,R8
4729,R8
4731,R8
4744,R8
4747,R8
4750,R8
4758,R8
4767,R8
4784,R8
4785,R8
4796,R8
4798,R8
4800,R8
4802,R8
4803,R8
4812,R8
4844,R8
4858,R8
4912,R8
4918,R8
4919,R8
4921,R8
4924,R8
4943,R8
4946,R8
4952,R8
4979,R8
4983,R8
4999,R8
4008,S8
4021,S8
4045,S8
4047,S8
4048,S8
4058,S8
4076,S8
4079,S8
4080,S8
4099,S8
4107,S8
4122,S8
4124,S8
4138,S8
4154,S8
4160,S8
4173,S8
4195,S8
4197,S8
4198,S8
4199,S8
4214,S8
4219,S8
4224,S8
4227,S8
4230,S8
4247,S8
4248,S8
4266,S8
4268,S8
4304,S8
4310,S8
4343,S8
4355,S8
4361,S8
4365,S8
4372,S8
4377,S8
4382,S8
4405,S8
4418,S8
4421,S8
4426,S8
4435,S8
4441,S8
4446,S8
4459,S8
4461,S8
4466,S8
4471,S8
4472,S8
4481,S8
4486,S8
4488,S8
4512,S8
4520,S8
4523,S8
4526,S8
4554,S8
4571,S8
4574,S8
4576,S8
4583,S8
4599,S8
4601,S8
4602,S8
4607,S8
4615,S8
4625,S8
4634,S8
4659,S8
4665,S8
4670,S8
4673,S8
4685,S8
4691,S8
4696,S8
4726,S8
4751,S8
4755,S8
4757,S8
4766,S8
4772,S8
4795,S8
4817,S8
4820,S8
4841,S8
4847,S8
4859,S8
4869,S8
4873,S8
4919,S8
4933,S8
4934,S8
4946,S8
4957,S8
4974,S8
4988,S8
4994,S8
4996,S8
4998,S8
4000,R9
4005,R9
4045,R9
4051,R9
4058,R9
4059,R9
4063,R9
4067,R9
4068,R9
4105,R9
4114,R9
4133,R9
4141,R9
4153,R9
4176,R9
4214,R9
4230,R9
4250,R9
4257,R9
4262,R9
4288,R9
4301,R9
4306,R9
4307,R9
4316,R9
4324,R9
4332,R9
4370,R9
4377,R9
4379,R9
4380,R9
4382,R9
4388,R9
4389,R9
4392,R9
4393,R9
4400,R9
4424,R9
4452,R9
4457,R9
4477,R9
4479,R9
4485,R9
4487,R9
4490,R9
4499,R9
4501,R9
4517,R9
4530,R9
4545,R9
4547,R9
4567,R9
4582,R9
4597,R9
4613,R9
4616,R9
4633,R9
4648,R9
4696,R9
4699,R9
4707,R9
4710,R9
4732,R9
4743,R9
4759,R9
4763,R9
4764,R9
4806,R9
4808,R9
4809,R9
4827,R9
4849,R9
4851,R9
4867,R9
4875,R9
4894,R9
4899,R9
4901,R9
4909,R9
4913,R9
4967,R9
4978,R9
4980,R9
4981,R9
4007,S9
4011,S9
4018,S9
4019,S9
4049,S9
4078,S9
4090,S9
4101,S9
4104,S9
4113,S9
4115,S9
4120,S9
4144,S9
4147,S9
4158,S9
4167,S9
4168,S9
4174,S9
4178,S9
4183,S9
4194,S9
4204,S9
4206,S9
4209,S9
4213,S9
4243,S9
4255,S9
4261,S9
4274,S9
4292,S9
4306,S9
4322,S9
4333,S9
4345,S9
4347,S9
4351,S9
4383,S9
4386,S9
4389,S9
4402,S9
4407,S9
4425,S9
4437,S9
4439,S9
4440,S9
4451,S9
4473,S9
4475,S9
4479,S9
4490,S9
4505,S9
4506,S9
4510,S9
4514,S9
4535,S9
4546,S9
4548,S9
4565,S9
4573,S9
4575,S9
4578,S9
4589,S9
4590,S9
4593,S9
4597,S9
4608,S9
4628,S9
4632,S9
4644,S9
4645,S9
4658,S9
4664,S9
4672,S9
4676,S9
4677,S9
4681,S9
4714,S9
4719,S9
4728,S9
4730,S9
4740,S9
4749,S9
4760,S9
4761,S9
4773,S9
4775,S9
4781,S9
4785,S9
4791,S9
4792,S9
4796,S9
4808,S9
4812,S9
4842,S9
4865,S9
4867,S9
4880,S9
4883,S9
4893,S9
4903,S9
4905,S9
4906,S9
4914,S9
4915,S9
4917,S9
4940,S9
4967,S9
4975,S9
4977,S9
4986,S9
