ID,payload,sendTo
6,Pamela,S0
6,Pamela,S1
6,Pamela,S5
8,Eric,S3
8,Eric,S4
8,Eric,S5
11,Carmelia,S0
11,Carmelia,S2
11,Carmelia,S3
11,Carmelia,S4
13,Lester,S4
13,Lester,S5
17,David,S0
17,David,S1
17,David,S4
19,Jack,S0
19,Jack,S1
19,Jack,S4
19,Jack,S5
21,"Sean,Donald",S0
21,"Sean,Donald",S3
21,"Sean,Donald",S5
22,Alma,S0
22,Alma,S3
27,Norma,S0
27,Norma,S1
27,Norma,S2
33,Ardis,S2
33,Ardis,S3
33,Ardis,S4
34,Virginia,S0
39,Gavin,S4
40,"Richard,Jackeline",S0
40,"Richard,Jackeline",S2
40,"Richard,Jackeline",S3
40,"Richard,Jackeline",S5
50,Bradley,S0
50,Bradley,S2
50,Bradley,S3
50,Bradley,S4
58,Gordon,S0
58,Gordon,S1
58,Gordon,S2
58,Gordon,S5
61,Harry,S0
61,Harry,S4
65,Terry,S0
65,Terry,S3
65,Terry,S5
66,Denise,S1
66,Denise,S3
66,Denise,S5
68,Maryann,S0
68,Maryann,S1
69,Anita,S1
69,Anita,S5
73,Leroy,S2
76,Leon,S0
76,Leon,S4
80,"Gertrude,Gloria",S0
80,"Gertrude,Gloria",S1
80,"Gertrude,Gloria",S2
81,Joseph,S4
83,Pablo,S0
83,Pablo,S2
88,Gina,S2
88,Gina,S4
88,Gina,S5
90,Judy,S0
90,Judy,S2
90,Judy,S4
92,Randy,S1
92,Randy,S4
93,Marie,S1
93,Marie,S3
94,Caroline,S1
94,Caroline,S3
94,Caroline,S5
96,Alicia,S2
96,Alicia,S3
96,Alicia,S5
97,Michael,S1
97,Michael,S4
97,Michael,S5
98,Joan,S0
98,Joan,S3
98,Joan,S5
102,"Evelyn,Luella",S0
102,"Evelyn,Luella",S1
102,"Evelyn,Luella",S5
105,"Charles,Kent",S0
105,"Charles,Kent",S2
105,"Charles,Kent",S5
106,Blake,S0
106,Blake,S1
106,Blake,S3
106,Blake,S5
107,Antonio,S2
108,Doris,S2
108,Doris,S4
108,Doris,S5
115,Evelyn,S4
117,Barbara,S1
117,Barbara,S5
119,Samantha,S2
119,Samantha,S3
119,Samantha,S5
129,John,S0
129,John,S1
129,John,S2
135,Dwight,S3
138,Joyce,S0
138,Joyce,S1
138,Joyce,S3
139,Roy,S2
139,Roy,S5
140,Claudia,S0
140,Claudia,S2
140,Claudia,S5
141,"Edward,Clarence",S2
141,"Edward,Clarence",S4
146,Connie,S3
149,Douglas,S0
149,Douglas,S3
149,Douglas,S4
151,Douglas,S0
151,Douglas,S1
151,Douglas,S4
154,Lisa,S1
154,Lisa,S5
157,"Mary,John",S2
157,"Mary,John",S4
157,"Mary,John",S5
158,Wilma,S0
158,Wilma,S2
158,Wilma,S3
158,Wilma,S4
161,Madeline,S1
161,Madeline,S4
164,Russell,S1
164,Russell,S2
164,Russell,S5
165,Linda,S0
165,Linda,S1
165,Linda,S2
168,Aaron,S0
169,"Lucy,Betty",S1
169,"Lucy,Betty",S2
169,"Lucy,Betty",S3
172,Norma,S0
172,Norma,S1
172,Norma,S3
172,Norma,S4
175,Troy,S3
175,Troy,S4
179,John,S0
180,Aldo,S1
180,Aldo,S2
180,Aldo,S4
183,George,S4
185,John,S0
186,David,S0
186,David,S1
186,David,S3
186,David,S4
190,Beth,S0
190,Beth,S2
191,William,S1
197,David,S2
197,David,S3
197,David,S4
198,"Janice,Heather",S0
198,"Janice,Heather",S1
198,"Janice,Heather",S2
198,"Janice,Heather",S5
199,Dave,S5
200,Sandra,S1
201,Jimmy,S0
201,Jimmy,S3
201,Jimmy,S4
204,"Walter,Ernest",S0
204,"Walter,Ernest",S1
204,"Walter,Ernest",S4
213,Anna,S0
213,Anna,S3
214,Deborah,S1
221,"Janice,David",S3
221,"Janice,David",S5
222,Amy,S0
222,Amy,S5
223,"Jennifer,Ola",S0
223,"Jennifer,Ola",S1
223,"Jennifer,Ola",S3
223,"Jennifer,Ola",S4
226,David,S1
226,David,S2
226,David,S3
227,Joshua,S2
227,Joshua,S4
231,Agustina,S1
231,Agustina,S3
231,Agustina,S4
232,Wendy,S1
232,Wendy,S2
232,Wendy,S3
232,Wendy,S4
240,Vivian,S2
240,Vivian,S3
241,"Eugene,Teresa",S1
241,"Eugene,Teresa",S3
241,"Eugene,Teresa",S5
243,"Kathleen,Bobbie",S0
243,"Kathleen,Bobbie",S1
243,"Kathleen,Bobbie",S3
245,Misti,S4
247,Thomas,S2
252,Karen,S0
252,Karen,S3
252,Karen,S4
255,Margaret,S1
260,Kathleen,S1
260,Kathleen,S5
261,Andrea,S3
261,Andrea,S4
265,"Roxanne,Christina",S1
265,"Roxanne,Christina",S3
266,Elnora,S1
266,Elnora,S5
270,Mary,S1
270,Mary,S2
270,Mary,S3
273,Rose,S1
273,Rose,S2
273,Rose,S4
274,"Rita,Elizabeth",S4
276,Irene,S0
276,Irene,S1
276,Irene,S2
276,Irene,S3
277,James,S1
277,James,S2
277,James,S4
277,James,S5
281,John,S1
281,John,S2
282,Bill,S0
282,Bill,S1
283,Linda,S0
283,Linda,S3
284,Cheryl,S0
285,Margaret,S1
285,Margaret,S2
285,Margaret,S4
294,Andrew,S3
301,Jeffrey,S3
301,Jeffrey,S5
304,Yolanda,S3
304,Yolanda,S5
305,Dustin,S0
305,Dustin,S1
305,Dustin,S2
306,Sharon,S0
306,Sharon,S3
306,Sharon,S4
311,Diana,S0
311,Diana,S2
311,Diana,S3
311,Diana,S5
313,Pearl,S2
313,Pearl,S3
313,Pearl,S4
313,Pearl,S5
314,"Kate,Barbara",S0
314,"Kate,Barbara",S1
314,"Kate,Barbara",S3
318,Beverly,S0
318,Beverly,S3
318,Beverly,S4
318,Beverly,S5
325,Lisa,S5
326,Christina,S3
326,Christina,S4
333,Gail,S0
333,Gail,S1
337,Walter,S4
340,Tyrone,S0
340,Tyrone,S1
340,Tyrone,S2
341,Corrie,S4
343,Robert,S3
346,James,S0
346,James,S2
346,James,S5
348,Betty,S0
348,Betty,S3
349,"Fausto,Alan,Donna",S0
349,"Fausto,Alan,Donna",S4
350,Patrica,S0
351,"Thomas,Kathryn",S0
351,"Thomas,Kathryn",S2
351,"Thomas,Kathryn",S4
351,"Thomas,Kathryn",S5
360,Gregory,S1
363,Jeffrey,S3
363,Jeffrey,S4
367,Alice,S0
367,Alice,S3
367,Alice,S5
369,"Donna,Jason",S0
369,"Donna,Jason",S1
369,"Donna,Jason",S3
369,"Donna,Jason",S5
374,Juanita,S0
374,Juanita,S3
374,Juanita,S4
376,Juan,S0
376,Juan,S2
379,Jacqueline,S0
379,Jacqueline,S3
380,Laurie,S2
380,Laurie,S3
388,Mary,S3
388,Mary,S5
389,"Tammy,Vikki",S1
389,"Tammy,Vikki",S3
389,"Tammy,Vikki",S5
391,Marian,S0
391,Marian,S3
403,Mathew,S0
403,Mathew,S5
404,Delores,S2
408,Gary,S0
408,Gary,S1
408,Gary,S4
416,Richard,S2
416,Richard,S3
416,Richard,S4
416,Richard,S5
422,"Karen,Javier,Perry",S3
422,"Karen,Javier,Perry",S4
423,Angela,S1
423,Angela,S4
425,James,S0
425,James,S4
433,Sherman,S2
434,Sarah,S4
438,Kimberly,S1
438,Kimberly,S3
438,Kimberly,S5
439,Brian,S1
439,Brian,S4
444,Sharon,S1
444,Sharon,S2
444,Sharon,S5
447,Juliette,S0
447,Juliette,S2
447,Juliette,S4
447,Juliette,S5
450,Claudia,S0
450,Claudia,S2
452,Meghann,S2
452,Meghann,S3
454,Shannon,S4
454,Shannon,S5
455,Margaret,S1
456,Saul,S1
461,James,S1
461,James,S2
461,James,S4
466,Laverne,S0
466,Laverne,S1
466,Laverne,S4
467,Evelina,S1
467,Evelina,S2
467,Evelina,S3
477,Bonnie,S0
477,Bonnie,S3
477,Bonnie,S4
477,Bonnie,S5
479,Jennifer,S1
481,Laura,S0
481,Laura,S5
482,George,S0
482,George,S4
482,George,S5
483,Esteban,S0
483,Esteban,S3
483,Esteban,S4
483,Esteban,S5
485,"Nathan,Tina",S0
485,"Nathan,Tina",S1
485,"Nathan,Tina",S2
487,Nicholas,S0
488,Rex,S0
488,Rex,S1
488,Rex,S4
489,Betty,S2
491,"Sylvia,Katie",S3
491,"Sylvia,Katie",S5
494,Billy,S2
494,Billy,S5
495,"Vicki,Judith",S0
495,"Vicki,Judith",S1
495,"Vicki,Judith",S2
495,"Vicki,Judith",S5
497,Jason,S4
499,Jodee,S2
500,Charles,S3
500,Charles,S4
505,"Jason,Carl",S1
505,"Jason,Carl",S4
505,"Jason,Carl",S5
508,"Patricia,Mary,Lee",S1
508,"Patricia,Mary,Lee",S0
508,"Patricia,Mary,Lee",S2
510,Fred,S0
513,"Verna,Brian",S1
513,"Verna,Brian",S3
518,William,S3
519,Marilyn,S2
519,Marilyn,S3
520,"William,Gavin,Gaston",S0
520,"William,Gavin,Gaston",S3
520,"William,Gavin,Gaston",S4
525,Melissa,S1
528,Ronald,S3
528,Ronald,S4
532,"Josephine,Raymond",S0
532,"Josephine,Raymond",S2
532,"Josephine,Raymond",S5
533,Paula,S0
533,Paula,S3
533,Paula,S5
535,Richard,S0
535,Richard,S2
535,Richard,S4
536,Brenda,S3
536,Brenda,S4
536,Brenda,S5
540,Reva,S2
540,Reva,S4
546,"Laura,Elizabeth,Samuel",S1
546,"Laura,Elizabeth,Samuel",S0
547,Miriam,S1
547,Miriam,S2
547,Miriam,S4
548,Jose,S1
548,Jose,S2
548,Jose,S4
548,Jose,S5
549,Christopher,S0
549,Christopher,S5
551,Barbara,S1
551,Barbara,S3
555,Zachary,S1
557,John,S2
559,Victor,S1
559,Victor,S0
561,Charles,S2
562,Dalia,S0
562,Dalia,S2
562,Dalia,S5
563,Lila,S0
563,Lila,S3
565,Letha,S2
565,Letha,S3
565,Letha,S4
566,Jessica,S1
566,Jessica,S0
566,Jessica,S4
566,Jessica,S5
567,James,S4
572,Michael,S5
573,"Jose,John",S1
573,"Jose,John",S0
573,"Jose,John",S3
576,Roxanne,S1
576,Roxanne,S2
578,"Christy,America",S1
578,"Christy,America",S2
578,"Christy,America",S5
583,Paul,S0
583,Paul,S2
583,Paul,S3
583,Paul,S4
586,Irene,S1
586,Irene,S3
587,Belinda,S1
587,Belinda,S3
589,Thomas,S1
589,Thomas,S0
594,Noel,S4
594,Noel,S5
596,Renee,S1
596,Renee,S2
596,Renee,S4
597,Gail,S0
597,Gail,S3
597,Gail,S5
599,Zachary,S2
599,Zachary,S5
600,Harold,S1
600,Harold,S3
600,Harold,S4
602,Jeffery,S1
602,Jeffery,S2
605,Michael,S5
609,Betty,S2
609,Betty,S3
609,Betty,S5
610,Alexandra,S1
610,Alexandra,S2
617,James,S0
617,James,S2
617,James,S4
618,Audrey,S0
618,Audrey,S5
620,Melinda,S3
623,"Jose,Nora",S1
623,"Jose,Nora",S2
628,"James,Kellie",S0
628,"James,Kellie",S2
628,"James,Kellie",S3
630,Ray,S5
633,Steven,S3
633,Steven,S5
634,Vicki,S1
638,Mary,S0
638,Mary,S3
638,Mary,S4
641,Jessica,S0
641,Jessica,S2
641,Jessica,S3
643,"Jesse,Jenna,Marylou",S0
643,"Jesse,Jenna,Marylou",S2
643,"Jesse,Jenna,Marylou",S4
646,Edith,S0
646,Edith,S2
646,Edith,S4
648,"Lisa,Emma,Melissa",S1
648,"Lisa,Emma,Melissa",S0
648,"Lisa,Emma,Melissa",S3
648,"Lisa,Emma,Melissa",S5
649,Jason,S2
649,Jason,S4
650,John,S2
650,John,S4
650,John,S5
653,Thomas,S3
653,Thomas,S5
655,Joseph,S4
655,Joseph,S5
659,Paul,S3
659,Paul,S4
659,Paul,S5
661,Victor,S3
664,Allie,S3
664,Allie,S4
669,Beverly,S1
669,Beverly,S2
671,Shirley,S3
671,Shirley,S4
674,Cory,S0
674,Cory,S5
675,Leonard,S1
675,Leonard,S2
675,Leonard,S5
680,Juliet,S2
682,Randall,S2
682,Randall,S3
684,Abraham,S5
686,Jennifer,S1
686,Jennifer,S2
686,Jennifer,S4
694,Keith,S0
694,Keith,S2
694,Keith,S4
696,Daniel,S1
696,Daniel,S3
696,Daniel,S5
699,Corinna,S1
699,Corinna,S2
699,Corinna,S5
705,Larry,S4
705,Larry,S5
708,Luis,S0
708,Luis,S2
710,Yolanda,S4
710,Yolanda,S5
711,"Mike,Jayme",S1
711,"Mike,Jayme",S2
711,"Mike,Jayme",S4
713,Shannon,S1
714,"Jeffrey,Paula",S1
714,"Jeffrey,Paula",S0
714,"Jeffrey,Paula",S3
715,"Ruby,Cody",S4
716,Kathryn,S3
717,Melissa,S1
717,Melissa,S3
717,Melissa,S5
724,David,S4
736,"Edward,Linda",S2
736,"Edward,Linda",S4
736,"Edward,Linda",S5
737,Edward,S3
737,Edward,S5
738,Kimberly,S1
738,Kimberly,S0
740,Kathryn,S1
740,Kathryn,S3
740,Kathryn,S5
745,Andrea,S2
745,Andrea,S4
748,Mel,S2
748,Mel,S4
755,Taylor,S4
756,Ethel,S1
757,"Pearl,Terrell",S0
757,"Pearl,Terrell",S5
758,Columbus,S0
758,Columbus,S3
758,Columbus,S4
759,Maria,S4
761,Donna,S2
761,Donna,S3
761,Donna,S4
763,Joseph,S2
764,Roger,S0
764,Roger,S2
764,Roger,S3
768,Matthew,S2
768,Matthew,S5
769,John,S0
769,John,S2
769,John,S3
773,Sherman,S1
775,"Linda,John",S0
775,"Linda,John",S4
775,"Linda,John",S5
778,Stephen,S1
778,Stephen,S3
778,Stephen,S5
779,Bridgette,S5
780,Richard,S0
780,Richard,S5
781,Sean,S1
781,Sean,S3
787,Rafael,S0
787,Rafael,S5
790,Tony,S1
790,Tony,S2
790,Tony,S3
795,Carlos,S0
795,Carlos,S3
796,Eric,S3
796,Eric,S4
796,Eric,S5
798,Steve,S3
798,Steve,S4
799,Paula,S1
799,Paula,S0
801,John,S0
801,John,S2
803,Vicky,S2
803,Vicky,S3
803,Vicky,S4
806,"Steven,Annie",S2
806,"Steven,Annie",S4
807,"Ralph,Patrick",S1
807,"Ralph,Patrick",S2
808,Mabel,S2
809,Regina,S4
809,Regina,S5
810,James,S2
810,James,S3
810,James,S4
812,Sallie,S2
812,Sallie,S3
812,Sallie,S4
813,Rachel,S1
813,Rachel,S0
813,Rachel,S2
813,Rachel,S4
823,Heather,S1
823,Heather,S0
823,Heather,S2
829,"Steven,Bertha",S0
829,"Steven,Bertha",S3
829,"Steven,Bertha",S5
830,Tyler,S0
830,Tyler,S4
833,Ada,S0
833,Ada,S4
835,"David,Kandis",S0
835,"David,Kandis",S2
840,Perry,S1
840,Perry,S3
841,Angela,S2
841,Angela,S3
844,"James,Gregory,Melanie",S1
844,"James,Gregory,Melanie",S3
844,"James,Gregory,Melanie",S4
845,Albert,S0
846,"Jon,Clint",S0
846,"Jon,Clint",S2
846,"Jon,Clint",S5
850,Lucy,S2
853,Maria,S0
853,Maria,S3
853,Maria,S4
853,Maria,S5
856,Brett,S5
859,Flora,S1
859,Flora,S3
859,Flora,S4
860,"Angela,Michael",S1
860,"Angela,Michael",S3
861,Darrell,S1
861,Darrell,S0
861,Darrell,S5
862,Lindsey,S2
862,Lindsey,S4
870,Robert,S1
870,Robert,S2
880,Donald,S1
880,Donald,S2
880,Donald,S3
883,Martin,S0
883,Martin,S4
883,Martin,S5
885,Robin,S0
885,Robin,S2
891,"Colleen,Gerald",S2
891,"Colleen,Gerald",S3
892,Edward,S0
892,Edward,S3
892,Edward,S5
893,Jeremy,S1
893,Jeremy,S3
893,Jeremy,S4
895,Gregory,S4
895,Gregory,S5
896,Mikel,S0
896,Mikel,S4
896,Mikel,S5
903,Lea,S1
903,Lea,S2
903,Lea,S3
905,Marcy,S1
905,Marcy,S0
905,Marcy,S2
905,Marcy,S5
910,William,S0
910,William,S3
910,William,S5
912,Brooke,S2
912,Brooke,S3
913,Priscilla,S2
917,Donald,S1
917,Donald,S0
917,Donald,S5
920,Roxanne,S1
920,Roxanne,S0
920,Roxanne,S2
922,Rebecca,S1
922,Rebecca,S0
922,Rebecca,S2
922,Rebecca,S5
930,Lara,S4
930,Lara,S5
936,James,S0
936,James,S2
936,James,S5
938,Todd,S0
938,Todd,S4
938,Todd,S5
939,Penny,S1
939,Penny,S0
939,Penny,S5
941,James,S0
941,James,S2
941,James,S5
948,Gregory,S2
948,Gregory,S3
950,Deborah,S1
950,Deborah,S2
950,Deborah,S3
950,Deborah,S5
952,"Matthew,Daniel",S1
952,"Matthew,Daniel",S0
952,"Matthew,Daniel",S3
952,"Matthew,Daniel",S4
953,Shaun,S1
953,Shaun,S0
953,Shaun,S2
958,Chris,S0
958,Chris,S2
958,Chris,S5
959,Roxanne,S2
959,Roxanne,S3
960,Amanda,S0
962,Sylvia,S0
962,Sylvia,S2
962,Sylvia,S4
962,Sylvia,S5
963,Phillip,S3
963,Phillip,S4
964,Roger,S1
964,Roger,S0
967,David,S2
974,Norine,S3
975,Donald,S3
975,Donald,S4
978,David,S1
978,David,S2
978,David,S5
980,Kenneth,S1
980,Kenneth,S0
987,Christopher,S2
993,Shirley,S2
993,Shirley,S3
993,Shirley,S5
995,John,S3
995,John,S4
995,John,S5
996,Mark,S0
996,Mark,S2
997,Robert,S1
997,Robert,S0
997,Robert,S3
998,Jennifer,S0
998,Jennifer,S3
998,Jennifer,S5
999,Tanya,S5
1003,"Albert,Mitchell",S2
1003,"Albert,Mitchell",S0
1003,"Albert,Mitchell",S5
1005,"Angel,Esther",S2
1005,"Angel,Esther",S0
1005,"Angel,Esther",S1
1005,"Angel,Esther",S4
1006,Jodi,S2
1006,Jodi,S5
1008,"Howard,Anna",S2
1008,"Howard,Anna",S5
1017,David,S2
1017,David,S3
1017,David,S5
1020,"Greta,George",S2
1020,"Greta,George",S0
1021,William,S2
1021,William,S1
1026,"Sam,Roberta",S2
1026,"Sam,Roberta",S0
1026,"Sam,Roberta",S3
1030,Stephen,S2
1030,Stephen,S3
1032,Edwin,S0
1032,Edwin,S1
1035,"Peter,Mary",S1
1035,"Peter,Mary",S3
1035,"Peter,Mary",S4
1036,Richard,S2
1036,Richard,S0
1036,Richard,S4
1038,Sandra,S0
1038,Sandra,S4
1039,Bret,S3
1045,Helen,S1
1045,Helen,S3
1045,Helen,S5
1047,Matthew,S2
1047,Matthew,S4
1051,Amy,S4
1051,Amy,S5
1055,Michael,S3
1055,Michael,S5
1057,Shirley,S3
1066,Jamie,S0
1066,Jamie,S1
1073,Angelo,S2
1073,Angelo,S5
1075,"Amanda,George",S2
1075,"Amanda,George",S1
1075,"Amanda,George",S3
1075,"Amanda,George",S4
1078,Lanny,S1
1078,Lanny,S5
1083,"Debra,Miriam",S0
1083,"Debra,Miriam",S1
1083,"Debra,Miriam",S5
1086,Sandra,S2
1086,Sandra,S1
1086,Sandra,S4
1086,Sandra,S5
1094,Gary,S2
1094,Gary,S1
1094,Gary,S5
1098,"Jefferson,David",S2
1098,"Jefferson,David",S1
1102,Nichole,S4
1105,Richard,S1
1105,Richard,S3
1107,"Anthony,Ernest",S2
1107,"Anthony,Ernest",S1
1113,Richard,S4
1113,Richard,S5
1115,Kevin,S2
1115,Kevin,S0
1118,Keely,S1
1118,Keely,S4
1119,"April,Linda",S3
1119,"April,Linda",S4
1120,Patricia,S2
1120,Patricia,S1
1120,Patricia,S4
1120,Patricia,S5
1124,Royce,S0
1124,Royce,S4
1124,Royce,S5
1126,Sheila,S2
1134,Helen,S0
1134,Helen,S1
1135,Linda,S0
1135,Linda,S3
1135,Linda,S4
1135,Linda,S5
1136,Ruth,S0
1136,Ruth,S3
1137,Edward,S1
1137,Edward,S3
1142,"Jose,Michelle",S0
1142,"Jose,Michelle",S1
1145,Susan,S0
1145,Susan,S1
1149,Michael,S4
1150,Ben,S2
1150,Ben,S1
1150,Ben,S4
1150,Ben,S5
1158,Bobbie,S0
1158,Bobbie,S3
1158,Bobbie,S5
1162,Charles,S3
1162,Charles,S4
1162,Charles,S5
1167,Pat,S5
1171,Eduardo,S0
1171,Eduardo,S1
1171,Eduardo,S3
1171,Eduardo,S4
1174,Lisa,S2
1174,Lisa,S1
1174,Lisa,S4
1174,Lisa,S5
1178,"Jose,Timothy",S2
1178,"Jose,Timothy",S1
1178,"Jose,Timothy",S4
1178,"Jose,Timothy",S5
1180,"Dorothy,Patricia",S0
1180,"Dorothy,Patricia",S1
1180,"Dorothy,Patricia",S4
1182,Sandra,S1
1182,Sandra,S4
1183,Emily,S2
1183,Emily,S0
1183,Emily,S4
1184,Cindy,S0
1184,Cindy,S1
1184,Cindy,S5
1187,Jonathan,S2
1187,Jonathan,S0
1187,Jonathan,S4
1195,Dawna,S1
1195,Dawna,S3
1201,Thomas,S2
1205,Stephen,S3
1205,Stephen,S5
1207,Araceli,S2
1207,Araceli,S4
1212,Phyllis,S0
1212,Phyllis,S1
1212,Phyllis,S3
1214,Mary,S1
1214,Mary,S3
1214,Mary,S4
1215,Lillian,S2
1215,Lillian,S3
1215,Lillian,S4
1217,Frances,S3
1217,Frances,S5
1223,Richard,S1
1223,Richard,S3
1226,Tawana,S1
1226,Tawana,S4
1229,Fred,S0
1229,Fred,S4
1230,Vernon,S0
1231,Yvonne,S1
1231,Yvonne,S4
1231,Yvonne,S5
1232,"Michelle,Rafael",S2
1232,"Michelle,Rafael",S4
1236,Jeanine,S1
1236,Jeanine,S4
1239,Harland,S2
1239,Harland,S1
1244,Jill,S4
1244,Jill,S5
1246,"Peter,Edward",S0
1246,"Peter,Edward",S1
1246,"Peter,Edward",S4
1250,Melynda,S1
1250,Melynda,S3
1252,Mary,S0
1255,Casandra,S2
1255,Casandra,S3
1255,Casandra,S4
1259,Susan,S2
1259,Susan,S0
1259,Susan,S3
1259,Susan,S4
1260,Holly,S2
1260,Holly,S1
1260,Holly,S4
1262,"Grace,Kenneth",S2
1262,"Grace,Kenneth",S4
1262,"Grace,Kenneth",S5
1267,Martin,S2
1267,Martin,S4
1271,Lon,S0
1271,Lon,S1
1271,Lon,S3
1271,Lon,S5
1272,Josette,S3
1272,Josette,S4
1278,Leonard,S2
1278,Leonard,S3
1278,Leonard,S4
1280,"Blaine,Nick",S0
1280,"Blaine,Nick",S1
1280,"Blaine,Nick",S4
1281,Tracy,S2
1281,Tracy,S1
1283,"Donald,Christine",S2
1283,"Donald,Christine",S5
1284,Lois,S1
1287,Guy,S3
1287,Guy,S4
1289,Keith,S1
1289,Keith,S3
1289,Keith,S4
1290,Rachel,S1
1290,Rachel,S4
1290,Rachel,S5
1292,Christopher,S2
1292,Christopher,S1
1292,Christopher,S4
1300,Neil,S0
1300,Neil,S3
1300,Neil,S5
1301,"Major,Ashley,John",S2
1301,"Major,Ashley,John",S0
1301,"Major,Ashley,John",S3
1304,Paul,S2
1304,Paul,S1
1304,Paul,S3
1304,Paul,S4
1305,Ronald,S2
1305,Ronald,S1
1305,Ronald,S4
1305,Ronald,S5
1312,Jose,S3
1312,Jose,S5
1315,Steve,S1
1316,Edward,S0
1316,Edward,S3
1318,Byron,S0
1318,Byron,S5
1319,"Cora,Jose",S2
1319,"Cora,Jose",S0
1319,"Cora,Jose",S4
1320,"Gary,Dorothy,Joseph",S3
1320,"Gary,Dorothy,Joseph",S4
1324,Leroy,S2
1324,Leroy,S1
1324,Leroy,S3
1324,Leroy,S5
1326,William,S4
1330,Elnora,S2
1330,Elnora,S5
1332,Cherise,S1
1332,Cherise,S4
1332,Cherise,S5
1334,Corey,S0
1334,Corey,S1
1334,Corey,S4
1335,"Priscilla,Gladys",S0
1335,"Priscilla,Gladys",S1
1337,Jacque,S4
1338,"Ryan,Margaret",S0
1338,"Ryan,Margaret",S5
1339,Dennis,S1
1339,Dennis,S3
1339,Dennis,S4
1340,Gregory,S2
1340,Gregory,S1
1340,Gregory,S4
1341,"Rafaela,Kaitlin",S0
1341,"Rafaela,Kaitlin",S1
1341,"Rafaela,Kaitlin",S5
1342,Sandra,S2
1342,Sandra,S3
1342,Sandra,S4
1346,Lori,S0
1349,Sara,S0
1349,Sara,S3
1349,Sara,S4
1351,Harriet,S2
1351,Harriet,S0
1351,Harriet,S1
1351,Harriet,S3
1352,Jennifer,S5
1353,Michael,S2
1353,Michael,S0
1353,Michael,S5
1358,Miguel,S2
1360,Randolph,S2
1360,Randolph,S4
1360,Randolph,S5
1361,Ladonna,S5
1366,Kathleen,S0
1366,Kathleen,S4
1370,Franklin,S3
1370,Franklin,S4
1370,Franklin,S5
1372,Jason,S3
1379,Richard,S0
1381,William,S1
1381,William,S3
1384,Lucinda,S0
1384,Lucinda,S1
1384,Lucinda,S3
1385,Myra,S2
1385,Myra,S1
1385,Myra,S3
1385,Myra,S4
1390,"Pamala,Pablo",S2
1390,"Pamala,Pablo",S0
1390,"Pamala,Pablo",S3
1390,"Pamala,Pablo",S5
1398,Marvel,S2
1398,Marvel,S4
1398,Marvel,S5
1399,"Jerry,Craig,Viola",S0
1399,"Jerry,Craig,Viola",S1
1399,"Jerry,Craig,Viola",S4
1399,"Jerry,Craig,Viola",S5
1401,"Matthew,Timothy",S0
1401,"Matthew,Timothy",S1
1401,"Matthew,Timothy",S5
1407,Jacob,S2
1407,Jacob,S0
1407,Jacob,S5
1408,"Keith,Steven",S0
1408,"Keith,Steven",S5
1412,Steve,S0
1412,Steve,S3
1412,Steve,S5
1413,Rene,S2
1413,Rene,S3
1413,Rene,S4
1419,Judith,S1
1419,Judith,S4
1420,"Jose,Ora",S2
1420,"Jose,Ora",S3
1420,"Jose,Ora",S5
1422,Roland,S0
1422,Roland,S1
1422,Roland,S3
1422,Roland,S5
1423,Michael,S0
1425,Misty,S0
1425,Misty,S4
1432,Neil,S1
1432,Neil,S5
1438,Dominique,S3
1438,Dominique,S5
1439,Eric,S0
1439,Eric,S4
1439,Eric,S5
1441,"Rick,Andrew",S1
1441,"Rick,Andrew",S3
1441,"Rick,Andrew",S4
1441,"Rick,Andrew",S5
1442,Stephen,S2
1442,Stephen,S3
1444,Roxanne,S2
1444,Roxanne,S0
1444,Roxanne,S3
1444,Roxanne,S4
1452,Dianna,S4
1456,Julia,S0
1456,Julia,S3
1456,Julia,S5
1458,Neil,S5
1459,"Olga,Thomas",S1
1459,"Olga,Thomas",S4
1460,"Edward,Lawrence",S2
1460,"Edward,Lawrence",S0
1460,"Edward,Lawrence",S1
1461,Ruby,S0
1461,Ruby,S1
1463,"Joseph,Jack",S0
1463,"Joseph,Jack",S4
1463,"Joseph,Jack",S5
1469,Dwight,S0
1469,Dwight,S1
1470,Owen,S2
1470,Owen,S1
1470,Owen,S3
1470,Owen,S5
1471,Ben,S2
1471,Ben,S0
1474,Kevin,S1
1474,Kevin,S3
1474,Kevin,S5
1476,Christopher,S0
1476,Christopher,S3
1477,Matthew,S2
1477,Matthew,S1
1477,Matthew,S3
1477,Matthew,S4
1478,Michael,S0
1478,Michael,S1
1478,Michael,S3
1478,Michael,S4
1482,Charles,S0
1482,Charles,S4
1482,Charles,S5
1483,Margaret,S2
1483,Margaret,S0
1483,Margaret,S4
1487,Terry,S2
1487,Terry,S0
1490,Arthur,S0
1490,Arthur,S5
1491,Geraldine,S3
1495,Clifton,S0
1495,Clifton,S1
1495,Clifton,S3
1495,Clifton,S5
1500,Susan,S0
1505,"Grace,Richard",S0
1505,"Grace,Richard",S2
1511,"Ashley,Marvin",S1
1511,"Ashley,Marvin",S2
1511,"Ashley,Marvin",S4
1513,Tammy,S1
1513,Tammy,S4
1515,Maura,S1
1515,Maura,S2
1515,Maura,S4
1516,Edwin,S5
1520,Tamera,S1
1520,Tamera,S5
1522,Keith,S3
1522,Keith,S1
1522,Keith,S2
1523,Susan,S3
1523,Susan,S0
1523,Susan,S4
1523,Susan,S5
1524,Jeannie,S1
1524,Jeannie,S5
1525,Ryan,S3
1525,Ryan,S4
1525,Ryan,S5
1528,Kenneth,S2
1528,Kenneth,S5
1534,"Lucia,Christopher",S3
1534,"Lucia,Christopher",S4
1534,"Lucia,Christopher",S5
1536,Patricia,S0
1536,Patricia,S2
1536,Patricia,S5
1539,Sandra,S5
1542,Sara,S1
1542,Sara,S5
1549,Anna,S0
1549,Anna,S4
1550,Colby,S0
1550,Colby,S2
1553,Loretta,S2
1553,Loretta,S4
1553,Loretta,S5
1555,Kathy,S0
1555,Kathy,S1
1555,Kathy,S5
1557,Janet,S3
1557,Janet,S0
1557,Janet,S1
1559,Eleanor,S3
1559,Eleanor,S0
1559,Eleanor,S4
1565,Carmen,S0
1569,Eliseo,S0
1570,"Irina,Arthur",S3
1570,"Irina,Arthur",S1
1570,"Irina,Arthur",S2
1570,"Irina,Arthur",S5
1571,Diane,S0
1571,Diane,S1
1571,Diane,S4
1572,James,S4
1579,Dana,S4
1582,"Paul,Carol",S5
1583,William,S5
1584,Lucille,S3
1584,Lucille,S0
1584,Lucille,S2
1584,Lucille,S5
1586,Robert,S3
1586,Robert,S0
1587,Candice,S2
1587,Candice,S4
1588,Sean,S2
1588,Sean,S4
1589,Tonya,S2
1589,Tonya,S4
1591,Doreen,S3
1591,Doreen,S2
1591,Doreen,S5
1592,Carla,S3
1592,Carla,S1
1592,Carla,S4
1593,Jay,S1
1593,Jay,S5
1595,Julie,S1
1595,Julie,S2
1595,Julie,S5
1596,Joanne,S1
1596,Joanne,S2
1596,Joanne,S5
1603,Ruby,S3
1604,Monroe,S5
1607,Reginald,S0
1607,Reginald,S4
1607,Reginald,S5
1608,"Margarita,Mary",S2
1608,"Margarita,Mary",S5
1613,Lisa,S0
1613,Lisa,S2
1613,Lisa,S4
1616,Adrianne,S3
1616,Adrianne,S0
1616,Adrianne,S2
1616,Adrianne,S4
1619,"Morris,Jeffrey",S3
1619,"Morris,Jeffrey",S5
1621,Martin,S3
1621,Martin,S1
1621,Martin,S2
1621,Martin,S5
1628,Michele,S3
1628,Michele,S1
1628,Michele,S2
1629,Ella,S1
1629,Ella,S4
1634,Richard,S4
1635,"Barbera,Briana",S3
1635,"Barbera,Briana",S5
1643,Wanda,S1
1643,Wanda,S2
1643,Wanda,S4
1645,"Brittany,Jason",S0
1645,"Brittany,Jason",S1
1645,"Brittany,Jason",S2
1646,Wayne,S3
1646,Wayne,S0
1646,Wayne,S4
1646,Wayne,S5
1651,Alma,S1
1651,Alma,S4
1653,"Sarah,David",S3
1653,"Sarah,David",S0
1653,"Sarah,David",S2
1653,"Sarah,David",S5
1654,"Cynthia,Valerie",S1
1654,"Cynthia,Valerie",S2
1654,"Cynthia,Valerie",S4
1656,Melissa,S1
1656,Melissa,S2
1656,Melissa,S4
1658,Harry,S2
1658,Harry,S5
1661,Danny,S3
1661,Danny,S2
1661,Danny,S5
1662,Marlene,S2
1662,Marlene,S5
1663,Darnell,S1
1665,Heather,S3
1665,Heather,S4
1666,Lawrence,S3
1666,Lawrence,S5
1667,Scott,S5
1669,"Terry,Paula",S3
1669,"Terry,Paula",S1
1670,Harold,S3
1671,Pat,S2
1671,Pat,S4
1673,William,S4
1674,Stephanie,S3
1674,Stephanie,S0
1674,Stephanie,S2
1674,Stephanie,S4
1676,Arnold,S0
1676,Arnold,S2
1676,Arnold,S5
1677,Thomas,S0
1677,Thomas,S5
1682,Rose,S0
1682,Rose,S1
1683,Elizabeth,S3
1683,Elizabeth,S1
1683,Elizabeth,S2
1686,Chauncey,S1
1686,Chauncey,S2
1690,David,S0
1690,David,S5
1693,James,S2
1697,Marvin,S0
1697,Marvin,S1
1698,Ryan,S1
1698,Ryan,S5
1704,Susan,S4
1705,Luis,S3
1705,Luis,S5
1706,"Lawrence,Thomas",S0
1706,"Lawrence,Thomas",S2
1706,"Lawrence,Thomas",S5
1711,Alexander,S3
1711,Alexander,S4
1712,Natasha,S3
1712,Natasha,S0
1712,Natasha,S5
1713,Fran,S3
1713,Fran,S1
1713,Fran,S2
1713,Fran,S4
1714,Robert,S3
1714,Robert,S4
1714,Robert,S5
1721,Desmond,S0
1721,Desmond,S4
1722,"Juanita,Dominic",S3
1722,"Juanita,Dominic",S0
1722,"Juanita,Dominic",S5
1726,"Lourdes,Kendra",S1
1726,"Lourdes,Kendra",S5
1731,Ricky,S1
1731,Ricky,S5
1737,"James,Edna",S0
1737,"James,Edna",S1
1737,"James,Edna",S2
1737,"James,Edna",S5
1740,Jean,S3
1743,Anthony,S3
1743,Anthony,S5
1746,Jay,S3
1746,Jay,S1
1746,Jay,S4
1750,"Junior,Valeria",S1
1750,"Junior,Valeria",S2
1750,"Junior,Valeria",S4
1753,Harriet,S3
1753,Harriet,S1
1753,Harriet,S2
1754,Paul,S0
1754,Paul,S1
1754,Paul,S4
1754,Paul,S5
1755,Thelma,S1
1755,Thelma,S2
1758,Elease,S0
1758,Elease,S1
1760,Norma,S1
1760,Norma,S5
1765,Barbara,S0
1765,Barbara,S5
1770,Eric,S3
1770,Eric,S4
1771,Cory,S2
1771,Cory,S4
1771,Cory,S5
1772,Keith,S3
1772,Keith,S2
1772,Keith,S4
1772,Keith,S5
1777,"James,Louis,Harold",S3
1777,"James,Louis,Harold",S0
1777,"James,Louis,Harold",S2
1778,Christina,S3
1778,Christina,S1
1778,Christina,S5
1779,Philip,S2
1779,Philip,S5
1782,"William,James",S0
1782,"William,James",S2
1782,"William,James",S4
1782,"William,James",S5
1784,Austin,S3
1784,Austin,S0
1784,Austin,S1
1784,Austin,S4
1785,Alison,S1
1785,Alison,S2
1785,Alison,S4
1785,Alison,S5
1787,Jose,S0
1787,Jose,S5
1790,Susan,S3
1790,Susan,S2
1790,Susan,S4
1791,Kathleen,S0
1791,Kathleen,S5
1793,"Kathleen,Angelika",S2
1793,"Kathleen,Angelika",S4
1795,"Andrew,Gregory",S3
1795,"Andrew,Gregory",S2
1795,"Andrew,Gregory",S4
1804,Elizbeth,S0
1804,Elizbeth,S1
1806,"Marie,Katherine",S3
1806,"Marie,Katherine",S2
1806,"Marie,Katherine",S4
1814,William,S0
1814,William,S1
1814,William,S2
1815,Michael,S1
1815,Michael,S2
1815,Michael,S5
1817,Roberta,S0
1819,"James,Shirley",S0
1819,"James,Shirley",S1
1819,"James,Shirley",S2
1820,George,S3
1821,Michael,S3
1821,Michael,S0
1821,Michael,S1
1822,Matt,S1
1822,Matt,S2
1822,Matt,S4
1822,Matt,S5
1823,Michael,S3
1826,Linda,S3
1826,Linda,S1
1828,James,S3
1828,James,S4
1829,John,S2
1829,John,S4
1831,Jesse,S0
1831,Jesse,S1
1840,Tammy,S2
1840,Tammy,S5
1841,John,S3
1841,John,S0
1841,John,S4
1842,Debbie,S3
1842,Debbie,S1
1842,Debbie,S2
1842,Debbie,S5
1845,John,S2
1845,John,S5
1846,Beverly,S1
1846,Beverly,S2
1849,Margaret,S3
1849,Margaret,S5
1855,Jeffrey,S0
1855,Jeffrey,S4
1859,Jean,S3
1859,Jean,S1
1861,Beatrice,S1
1865,Donna,S0
1865,Donna,S2
1871,Joe,S4
1871,Joe,S5
1873,"James,Bradley",S2
1873,"James,Bradley",S4
1873,"James,Bradley",S5
1878,Maureen,S3
1878,Maureen,S1
1885,Victor,S3
1885,Victor,S1
1885,Victor,S5
1886,"Maria,Hattie",S3
1886,"Maria,Hattie",S0
1889,Debra,S0
1889,Debra,S4
1897,Margaret,S0
1897,Margaret,S2
1900,Vida,S3
1900,Vida,S2
1902,Laurie,S3
1902,Laurie,S0
1911,Sharon,S3
1911,Sharon,S2
1911,Sharon,S4
1914,"Richard,Sheila",S1
1914,"Richard,Sheila",S2
1914,"Richard,Sheila",S5
1915,Mellie,S3
1915,Mellie,S4
1915,Mellie,S5
1917,Mildred,S3
1917,Mildred,S4
1917,Mildred,S5
1918,Kevin,S5
1927,Shannon,S3
1927,Shannon,S5
1929,Vicki,S3
1929,Vicki,S0
1929,Vicki,S1
1930,Francis,S0
1930,Francis,S4
1930,Francis,S5
1931,Donna,S0
1931,Donna,S5
1935,"John,Laurel",S4
1935,"John,Laurel",S5
1940,"David,Jacob",S1
1940,"David,Jacob",S2
1940,"David,Jacob",S5
1946,Crystal,S1
1946,Crystal,S2
1951,Susan,S3
1951,Susan,S4
1957,Laura,S1
1957,Laura,S2
1957,Laura,S4
1960,Carol,S3
1960,Carol,S1
1960,Carol,S5
1964,Norma,S3
1964,Norma,S1
1964,Norma,S4
1964,Norma,S5
1965,Carolyn,S3
1965,Carolyn,S0
1965,Carolyn,S1
1965,Carolyn,S5
1966,Isreal,S0
1966,Isreal,S4
1968,Paul,S3
1968,Paul,S1
1968,Paul,S2
1976,Shirley,S1
1976,Shirley,S2
1976,Shirley,S4
1977,Tammy,S2
1977,Tammy,S4
1982,Lynn,S3
1982,Lynn,S4
1987,Ron,S0
1987,Ron,S2
1990,Corey,S2
1993,Joyce,S3
1993,Joyce,S4
1996,Kathleen,S1
1996,Kathleen,S2
1996,Kathleen,S4
2002,Gary,S0
2002,Gary,S3
2002,Gary,S5
2003,Ann,S4
2003,Ann,S2
2003,Ann,S3
2005,Raymond,S0
2005,Raymond,S2
2005,Raymond,S3
2006,David,S1
2006,David,S3
2006,David,S5
2012,Elizabeth,S4
2012,Elizabeth,S3
2012,Elizabeth,S5
2020,Jack,S4
2020,Jack,S1
2021,Jason,S4
2021,Jason,S1
2021,Jason,S3
2028,Lana,S1
2028,Lana,S5
2029,"Danny,Tamika",S0
2029,"Danny,Tamika",S2
2029,"Danny,Tamika",S5
2031,Neil,S0
2031,Neil,S1
2031,Neil,S3
2031,Neil,S5
2037,Guadalupe,S0
2037,Guadalupe,S3
2040,Sharlene,S1
2040,Sharlene,S3
2041,Nakisha,S4
2041,Nakisha,S2
2042,Thomas,S5
2043,Fred,S4
2043,Fred,S3
2045,Gail,S4
2045,Gail,S5
2046,Annette,S4
2046,Annette,S0
2046,Annette,S5
2048,Cheryl,S0
2048,Cheryl,S2
2048,Cheryl,S5
2050,Norman,S2
2052,Cassandra,S1
2055,"Sandra,Teresa,Megan",S0
2055,"Sandra,Teresa,Megan",S1
2055,"Sandra,Teresa,Megan",S3
2056,Robin,S3
2056,Robin,S5
2059,Wayne,S4
2059,Wayne,S1
2059,Wayne,S2
2059,Wayne,S3
2061,Leah,S2
2064,Scott,S2
2064,Scott,S5
2065,"Margaret,Jason",S1
2065,"Margaret,Jason",S2
2065,"Margaret,Jason",S3
2069,Linda,S0
2069,Linda,S1
2071,Michel,S5
2072,Cassandra,S5
2073,Jose,S0
2073,Jose,S2
2078,Beau,S2
2081,Patricia,S2
2085,Edward,S4
2085,Edward,S0
2092,Ryan,S5
2097,Rose,S1
2097,Rose,S2
2097,Rose,S3
2097,Rose,S5
2100,Louise,S0
2100,Louise,S1
2100,Louise,S5
2101,Max,S4
2101,Max,S1
2101,Max,S5
2102,"Anthony,Christina",S4
2102,"Anthony,Christina",S0
2102,"Anthony,Christina",S3
2106,Donna,S4
2106,Donna,S1
2106,Donna,S5
2107,Albert,S5
2111,Jesse,S4
2111,Jesse,S2
2113,Suzanne,S0
2113,Suzanne,S1
2113,Suzanne,S3
2116,"Otto,Marc",S1
2116,"Otto,Marc",S2
2116,"Otto,Marc",S5
2126,Martha,S2
2126,Martha,S5
2128,Mary,S4
2128,Mary,S0
2128,Mary,S2
2129,Christie,S1
2129,Christie,S5
2130,Jessica,S4
2130,Jessica,S2
2130,Jessica,S5
2132,Joan,S0
2132,Joan,S1
2132,Joan,S5
2136,Leopoldo,S3
2140,"Thomas,Rory",S1
2140,"Thomas,Rory",S2
2140,"Thomas,Rory",S3
2142,Diane,S0
2142,Diane,S1
2142,Diane,S2
2143,Leigh,S5
2145,Brandon,S2
2145,Brandon,S3
2146,"Matthew,Scott,Georgia",S4
2146,"Matthew,Scott,Georgia",S0
2146,"Matthew,Scott,Georgia",S1
2146,"Matthew,Scott,Georgia",S3
2148,Christopher,S4
2148,Christopher,S3
2148,Christopher,S5
2150,Dana,S4
2150,Dana,S0
2150,Dana,S5
2151,Dawn,S4
2151,Dawn,S2
2154,Charles,S1
2154,Charles,S2
2154,Charles,S3
2154,Charles,S5
2158,Charles,S1
2158,Charles,S3
2158,Charles,S5
2159,John,S3
2161,Henry,S4
2161,Henry,S0
2161,Henry,S3
2162,Louise,S0
2162,Louise,S2
2167,Donna,S1
2170,Bradley,S0
2170,Bradley,S1
2170,Bradley,S3
2173,Florine,S3
2185,Andrew,S4
2185,Andrew,S2
2185,Andrew,S3
2186,Kimberly,S5
2198,Donald,S2
2198,Donald,S3
2202,Cristi,S1
2202,Cristi,S2
2202,Cristi,S5
2204,Clarence,S0
2204,Clarence,S3
2204,Clarence,S5
2209,Kathryn,S5
2211,"Jessie,Ward",S0
2211,"Jessie,Ward",S2
2212,Carol,S0
2212,Carol,S2
2212,Carol,S3
2212,Carol,S5
2219,Phyllis,S4
2219,Phyllis,S3
2219,Phyllis,S5
2223,Sarah,S1
2223,Sarah,S5
2224,Jennifer,S0
2224,Jennifer,S1
2224,Jennifer,S2
2230,Betty,S4
2230,Betty,S0
2230,Betty,S2
2239,"Tiffany,Patricia",S4
2239,"Tiffany,Patricia",S0
2239,"Tiffany,Patricia",S5
2240,Jane,S4
2240,Jane,S2
2243,Anna,S4
2243,Anna,S1
2243,Anna,S3
2243,Anna,S5
2249,Vincent,S0
2252,Mary,S5
2258,"Rick,Nora",S4
2258,"Rick,Nora",S1
2258,"Rick,Nora",S2
2264,Monica,S0
2264,Monica,S3
2265,Mike,S4
2265,Mike,S3
2265,Mike,S5
2266,James,S4
2266,James,S0
2266,James,S2
2266,James,S3
2268,Charles,S0
2271,Leah,S0
2271,Leah,S2
2271,Leah,S3
2273,"Carl,Dale",S1
2273,"Carl,Dale",S3
2273,"Carl,Dale",S5
2274,"Dorthy,Mildred",S4
2274,"Dorthy,Mildred",S0
2274,"Dorthy,Mildred",S3
2274,"Dorthy,Mildred",S5
2276,Evelyn,S4
2276,Evelyn,S0
2276,Evelyn,S3
2281,Ellen,S1
2281,Ellen,S3
2281,Ellen,S5
2285,Mary,S4
2285,Mary,S0
2285,Mary,S3
2287,Rose,S0
2287,Rose,S1
2287,Rose,S2
2290,Jay,S2
2291,Randall,S0
2291,Randall,S1
2295,Christina,S0
2295,Christina,S2
2296,Suzanne,S4
2300,Heather,S4
2302,"Courtney,Omar",S0
2302,"Courtney,Omar",S2
2302,"Courtney,Omar",S5
2303,Bridget,S3
2303,Bridget,S5
2312,Diana,S1
2312,Diana,S2
2312,Diana,S3
2325,Matthew,S1
2325,Matthew,S5
2327,Sheila,S4
2327,Sheila,S5
2328,"Helen,Danielle",S4
2328,"Helen,Danielle",S0
2328,"Helen,Danielle",S2
2328,"Helen,Danielle",S5
2331,John,S4
2331,John,S1
2331,John,S3
2332,Mary,S4
2332,Mary,S3
2337,Robert,S0
2337,Robert,S5
2340,Valentine,S0
2340,Valentine,S1
2340,Valentine,S2
2340,Valentine,S3
2341,Edna,S4
2341,Edna,S0
2341,Edna,S5
2342,Gilbert,S4
2349,John,S1
2349,John,S3
2349,John,S5
2352,Sarah,S4
2352,Sarah,S1
2353,Sandra,S1
2353,Sandra,S5
2355,Alexander,S1
2355,Alexander,S2
2355,Alexander,S3
2355,Alexander,S5
2356,Denise,S0
2356,Denise,S1
2356,Denise,S2
2357,Marilyn,S3
2361,Pablo,S4
2361,Pablo,S0
2361,Pablo,S3
2362,Mary,S2
2362,Mary,S5
2363,Doris,S4
2363,Doris,S3
2364,Kathy,S4
2364,Kathy,S0
2364,Kathy,S5
2365,"Janet,Stephen",S4
2365,"Janet,Stephen",S0
2365,"Janet,Stephen",S5
2368,Edmund,S0
2368,Edmund,S2
2368,Edmund,S3
2373,Andre,S1
2373,Andre,S3
2373,Andre,S5
2376,Dorothy,S0
2376,Dorothy,S5
2378,Cedric,S1
2382,Bruce,S2
2383,"Marcus,Jesus,Mary",S4
2383,"Marcus,Jesus,Mary",S0
2383,"Marcus,Jesus,Mary",S3
2386,Roger,S0
2386,Roger,S2
2386,Roger,S5
2387,Tammy,S1
2387,Tammy,S2
2387,Tammy,S3
2389,Julie,S1
2389,Julie,S5
2395,Christal,S4
2395,Christal,S2
2395,Christal,S5
2397,Carl,S0
2397,Carl,S5
2398,Kelly,S0
2402,Jessica,S0
2402,Jessica,S1
2403,Gabriel,S4
2403,Gabriel,S0
2403,Gabriel,S2
2403,Gabriel,S5
2405,Pamela,S0
2405,Pamela,S3
2406,Rhoda,S1
2406,Rhoda,S3
2409,Mabel,S1
2410,Doris,S0
2410,Doris,S1
2410,Doris,S3
2418,Gladys,S2
2419,Patricia,S0
2419,Patricia,S1
2419,Patricia,S5
2423,Pedro,S0
2423,Pedro,S3
2424,Charlene,S3
2424,Charlene,S5
2425,Bertie,S2
2425,Bertie,S5
2426,Larry,S1
2426,Larry,S5
2433,Bessie,S0
2433,Bessie,S1
2435,"Brian,Alan",S4
2435,"Brian,Alan",S2
2435,"Brian,Alan",S5
2436,Toni,S0
2436,Toni,S1
2436,Toni,S3
2438,Betty,S0
2438,Betty,S2
2438,Betty,S5
2443,Michele,S1
2447,Terry,S4
2447,Terry,S3
2448,Michael,S0
2448,Michael,S1
2449,Tonia,S1
2449,Tonia,S2
2452,Charles,S0
2452,Charles,S1
2452,Charles,S5
2455,Charles,S0
2455,Charles,S2
2458,Anthony,S0
2458,Anthony,S1
2459,Janelle,S0
2459,Janelle,S1
2459,Janelle,S5
2462,Marcella,S5
2465,Ulysses,S1
2465,Ulysses,S2
2465,Ulysses,S5
2466,Rodolfo,S4
2466,Rodolfo,S3
2466,Rodolfo,S5
2468,"Adam,Eileen",S0
2468,"Adam,Eileen",S2
2468,"Adam,Eileen",S3
2471,Norman,S4
2471,Norman,S5
2472,"Merri,Johnnie",S0
2472,"Merri,Johnnie",S2
2472,"Merri,Johnnie",S5
2473,Bambi,S1
2473,Bambi,S3
2473,Bambi,S5
2474,Richard,S4
2474,Richard,S2
2476,Helen,S4
2476,Helen,S0
2476,Helen,S5
2478,Christine,S4
2478,Christine,S1
2478,Christine,S3
2488,Martin,S0
2488,Martin,S3
2497,Gregory,S4
2497,Gregory,S0
2499,"Brenda,Angelina",S0
2499,"Brenda,Angelina",S2
2499,"Brenda,Angelina",S5
2500,Mary,S0
2500,Mary,S2
2505,Roman,S0
2505,Roman,S3
2507,"Robert,Victoria",S5
2507,"Robert,Victoria",S0
2507,"Robert,Victoria",S3
2509,Jesse,S1
2509,Jesse,S2
2513,Maureen,S5
2513,Maureen,S0
2514,Leticia,S3
2521,Laquita,S5
2521,Laquita,S1
2521,Laquita,S2
2524,Susan,S5
2524,Susan,S0
2524,Susan,S1
2524,Susan,S2
2531,"George,Danielle",S5
2531,"George,Danielle",S0
2531,"George,Danielle",S2
2538,Jose,S3
2540,Richard,S5
2540,Richard,S3
2540,Richard,S4
2541,John,S5
2541,John,S3
2543,Barbara,S3
2543,Barbara,S4
2544,Katheryn,S1
2548,Miguel,S5
2548,Miguel,S1
2554,Judy,S5
2554,Judy,S1
2554,Judy,S4
2555,Priscilla,S5
2555,Priscilla,S0
2555,Priscilla,S4
2556,Ernest,S0
2556,Ernest,S3
2558,Kirsten,S3
2560,Refugio,S0
2560,Refugio,S2
2560,Refugio,S3
2560,Refugio,S4
2569,Phillip,S5
2569,Phillip,S1
2569,Phillip,S2
2569,Phillip,S4
2570,Darlene,S2
2570,Darlene,S3
2574,Kara,S5
2574,Kara,S0
2574,Kara,S1
2579,James,S0
2579,James,S1
2582,Anna,S1
2582,Anna,S3
2582,Anna,S4
2584,Bill,S0
2584,Bill,S2
2585,Carita,S4
2587,Debra,S1
2587,Debra,S2
2587,Debra,S3
2595,"Sue,George",S2
2595,"Sue,George",S4
2596,Dorothy,S5
2597,Heather,S0
2597,Heather,S2
2597,Heather,S4
2600,Katrina,S5
2600,Katrina,S1
2600,Katrina,S2
2603,Wayne,S0
2603,Wayne,S4
2604,Robt,S5
2604,Robt,S0
2604,Robt,S2
2604,Robt,S4
2606,Jennifer,S3
2606,Jennifer,S4
2607,William,S0
2607,William,S1
2607,William,S2
2615,Stephanie,S0
2615,Stephanie,S2
2615,Stephanie,S4
2616,Paul,S2
2616,Paul,S3
2617,Chad,S5
2618,Trina,S0
2618,Trina,S2
2618,Trina,S4
2620,"Kevin,Helen",S3
2620,"Kevin,Helen",S4
2621,Quinn,S5
2621,Quinn,S2
2624,Charles,S1
2625,"Christopher,Richard",S0
2625,"Christopher,Richard",S4
2627,Jason,S5
2627,Jason,S2
2628,Melanie,S1
2629,"Heather,Shawn",S5
2629,"Heather,Shawn",S1
2629,"Heather,Shawn",S2
2630,Clarence,S5
2630,Clarence,S1
2630,Clarence,S2
2634,Terrence,S5
2634,Terrence,S1
2634,Terrence,S4
2636,David,S5
2636,David,S2
2636,David,S4
2640,Gail,S5
2640,Gail,S2
2640,Gail,S4
2644,Rachel,S0
2644,Rachel,S1
2646,September,S5
2646,September,S1
2649,Patrick,S5
2649,Patrick,S2
2649,Patrick,S3
2650,"Coleen,June",S1
2650,"Coleen,June",S2
2650,"Coleen,June",S3
2650,"Coleen,June",S4
2656,Jose,S1
2656,Jose,S2
2664,Karen,S0
2664,Karen,S1
2664,Karen,S3
2664,Karen,S4
2667,"Charlotte,Louise",S5
2667,"Charlotte,Louise",S0
2667,"Charlotte,Louise",S3
2668,James,S2
2668,James,S3
2670,Bobby,S5
2670,Bobby,S0
2670,Bobby,S4
2671,Karen,S0
2671,Karen,S2
2671,Karen,S4
2672,"Luella,Daniel",S0
2672,"Luella,Daniel",S2
2672,"Luella,Daniel",S3
2674,Linda,S0
2674,Linda,S4
2677,"Marie,Edith",S5
2677,"Marie,Edith",S0
2677,"Marie,Edith",S2
2683,Charles,S5
2683,Charles,S1
2685,Luis,S5
2685,Luis,S0
2685,Luis,S1
2685,Luis,S4
2696,Barbara,S1
2696,Barbara,S3
2696,Barbara,S4
2697,Patrick,S1
2697,Patrick,S3
2698,Phyllis,S5
2698,Phyllis,S1
2698,Phyllis,S2
2700,"Kyle,Wesley",S5
2700,"Kyle,Wesley",S1
2700,"Kyle,Wesley",S2
2701,Kevin,S2
2703,Lucille,S5
2703,Lucille,S2
2704,Pam,S5
2704,Pam,S2
2705,Brian,S0
2705,Brian,S2
2708,Diane,S5
2708,Diane,S0
2708,Diane,S1
2708,Diane,S3
2719,"Michael,Kenneth",S1
2719,"Michael,Kenneth",S3
2723,Amy,S5
2723,Amy,S0
2723,Amy,S1
2723,Amy,S3
2727,"Richard,Charles",S0
2727,"Richard,Charles",S1
2727,"Richard,Charles",S2
2727,"Richard,Charles",S4
2728,Penny,S1
2734,Jerry,S5
2734,Jerry,S0
2734,Jerry,S2
2735,George,S4
2737,Guadalupe,S3
2744,Jeffrey,S0
2744,Jeffrey,S2
2744,Jeffrey,S4
2746,Sally,S5
2751,Jason,S5
2751,Jason,S3
2752,Michael,S3
2755,Sandra,S0
2755,Sandra,S2
2755,Sandra,S4
2758,Laura,S0
2758,Laura,S3
2758,Laura,S4
2763,Richard,S1
2763,Richard,S3
2763,Richard,S4
2768,Marian,S3
2768,Marian,S4
2769,Richard,S5
2769,Richard,S0
2771,Rosenda,S0
2771,Rosenda,S1
2771,Rosenda,S2
2771,Rosenda,S4
2773,Terrie,S1
2775,Jesus,S0
2775,Jesus,S2
2775,Jesus,S3
2775,Jesus,S4
2776,Robert,S5
2776,Robert,S0
2777,"Ida,Jacque",S5
2777,"Ida,Jacque",S1
2777,"Ida,Jacque",S3
2782,Marvel,S5
2784,Andrew,S5
2784,Andrew,S1
2784,Andrew,S2
2791,Stephen,S0
2791,Stephen,S2
2791,Stephen,S3
2791,Stephen,S4
2794,Josephine,S0
2794,Josephine,S4
2797,"Angela,Jason",S0
2797,"Angela,Jason",S2
2797,"Angela,Jason",S4
2802,Thomas,S0
2802,Thomas,S1
2802,Thomas,S3
2805,"Neil,Kimberly",S5
2805,"Neil,Kimberly",S2
2807,"Joanne,Andrea",S5
2807,"Joanne,Andrea",S0
2807,"Joanne,Andrea",S4
2814,Howard,S5
2814,Howard,S0
2814,Howard,S2
2814,Howard,S3
2817,Jimmy,S0
2817,Jimmy,S1
2817,Jimmy,S4
2819,Katherine,S1
2821,Margaret,S3
2821,Margaret,S4
2825,"Kenneth,John,Buddy",S2
2825,"Kenneth,John,Buddy",S3
2827,Louis,S5
2827,Louis,S0
2827,Louis,S2
2827,Louis,S3
2828,Ralph,S5
2828,Ralph,S1
2828,Ralph,S2
2830,Carole,S0
2830,Carole,S1
2830,Carole,S3
2835,Jody,S0
2835,Jody,S3
2836,Kevin,S5
2836,Kevin,S2
2841,Alfonso,S5
2841,Alfonso,S1
2841,Alfonso,S2
2844,William,S1
2844,William,S3
2845,Melva,S0
2845,Melva,S1
2846,Michael,S2
2846,Michael,S4
2848,John,S1
2848,John,S2
2848,John,S4
2849,Rosemarie,S1
2849,Rosemarie,S3
2849,Rosemarie,S4
2850,Virginia,S1
2850,Virginia,S2
2853,Maria,S0
2856,Donn,S3
2858,Joyce,S5
2858,Joyce,S0
2858,Joyce,S1
2858,Joyce,S3
2861,Shawna,S3
2861,Shawna,S4
2864,Erin,S3
2865,Cody,S5
2865,Cody,S1
2865,Cody,S3
2867,Gertha,S5
2867,Gertha,S3
2870,Amanda,S5
2870,Amanda,S1
2870,Amanda,S4
2874,Rosemary,S5
2874,Rosemary,S4
2877,Miriam,S1
2877,Miriam,S4
2878,"Benjamin,Joseph",S2
2878,"Benjamin,Joseph",S3
2883,Lawrence,S1
2883,Lawrence,S2
2883,Lawrence,S3
2886,Lydia,S2
2886,Lydia,S3
2893,Heidi,S5
2893,Heidi,S0
2893,Heidi,S2
2893,Heidi,S3
2898,Gloria,S5
2898,Gloria,S1
2898,Gloria,S4
2901,Sara,S5
2901,Sara,S2
2901,Sara,S3
2901,Sara,S4
2902,"Shawn,Teresita",S0
2902,"Shawn,Teresita",S1
2905,Richard,S0
2905,Richard,S1
2905,Richard,S2
2908,Helen,S3
2910,Angelia,S0
2910,Angelia,S1
2910,Angelia,S3
2910,Angelia,S4
2911,Richard,S5
2913,"Craig,Harry",S0
2913,"Craig,Harry",S2
2913,"Craig,Harry",S3
2917,Weston,S0
2917,Weston,S2
2917,Weston,S4
2918,Sandra,S5
2918,Sandra,S2
2918,Sandra,S4
2920,Kelly,S5
2920,Kelly,S2
2921,Nita,S2
2921,Nita,S4
2928,Albert,S0
2928,Albert,S1
2929,John,S0
2929,John,S1
2929,John,S3
2939,Shelia,S5
2939,Shelia,S3
2939,Shelia,S4
2940,Dorothy,S5
2940,Dorothy,S1
2940,Dorothy,S3
2940,Dorothy,S4
2942,Elizabeth,S0
2944,"William,Marquetta",S5
2944,"William,Marquetta",S4
2948,Samatha,S4
2954,Michelle,S5
2954,Michelle,S3
2958,Reva,S0
2958,Reva,S2
2960,Thomas,S1
2960,Thomas,S3
2961,Carl,S0
2961,Carl,S2
2961,Carl,S3
2964,Carlos,S2
2964,Carlos,S3
2965,Charles,S5
2965,Charles,S3
2965,Charles,S4
2966,Megan,S4
2968,Shirley,S0
2968,Shirley,S1
2968,Shirley,S2
2969,Kathrine,S5
2969,Kathrine,S4
2971,Emma,S2
2976,Stella,S0
2976,Stella,S1
2976,Stella,S4
2977,Myrtis,S0
2977,Myrtis,S2
2982,"Darren,Lois,Robert",S5
2982,"Darren,Lois,Robert",S0
2982,"Darren,Lois,Robert",S2
2985,Vernon,S5
2985,Vernon,S3
2992,James,S4
2994,Catherine,S5
2994,Catherine,S0
2995,Christina,S1
2995,Christina,S3
2995,Christina,S4
2998,Christopher,S5
2998,Christopher,S1
2998,Christopher,S4
2999,Jonathan,S0
2999,Jonathan,S4
