ID,payload
8,Kimberly
10,"John,Lorenza"
11,Clarence
22,Brandon
24,Marjorie
35,"Darryl,Barbara"
40,Damon
50,"Sarah,Rita"
51,John
53,John
65,"Terence,Arthur"
70,Rhonda
78,Carl
89,Theodore
94,Omar
98,"Mindy,Sandy"
114,Bertha
118,Michael
121,"Alejandro,Marian"
138,Harry
143,"Steven,George"
149,"Rachel,Holly"
160,Darryl
170,Ralph
174,Casey
184,Harold
197,"Waylon,Ryan"
201,Bonnie
213,Rodolfo
216,Jerry
218,"Gilberto,Peter"
230,"Robert,Jolene"
232,Jason
244,Nicholas
246,Maurice
256,"Roland,Carlos"
265,"Ruth,Kimberly"
267,Mary
270,John
276,"Theodore,Ryan"
279,Eric
300,Kelvin
301,"Adam,Pamela"
311,Karen
314,Crista
318,Ronald
320,Mary
321,Laura
324,"Margaret,Dolores"
336,Charles
356,Joshua
359,Geraldine
374,James
379,"Roger,Jose"
380,Tamica
384,Robert
395,"Wanda,Stacey"
409,Gertrude
416,Jessica
418,Frederick
419,Jesse
430,Ray
431,John
436,Marjorie
440,"Alfred,Michael"
441,Charmaine
449,Dewitt
451,Joyce
458,Lester
468,"Todd,Shirley"
470,Annie
473,Glen
477,"William,Debra,Keith"
478,"Glen,Priscilla,Larry"
483,Anthony
492,Wanda
503,Mary
504,Ronnie
560,Shawna
573,Marc
574,"Carmen,Sue"
586,Kirby
592,Kelly
595,Betty
597,Krista
603,Carolyn
608,Nannie
624,Warren
625,"Ronald,Sean"
644,"Albertine,Matthew"
648,Carmen
687,Courtney
718,Patricia
726,"Evan,Laura"
728,James
735,Jim
737,William
741,Laurel
751,Timothy
752,Diane
761,Lori
762,"Justin,Katherine"
766,Jose
767,Mildred
793,Anthony
798,Stewart
804,Brian
805,Carol
812,"Debra,Rebecca"
814,Susan
821,Lashonda
841,Steven
867,Juan
871,"Stanley,Paul,Nellie"
877,Patricia
879,Kimberly
886,Albert
889,Karl
898,"John,Mary"
904,Garland
909,Charles
910,Edna
911,"James,Bill,Robert"
915,Mervin
916,Theresa
924,Elizabeth
925,"Robert,Diane"
926,Ronald
950,"Whitney,Janel"
972,Maggie
997,Nina
1000,Troy
1009,Fay
1017,Barbara
1018,Terry
1025,Earl
1026,Jesse
1030,Tamara
1034,"Irwin,Maria"
1035,Theodora
1042,Lori
1043,"Louie,Sherry"
1045,Mark
1055,"Charles,Willie"
1064,Carlos
1072,Melissa
1080,Richard
1097,Leonard
1119,"Matthew,Murray"
1122,Alana
1127,Lamont
1129,"William,Jim"
1132,Jimmie
1158,Joseph
1159,Lena
1161,Curtis
1165,Felicia
1171,Brenda
1197,Yun
1204,Roland
1209,Patricia
1212,"Jorge,Eva"
1224,Joe
1234,Kyle
1248,Vivian
1250,Richard
1254,Vicky
1257,Donald
1258,Peggy
1271,Jeremy
1272,John
1273,Robert
1278,Helen
1282,Brenda
1289,Dale
1324,Lawrence
1336,Audrey
1342,Tony
1349,"Nicholas,Jacqueline"
1350,Francisco
1351,Leon
1363,Abby
1370,Mary
1375,Donald
1381,Roscoe
1382,Mike
1386,Robert
1390,Patricia
1413,Lucy
1420,Kent
1422,"Ernest,Shauna"
1429,Vicki
1434,"Erik,Steve"
1442,"Jennifer,Max"
1444,Lupita
1484,"Roberta,Brenda,Richard"
1494,"Robert,Stacey"
1514,Mary
1517,Mark
1522,Alvin
1527,Monique
1537,Joseph
1547,"Erin,John"
1551,Fred
1558,"Stacy,Adam"
1559,"Raymond,Pamela"
1562,"Ramiro,Ariel,Edwin"
1570,Brooke
1591,Ronald
1592,Christine
1616,Lisa
1624,Kimberlie
1628,Daniel
1630,Ann
1635,Rosa
1640,Sharon
1644,Archie
1646,Althea
1653,Janet
1657,Nicholas
1659,Linda
1665,Judy
1674,Milagros
1680,Robert
1683,Ruth
1701,John
1712,Steve
1715,Charlene
1719,Sarah
1722,Lonnie
1727,"Rachel,Victoria"
1735,Jason
1736,Evelyn
1748,Ethel
1762,Lily
1766,Mitchell
1772,Glen
1783,Mary
1784,Doris
1794,"Kurtis,Joseph"
1826,Lauren
1828,Norman
1836,"Pamela,William"
1837,Gregory
1841,Edward
1842,"Hollie,Kathleen,George"
1843,Shari
1859,Robert
1875,Althea
1878,Chris
1881,Pearl
1885,Anne
1891,Barbara
1894,"Stephen,Kerri"
1895,Michael
1898,Justin
1900,Mario
1904,"Raymond,Robert"
1916,Willie
1945,"Paul,Flora"
1950,John
1951,Bruce
1954,Edwin
1964,Rose
1965,Ted
1975,Kathy
1978,"Diana,Cecile"
1979,Wanda
1981,"Krista,Simona"
1985,"Roberto,Sarah"
1988,Susan
1989,"Nicole,William"
2002,Terrell
2004,"Mary,Joelle"
2005,David
2007,Angel
2012,Rebecca
2018,Anthony
2021,Michael
2031,Javier
2033,Olga
2035,Daniel
2037,John
2057,Scott
2059,"Hattie,James"
2063,Christina
2065,George
2075,Marcus
2079,"Barry,Patrick"
2087,Lisa
2094,Henry
2095,Jerry
2097,Lonnie
2102,John
2108,Felipa
2113,Sylvia
2122,"Michael,Kenneth"
2140,Timothy
2145,Donald
2157,Lillian
2160,Mary
2173,Mildred
2181,William
2184,"Mary,Daniel"
2197,Melba
2198,Elva
2207,Ramona
2219,Zachary
2220,Patrick
2246,Sam
2261,Larry
2264,Kate
2269,William
2271,Margarita
2273,Connie
2276,Kasey
2292,Michael
2304,"Stanley,Terrance"
2305,Maria
2309,Lucille
2312,Arthur
2319,Linda
2331,Francis
2335,Vickie
2349,Thomas
2355,Samuel
2368,Anthony
2370,Sarah
2380,Bob
2387,Shelia
2412,Amy
2436,Rusty
2447,Trudy
2466,Terrence
2473,Elaine
2475,"Kevin,Kevin"
2479,Bernice
2486,Linda
2501,Carrie
2507,Hazel
2511,Shannon
2516,Flo
2523,Jim
2532,Rebecca
2537,Glenda
2540,"Robert,Cheryl"
2543,Augustus
2552,"Linda,Minnie"
2559,Michael
2560,Tasha
2575,Edward
2576,Gidget
2588,David
2605,William
2606,Gary
2612,Elbert
2614,"Carl,Robert"
2633,David
2649,Lawrence
2650,Paul
2659,Harold
2675,Douglas
2678,Daniel
2689,Lahoma
2696,Henry
2706,Ted
2707,"Brenda,Larry"
2708,Donald
2712,Kenneth
2722,James
2723,Royce
2725,Steven
2726,"Mark,Tina"
2756,"William,Earl"
2768,Sharon
2770,Eddie
2786,"Armando,Renae"
2787,Walter
2798,"Greta,Patricia"
2800,Joseph
2802,Louis
2810,Lynn
2811,Augustine
2824,Cathi
2825,Lizzie
2835,"Diane,Kurt"
2849,Thomas
2852,Tabitha
2858,Brandon
2864,Amy
2865,Carolyn
2867,Jena
2876,Kathryn
2880,Glenn
2883,Dora
2884,Bryan
2886,Sara
2888,Wendy
2909,"Helen,Helena"
2910,David
2915,Willa
2925,"Dennis,Nerissa"
2949,Tanya
2950,Jeniffer
2957,Joanna
2960,Trevor
2965,Bertha
2975,Lisa
2987,Candace
2991,Cliff
21,Tara
22,Lula
24,Patricia
33,Anthony
35,Keith
53,Joyce
54,Lorie
57,Marion
64,"Dianne,Daniel"
66,Joan
82,Marian
93,John
110,Bobbie
111,John
114,"Jeffrey,Michael"
128,John
137,Chris
138,Judith
150,Maragret
153,"Jeffrey,Daniel"
158,Donald
166,"Jeffery,Christopher"
170,Hannah
172,John
174,Alesia
193,Jerry
194,Laura
206,Cristal
212,Jose
224,Roberto
226,Robert
229,Ralph
232,James
235,"Matthew,Jeffrey"
239,Nilsa
256,Sherri
275,Isabel
286,Daniel
296,"Robert,Amber,Irvin"
298,Joanna
299,Robert
306,"Sheila,Elmer"
311,Matthew
313,Angie
318,Larry
320,"Damaris,Paul"
326,Paul
329,Phillip
342,"Geraldine,Shannon"
352,"Martin,Christopher"
353,Carl
354,Jose
355,Joe
367,Earnest
377,Stephanie
381,Donna
384,Erica
388,Melanie
396,"Darlene,Carol"
416,Sean
419,Sarah
430,Pamela
431,Christine
438,"Brian,Jodi"
440,George
452,Chris
459,Jamie
467,Robert
469,Bobbie
470,Paul
472,Richard
483,Ella
503,Raul
504,Judith
509,"Joesph,Beatrice"
515,Ethel
521,"Mike,Timothy"
533,William
536,Marlene
584,Philip
586,"Mickey,Gary"
587,Randy
600,Nancy
608,Walter
621,Ana
625,Glen
627,"Elizabeth,Ethel"
628,Kimberly
635,Gertrude
659,Megan
671,Lisa
690,Barbara
700,Arthur
701,Carol
706,Steve
720,Marlene
728,Kathryn
729,Virginia
747,"Joseph,Dale"
751,Jeremy
758,Charlotte
760,Hazel
761,Charlene
762,James
769,"Thomas,Willie"
774,Sara
778,Tabitha
786,George
790,"Jessica,Andre"
796,William
802,Jorge
805,Asuncion
810,Meaghan
818,Juana
821,"Ann,Sarah"
822,Jesse
839,Peter
840,Rhonda
841,Dean
847,Morris
851,John
853,Duane
855,Douglas
867,Marla
871,Brandon
892,Ada
903,Domonique
910,Nancy
911,Jonah
912,Jason
921,"Manuel,Roosevelt"
926,"Eddie,Shelly"
927,Mary
947,Bryan
948,Carolina
950,Samantha
952,Paul
959,Blanca
970,Thomas
977,Elton
981,Olivia
995,Edwin
997,Kevin
1010,Susanne
1011,Nancy
1018,Christine
1030,Daniel
1040,"Julia,Daniel"
1042,Ethan
1043,Carolyn
1045,Charlene
1046,"Sherry,John"
1062,Craig
1064,Ola
1069,Patrick
1076,"Eva,John"
1090,Tim
1096,Paul
1100,"Jane,Julia"
1125,Flora
1135,William
1137,Henry
1165,Elizabeth
1171,Cesar
1176,John
1179,Guillermo
1181,Jesus
1190,Andrew
1197,Dora
1198,John
1199,James
1205,Norma
1215,Walter
1218,Greg
1219,"Mary,David"
1225,Douglas
1247,Jaime
1248,Dean
1250,Judy
1251,Louise
1259,William
1282,Donna
1287,Roger
1300,Shirley
1301,Paula
1304,"Joshua,Raymond"
1310,Theresa
1312,Ethel
1331,Stewart
1342,Linda
1351,Beth
1359,James
1375,Penny
1377,"Donald,Paula"
1382,Avis
1384,Daniel
1385,"Robert,Alexander"
1386,Jeff
1411,Martha
1415,Terrance
1420,Magdalena
1430,"Mei,Ferdinand"
1444,Noe
1456,Mark
1476,Brandon
1478,"Bob,Timothy"
1497,Judy
1501,"Shaun,Carol"
1507,Christopher
1510,Elbert
1517,"Nancy,Mary,Pat"
1525,Frederick
1527,Eva
1529,Jason
1530,John
1547,"Jesus,Alex"
1551,"Lacey,Dulce"
1558,Mark
1561,Leonard
1568,"Joseph,Judith"
1575,Matthew
1578,Christopher
1584,"Denise,Louise"
1591,Harold
1592,Joseph
1602,Tommy
1616,Darcy
1624,Julie
1640,Jacob
1648,Stephen
1653,Darrell
1659,Brian
1660,Nancy
1661,Daniel
1668,Judith
1674,Diane
1699,Elnora
1711,Alexis
1713,Hung
1723,Billy
1735,Karl
1743,Patricia
1772,Melissa
1773,Helen
1778,"Rose,Melanie"
1783,Elva
1788,Dorothy
1794,Kenneth
1795,Ada
1805,Ashley
1806,Erin
1811,Joshua
1813,Joan
1821,"Marc,Emma,Lillian"
1828,Jill
1836,Barbara
1849,Danny
1852,John
1857,Gabriel
1860,"Jarrod,Robert"
1867,Crystal
1868,"Melissa,Marcus"
1869,Megan
1880,Rachel
1886,Jo
1894,Lionel
1898,"Stuart,Charles,Janie"
1911,Rosa
1917,Muriel
1922,Paul
1923,Peggy
1925,Frances
1949,Martin
1968,Mary
1969,Sybil
1979,Dominic
1981,James
1988,"Joseph,Leonard"
2002,"Johnathan,Charles"
2003,"Maria,Alan"
2005,Mark
2006,"Francisco,Mark"
2007,Violet
2008,"Maryann,Richard"
2014,"Alicia,Vergie"
2021,Rebecca
2026,Mary
2031,Mary
2035,Bonnie
2044,Francis
2053,Oliver
2055,Kevin
2056,"Karly,Pam"
2070,Maria
2075,Rose
2083,"Gerald,Phyllis"
2084,"Holly,Jason"
2087,"Camille,Vance"
2094,Sandra
2095,"Rosa,Calvin"
2115,Pam
2118,"Vincent,Alice"
2148,Brittany
2149,Joanne
2154,Linda
2160,Neal
2170,"Tricia,Gerald,Adam"
2175,Willie
2177,John
2181,Hans
2184,Kirk
2192,Arthur
2207,Karen
2212,"Vanessa,Frances"
2222,Gregory
2228,"Beverly,Christopher"
2237,Audrey
2243,"Dorothy,Dana"
2250,Bryan
2259,James
2260,"Patricia,Geraldine,Susie"
2265,Erin
2266,Gerald
2267,Samuel
2269,Wendell
2271,Sue
2279,Faye
2285,Kathy
2289,James
2303,Kathy
2305,Marta
2312,William
2329,Alfred
2332,"Cynthia,Gerald"
2334,Jenelle
2335,Irving
2338,Shane
2340,Alexandra
2345,Connie
2349,Steven
2350,Kathryn
2355,Berta
2361,Vernon
2369,"Anna,Alana,Steven"
2370,Mary
2373,"Michelle,Laura"
2380,Pamela
2383,Tammy
2391,John
2394,Marsha
2401,Raymond
2405,Milton
2406,Mary
2423,"Curtis,Shaun"
2429,Virginia
2436,Gayle
2450,"Agustin,Howard"
2451,"Joe,Dianne"
2466,"Vada,Angela"
2468,Miranda
2478,Cathy
2479,Deborah
2486,Cedric
2489,Elizabeth
2505,Derek
2510,Pamela
2526,"Bonnie,John"
2528,Edith
2537,Cynthia
2557,Stephanie
2560,Marisa
2567,Patricia
2568,Jennifer
2576,"John,June,James"
2581,"Brenda,Carol"
2587,Mary
2599,"Donald,Kelly"
2602,Linwood
2605,Adam
2610,Michael
2613,Edith
2616,Tommy
2645,Polly
2667,Randy
2678,Alex
2697,Reginald
2706,Mary
2708,Brandy
2712,Randy
2715,Ryan
2720,"Larry,Cheryl"
2726,Randall
2729,Nancy
2756,Mark
2758,Craig
2763,Lauren
2770,"Jonathan,Vincent"
2783,"Brian,Gerald"
2786,Janet
2787,Guadalupe
2791,Jessica
2800,Kelly
2802,Olga
2803,"Gerald,Edith"
2811,Maude
2814,Hector
2818,Mildred
2824,Gary
2830,Catherine
2847,"Fran,Patricia"
2849,Jill
2859,Sylvia
2861,Adam
2862,David
2883,Barbara
2884,Donald
2886,"Kathleen,June"
2888,Dorinda
2893,Misty
2899,"Don,Meryl"
2901,Maria
2914,Otis
2919,"Marcia,Tara"
2931,Charles
2939,Anna
2940,"James,Ramon"
2949,Gary
2957,Damien
2961,Angie
2964,Richard
2965,Rose
2975,Dottie
2979,Tina
2985,Thomas
2993,"Johanna,Felix"
8,Julie
10,Susan
11,Sidney
14,"Diane,Franklin"
30,Zachariah
37,Lesley
41,"Wendy,Aurelia"
43,"Yolanda,Scott"
46,"Jean,Janet"
51,"Frederick,Carrie,Christina"
53,Dorothy
54,Alesha
56,Linda
57,Brenda
82,"Gary,Natalie"
93,Ernest
94,Travis
96,"Pablo,Jonathan,Wilma"
106,Ike
110,Samuel
119,Valarie
121,Clayton
128,Kenneth
134,"Marcelina,Charles"
137,Matthew
142,Harriette
143,Steven
158,Michael
160,Walter
169,Theresa
170,"Vivian,Kathryn"
172,Jennifer
182,Carolyn
184,Aaron
186,"Richard,Mary"
223,"Scott,Melissa"
226,Mamie
229,Larry
239,"Michelle,Kelly"
244,Olga
252,Katy
257,Karen
275,Christy
276,Wanda
279,Michael
289,Jerry
298,Darlene
299,April
304,Bob
308,Gina
310,Paula
313,"Dennis,Allan"
314,Maxine
318,Jennifer
321,Paula
324,"Penelope,Rose"
328,Katie
336,"Bonnie,Joshua"
342,"Robert,Genoveva"
348,Peggy
352,"Phil,Bernadine"
375,"Sharon,William"
377,April
379,Kathryn
381,Bruce
389,"Leon,Lisa"
391,Andrea
395,"Tyler,Patrick"
416,Regina
418,Doris
428,Jim
438,Paula
448,Sharon
451,Carlos
459,"Elda,Joyce,Iesha"
463,Philip
468,Mary
480,Rhea
500,Leticia
503,Scott
504,Felicia
509,Mark
519,Dorothy
533,Virginia
536,Carlos
541,"Jeffrey,Rosalyn"
551,Santos
552,Diane
565,Raymond
583,Howard
584,Raymond
588,Maribeth
592,Rose
600,Lisa
606,Morris
608,Ronald
624,"Christopher,Cheryl"
628,Matthew
638,Margie
641,Laurena
671,Leslie
689,Charles
693,"Charles,Diane"
696,Mark
701,Elizabeth
717,Catherine
725,Herman
734,Benjamin
741,Barbara
747,"Lisa,Paul"
752,"Deloris,Jerome"
758,Vickie
762,Scott
764,Erica
765,Margaret
766,Jane
767,"Erin,Kevin,Mark"
771,"Connie,Melodie"
778,Christopher
781,Hedwig
793,Chance
795,David
800,Debra
804,Jocelyn
805,Thelma
810,Clyde
811,Dante
818,Linda
819,"Sharon,Julio"
821,Walter
839,Christopher
851,Harold
853,"Robin,Keith"
877,David
886,Fernando
889,Julia
892,Joseph
893,"Charlene,Norma"
898,Lynn
904,Jerome
907,"Devin,Deborah"
915,"Jonathan,Sidney"
919,"Anne,Richard"
924,Olive
925,Annette
929,"Charles,Hector"
947,Sabrina
956,Toby
963,Dennis
969,Ricardo
970,"Priscilla,Christopher"
972,"Jackie,Gregory"
975,Jennifer
981,Mark
993,Michael
995,Roberta
1009,"Janice,Michael"
1010,Mary
1011,"Marian,Patricia"
1018,Beverly
1022,"Carla,Diane"
1025,"Jody,Billie"
1026,Javier
1040,Jordan
1042,Jesse
1046,Susan
1057,Terry
1062,"Ella,Danny"
1072,Charles
1103,Joleen
1122,Karen
1125,Dorothy
1136,Juan
1158,Betsy
1159,"Margery,Mary"
1162,Judith
1165,Jesus
1177,"William,Sylvester,Jason"
1179,Marguerite
1181,Gloria
1194,Melanie
1209,"Sammy,Kirk"
1215,Steven
1233,Lee
1242,Carolyn
1247,Donald
1248,Lilliam
1249,Brian
1251,"Harold,Wilmer"
1254,Granville
1259,Antonia
1268,"Ruth,Raymond"
1271,David
1289,Lindsay
1300,Donna
1310,"Pat,Charles"
1316,Armando
1321,Patricia
1336,Virginia
1339,Miguel
1359,"Latonya,Guadalupe"
1375,Kathy
1376,Jessica
1381,Sandra
1384,Stephen
1385,Billy
1386,Lillian
1390,Sophia
1412,"Daniel,Terence"
1413,"Ramon,Jill"
1415,"Jesse,Curtis"
1417,Mary
1418,Joseph
1434,Maricruz
1438,Luis
1450,Donald
1455,"Ruth,Mark"
1470,Brett
1474,Carlota
1477,John
1492,Betty
1501,Jean
1523,"George,Vera"
1525,Mildred
1526,Joshua
1529,Mercedes
1534,Susan
1537,Shanna
1538,Mary
1551,Robert
1557,Karen
1558,Paul
1561,David
1562,Barbara
1566,James
1575,"Steve,Patti"
1578,"Janice,Mark,Eric"
1580,David
1586,Freda
1602,Margo
1621,George
1624,Gregory
1640,David
1646,Helen
1648,"Kevin,Robert"
1657,Harry
1660,Joyce
1666,Shu
1680,"George,John,Bruce"
1713,Kum
1730,Mattie
1749,Kathy
1764,August
1766,Earl
1770,Jennifer
1788,Carolyn
1790,Eric
1794,Rodney
1811,Henry
1816,"Anita,Lisa"
1836,Donald
1837,Shelly
1852,"Lillian,Catherine"
1857,Jillian
1862,Dewey
1867,Robert
1869,Christian
1875,Betty
1878,Kenneth
1880,"William,Maria"
1881,Maurice
1896,Jennifer
1905,Ali
1908,Patricia
1915,"Maurice,Santos"
1917,Charles
1927,Frank
1936,Joseph
1943,Daniel
1945,Irma
1949,Edward
1951,Roberta
1953,Harvey
1954,Emma
1960,Cynthia
1968,Donna
1972,Lisa
1978,"Evangeline,Courtney"
1982,"Julius,Karen"
1988,Guadalupe
1998,David
2008,Michael
2012,Daniel
2014,"Michelle,William"
2034,"Beatrice,Terrence,Mark"
2049,James
2059,Dorothy
2070,Emma
2077,Charity
2083,Mitchell
2089,"Ronald,Robert,William,John"
2095,Mary
2098,Virginia
2108,"Geneva,Robert"
2113,Darrell
2115,"Jacqueline,Sheryl"
2122,Georgia
2123,William
2149,Gene
2157,"Brigitte,Emily"
2158,Lauren
2161,William
2173,Anna
2176,"Anne,Sharon,Sara"
2184,Jamie
2190,Christopher
2191,"Janet,Lucy"
2195,Stephen
2198,Sara
2212,Robert
2213,"Joe,Russell"
2219,Brenda
2220,Daniel
2228,Norberto
2233,Rhonda
2234,Sean
2250,Gladys
2253,Joseph
2261,Larry
2265,Mary
2270,David
2274,Gina
2275,Arlene
2281,Laura
2289,Leslie
2294,"Brian,Kevin,Earl"
2299,Lavonne
2305,Jason
2309,Terri
2322,Darcy
2329,Mary
2331,Deborah
2335,Jose
2345,Connie
2349,Albert
2350,Edmund
2354,"Julie,Rachel"
2361,Daniel
2366,James
2369,Robert
2370,David
2387,"Lori,Victoria"
2391,"Andy,Floyd"
2396,"Lamar,Laura"
2410,Clarence
2424,Corey
2429,Michelle
2451,Kim
2453,Kathryn
2457,Ronald
2468,Vernon
2478,Stanley
2480,Brett
2496,Janyce
2501,Karen
2516,"Bessie,Suzanne"
2523,Kathleen
2528,"Michael,George"
2536,Arturo
2541,Moira
2552,"Mary,Sarah"
2560,Carolyn
2561,"Demetrius,Bradley"
2567,Emily
2575,"Orlando,Michael"
2581,"Robert,Sherry"
2591,Virginia
2602,Karen
2616,Cody
2643,Leah
2645,Gilbert
2647,"Mary,Dennis"
2649,William
2650,James
2659,Arturo
2663,"James,Ellen"
2664,Sarah
2667,Barbara
2669,Richard
2675,Rick
2676,Linsey
2696,Erika
2702,"Nola,Martha,Christopher"
2707,Sharonda
2712,Junior
2713,"Jessie,Bobby"
2720,Robert
2723,Jackie
2726,Jack
2729,"Carolee,Mark"
2745,Lashawn
2763,Deann
2775,"Edwin,Lazaro"
2777,Duane
2787,Miguel
2791,Noe
2814,Eduardo
2818,Linda
2820,"Mary,Debra"
2827,Linda
2849,Lynn
2864,Mary
2865,Walter
2876,"Brandon,James"
2893,"Gary,Marcus"
2894,Francisco
2899,Duane
2901,James
2910,Yolanda
2913,"Ricky,Winifred"
2925,John
2929,John
2931,"David,Howard"
2954,Harold
2960,Jeremy
2961,Rubin
2987,Sheila
2991,Rodney
2995,Rosa
8,Eric
11,Carmelia
21,"Sean,Donald"
22,Alma
33,Ardis
40,"Richard,Jackeline"
50,Bradley
65,Terry
66,Denise
93,Marie
94,Caroline
96,Alicia
98,Joan
106,Blake
119,Samantha
135,Dwight
138,Joyce
146,Connie
149,Douglas
158,Wilma
169,"Lucy,Betty"
172,Norma
175,Troy
186,David
197,David
201,Jimmy
213,Anna
221,"Janice,David"
223,"Jennifer,Ola"
226,David
231,Agustina
232,Wendy
240,Vivian
241,"Eugene,Teresa"
243,"Kathleen,Bobbie"
252,Karen
261,Andrea
265,"Roxanne,Christina"
270,Mary
276,Irene
283,Linda
294,Andrew
301,Jeffrey
304,Yolanda
306,Sharon
311,Diana
313,Pearl
314,"Kate,Barbara"
318,Beverly
326,Christina
343,Robert
348,Betty
363,Jeffrey
367,Alice
369,"Donna,Jason"
374,Juanita
379,Jacqueline
380,Laurie
388,Mary
389,"Tammy,Vikki"
391,Marian
416,Richard
422,"Karen,Javier,Perry"
438,Kimberly
452,Meghann
467,Evelina
477,Bonnie
483,Esteban
491,"Sylvia,Katie"
500,Charles
513,"Verna,Brian"
518,William
519,Marilyn
520,"William,Gavin,Gaston"
528,Ronald
533,Paula
536,Brenda
551,Barbara
563,Lila
565,Letha
573,"Jose,John"
583,Paul
586,Irene
587,Belinda
597,Gail
600,Harold
609,Betty
620,Melinda
628,"James,Kellie"
633,Steven
638,Mary
641,Jessica
648,"Lisa,Emma,Melissa"
653,Thomas
659,Paul
661,Victor
664,Allie
671,Shirley
682,Randall
696,Daniel
714,"Jeffrey,Paula"
716,Kathryn
717,Melissa
737,Edward
740,Kathryn
758,Columbus
761,Donna
764,Roger
769,John
778,Stephen
781,Sean
790,Tony
795,Carlos
796,Eric
798,Steve
803,Vicky
810,James
812,Sallie
829,"Steven,Bertha"
840,Perry
841,Angela
844,"James,Gregory,Melanie"
853,Maria
859,Flora
860,"Angela,Michael"
880,Donald
891,"Colleen,Gerald"
892,Edward
893,Jeremy
903,Lea
910,William
912,Brooke
948,Gregory
950,Deborah
952,"Matthew,Daniel"
959,Roxanne
963,Phillip
974,Norine
975,Donald
993,Shirley
995,John
997,Robert
998,Jennifer
1017,David
1026,"Sam,Roberta"
1030,Stephen
1035,"Peter,Mary"
1039,Bret
1045,Helen
1055,Michael
1057,Shirley
1075,"Amanda,George"
1105,Richard
1119,"April,Linda"
1135,Linda
1136,Ruth
1137,Edward
1158,Bobbie
1162,Charles
1171,Eduardo
1195,Dawna
1205,Stephen
1212,Phyllis
1214,Mary
1215,Lillian
1217,Frances
1223,Richard
1250,Melynda
1255,Casandra
1259,Susan
1271,Lon
1272,Josette
1278,Leonard
1287,Guy
1289,Keith
1300,Neil
1301,"Major,Ashley,John"
1304,Paul
1312,Jose
1316,Edward
1320,"Gary,Dorothy,Joseph"
1324,Leroy
1339,Dennis
1342,Sandra
1349,Sara
1351,Harriet
1370,Franklin
1372,Jason
1381,William
1384,Lucinda
1385,Myra
1390,"Pamala,Pablo"
1412,Steve
1413,Rene
1420,"Jose,Ora"
1422,Roland
1438,Dominique
1441,"Rick,Andrew"
1442,Stephen
1444,Roxanne
1456,Julia
1470,Owen
1474,Kevin
1476,Christopher
1477,Matthew
1478,Michael
1491,Geraldine
1495,Clifton
1522,Keith
1523,Susan
1525,Ryan
1534,"Lucia,Christopher"
1557,Janet
1559,Eleanor
1570,"Irina,Arthur"
1584,Lucille
1586,Robert
1591,Doreen
1592,Carla
1603,Ruby
1616,Adrianne
1619,"Morris,Jeffrey"
1621,Martin
1628,Michele
1635,"Barbera,Briana"
1646,Wayne
1653,"Sarah,David"
1661,Danny
1665,Heather
1666,Lawrence
1669,"Terry,Paula"
1670,Harold
1674,Stephanie
1683,Elizabeth
1705,Luis
1711,Alexander
1712,Natasha
1713,Fran
1714,Robert
1722,"Juanita,Dominic"
1740,Jean
1743,Anthony
1746,Jay
1753,Harriet
1770,Eric
1772,Keith
1777,"James,Louis,Harold"
1778,Christina
1784,Austin
1790,Susan
1795,"Andrew,Gregory"
1806,"Marie,Katherine"
1820,George
1821,Michael
1823,Michael
1826,Linda
1828,James
1841,John
1842,Debbie
1849,Margaret
1859,Jean
1878,Maureen
1885,Victor
1886,"Maria,Hattie"
1900,Vida
1902,Laurie
1911,Sharon
1915,Mellie
1917,Mildred
1927,Shannon
1929,Vicki
1951,Susan
1960,Carol
1964,Norma
1965,Carolyn
1968,Paul
1982,Lynn
1993,Joyce
2002,Gary
2003,Ann
2005,Raymond
2006,David
2012,Elizabeth
2021,Jason
2031,Neil
2037,Guadalupe
2040,Sharlene
2043,Fred
2055,"Sandra,Teresa,Megan"
2056,Robin
2059,Wayne
2065,"Margaret,Jason"
2097,Rose
2102,"Anthony,Christina"
2113,Suzanne
2136,Leopoldo
2140,"Thomas,Rory"
2145,Brandon
2146,"Matthew,Scott,Georgia"
2148,Christopher
2154,Charles
2158,Charles
2159,John
2161,Henry
2170,Bradley
2173,Florine
2185,Andrew
2198,Donald
2204,Clarence
2212,Carol
2219,Phyllis
2243,Anna
2264,Monica
2265,Mike
2266,James
2271,Leah
2273,"Carl,Dale"
2274,"Dorthy,Mildred"
2276,Evelyn
2281,Ellen
2285,Mary
2303,Bridget
2312,Diana
2331,John
2332,Mary
2340,Valentine
2349,John
2355,Alexander
2357,Marilyn
2361,Pablo
2363,Doris
2368,Edmund
2373,Andre
2383,"Marcus,Jesus,Mary"
2387,Tammy
2405,Pamela
2406,Rhoda
2410,Doris
2423,Pedro
2424,Charlene
2436,Toni
2447,Terry
2466,Rodolfo
2468,"Adam,Eileen"
2473,Bambi
2478,Christine
2488,Martin
2505,Roman
2507,"Robert,Victoria"
2514,Leticia
2538,Jose
2540,Richard
2541,John
2543,Barbara
2556,Ernest
2558,Kirsten
2560,Refugio
2570,Darlene
2582,Anna
2587,Debra
2606,Jennifer
2616,Paul
2620,"Kevin,Helen"
2649,Patrick
2650,"Coleen,June"
2664,Karen
2667,"Charlotte,Louise"
2668,James
2672,"Luella,Daniel"
2696,Barbara
2697,Patrick
2708,Diane
2719,"Michael,Kenneth"
2723,Amy
2737,Guadalupe
2751,Jason
2752,Michael
2758,Laura
2763,Richard
2768,Marian
2775,Jesus
2777,"Ida,Jacque"
2791,Stephen
2802,Thomas
2814,Howard
2821,Margaret
2825,"Kenneth,John,Buddy"
2827,Louis
2830,Carole
2835,Jody
2844,William
2849,Rosemarie
2856,Donn
2858,Joyce
2861,Shawna
2864,Erin
2865,Cody
2867,Gertha
2878,"Benjamin,Joseph"
2883,Lawrence
2886,Lydia
2893,Heidi
2901,Sara
2908,Helen
2910,Angelia
2913,"Craig,Harry"
2929,John
2939,Shelia
2940,Dorothy
2954,Michelle
2960,Thomas
2961,Carl
2964,Carlos
2965,Charles
2985,Vernon
2995,Christina
10,Rita
21,William
22,Jon
24,Crystal
30,"Leroy,Jordan"
33,Sarah
41,Johnnie
43,Veronica
45,Kristina
54,Stevie
56,Jane
57,"Edna,Marie"
66,Arlene
78,"Kathleen,Pamela"
89,Tara
94,Virginia
99,Luis
106,Marian
111,Gary
118,Dawn
127,Vannesa
128,"Dina,David"
153,Ruth
160,"Frederick,Heather"
172,Robert
175,Johnny
182,Precious
184,Amy
195,"Michael,Kari,Rosa"
201,"Bonnie,David"
206,Raymond
216,William
218,Linda
230,Kathy
232,Patty
239,Raymond
243,Robert
246,Teresa
252,Krystal
261,"Erin,Edward"
267,Jeremy
269,Laura
280,Wanda
299,Ashley
300,Jessica
306,Rogelio
308,Dennis
326,Lisa
329,"James,Joanne"
338,Cynthia
353,Jaime
354,"Tameika,Anne"
355,Anna
356,"John,Cyndi,Eric"
369,Faith
374,Jeffrey
377,Christopher
418,Jennifer
431,Violet
440,Andrea
448,Barbara
449,"Frank,Kim"
451,Michael
463,Michelle
467,"Kelly,Jack"
468,Alex
469,Kathleen
480,Patrick
483,Donald
491,Meaghan
492,Karin
500,Adrianne
515,Kaci
516,Lydia
521,Jay
528,Yvonne
545,Mary
563,Mary
565,Tina
579,Brenda
583,Osvaldo
584,Lydia
588,William
608,Lou
609,"Thomas,Keith"
624,Ricky
626,Ronnie
631,Walter
633,Valeria
638,Christopher
659,Maxine
693,Alaina
695,Anthony
696,"Gene,William"
701,Clemmie
706,Judy
717,Jean
718,Efrain
720,Ralph
725,David
726,Pauline
728,"Carly,Anna"
740,"Tabitha,Robert"
751,"Frances,Rebekah"
764,Kelly
765,Dorothea
766,John
769,Paul
774,Nathaniel
785,Larry
790,Brittany
796,Cynthia
800,Walter
802,Joseph
803,"John,April"
812,Carolyn
818,"Veronica,Dolly"
819,"Linda,Chuck"
851,"William,Phyllis"
855,Florence
866,Judy
877,Taylor
886,Jeffrey
890,"Steven,Steve,Matthew"
892,Gail
893,Michael
903,Megan
909,Veronica
916,Laura
919,Dorothy
924,Dale
942,Christine
952,Robert
956,Rocco
968,Christine
969,"Earl,Stephen"
972,Amos
977,Bessie
981,"Ruben,Orpha"
993,Everett
1004,Tony
1011,Lillie
1022,Misty
1027,Melinda
1042,Joseph
1062,Eugenia
1069,Adelaide
1075,Lorna
1076,Geraldine
1080,"Thelma,Marcia"
1090,Lisa
1096,John
1097,Steven
1129,Faye
1135,Kristie
1137,Lee
1158,Alice
1165,Bernadette
1168,Sherry
1171,Ken
1176,Tammy
1179,"Alice,Jonathan"
1190,"Irvin,Jason"
1198,Aida
1204,Travis
1214,Deborah
1223,Rosa
1224,Jane
1225,"Carmen,Lily,Michael"
1233,David
1242,Wanda
1248,Christopher
1254,Richard
1255,Diane
1278,Javier
1282,William
1296,Norman
1304,Sylvia
1313,Carol
1321,Terry
1324,Theodore
1351,Jennifer
1363,"Cynthia,Brittany"
1370,"Michael,Margaret"
1371,"Aaron,Velma"
1418,Craig
1429,Edward
1430,Jack
1441,David
1444,Dorothy
1455,Lonnie
1456,Robert
1470,Anne
1474,Tamara
1476,Deborah
1477,Anna
1494,Eleanor
1495,"Nicole,Pamela"
1522,Cheryl
1523,Michael
1530,Julius
1538,"Ruben,Thomas"
1559,Brian
1566,Brian
1580,Donald
1584,Maria
1602,Dorothy
1612,Benedict
1616,Rosario
1621,Carl
1624,Clifford
1628,Kimberly
1646,David
1660,Roger
1665,Anthony
1668,John
1674,Nathan
1699,"Edwin,Brad"
1700,Elizabeth
1705,Brian
1712,"Isabella,Charles"
1713,Liza
1715,Terry
1722,Barbara
1727,Brenda
1735,Sidney
1746,Wm
1748,Shawn
1753,"Wanda,Carol"
1756,Russell
1773,Kevin
1774,"Keesha,Elizabeth"
1777,Darren
1783,"Harry,Shirley"
1795,Julie
1805,David
1806,Thelma
1816,Joel
1832,"Mable,Lana"
1837,"David,Mike"
1860,Evan
1862,"Janet,Cruz"
1868,Gary
1885,Elda
1891,"Karen,Mary"
1896,"Terry,Chad,Cindy"
1902,Quinn
1904,Barbara
1911,Will
1915,Edgar
1916,Luther
1917,Robert
1922,Robin
1923,"Vicki,Henry"
1925,Mike
1927,Daniel
1936,David
1949,Barbara
1951,Doris
1953,Fannie
1954,Elizabeth
1960,Maria
1964,"Addie,David"
1965,Erica
1972,Jean
1975,Bonnie
1979,Deanne
1983,Douglas
1989,Maxwell
1993,Lillian
2003,Deborah
2004,Terri
2012,Steven
2015,"Patrice,Mary"
2018,"Mary,Frank"
2021,Jason
2026,Michael
2033,Mary
2034,Jim
2038,Yong
2040,Marlene
2044,Hallie
2049,David
2051,Norman
2053,Brooke
2065,Jon
2079,"Megan,Steven"
2084,David
2087,Gavin
2097,"Patricia,Jeffrey"
2098,"Barbara,Faustino"
2102,Minnie
2109,Donna
2122,Tammy
2146,Amanda
2149,Terry
2154,Wayne
2157,Scott
2158,Eduardo
2166,Morgan
2177,"Minh,Jerry,Carlos"
2181,Patricia
2191,Keith
2192,Kevin
2204,Calvin
2207,Rebecca
2213,Leonard
2220,Dawn
2234,Ramona
2237,"Crystal,Thomas"
2246,Steven
2262,Marva
2265,Harold
2266,Linda
2267,"Johnny,George"
2270,"Eugene,Connie"
2271,Leon
2274,Damien
2279,Natalie
2281,Omar
2285,Jeanne
2292,Keven
2304,Alice
2309,Edna
2319,Juan
2322,"Stacey,Elijah,Louis"
2338,Elizabeth
2345,"Sybil,Roberta"
2366,Laura
2368,Imogene
2373,John
2380,Donald
2384,John
2391,David
2394,Phyllis
2396,Carmen
2405,Michael
2412,Ellen
2423,Marvin
2436,Kenneth
2440,Violet
2450,Todd
2482,Margot
2486,"Daniel,Mary"
2489,Brenda
2514,Jeffrey
2515,"Tammy,Sharon"
2528,Catherine
2570,Carmen
2582,Marvin
2587,Wendell
2591,William
2599,"Kelly,Daniel"
2605,Mary
2612,"Bob,Donald"
2613,Jerome
2647,Ernesto
2649,Stacey
2664,David
2665,"David,Hector"
2668,Linda
2672,Dale
2673,Mary
2675,John
2676,"Cody,Kyle"
2678,"Robin,Elaine"
2702,Brenda
2706,Warren
2708,Donald
2712,Mark
2715,Rebecca
2721,"Paul,Dorthy"
2722,Charlene
2723,Carolyn
2725,Adam
2729,Glenda
2751,Charles
2758,"Thomas,Linda"
2770,Jonathan
2777,Patricia
2783,Kevin
2786,Lillian
2789,"Michael,John"
2798,"Daniel,Mike"
2806,Scott
2810,April
2811,Milton
2818,Sharon
2820,Kathryn
2821,Wilson
2827,"Jeremy,Terry"
2835,Alfred
2844,Kevin
2847,"Malcolm,Angie"
2858,Scott
2859,Andrea
2861,Henry
2867,Kristina
2875,"Pamela,Robert"
2876,Kathy
2884,Edwin
2888,Elizabeth
2903,Evangeline
2910,Kevin
2914,Kendall
2929,Ronald
2940,Christina
2945,Raymond
2947,Ian
2950,Mary
2965,Joseph
2987,Cindy
2995,Sonya
9,Margaret
11,Kimberly
24,Sharon
33,Marian
35,Dan
37,"Shara,James"
40,Charles
41,Arnold
45,Robert
46,Andrew
50,William
66,Carl
89,"Julia,Kareem"
93,Sonia
106,Lisa
116,Frances
119,"Catherine,Lisa"
150,Carrie
153,Lawrence
158,Jeremy
169,Lisa
186,Anne
193,Gloria
213,Scott
218,George
224,Gary
231,"Doris,David"
240,Faustina
241,Richard
244,Terrence
257,Chester
261,Laurette
267,Kathleen
270,Tom
275,"Janice,Daniel"
283,Albert
286,Martha
289,"Corey,Antonio"
296,Alexandra
308,James
310,"Ruth,Cindy"
311,Sandra
320,William
329,Amy
336,Linda
338,Viola
354,Debra
355,"Jennifer,Cleo"
363,Shannon
367,Gracie
369,Charles
384,Jeanette
385,"Shari,Patrick"
388,Mary
396,Marsha
418,Phil
419,Jennifer
431,Cornell
441,Stephanie
448,Frank
449,Scott
470,"Martin,Norma"
473,Lawrence
480,"Edgar,Richard"
492,"Arlene,Betty"
504,Heather
509,Thomas
515,Elouise
516,"Wanda,Jesse"
520,Kathy
526,Alec
541,Betty
545,Gary
565,Mary
579,Wilma
583,Harold
588,William
595,"Lora,John"
597,Arthur
600,Nellie
603,"Michael,Donna"
609,Alan
621,"Gabrielle,Frank"
625,Brent
626,Edgar
635,"Terry,Eloise"
641,Judith
644,Maria
653,Leon
659,My
664,Rod
682,Nathaniel
687,"Elizabeth,Walter"
689,"Sarah,Edna"
690,Gina
693,Lamar
695,Joanne
700,Nancy
701,Jose
706,"Heather,Jose"
714,Tina
718,"Lawrence,Kenneth"
729,Larry
735,Donald
752,Glenn
758,Stephen
760,Chester
764,Justin
765,Tammy
766,Darrel
774,Susan
785,Eugene
796,Natalie
800,Adriana
804,Wesley
811,Steven
827,Erin
829,Jamie
839,Margie
841,Thelma
844,Robyn
847,Maria
859,"Jerry,Ronald"
860,Mark
872,Michael
879,Eugenio
880,"Lindsay,Bernice"
890,Edward
898,Rebecca
909,Alexis
915,Humberto
916,"Homer,Jim"
921,"Janice,Edwin"
924,Ivan
926,Peter
927,Melissa
929,Susan
942,"Martin,Joseph"
948,Owen
959,Sylvia
969,Alison
975,Rita
993,Daniel
995,Lucille
998,"Stephen,Katherine,Neal"
1004,John
1009,Gerardo
1010,James
1017,"Darrell,Robin"
1018,Valerie
1025,Dennis
1027,Francina
1035,Albert
1040,David
1043,Lizbeth
1046,Britta
1069,"Jessica,Anna"
1072,Kevin
1075,Howard
1076,Samantha
1090,Bobby
1097,"Mary,Eileen"
1103,Cheryl
1105,Kathleen
1125,Vada
1129,Kelli
1132,Reginald
1135,Tashina
1162,Lan
1168,Elizabeth
1176,Kristie
1181,"Gary,Barbara"
1190,Stephen
1194,Beatrice
1195,Tyler
1198,Erick
1205,Allen
1214,Nicholas
1217,Gerardo
1224,James
1234,Tori
1251,Ronald
1254,Ann
1255,Herman
1257,Corene
1258,Micheal
1259,Darrell
1263,Erica
1268,Loyd
1269,Esmeralda
1271,John
1273,Terry
1277,"Audra,Andrew"
1289,Kenneth
1300,Dane
1320,Luke
1324,Roosevelt
1327,Mary
1339,Kris
1349,Robert
1359,Amanda
1371,Melissa
1376,"Mary,Jerry,Brandon"
1377,"Henry,Jerry"
1382,Trina
1411,Thomas
1412,Eric
1415,Joseph
1417,Harold
1418,Paul
1422,Joseph
1438,Rosalinda
1441,Theresa
1450,Christina
1451,"Keri,Luis"
1466,Kristin
1470,Hilda
1473,James
1477,Diane
1478,John
1484,Sheila
1495,Lucille
1501,Mary
1507,Gertrude
1514,Edith
1522,Gerald
1527,Billy
1529,Charles
1537,Mark
1538,Linda
1541,Theresa
1557,Valerie
1566,Darren
1570,Roger
1575,Karen
1591,Shawna
1598,William
1602,Terry
1621,David
1630,"Katrina,Mary"
1635,Annie
1659,Darrell
1661,Jefferson
1668,Richard
1670,Kyle
1683,Lisa
1700,Brad
1714,"Andrew,Peter"
1719,Brian
1736,Andre
1746,"John,Amanda"
1748,Marco
1764,"Rose,Nelson"
1766,"Julia,David"
1770,"Lillie,Timothy"
1772,Melvin
1773,Marjorie
1774,Bernard
1778,Frankie
1784,"Whitney,Jose"
1790,"Robert,Brenda"
1811,Jennifer
1828,Patrice
1832,Charles
1841,Mary
1843,Norberto
1849,Charles
1852,Harlan
1857,"Francis,Joshua"
1859,Benjamin
1862,Garth
1867,Timothy
1868,Annette
1869,"Frank,Eileen"
1875,Elena
1878,Stuart
1891,Joesph
1895,Emma
1902,Benjamin
1911,Krista
1923,Rick
1929,"Robert,Salvador"
1943,Suzanne
1954,Frances
1965,Larry
1968,Deshawn
1979,Luis
1989,Lan
1995,Mildred
1999,Dorothy
2005,Floyd
2006,Ronald
2008,Lloyd
2015,Jessica
2018,Lara
2031,Betty
2035,James
2038,Richelle
2040,Cecilia
2043,"George,Fannie"
2051,Richard
2053,Bernard
2054,Edmund
2063,"Sandra,James"
2077,Susan
2084,Phillip
2094,"Opal,Ernest"
2098,Robin
2108,Shirley
2118,Lauren
2148,Edwina
2149,Lorenzo
2154,Wayne
2161,Lucinda
2166,Donald
2174,"Sandra,Leonard"
2175,"Joseph,Douglas"
2185,"Linda,Alan,Tanya"
2191,Jessie
2198,Edwin
2204,Judith
2207,Jeanine
2219,Hazel
2222,Edith
2228,Henry
2233,"Karina,Christopher"
2237,Kay
2243,Marjorie
2246,Marjorie
2259,"Leah,Deanna"
2262,Christopher
2264,Erika
2266,Crystal
2267,Sharon
2275,Arthur
2276,"Becky,Rosemary"
2279,Christopher
2281,Carl
2285,Angela
2292,"Alice,Eric"
2299,Terrance
2304,Robert
2309,John
2312,Elizabeth
2319,Alexander
2338,Julia
2340,"Georgette,Johnny"
2350,Bryce
2355,Carol
2363,Dolores
2366,"Joseph,Leona"
2384,"Charles,Hazel"
2401,Clement
2405,Betty
2406,David
2410,Harold
2412,Tom
2434,"Mary,Gabriel,Lori"
2451,Wesley
2453,"Maria,Eva"
2473,Kay
2475,Tammy
2478,James
2480,"Hector,Joseph,Michael"
2488,Judy
2507,Jeanette
2508,Michiko
2510,"Mark,Shirley"
2515,Mario
2526,James
2556,Joseph
2557,"Kimberly,Jamie,Herman"
2558,Tracy
2561,Cornelius
2567,Joshua
2575,Cruz
2578,Vella
2582,Jeannie
2588,"Shannon,Robert"
2591,"Jay,Margaret"
2605,Eugenio
2610,"Paul,Kevin"
2612,Joseph
2633,Vivian
2645,Richard
2647,Martha
2659,Gilbert
2663,Russell
2664,Norma
2665,Mary
2668,Mary
2673,"Joan,James"
2675,Dee
2676,Aaron
2695,Robert
2696,Carl
2699,"Roxy,Gladys"
2710,"Leann,Don,Steven"
2713,"Elmer,John"
2715,Carl
2719,Pattie
2722,"Sylvia,Thomas"
2725,"Connie,Jasmin"
2752,Charles
2762,Jessie
2775,Aleen
2787,Sandra
2789,Joseph
2791,Nancy
2800,Yolanda
2803,Elisabeth
2810,"Manuel,Charles"
2814,Kevin
2820,James
2821,Mary
2830,Bruce
2858,David
2859,Roger
2862,Joseph
2865,Joel
2878,Steven
2880,Larry
2899,Patricia
2901,Leslie
2903,Geneva
2912,Vickie
2914,"Theodore,Robert"
2915,"Edith,Derrick"
2931,Ella
2939,Betty
2945,Lee
2947,Melissa
2950,"Jill,Peter"
2960,Wilbert
2964,"Margaret,Jacqueline"
2979,William
2984,Elizabeth
2985,Kevin
