ID,Surname
6,Pamela
8,Eric
11,Carmelia
13,Lester
17,David
19,Jack
21,Sean
21,Donald
22,Alma
27,Norma
33,Ardis
34,Virginia
39,Gavin
40,Richard
40,Jackeline
50,Bradley
58,Gordon
61,Harry
65,Terry
66,Denise
68,Maryann
69,Anita
73,Leroy
76,Leon
80,Gertrude
80,Gloria
81,Joseph
83,Pablo
88,Gina
90,Judy
92,Randy
93,Marie
94,Caroline
96,Alicia
97,Michael
98,Joan
102,Evelyn
102,Luella
105,Charles
105,Kent
106,Blake
107,Antonio
108,Doris
115,Evelyn
117,Barbara
119,Samantha
129,John
135,Dwight
138,Joyce
139,Roy
140,Claudia
141,Edward
141,Clarence
146,Connie
149,Douglas
151,Douglas
154,Lisa
157,Mary
157,John
158,Wilma
161,Madeline
164,Russell
165,Linda
168,Aaron
169,Lucy
169,Betty
172,Norma
175,Troy
179,John
180,Aldo
183,George
185,John
186,David
190,Beth
191,William
197,David
198,Janice
198,Heather
199,Dave
200,Sandra
201,Jimmy
204,Walter
204,Ernest
213,Anna
214,Deborah
221,Janice
221,David
222,Amy
223,Jennifer
223,Ola
226,David
227,Joshua
231,Agustina
232,Wendy
240,Vivian
241,Eugene
241,Teresa
243,Kathleen
243,Bobbie
245,Misti
247,Thomas
252,Karen
255,Margaret
260,Kathleen
261,Andrea
265,Roxanne
265,Christina
266,Elnora
270,Mary
273,Rose
274,Rita
274,Elizabeth
276,Irene
277,James
281,John
282,Bill
283,Linda
284,Cheryl
285,Margaret
294,Andrew
301,Jeffrey
304,Yolanda
305,Dustin
306,Sharon
311,Diana
313,Pearl
314,Kate
314,Barbara
318,Beverly
325,Lisa
326,Christina
333,Gail
337,Walter
340,Tyrone
341,Corrie
343,Robert
346,James
348,Betty
349,Fausto
349,Alan
349,Donna
350,Patrica
351,Thomas
351,Kathryn
360,Gregory
363,Jeffrey
367,Alice
369,Donna
369,Jason
374,Juanita
376,Juan
379,Jacqueline
380,Laurie
388,Mary
389,Tammy
389,Vikki
391,Marian
403,Mathew
404,Delores
408,Gary
416,Richard
422,Karen
422,Javier
422,Perry
423,Angela
425,James
433,Sherman
434,Sarah
438,Kimberly
439,Brian
444,Sharon
447,Juliette
450,Claudia
452,Meghann
454,Shannon
455,Margaret
456,Saul
461,James
466,Laverne
467,Evelina
477,Bonnie
479,Jennifer
481,Laura
482,George
483,Esteban
485,Nathan
485,Tina
487,Nicholas
488,Rex
489,Betty
491,Sylvia
491,Katie
494,Billy
495,Vicki
495,Judith
497,Jason
499,Jodee
500,Charles
505,Jason
505,Carl
508,Patricia
508,Mary
508,Lee
510,Fred
513,Verna
513,Brian
518,William
519,Marilyn
520,William
520,Gavin
520,Gaston
525,Melissa
528,Ronald
532,Josephine
532,Raymond
533,Paula
535,Richard
536,Brenda
540,Reva
546,Laura
546,Elizabeth
546,Samuel
547,Miriam
548,Jose
549,Christopher
551,Barbara
555,Zachary
557,John
559,Victor
561,Charles
562,Dalia
563,Lila
565,Letha
566,Jessica
567,James
572,Michael
573,Jose
573,John
576,Roxanne
578,Christy
578,America
583,Paul
586,Irene
587,Belinda
589,Thomas
594,Noel
596,Renee
597,Gail
599,Zachary
600,Harold
602,Jeffery
605,Michael
609,Betty
610,Alexandra
617,James
618,Audrey
620,Melinda
623,Jose
623,Nora
628,James
628,Kellie
630,Ray
633,Steven
634,Vicki
638,Mary
641,Jessica
643,Jesse
643,Jenna
643,Marylou
646,Edith
648,Lisa
648,Emma
648,Melissa
649,Jason
650,John
653,Thomas
655,Joseph
659,Paul
661,Victor
664,Allie
669,Beverly
671,Shirley
674,Cory
675,Leonard
680,Juliet
682,Randall
684,Abraham
686,Jennifer
694,Keith
696,Daniel
699,Corinna
705,Larry
708,Luis
710,Yolanda
711,Mike
711,Jayme
713,Shannon
714,Jeffrey
714,Paula
715,Ruby
715,Cody
716,Kathryn
717,Melissa
724,David
736,Edward
736,Linda
737,Edward
738,Kimberly
740,Kathryn
745,Andrea
748,Mel
755,Taylor
756,Ethel
757,Pearl
757,Terrell
758,Columbus
759,Maria
761,Donna
763,Joseph
764,Roger
768,Matthew
769,John
773,Sherman
775,Linda
775,John
778,Stephen
779,Bridgette
780,Richard
781,Sean
787,Rafael
790,Tony
795,Carlos
796,Eric
798,Steve
799,Paula
801,John
803,Vicky
806,Steven
806,Annie
807,Ralph
807,Patrick
808,Mabel
809,Regina
810,James
812,Sallie
813,Rachel
823,Heather
829,Steven
829,Bertha
830,Tyler
833,Ada
835,David
835,Kandis
840,Perry
841,Angela
844,James
844,Gregory
844,Melanie
845,Albert
846,Jon
846,Clint
850,Lucy
853,Maria
856,Brett
859,Flora
860,Angela
860,Michael
861,Darrell
862,Lindsey
870,Robert
880,Donald
883,Martin
885,Robin
891,Colleen
891,Gerald
892,Edward
893,Jeremy
895,Gregory
896,Mikel
903,Lea
905,Marcy
910,William
912,Brooke
913,Priscilla
917,Donald
920,Roxanne
922,Rebecca
930,Lara
936,James
938,Todd
939,Penny
941,James
948,Gregory
950,Deborah
952,Matthew
952,Daniel
953,Shaun
958,Chris
959,Roxanne
960,Amanda
962,Sylvia
963,Phillip
964,Roger
967,David
974,Norine
975,Donald
978,David
980,Kenneth
987,Christopher
993,Shirley
995,John
996,Mark
997,Robert
998,Jennifer
999,Tanya
1003,Albert
1003,Mitchell
1005,Angel
1005,Esther
1006,Jodi
1008,Howard
1008,Anna
1017,David
1020,Greta
1020,George
1021,William
1026,Sam
1026,Roberta
1030,Stephen
1032,Edwin
1035,Peter
1035,Mary
1036,Richard
1038,Sandra
1039,Bret
1045,Helen
1047,Matthew
1051,Amy
1055,Michael
1057,Shirley
1066,Jamie
1073,Angelo
1075,Amanda
1075,George
1078,Lanny
1083,Debra
1083,Miriam
1086,Sandra
1094,Gary
1098,Jefferson
1098,David
1102,Nichole
1105,Richard
1107,Anthony
1107,Ernest
1113,Richard
1115,Kevin
1118,Keely
1119,April
1119,Linda
1120,Patricia
1124,Royce
1126,Sheila
1134,Helen
1135,Linda
1136,Ruth
1137,Edward
1142,Jose
1142,Michelle
1145,Susan
1149,Michael
1150,Ben
1158,Bobbie
1162,Charles
1167,Pat
1171,Eduardo
1174,Lisa
1178,Jose
1178,Timothy
1180,Dorothy
1180,Patricia
1182,Sandra
1183,Emily
1184,Cindy
1187,Jonathan
1195,Dawna
1201,Thomas
1205,Stephen
1207,Araceli
1212,Phyllis
1214,Mary
1215,Lillian
1217,Frances
1223,Richard
1226,Tawana
1229,Fred
1230,Vernon
1231,Yvonne
1232,Michelle
1232,Rafael
1236,Jeanine
1239,Harland
1244,Jill
1246,Peter
1246,Edward
1250,Melynda
1252,Mary
1255,Casandra
1259,Susan
1260,Holly
1262,Grace
1262,Kenneth
1267,Martin
1271,Lon
1272,Josette
1278,Leonard
1280,Blaine
1280,Nick
1281,Tracy
1283,Donald
1283,Christine
1284,Lois
1287,Guy
1289,Keith
1290,Rachel
1292,Christopher
1300,Neil
1301,Major
1301,Ashley
1301,John
1304,Paul
1305,Ronald
1312,Jose
1315,Steve
1316,Edward
1318,Byron
1319,Cora
1319,Jose
1320,Gary
1320,Dorothy
1320,Joseph
1324,Leroy
1326,William
1330,Elnora
1332,Cherise
1334,Corey
1335,Priscilla
1335,Gladys
1337,Jacque
1338,Ryan
1338,Margaret
1339,Dennis
1340,Gregory
1341,Rafaela
1341,Kaitlin
1342,Sandra
1346,Lori
1349,Sara
1351,Harriet
1352,Jennifer
1353,Michael
1358,Miguel
1360,Randolph
1361,Ladonna
1366,Kathleen
1370,Franklin
1372,Jason
1379,Richard
1381,William
1384,Lucinda
1385,Myra
1390,Pamala
1390,Pablo
1398,Marvel
1399,Jerry
1399,Craig
1399,Viola
1401,Matthew
1401,Timothy
1407,Jacob
1408,Keith
1408,Steven
1412,Steve
1413,Rene
1419,Judith
1420,Jose
1420,Ora
1422,Roland
1423,Michael
1425,Misty
1432,Neil
1438,Dominique
1439,Eric
1441,Rick
1441,Andrew
1442,Stephen
1444,Roxanne
1452,Dianna
1456,Julia
1458,Neil
1459,Olga
1459,Thomas
1460,Edward
1460,Lawrence
1461,Ruby
1463,Joseph
1463,Jack
1469,Dwight
1470,Owen
1471,Ben
1474,Kevin
1476,Christopher
1477,Matthew
1478,Michael
1482,Charles
1483,Margaret
1487,Terry
1490,Arthur
1491,Geraldine
1495,Clifton
1500,Susan
1505,Grace
1505,Richard
1511,Ashley
1511,Marvin
1513,Tammy
1515,Maura
1516,Edwin
1520,Tamera
1522,Keith
1523,Susan
1524,Jeannie
1525,Ryan
1528,Kenneth
1534,Lucia
1534,Christopher
1536,Patricia
1539,Sandra
1542,Sara
1549,Anna
1550,Colby
1553,Loretta
1555,Kathy
1557,Janet
1559,Eleanor
1565,Carmen
1569,Eliseo
1570,Irina
1570,Arthur
1571,Diane
1572,James
1579,Dana
1582,Paul
1582,Carol
1583,William
1584,Lucille
1586,Robert
1587,Candice
1588,Sean
1589,Tonya
1591,Doreen
1592,Carla
1593,Jay
1595,Julie
1596,Joanne
1603,Ruby
1604,Monroe
1607,Reginald
1608,Margarita
1608,Mary
1613,Lisa
1616,Adrianne
1619,Morris
1619,Jeffrey
1621,Martin
1628,Michele
1629,Ella
1634,Richard
1635,Barbera
1635,Briana
1643,Wanda
1645,Brittany
1645,Jason
1646,Wayne
1651,Alma
1653,Sarah
1653,David
1654,Cynthia
1654,Valerie
1656,Melissa
1658,Harry
1661,Danny
1662,Marlene
1663,Darnell
1665,Heather
1666,Lawrence
1667,Scott
1669,Terry
1669,Paula
1670,Harold
1671,Pat
1673,William
1674,Stephanie
1676,Arnold
1677,Thomas
1682,Rose
1683,Elizabeth
1686,Chauncey
1690,David
1693,James
1697,Marvin
1698,Ryan
1704,Susan
1705,Luis
1706,Lawrence
1706,Thomas
1711,Alexander
1712,Natasha
1713,Fran
1714,Robert
1721,Desmond
1722,Juanita
1722,Dominic
1726,Lourdes
1726,Kendra
1731,Ricky
1737,James
1737,Edna
1740,Jean
1743,Anthony
1746,Jay
1750,Junior
1750,Valeria
1753,Harriet
1754,Paul
1755,Thelma
1758,Elease
1760,Norma
1765,Barbara
1770,Eric
1771,Cory
1772,Keith
1777,James
1777,Louis
1777,Harold
1778,Christina
1779,Philip
1782,William
1782,James
1784,Austin
1785,Alison
1787,Jose
1790,Susan
1791,Kathleen
1793,Kathleen
1793,Angelika
1795,Andrew
1795,Gregory
1804,Elizbeth
1806,Marie
1806,Katherine
1814,William
1815,Michael
1817,Roberta
1819,James
1819,Shirley
1820,George
1821,Michael
1822,Matt
1823,Michael
1826,Linda
1828,James
1829,John
1831,Jesse
1840,Tammy
1841,John
1842,Debbie
1845,John
1846,Beverly
1849,Margaret
1855,Jeffrey
1859,Jean
1861,Beatrice
1865,Donna
1871,Joe
1873,James
1873,Bradley
1878,Maureen
1885,Victor
1886,Maria
1886,Hattie
1889,Debra
1897,Margaret
1900,Vida
1902,Laurie
1911,Sharon
1914,Richard
1914,Sheila
1915,Mellie
1917,Mildred
1918,Kevin
1927,Shannon
1929,Vicki
1930,Francis
1931,Donna
1935,John
1935,Laurel
1940,David
1940,Jacob
1946,Crystal
1951,Susan
1957,Laura
1960,Carol
1964,Norma
1965,Carolyn
1966,Isreal
1968,Paul
1976,Shirley
1977,Tammy
1982,Lynn
1987,Ron
1990,Corey
1993,Joyce
1996,Kathleen
2002,Gary
2003,Ann
2005,Raymond
2006,David
2012,Elizabeth
2020,Jack
2021,Jason
2028,Lana
2029,Danny
2029,Tamika
2031,Neil
2037,Guadalupe
2040,Sharlene
2041,Nakisha
2042,Thomas
2043,Fred
2045,Gail
2046,Annette
2048,Cheryl
2050,Norman
2052,Cassandra
2055,Sandra
2055,Teresa
2055,Megan
2056,Robin
2059,Wayne
2061,Leah
2064,Scott
2065,Margaret
2065,Jason
2069,Linda
2071,Michel
2072,Cassandra
2073,Jose
2078,Beau
2081,Patricia
2085,Edward
2092,Ryan
2097,Rose
2100,Louise
2101,Max
2102,Anthony
2102,Christina
2106,Donna
2107,Albert
2111,Jesse
2113,Suzanne
2116,Otto
2116,Marc
2126,Martha
2128,Mary
2129,Christie
2130,Jessica
2132,Joan
2136,Leopoldo
2140,Thomas
2140,Rory
2142,Diane
2143,Leigh
2145,Brandon
2146,Matthew
2146,Scott
2146,Georgia
2148,Christopher
2150,Dana
2151,Dawn
2154,Charles
2158,Charles
2159,John
2161,Henry
2162,Louise
2167,Donna
2170,Bradley
2173,Florine
2185,Andrew
2186,Kimberly
2198,Donald
2202,Cristi
2204,Clarence
2209,Kathryn
2211,Jessie
2211,Ward
2212,Carol
2219,Phyllis
2223,Sarah
2224,Jennifer
2230,Betty
2239,Tiffany
2239,Patricia
2240,Jane
2243,Anna
2249,Vincent
2252,Mary
2258,Rick
2258,Nora
2264,Monica
2265,Mike
2266,James
2268,Charles
2271,Leah
2273,Carl
2273,Dale
2274,Dorthy
2274,Mildred
2276,Evelyn
2281,Ellen
2285,Mary
2287,Rose
2290,Jay
2291,Randall
2295,Christina
2296,Suzanne
2300,Heather
2302,Courtney
2302,Omar
2303,Bridget
2312,Diana
2325,Matthew
2327,Sheila
2328,Helen
2328,Danielle
2331,John
2332,Mary
2337,Robert
2340,Valentine
2341,Edna
2342,Gilbert
2349,John
2352,Sarah
2353,Sandra
2355,Alexander
2356,Denise
2357,Marilyn
2361,Pablo
2362,Mary
2363,Doris
2364,Kathy
2365,Janet
2365,Stephen
2368,Edmund
2373,Andre
2376,Dorothy
2378,Cedric
2382,Bruce
2383,Marcus
2383,Jesus
2383,Mary
2386,Roger
2387,Tammy
2389,Julie
2395,Christal
2397,Carl
2398,Kelly
2402,Jessica
2403,Gabriel
2405,Pamela
2406,Rhoda
2409,Mabel
2410,Doris
2418,Gladys
2419,Patricia
2423,Pedro
2424,Charlene
2425,Bertie
2426,Larry
2433,Bessie
2435,Brian
2435,Alan
2436,Toni
2438,Betty
2443,Michele
2447,Terry
2448,Michael
2449,Tonia
2452,Charles
2455,Charles
2458,Anthony
2459,Janelle
2462,Marcella
2465,Ulysses
2466,Rodolfo
2468,Adam
2468,Eileen
2471,Norman
2472,Merri
2472,Johnnie
2473,Bambi
2474,Richard
2476,Helen
2478,Christine
2488,Martin
2497,Gregory
2499,Brenda
2499,Angelina
2500,Mary
2505,Roman
2507,Robert
2507,Victoria
2509,Jesse
2513,Maureen
2514,Leticia
2521,Laquita
2524,Susan
2531,George
2531,Danielle
2538,Jose
2540,Richard
2541,John
2543,Barbara
2544,Katheryn
2548,Miguel
2554,Judy
2555,Priscilla
2556,Ernest
2558,Kirsten
2560,Refugio
2569,Phillip
2570,Darlene
2574,Kara
2579,James
2582,Anna
2584,Bill
2585,Carita
2587,Debra
2595,Sue
2595,George
2596,Dorothy
2597,Heather
2600,Katrina
2603,Wayne
2604,Robt
2606,Jennifer
2607,William
2615,Stephanie
2616,Paul
2617,Chad
2618,Trina
2620,Kevin
2620,Helen
2621,Quinn
2624,Charles
2625,Christopher
2625,Richard
2627,Jason
2628,Melanie
2629,Heather
2629,Shawn
2630,Clarence
2634,Terrence
2636,David
2640,Gail
2644,Rachel
2646,September
2649,Patrick
2650,Coleen
2650,June
2656,Jose
2664,Karen
2667,Charlotte
2667,Louise
2668,James
2670,Bobby
2671,Karen
2672,Luella
2672,Daniel
2674,Linda
2677,Marie
2677,Edith
2683,Charles
2685,Luis
2696,Barbara
2697,Patrick
2698,Phyllis
2700,Kyle
2700,Wesley
2701,Kevin
2703,Lucille
2704,Pam
2705,Brian
2708,Diane
2719,Michael
2719,Kenneth
2723,Amy
2727,Richard
2727,Charles
2728,Penny
2734,Jerry
2735,George
2737,Guadalupe
2744,Jeffrey
2746,Sally
2751,Jason
2752,Michael
2755,Sandra
2758,Laura
2763,Richard
2768,Marian
2769,Richard
2771,Rosenda
2773,Terrie
2775,Jesus
2776,Robert
2777,Ida
2777,Jacque
2782,Marvel
2784,Andrew
2791,Stephen
2794,Josephine
2797,Angela
2797,Jason
2802,Thomas
2805,Neil
2805,Kimberly
2807,Joanne
2807,Andrea
2814,Howard
2817,Jimmy
2819,Katherine
2821,Margaret
2825,Kenneth
2825,John
2825,Buddy
2827,Louis
2828,Ralph
2830,Carole
2835,Jody
2836,Kevin
2841,Alfonso
2844,William
2845,Melva
2846,Michael
2848,John
2849,Rosemarie
2850,Virginia
2853,Maria
2856,Donn
2858,Joyce
2861,Shawna
2864,Erin
2865,Cody
2867,Gertha
2870,Amanda
2874,Rosemary
2877,Miriam
2878,Benjamin
2878,Joseph
2883,Lawrence
2886,Lydia
2893,Heidi
2898,Gloria
2901,Sara
2902,Shawn
2902,Teresita
2905,Richard
2908,Helen
2910,Angelia
2911,Richard
2913,Craig
2913,Harry
2917,Weston
2918,Sandra
2920,Kelly
2921,Nita
2928,Albert
2929,John
2939,Shelia
2940,Dorothy
2942,Elizabeth
2944,William
2944,Marquetta
2948,Samatha
2954,Michelle
2958,Reva
2960,Thomas
2961,Carl
2964,Carlos
2965,Charles
2966,Megan
2968,Shirley
2969,Kathrine
2971,Emma
2976,Stella
2977,Myrtis
2982,Darren
2982,Lois
2982,Robert
2985,Vernon
2992,James
2994,Catherine
2995,Christina
2998,Christopher
2999,Jonathan
