ID,payload,sendTo
16,Etta,S3
30,Chester,S3
44,Antonio,S3
54,Christine,S3
69,Toya,S3
191,Joe,S3
235,Ronald,S3
242,Diane,S3
266,Rodney,S3
282,Juliette,S3
391,Jo‖Marvin,S3
410,James,S3
416,Ruben,S3
452,Marie,S3
480,James,S3
586,Fred,S3
594,Dovie,S3
598,Gary,S3
610,Luke,S3
620,Adolph,S3
655,Nancy,S3
666,Alice,S3
750,Shawn,S3
751,Laura‖Beth,S3
922,Kent,S3
1060,Betty,S3
1072,Katrina,S3
1142,Michelle,S3
1151,Ernest,S3
1154,Ross‖Kevin,S3
1182,Katrina,S3
1288,Ashley,S3
1311,Nora,S3
1329,George,S3
1354,David,S3
1385,Samuel,S3
1389,Eva,S3
1415,Mary,S3
1488,Natalie,S3
1527,Rebecca,S3
1528,Stephanie,S3
1543,Cornelius,S3
1559,Donna,S3
1561,Michael,S3
1575,Ron,S3
1593,Marilyn,S3
1615,Mickey,S3
1670,Pedro,S3
1677,Brenda,S3
1693,Jonathan,S3
1733,Steven,S3
1787,Carl,S3
1818,Cecile,S3
1819,Charlotte,S3
1850,Walter,S3
1852,Rebecca,S3
1863,Emma,S3
1898,Matthew,S3
1931,Jason,S3
1936,Teresa,S3
1955,Jeremy,S3
1975,Albert,S3
1989,Karen,S3
2050,Tommy‖Rodolfo,S3
2052,Jason,S3
2066,Wayne,S3
2071,Joseph,S3
2088,Jacob,S3
2146,Casey,S3
2174,Robert,S3
2189,Bernard,S3
2242,Carl,S3
2256,Paul,S3
2260,Julia,S3
2266,Duane,S3
2301,Kathryn‖Anthony,S3
2398,Toni‖David,S3
2403,David,S3
2411,Lenita,S3
2423,Charles,S3
2427,Estelle,S3
2453,Robert,S3
2468,Anthony,S3
2480,Lawrence,S3
2500,Mary,S3
2517,Elmer,S3
2520,Mario,S3
2597,Lloyd,S3
2601,John,S3
2605,Maria,S3
2625,Charles‖Carol,S3
2630,Amy‖Joyce,S3
2665,Ella,S3
2671,Virginia,S3
2695,Shirley,S3
2720,Christopher,S3
2749,Robert,S3
2762,Christopher,S3
2775,Vernon,S3
2787,Melanie,S3
2970,Della,S3
21,Arthur,S3
30,Martha,S3
54,Rebecca,S3
90,Rosemary,S3
191,Matthew,S3
203,Mayra,S3
211,Ashley,S3
216,Richard,S3
231,James,S3
235,Donald,S3
242,Ray,S3
264,Nicholas,S3
277,Ava,S3
282,Jennie,S3
284,Steven,S3
316,Sandra,S3
366,Austin,S3
373,Jason,S3
410,Tiffany,S3
441,Willie,S3
598,Marvin,S3
610,Laurie,S3
620,Dan,S3
654,Paul,S3
655,Michael,S3
666,Brenda,S3
705,Margaret,S3
751,Randolph,S3
988,Albert,S3
1060,Herman,S3
1072,Stacey,S3
1081,Billie,S3
1151,Jenni,S3
1154,Ken,S3
1217,Anne,S3
1288,Barbara‖Marian,S3
1316,James,S3
1343,Caroline,S3
1385,Adam,S3
1389,Shirley,S3
1415,Clarence,S3
1472,Renata,S3
1488,Lori,S3
1496,Susan,S3
1528,Floyd,S3
1535,Stanley,S3
1575,Shawnee‖Natalie,S3
1615,Julie,S3
1646,Brian,S3
1787,Monica,S3
1819,James‖John,S3
1843,Robert,S3
1850,Priscilla‖Elva,S3
1853,Tim,S3
1915,Goldie,S3
1931,Steven,S3
1977,Oralia,S3
2013,Kathleen,S3
2031,Patricia,S3
2046,Edward,S3
2050,Dwayne,S3
2052,Cecilia,S3
2064,Dennis,S3
2088,George,S3
2104,Jeanine,S3
2116,Mario‖Michael,S3
2174,Tracey,S3
2236,Terry,S3
2242,Robin,S3
2260,Mabel,S3
2368,Candace,S3
2403,Ruby,S3
2411,Leonard,S3
2422,Charles,S3
2423,Jacqueline,S3
2433,William,S3
2439,Patricia‖Patrick,S3
2461,Kyle,S3
2598,Carolina,S3
2601,Wesley,S3
2605,Steven,S3
2628,Howard,S3
2630,Jessica,S3
2665,Lorene,S3
2679,Robert,S3
2695,John,S3
2720,Mary,S3
2749,Danny,S3
2762,Clarice,S3
2787,Eileen,S3
2795,Michael,S3
2815,Monique,S3
2910,Lilia,S3
2917,Jennifer,S3
2930,Michael,S3
2954,Kenneth,S3
2970,Brandy,S3
16,Beatrice,S3
30,Martin,S3
54,Morris,S3
79,Jose,S3
90,Thomas,S3
191,Stacy,S3
231,Mary‖Shane,S3
235,Walter,S3
242,Beulah,S3
277,Angel,S3
285,Elizabeth,S3
316,Joseph,S3
330,Thad,S3
391,Ashley,S3
410,Sue,S3
416,Belen,S3
452,Jennifer,S3
480,Robert,S3
569,Martha‖Amanda,S3
585,Tara,S3
586,Joyce,S3
598,Ashley,S3
654,Don,S3
684,Sally,S3
705,Christa,S3
750,Addie,S3
763,Roberta,S3
780,Michael,S3
889,Matthew,S3
922,John,S3
926,Todd,S3
946,Alfred‖Darrell,S3
1004,Douglas,S3
1081,Jennifer,S3
1142,Carol,S3
1151,Pamela,S3
1217,Eric‖Twanna,S3
1255,James,S3
1276,Eve,S3
1311,Bobby,S3
1329,Alicia,S3
1343,Judith,S3
1370,Jose,S3
1385,Alberta,S3
1389,Daniel,S3
1415,Amelia,S3
1472,William,S3
1527,Angelina,S3
1535,Walter,S3
1559,Frank,S3
1561,Helen,S3
1575,Victoria,S3
1593,Mercedes,S3
1637,Cynthia,S3
1646,Mary,S3
1649,Kay,S3
1685,Renee,S3
1693,Karen‖Gloria,S3
1700,Carolyn,S3
1787,Mitchel,S3
1843,Tami,S3
1853,Michael‖Tina,S3
1898,Roger,S3
1915,Daniel,S3
1931,Debora,S3
1955,Consuelo,S3
1989,Jamie,S3
2000,Joshua,S3
2013,Librada,S3
2046,Frank‖Dennis,S3
2052,Terrance,S3
2057,Jack,S3
2064,Olive,S3
2065,Angela,S3
2066,Joe,S3
2104,Judith,S3
2132,Frank‖Nathanael,S3
2146,Helen,S3
2184,Philip,S3
2242,Ray,S3
2256,Edith,S3
2260,Jeff,S3
2273,Taylor‖Mary,S3
2301,Bernard,S3
2356,Eddie,S3
2392,Carmelo,S3
2403,Sylvia,S3
2422,Lola,S3
2427,Tammy,S3
2433,Raymond,S3
2448,Eric,S3
2517,Jesse,S3
2520,Casandra,S3
2597,Julio,S3
2605,Donald,S3
2630,Jesse,S3
2658,Julia,S3
2671,Junita,S3
2695,Joseph,S3
2719,Debra,S3
2749,Stella,S3
2762,David,S3
2765,Buena,S3
2789,Vanita,S3
2815,Karl,S3
2905,Rebecca,S3
2930,Lowell,S3
2970,Dacia,S3
16,Elijah,S3
21,Alvin,S3
30,Marguerite,S3
69,Charles‖Steven,S3
90,Andrew,S3
102,Robert,S3
211,Lisa,S3
242,Delores,S3
264,Patricia,S3
266,Adrienne,S3
282,Sarah,S3
284,Elizabeth,S3
316,Joann,S3
330,Nicholas,S3
366,Margery,S3
416,Ronald,S3
452,Jess,S3
480,Thomas,S3
654,Jodi‖Nathan,S3
684,Lois,S3
691,Janet,S3
750,Jimmy,S3
763,Donald‖Leo,S3
946,Robert,S3
1004,Maria‖John,S3
1142,Adrian,S3
1217,Randy,S3
1255,Carole,S3
1272,Marsha,S3
1276,Nina,S3
1296,John,S3
1311,Ella,S3
1316,Thomas,S3
1343,Richard,S3
1385,Dianna,S3
1488,Stephan,S3
1496,Jessie,S3
1543,Danny,S3
1615,Andrew,S3
1637,Lynda‖Jeffery,S3
1649,Eldon,S3
1670,Julius,S3
1677,Richard,S3
1693,Heather,S3
1700,John,S3
1733,Joseph,S3
1787,Chris,S3
1818,Evelyn,S3
1819,Jennifer,S3
1850,Scott,S3
1852,Michael,S3
1863,Ronald,S3
1898,George,S3
1936,Kimberley‖Barbara,S3
1951,Ronnie,S3
1955,Mary,S3
1977,Earl,S3
2000,Margaret,S3
2007,Cynthia,S3
2031,Angie,S3
2046,Billie,S3
2057,Charles,S3
2071,Richard,S3
2120,Roger,S3
2146,Daniel,S3
2184,Caitlin,S3
2189,Waneta,S3
2236,Carolyn,S3
2242,Stephan,S3
2256,Maria,S3
2273,Roscoe,S3
2301,Joyce,S3
2356,Nicholas,S3
2392,Tammy,S3
2398,Michael,S3
2403,Zelma,S3
2411,Juan,S3
2427,Mary,S3
2433,Craig,S3
2448,Christopher,S3
2500,Kenneth,S3
2598,Eric,S3
2628,Donald,S3
2679,Consuelo,S3
2720,Cheryl,S3
2787,Kimberly,S3
2795,Jenifer,S3
2858,Mitchell,S3
2905,Marilynn,S3
2910,Jessie‖Harold,S3
2917,Janet,S3
16,Jimmy,S3
44,James,S3
79,Robert,S3
102,Willie,S3
203,James,S3
211,Constance,S3
216,Jesus,S3
231,Alma,S3
235,Brenda,S3
264,Ron,S3
266,Daniel,S3
277,Kim,S3
285,John,S3
373,Joyce,S3
416,Eleanor,S3
441,Rodrigo,S3
480,Pete,S3
569,Porfirio,S3
585,Paige,S3
586,Ricardo,S3
594,Earlene,S3
598,Jane,S3
610,Reba,S3
620,Wanda,S3
655,June,S3
666,Jose,S3
684,Kirk,S3
691,Joshua,S3
750,Ruth,S3
751,Margaret,S3
780,Stuart,S3
889,Anna‖Rosemary,S3
922,George,S3
988,Susie,S3
1060,Jessica,S3
1072,Efren,S3
1151,Helen,S3
1154,David,S3
1182,Louanne,S3
1255,Julia,S3
1272,Steven,S3
1288,Emily,S3
1296,Amy,S3
1311,Karen,S3
1329,Willis,S3
1343,Anna,S3
1354,Elizabeth,S3
1370,Rosalie,S3
1415,Lisa,S3
1472,Evelyn,S3
1488,Darrell,S3
1527,Mary,S3
1528,Spencer‖Todd,S3
1535,Maxine,S3
1543,Mary,S3
1559,Patricia,S3
1561,Billy,S3
1593,Elena,S3
1649,Carolina,S3
1670,Brett,S3
1677,Adam,S3
1685,Hazel,S3
1700,Joseph,S3
1733,Joseph,S3
1818,Gus,S3
1853,Nancy,S3
1863,Elizabeth,S3
1915,Erica‖Frank,S3
1931,Thomas,S3
1975,Erica,S3
1977,Dawn,S3
2000,Adelaida,S3
2007,Josephine,S3
2052,Belinda,S3
2057,John,S3
2065,Todd,S3
2071,Maud,S3
2088,Wendy,S3
2104,Brian,S3
2116,Donna,S3
2132,Brian,S3
2174,Michele,S3
2189,David,S3
2266,Bonnie,S3
2355,Carrie,S3
2356,Betty,S3
2392,William,S3
2423,Jesus,S3
2427,Heather,S3
2439,Amy,S3
2448,Jessica,S3
2453,Michele,S3
2461,Lawrence,S3
2468,Peggy,S3
2517,Carolyn,S3
2520,Samuel,S3
2531,Justin,S3
2597,Lawrence,S3
2601,Dallas,S3
2625,Sean,S3
2628,Julia,S3
2658,Maribel,S3
2665,Annette,S3
2671,Clara,S3
2719,Ingrid‖Stella,S3
2720,William,S3
2762,Heather,S3
2765,Chester,S3
2775,William,S3
2858,Emma,S3
2905,Brian,S3
2917,Jennifer,S3
2954,Hilda‖Sterling,S3
54,Sandra,S3
69,Angla,S3
79,Thomas,S3
90,Ruth,S3
102,Hazel,S3
191,Melissa,S3
203,Barry‖Sabrina,S3
211,Stephanie,S3
216,Faye,S3
266,Ted,S3
277,Janice,S3
282,Robert,S3
284,Brittney,S3
285,Mae,S3
316,Rose,S3
366,Alex,S3
373,Jose‖Matthew,S3
391,Lloyd,S3
441,James,S3
452,Charlotte,S3
569,Kay,S3
610,Robert,S3
620,Paul,S3
655,James,S3
684,Paul,S3
691,Hazel,S3
705,Carroll,S3
780,Colleen,S3
889,Blake,S3
922,Diana,S3
926,Raymond,S3
946,Faustino,S3
988,Virgina,S3
1060,Joyce,S3
1072,Jill,S3
1081,Tyesha,S3
1142,Lisa,S3
1182,Elisha,S3
1255,Mabel,S3
1276,Reed,S3
1296,Richard,S3
1316,Patricia,S3
1329,Monique,S3
1354,John,S3
1370,Joseph,S3
1472,Shane,S3
1496,Carmen‖Teresa,S3
1543,Wanda,S3
1559,Michael,S3
1561,Trevor,S3
1593,Jeffery,S3
1615,Glenn,S3
1637,Dale,S3
1649,Clifton,S3
1677,Matthew,S3
1685,Barbara,S3
1843,Geraldine‖Rose,S3
1852,Eric,S3
1936,George,S3
1951,Christopher,S3
1955,Justin,S3
1975,Thomas,S3
1977,Danny,S3
1989,Edwin‖Larry,S3
2007,Florence‖Mark,S3
2013,Dana,S3
2031,Helen,S3
2050,German,S3
2057,James,S3
2064,Laura,S3
2065,Barbara,S3
2066,Mike,S3
2116,Keith,S3
2120,Pamela,S3
2132,Mark,S3
2174,Maria,S3
2184,James,S3
2189,Alan,S3
2236,Amanda,S3
2256,Annie,S3
2260,Mildred,S3
2266,George,S3
2273,Martha,S3
2355,Ruth,S3
2356,David,S3
2368,Nancy,S3
2398,Bernice,S3
2411,Philip,S3
2422,Brenda,S3
2423,Marcella,S3
2433,Reginald,S3
2461,Robert,S3
2468,Geraldine,S3
2480,Bradley‖Jesse‖Burton,S3
2517,Shelby,S3
2520,Dane,S3
2531,Judith,S3
2598,Gregory,S3
2601,Carrie,S3
2605,Evan,S3
2628,Richard,S3
2658,Georgia‖Odessa,S3
2665,Ruthie,S3
2679,Shirley,S3
2765,Pedro,S3
2775,Stephanie,S3
2789,Jerry,S3
2795,Jill,S3
2815,James,S3
2858,Emilia,S3
2905,Morris,S3
2910,David,S3
2930,Sidney,S3
2954,Chang,S3
3,Williams,R3
7,Grant,R3
8,Crum,R3
11,Cassidy,R3
19,Aran‖Forrester,R3
29,Ochs,R3
40,Hupper,R3
49,Clester,R3
50,Irving‖Hanson,R3
61,Rogers,R3
71,Brown,R3
89,Dale,R3
93,Wakefield,R3
96,Crews,R3
99,Golden,R3
107,Ferguson,R3
127,Real,R3
132,Morgan,R3
142,Wright,R3
145,Davidson,R3
148,Simpson,R3
154,Lamm,R3
167,King‖Earle,R3
177,Anderson,R3
181,Warden,R3
183,Landry,R3
193,Garcia,R3
196,Rivas,R3
199,Coffie,R3
204,Pitts,R3
213,Snyder,R3
215,Garey,R3
218,Gainey,R3
226,Rivera,R3
236,Grubb,R3
252,Ortiz‖Gallagher,R3
292,French,R3
298,Wood,R3
308,Yanez‖Hernandez,R3
325,Thomas,R3
332,Johnson,R3
333,Tyson,R3
335,Brown,R3
349,Spinner,R3
357,Womac‖Sauter,R3
359,White,R3
377,Wilson,R3
388,Gage,R3
400,Gerber,R3
405,Falk,R3
419,Humphrey,R3
421,Polite,R3
422,Jimison,R3
423,Gibson,R3
424,Mota,R3
431,Prater,R3
455,Smith,R3
473,Tran,R3
478,Regan,R3
490,Johnson,R3
504,Hagen,R3
511,Capo‖Kent,R3
523,Broom,R3
533,Russell,R3
547,Nguyen,R3
553,Robinson,R3
573,Mccune,R3
577,Dobkowski,R3
597,Hsu,R3
617,Dell,R3
623,Mcbride,R3
643,Phillips,R3
698,Silva,R3
711,Wade,R3
718,Michelson,R3
722,Smith,R3
732,Skidmore,R3
742,Gunther,R3
768,Carideo,R3
802,Prillaman,R3
805,Walburn‖Starr,R3
821,Delatorre,R3
822,Reynolds,R3
824,Wolfe,R3
826,King,R3
847,Isham,R3
854,Velasquez,R3
867,Sroka,R3
879,Tarr,R3
880,Carlisle,R3
910,Hill,R3
927,Baca,R3
937,Marks,R3
941,Wood,R3
952,Shorter,R3
969,Bosch,R3
972,Walker,R3
990,Northcutt,R3
1003,Murphy,R3
1005,Ceron,R3
1011,Williams,R3
1012,Fisher,R3
1014,Padilla,R3
1021,Oliver,R3
1024,Herndon,R3
1027,Adams,R3
1031,Jimenez,R3
1032,Ellis,R3
1035,Field,R3
1058,Laurent,R3
1082,Bess,R3
1097,Baca,R3
1099,Gay,R3
1116,Sterback,R3
1124,Gates,R3
1135,Wayne,R3
1162,Cohrs,R3
1167,Harris,R3
1177,Alicea,R3
1180,Robinson,R3
1188,Farrar,R3
1195,Pettiway,R3
1198,Howe,R3
1200,Webb,R3
1204,Stoker,R3
1210,King,R3
1232,Vance‖Chalker,R3
1235,Clayton,R3
1240,Crosby,R3
1242,Hart,R3
1262,Driskill,R3
1266,Zuniga,R3
1275,Harris,R3
1277,Fox,R3
1281,Minshall,R3
1284,Hoyle,R3
1301,Cohen,R3
1322,Peatross,R3
1351,Chacon,R3
1355,Howard,R3
1356,Huckaby,R3
1363,Bonavia,R3
1374,Marotta,R3
1400,Raiola,R3
1416,Rooney,R3
1422,Kruse,R3
1430,Mccain,R3
1438,Mcquillen,R3
1439,Weatherby,R3
1449,Morrison,R3
1456,Warner,R3
1471,Sullivan‖Calloway,R3
1498,Shutt,R3
1513,Willits,R3
1517,Robinson,R3
1522,Sturmer,R3
1534,Harris,R3
1539,Slater,R3
1546,White,R3
1552,Murch,R3
1556,Thomas,R3
1558,Fanney,R3
1564,Estes,R3
1572,Ferris,R3
1597,Watkins,R3
1599,Parker,R3
1613,Mendez,R3
1614,Terrell,R3
1635,Goodridge‖Hopkins,R3
1643,Zumwalt,R3
1651,Lloyd,R3
1652,Hawes,R3
1654,Bean,R3
1668,Forbess,R3
1672,Parker,R3
1724,Sanders,R3
1731,Wood,R3
1732,Bowers,R3
1736,Bell,R3
1737,Cortez,R3
1739,Lamb,R3
1749,Prada,R3
1751,Fournier‖Davenport,R3
1754,Wynn‖Wilson,R3
1757,Dawson,R3
1759,Rivera,R3
1762,Chandler,R3
1766,Wilson,R3
1775,Mignot,R3
1778,Graham,R3
1781,Case,R3
1797,Young,R3
1811,Rodriguez,R3
1823,Odonnell,R3
1828,Turner,R3
1832,Finley,R3
1844,Pyle,R3
1858,Hellman,R3
1873,Hoagland,R3
1878,Sorenson,R3
1879,Wink,R3
1882,Johnson,R3
1884,Davis,R3
1888,Sybert,R3
1893,Ho,R3
1900,Marano,R3
1906,Richardson,R3
1910,Foster,R3
1916,Rosario,R3
1922,Weston,R3
1927,Mandell,R3
1928,Varnell,R3
1933,Zeller,R3
1934,Hardin,R3
1949,Tidwell‖Richardson,R3
1957,Nichols,R3
1964,Spaid,R3
1968,Perry,R3
2021,Lambert,R3
2030,Rojas,R3
2038,Braun,R3
2047,Lynch,R3
2058,Dallas,R3
2061,Singh‖Davidson,R3
2062,Bisson,R3
2079,Bratcher,R3
2095,Lopez,R3
2100,Carlos,R3
2105,Lucero‖Hall,R3
2109,Morris,R3
2127,Jones,R3
2137,Graves,R3
2159,Williams,R3
2168,Egge‖Scheid,R3
2171,Muraro,R3
2180,Arcos‖Mosser,R3
2196,Wright,R3
2197,Pettit,R3
2198,Molon,R3
2208,Winston,R3
2214,Hogarth,R3
2218,Fentress,R3
2224,Hamm,R3
2244,Munoz,R3
2270,White,R3
2283,Kuhls,R3
2294,Callahan,R3
2303,Younger,R3
2305,Serrano,R3
2311,Powell,R3
2313,Luna,R3
2314,Davenport,R3
2325,Dalton,R3
2336,Belmont‖Sims,R3
2340,Walker,R3
2374,Summerfield,R3
2379,Price,R3
2382,Rainey,R3
2415,Wells,R3
2421,Thomas,R3
2428,Head,R3
2435,Hodgson,R3
2442,Hensley,R3
2458,Thompson,R3
2465,Hester,R3
2474,Causey,R3
2487,Hansen‖Roach,R3
2490,Lowry‖Dang,R3
2512,Castro,R3
2513,Rudolph,R3
2522,Larsen,R3
2524,Moore‖Mitzel,R3
2527,Myers,R3
2535,Rakes,R3
2536,Aldrege,R3
2556,Walker,R3
2574,Thomas,R3
2578,Bostick,R3
2600,Brown,R3
2609,Baker,R3
2614,Hernandez,R3
2631,Davis,R3
2637,Brumfield‖Underwood,R3
2646,Campbell,R3
2663,Bowlin,R3
2669,Bell,R3
2682,Wright,R3
2693,Ott,R3
2702,Range,R3
2708,Decastro,R3
2713,Velazquez,R3
2729,Hampton,R3
2732,Anderson‖Atkins,R3
2737,Branch,R3
2742,Manney,R3
2748,Jennins,R3
2754,Brooks,R3
2763,Triggs,R3
2773,Falcon,R3
2777,Dickinson,R3
2805,Kayser,R3
2820,Tooze,R3
2831,Mahood,R3
2859,Esbenshade‖Cole,R3
2872,Poole,R3
2899,Szabo,R3
2907,Myers,R3
2911,Beeler,R3
2913,Pinto,R3
2916,Grinstead,R3
2920,Laughlin,R3
2927,Maggard,R3
2932,Dugger,R3
2955,Trax,R3
2971,Barnes,R3
2973,Rodriguez,R3
2978,Turbyfill,R3
2979,Hodges,R3
2991,Willis,R3
2999,Shirey,R3
3,Simmons,R3
8,Cruz,R3
26,Feldt,R3
38,Frye,R3
49,Halfhill,R3
50,Reddy,R3
58,Austin,R3
71,Orr‖Forsythe,R3
74,Barnett,R3
85,Visher,R3
89,More,R3
96,Doonan,R3
99,Kelly,R3
109,Christ,R3
120,Ezell,R3
127,Morgan,R3
128,Hoffman,R3
131,Wade,R3
132,Cradduck,R3
136,Quiles,R3
142,Anderson,R3
148,Nelson,R3
160,Mckenzie,R3
164,Punches,R3
167,Silva,R3
178,Boutelle,R3
181,White,R3
192,Lahman,R3
218,Jones,R3
227,Woodfin,R3
237,Kennedy,R3
245,Merryman,R3
275,Sparks,R3
287,Hess‖Holden‖Humphrey,R3
291,Penland,R3
308,Tran,R3
313,Lattimore,R3
324,Cross,R3
328,Clark,R3
345,Robles,R3
346,Kohnz‖Laman,R3
347,Allan‖Perry,R3
358,Hinton,R3
367,Peterson,R3
377,Ponce,R3
379,Close,R3
384,Hines,R3
388,Beckham,R3
392,Castillo,R3
394,Rm,R3
404,Fanning‖Schmid,R3
417,Nicholson,R3
422,Baron,R3
423,Oshiro,R3
431,Cutlip,R3
460,Fink,R3
463,Hines,R3
466,Benavides,R3
467,Marshall,R3
473,Boykin,R3
489,Lehman,R3
490,Owens,R3
511,Johnson,R3
523,Willoughby,R3
528,Patton,R3
563,Riley,R3
573,Latimer,R3
579,Clark,R3
590,Rodriguez,R3
600,Willams,R3
618,Novak,R3
623,Holland,R3
632,Rhodes,R3
657,Porterfield,R3
659,Barnes‖Whitworth,R3
667,Naumann,R3
674,Mcdermott,R3
707,Montgomery,R3
717,Sok,R3
718,Pettigrew,R3
732,Defranco‖Webb,R3
739,Chapman,R3
742,Johnson,R3
753,Watson,R3
757,Merrick,R3
760,Nathanson,R3
768,Stribley,R3
776,Mathews,R3
785,Vanwassenhove,R3
796,Maynard,R3
798,Girard‖Varner,R3
802,Pierce‖Buckner,R3
813,Hernandez,R3
824,Girard,R3
840,Cox,R3
856,Hoerner,R3
857,Franklin,R3
858,Lavery,R3
859,Wells,R3
865,Shank,R3
879,Wei,R3
880,Burdine,R3
894,Tucker,R3
896,Saunders,R3
920,Kleeb,R3
927,Luong,R3
935,Blakely,R3
937,Moster,R3
944,Stanley‖Brown,R3
971,Goodwin,R3
972,Sears,R3
976,Hunsinger,R3
1003,Tolson,R3
1009,Shiffer,R3
1011,Ibach,R3
1027,Burnette,R3
1028,Starr,R3
1035,Frisby,R3
1057,Pullen,R3
1073,Hillman,R3
1079,Riggs,R3
1082,Vasquez,R3
1097,Barnard,R3
1109,Hobson,R3
1115,Hui,R3
1116,Hicks,R3
1140,Crim,R3
1145,Pauley,R3
1162,Brannigan,R3
1167,Timm,R3
1177,Cantara,R3
1180,Green,R3
1185,Wlodarek,R3
1194,Johnson,R3
1195,Sinclair‖Bishop,R3
1196,Banks,R3
1198,Standen,R3
1211,Ross,R3
1216,Felton,R3
1240,Bright‖Bolden,R3
1242,King,R3
1250,Trapp,R3
1274,Sirois,R3
1275,Rodgers,R3
1301,Hardy,R3
1309,Koch,R3
1322,Guerrero,R3
1332,Lara,R3
1333,Porter‖Dejesus,R3
1335,Perez,R3
1363,Austin,R3
1374,Rokusek‖Nicholson,R3
1390,Irizarry,R3
1397,Morgan,R3
1410,Wehner,R3
1411,Stulce,R3
1419,Cyrus‖Greenway,R3
1422,Hedgpeth‖Habicht,R3
1438,Hobart,R3
1448,Gonzales,R3
1458,Principe,R3
1461,Ingram‖Harris,R3
1500,Smith,R3
1506,Dubuque,R3
1507,Boyd,R3
1531,Farris,R3
1541,Shepherd,R3
1546,Adamczak,R3
1556,Ruder,R3
1558,Bartlett,R3
1564,Farley,R3
1567,Davis,R3
1569,Huffman,R3
1579,Holder,R3
1597,Rondeau,R3
1621,Duell,R3
1626,Taylor,R3
1650,Sotak,R3
1654,Walsh‖Thomas,R3
1655,Edmisten,R3
1675,Young,R3
1686,Johnson,R3
1735,Graves,R3
1736,Page,R3
1749,Winski,R3
1759,Draughn,R3
1761,Johnson,R3
1764,Enz,R3
1766,Wood,R3
1790,Schwartz,R3
1795,Knight,R3
1826,Gershon,R3
1827,Coffey,R3
1828,Parson,R3
1831,Calkins,R3
1900,Gagnon,R3
1910,Dukes,R3
1913,Caron‖Gee,R3
1914,Vazquez,R3
1920,Gaynor,R3
1922,Bravo,R3
1924,Doil,R3
1925,Seburg,R3
1927,Tape,R3
1928,Wallace,R3
1933,Briceno,R3
1944,Cook,R3
1947,Griffin,R3
1957,Mcdonald,R3
1960,Johnson,R3
1983,Foy,R3
1987,Salk,R3
1990,Knedler,R3
1999,Mccreary,R3
2030,Clairmont,R3
2038,White,R3
2047,Goff,R3
2048,Luciano,R3
2055,Sealy,R3
2058,Alexander,R3
2063,Sheets,R3
2082,Miller,R3
2095,Knopp,R3
2105,Reese,R3
2106,Danley,R3
2127,Frank,R3
2131,Salas,R3
2134,Long,R3
2165,Manning,R3
2168,Shepherd,R3
2180,Walker,R3
2187,Oneal,R3
2198,Stewart,R3
2201,Louque,R3
2219,Hill,R3
2225,Cook,R3
2237,Nicholson,R3
2254,Fraiser,R3
2269,Stevens,R3
2281,Nelson,R3
2282,Ramsey,R3
2292,Millar,R3
2313,Smith,R3
2321,Huie,R3
2325,Sandoval‖Bledsoe,R3
2327,Fredeen,R3
2335,Adelson‖Witherspoon,R3
2350,Williams,R3
2362,Duke‖Evans,R3
2388,Holmes,R3
2419,Madsen,R3
2429,Perez,R3
2462,Francis,R3
2465,Viviano,R3
2474,Leonhart,R3
2490,Morris,R3
2492,Williams,R3
2503,Mcneal,R3
2534,Kless,R3
2556,Coleman,R3
2572,Scott‖Jara,R3
2578,Hughes,R3
2587,Blalock,R3
2614,Torres,R3
2642,Rodriguez,R3
2649,Sewell,R3
2651,Shaw,R3
2652,Summerlin,R3
2666,Saddler,R3
2677,Rivera,R3
2681,Santiago,R3
2686,Kampman,R3
2693,Evers,R3
2694,Park,R3
2706,Ward,R3
2708,Knapp,R3
2712,Lockhart,R3
2713,Jones,R3
2718,Reiter,R3
2727,Bramlett,R3
2729,Smith,R3
2734,Cook,R3
2763,Widener,R3
2767,Latham,R3
2768,Ermitanio,R3
2770,Lucky,R3
2773,Dunlap,R3
2778,Matthews,R3
2781,Mcdonald,R3
2782,Johnson,R3
2797,Vaugh,R3
2831,Ruano‖Mcclure,R3
2859,Humphrey,R3
2863,Sea,R3
2878,Derry,R3
2886,Brickey‖Hunt,R3
2899,Delima,R3
2902,Blanche,R3
2906,Harding,R3
2909,Barker,R3
2911,Jones,R3
2924,Waters,R3
2925,Malone,R3
2932,Cassidy,R3
2973,Rutherford,R3
2979,Washington,R3
2985,Barnes,R3
2993,Lefeber,R3
2997,Means,R3
7,Kyle,R3
8,Rogers,R3
13,Thome,R3
19,Crandell,R3
48,Loftus,R3
49,Drutman,R3
50,Johnston,R3
58,Corbitt,R3
61,Michaud,R3
85,Smith,R3
93,Gonzales,R3
96,Jackson,R3
122,Hastings,R3
129,Kirby‖Fedezko,R3
139,Phelps,R3
142,Landeros,R3
148,Oxley,R3
163,Tallerico,R3
168,Hurst,R3
172,Stechlinski‖Moir,R3
178,Stadler,R3
183,Barton‖Howerton,R3
189,Boutin,R3
199,Hawthorne,R3
212,Pitcherello,R3
213,Hisey,R3
218,Battles,R3
220,Reynolds,R3
226,Tate,R3
227,Sanchez,R3
236,Maxey,R3
279,Lee‖Sullivan,R3
287,Saniger,R3
298,Araujo,R3
318,Barham,R3
322,Hooks,R3
325,Anderson,R3
328,Hammond,R3
332,Mone,R3
333,Garcia,R3
335,Landers,R3
345,Watson,R3
349,Mendez,R3
361,Cruz,R3
384,Cole,R3
388,Lewis,R3
392,Bowes,R3
394,Pacheco,R3
404,Beebe,R3
414,Plummer,R3
417,Reed,R3
421,Fuentes,R3
424,Falcone,R3
428,Coble,R3
431,Bellomy,R3
433,Frye,R3
448,Williams,R3
449,Goldner,R3
467,Smith,R3
471,Tran,R3
483,Carl,R3
484,Raschke,R3
490,Mack,R3
527,Turner‖Romano‖Monsivais,R3
528,Castillo,R3
543,Moreau,R3
547,Cole,R3
561,Bowey,R3
572,Corradino,R3
574,Whittenburg,R3
577,Holder,R3
596,White,R3
608,Hodgkins,R3
636,Goodrich,R3
660,Bryant,R3
674,Slattery,R3
698,Richardson,R3
701,Smith,R3
715,Durtsche,R3
723,Chambers,R3
730,Harmon,R3
732,Stringham,R3
742,Russell,R3
743,Harvey,R3
756,Hoff,R3
759,Ryan,R3
762,Emrich,R3
783,Noland,R3
785,Brus,R3
787,Gonzales,R3
796,Espinosa,R3
822,Dickerson,R3
840,Jones,R3
865,Austell,R3
892,Arguelles,R3
912,Coronado,R3
920,Cyr,R3
929,Hamilton,R3
931,Reposa,R3
935,Tyner,R3
944,Gibson,R3
953,Granillo‖Kamp,R3
971,Potts,R3
976,Flores,R3
990,Stotts,R3
996,Barraza,R3
1005,Reese,R3
1012,Joyce,R3
1028,Beckwith,R3
1031,Nash,R3
1035,Wood,R3
1045,Reynolds,R3
1057,Robinson,R3
1058,Goleman,R3
1070,Rogers,R3
1105,Bueno‖Bowie,R3
1109,Estrella,R3
1115,Montoya,R3
1116,Santiago,R3
1124,Gates,R3
1135,Lujan,R3
1145,Murphy,R3
1148,Gill,R3
1150,Davis,R3
1160,Blythe,R3
1167,Mcpartlin,R3
1177,Randall,R3
1180,Janosek,R3
1188,Russ‖Koch,R3
1200,Lindsey,R3
1210,Garcia,R3
1216,Kelly,R3
1222,White,R3
1242,Davis,R3
1243,Baylor,R3
1262,Beck,R3
1274,Ries‖Holmes,R3
1279,Horvath,R3
1284,Fernandez,R3
1290,Barnes,R3
1300,Vella,R3
1301,Stovall,R3
1323,Sheahan,R3
1345,Nelson,R3
1351,Jennings,R3
1355,Mcgee,R3
1356,Canter,R3
1363,Nugent,R3
1390,Maldonado,R3
1393,Hilty,R3
1397,Labounty‖Morales,R3
1409,Masciantonio,R3
1411,Zambelli,R3
1416,Bethell‖Mcavoy,R3
1419,Benson,R3
1423,Smith,R3
1428,Lim‖Destefano,R3
1430,Colon,R3
1448,Eisentrout,R3
1449,Goggins,R3
1455,Devine,R3
1459,Tinsley,R3
1461,Campbell,R3
1464,Steinberg,R3
1468,Henson,R3
1473,Gagnon,R3
1498,Poyner,R3
1506,Gerhart,R3
1507,Christensen,R3
1522,King‖Hill,R3
1541,Riffle,R3
1546,Waddell,R3
1551,Teodoro,R3
1556,Nelson,R3
1579,Fike,R3
1585,Castillo,R3
1590,Davis,R3
1609,Jackson,R3
1621,Johnson,R3
1636,Burgess,R3
1643,Lebovic,R3
1672,Hill,R3
1675,Delang,R3
1699,Latson,R3
1720,Comacho,R3
1731,Priest,R3
1732,Buhr‖Busch,R3
1735,King,R3
1736,Larocco,R3
1751,Steiger,R3
1762,Healey,R3
1775,Bedwell‖Chestnut,R3
1781,Swann‖Cornelison,R3
1786,Harrell,R3
1795,Sayed,R3
1811,Peterson,R3
1849,Williams,R3
1864,Loyd‖Bailey,R3
1873,Hernandez,R3
1878,Shakespeare,R3
1879,Laing‖Brown,R3
1882,Gray‖Hayes,R3
1900,David,R3
1904,Leisure,R3
1906,Sanmartin,R3
1907,Kuss,R3
1916,Golden,R3
1928,Whiteside,R3
1932,Magedanz,R3
1944,Muller‖Chang,R3
1947,Vazquez,R3
1960,Riney,R3
1968,Harold,R3
1973,Newsome‖Lindsay,R3
1993,Ervin,R3
1999,Hurt,R3
2021,Parsons,R3
2036,Cargill,R3
2037,Scott,R3
2041,Chase,R3
2055,Wright,R3
2061,Bish‖Verdi,R3
2063,Hall,R3
2077,Argento,R3
2079,Randolph,R3
2099,Sabella,R3
2134,Porch‖Sandoval,R3
2149,Merkle,R3
2159,Lopez‖Maciel,R3
2164,Terepka,R3
2165,Keithly,R3
2176,Harrell,R3
2180,Paige,R3
2187,Estep,R3
2199,Esperon,R3
2218,Hamm,R3
2224,Needham,R3
2225,Hair,R3
2237,Christy,R3
2244,Federgreen‖Marion,R3
2250,Borkowski,R3
2259,Yarbrough,R3
2271,Huff,R3
2281,Stepp,R3
2282,Becnel,R3
2283,Higgins,R3
2292,Allison,R3
2307,Cutts,R3
2314,Pyne‖Carter,R3
2334,Cooper,R3
2335,Hathaway,R3
2340,Smith,R3
2350,Teal,R3
2352,Jenkins,R3
2357,Cummings,R3
2379,Moody,R3
2382,Stowe‖Allred,R3
2385,Baise‖Rose,R3
2399,Grimes,R3
2407,Ainsworth,R3
2418,Nunn,R3
2429,Powers,R3
2435,Levites,R3
2436,Stoddard,R3
2458,Smith,R3
2463,Flores,R3
2465,Risley,R3
2487,Barreto,R3
2513,Adams,R3
2524,Phillips,R3
2536,Hudnall,R3
2548,Martin,R3
2550,Sellers,R3
2553,Macri,R3
2562,Tronaas,R3
2572,Burke,R3
2574,Braun,R3
2614,Meath,R3
2631,Koenen,R3
2637,Ramos,R3
2641,Pringle,R3
2649,Eliott,R3
2663,Stone,R3
2666,Hughes,R3
2686,Wycoff,R3
2708,Savage‖Corcoran,R3
2732,Saad,R3
2735,Crook,R3
2737,Carter,R3
2742,Chase,R3
2748,Shively,R3
2750,Jones,R3
2754,Dion,R3
2755,Sanchez,R3
2768,Richards,R3
2778,Brode,R3
2781,Lindsey,R3
2783,Cobb,R3
2793,Lapointe,R3
2797,Wilson‖Haberer,R3
2799,Pickering‖Westbrook,R3
2803,Montijo‖Peacock,R3
2837,Pertsovsky,R3
2840,Cervantes,R3
2842,Moroney,R3
2843,Thruman,R3
2863,Dancy,R3
2868,Heath,R3
2872,Prickett,R3
2876,Richard,R3
2878,Young,R3
2882,Parker,R3
2888,Barrow,R3
2896,Moseley,R3
2897,Waller,R3
2899,Berry,R3
2902,Ramos,R3
2909,Sanchez,R3
2921,Welsh,R3
2924,Brooks‖Frank,R3
2927,Clark,R3
2949,Lovitt,R3
2961,Caudill,R3
2978,Flenard,R3
2985,Nickels,R3
2991,Cook,R3
2998,Harris,R3
3,Fernandez,R3
7,Biro,R3
8,Morgan,R3
13,Lovelock,R3
26,Villarreal,R3
48,Sweigart,R3
58,Smith,R3
61,Burns,R3
71,Aubrey,R3
74,Cable,R3
81,Sheetz,R3
85,Clark,R3
89,Shunk,R3
93,Porter‖Lopez,R3
96,Kuebler,R3
99,Baker,R3
107,Woodis,R3
109,Miller,R3
120,Etheridge,R3
122,Pisani,R3
128,Hartle,R3
129,Wheeler,R3
131,Desorcy,R3
141,Johnson,R3
145,Smith‖Thornton,R3
154,Glickman‖Tubbs,R3
164,Seltzer,R3
168,Ross,R3
177,Tackett,R3
178,Brown,R3
180,Chiarito,R3
181,Stevens,R3
192,Blanton,R3
196,Mitchell,R3
205,Martin,R3
212,Angelovich,R3
215,Cardwell,R3
226,Wong,R3
236,White,R3
237,Macina,R3
245,Frizzell‖Hill,R3
275,Salmons,R3
292,Thomas,R3
298,Miller,R3
309,Hodges,R3
313,Lamberton,R3
322,Bean‖Blanke,R3
324,Cook‖Browning,R3
325,Riddick,R3
335,Chaves,R3
346,Lettieri,R3
359,Corwin,R3
367,Scott,R3
380,Mosley,R3
384,Peltier,R3
398,Wiles,R3
405,Walsh,R3
422,Chavez,R3
428,Greenwood,R3
431,Russell,R3
433,Belcher,R3
463,Dwyer,R3
467,Cook,R3
471,Morgan,R3
484,Shearer,R3
488,Bone‖Prater,R3
489,Purdy,R3
504,Beeson,R3
514,Alvarado,R3
516,Rybij,R3
523,Wickstrom,R3
528,Hunter,R3
553,Harris,R3
561,Desautels‖Wu,R3
573,Riebe,R3
579,Mccain,R3
590,Guzman‖Crockett,R3
596,Henderson,R3
597,Ingram,R3
614,Kendrick,R3
617,Kammerer,R3
618,Zickefoose,R3
623,Garand,R3
632,Claiborne‖Keely,R3
657,Mitchem,R3
667,Holley,R3
671,Stewart,R3
675,Maher‖Felps,R3
701,Ayer,R3
711,Gray,R3
715,Rork,R3
718,Stromain,R3
723,Gustafson,R3
736,Lacy,R3
739,Scorgie,R3
740,Silva,R3
743,Goodwin,R3
746,Norberg,R3
749,Wentz,R3
759,Rosselle,R3
762,Macarthur,R3
766,Upshaw‖Phelps‖Elletson,R3
774,Howard,R3
783,Cradle,R3
794,Joseph,R3
795,Ford,R3
798,Colon,R3
821,Gagliardi,R3
824,Lawrence,R3
826,Moody,R3
857,Banuelos,R3
865,Miller,R3
867,Hampton,R3
883,Sutton,R3
892,Bailey,R3
899,Meczywor,R3
910,Faith,R3
920,Bolinger,R3
924,Camacho,R3
931,Thompson‖Charles,R3
941,Walker,R3
943,Martinez,R3
974,Hansen,R3
987,Fields,R3
989,Brown,R3
990,Doss,R3
996,Byrnes‖Pinera,R3
999,Rivera,R3
1009,Bower,R3
1011,Knaub,R3
1014,Donaldson,R3
1028,Skinner,R3
1045,Whitman,R3
1057,Mccorrison,R3
1066,Harvey,R3
1070,Ali,R3
1073,Foster,R3
1079,Norman,R3
1099,Wedgeworth,R3
1109,Williams,R3
1115,Wilson,R3
1124,Perry,R3
1135,Dobson,R3
1140,Woods,R3
1148,Hodges,R3
1150,Schmidt,R3
1160,Stoltz,R3
1180,Lee,R3
1185,Hurd,R3
1191,Miya,R3
1196,Garcia,R3
1216,Arreola,R3
1222,Mcbride,R3
1232,Hine,R3
1250,Shoemaker,R3
1256,Stollsteimer,R3
1266,Hanlon,R3
1268,Tatum,R3
1269,Smith,R3
1275,Davenport,R3
1277,Barker,R3
1281,Cleveland,R3
1284,Kwon,R3
1309,Sobers,R3
1318,Johnson,R3
1320,Matthews,R3
1332,Robinson,R3
1335,Aldrich,R3
1352,Copenhaver,R3
1365,Wildenthaler,R3
1393,Barnes,R3
1396,Woods,R3
1400,Jones,R3
1409,Lobe,R3
1430,Currie,R3
1436,Torres,R3
1449,Desrosiers,R3
1455,Flint,R3
1459,Merson,R3
1460,Odom,R3
1471,Arnold,R3
1480,Nevins,R3
1500,Weisser,R3
1529,Collman,R3
1531,Alvarado,R3
1539,Carr‖Hill,R3
1541,Franklin,R3
1555,Gilchrist‖Bennett,R3
1558,Zurcher,R3
1564,Auer,R3
1572,Jackson‖Miller,R3
1576,Roberts,R3
1585,Singleton,R3
1613,Young,R3
1614,Ladner,R3
1632,Giglio,R3
1636,Watters,R3
1650,Finney,R3
1672,Landres,R3
1686,Davis,R3
1699,Chambers,R3
1702,Pool,R3
1731,Morales,R3
1736,Benoit,R3
1737,Prieto,R3
1759,Shackelford‖Halyk,R3
1761,Hewitt,R3
1764,Miller,R3
1767,Clouse,R3
1783,Thorsen‖Palmer,R3
1786,Johnson,R3
1788,Coyne,R3
1795,Hall,R3
1797,Starling,R3
1815,Ridley,R3
1828,Gibson,R3
1842,Peck,R3
1844,Jones,R3
1849,Caplan,R3
1864,Mansfield,R3
1873,Medrano,R3
1881,Mcfadden,R3
1882,Brown,R3
1888,Tomlinson,R3
1893,Macklin,R3
1895,Brown,R3
1904,Zimmer,R3
1907,Westling,R3
1920,Clark,R3
1922,Brown,R3
1924,White,R3
1925,Pietrowski,R3
1932,Goodwin,R3
1960,Kozak,R3
1987,Beauchamp,R3
1988,Oiler,R3
1990,Nix,R3
2030,Yin,R3
2036,Hutsell,R3
2045,Warren,R3
2048,Morriss,R3
2063,Fisher,R3
2079,Siemering,R3
2082,Osborn,R3
2100,Brooks,R3
2109,Nelson,R3
2114,Phillips,R3
2131,Broaddus,R3
2137,Poling,R3
2149,Olson,R3
2156,Delgado,R3
2159,Wilson,R3
2164,Adkins,R3
2166,Hayes,R3
2168,Galan,R3
2171,Johnston‖Case,R3
2176,Moss‖Hensley,R3
2187,Reaves,R3
2198,Cusson,R3
2208,Alo,R3
2210,Galbraith,R3
2211,Long‖Connelly,R3
2219,Ruiz,R3
2224,Vega,R3
2225,Bolyard,R3
2226,Davis,R3
2254,Gallagher,R3
2258,Gordon,R3
2281,Littich,R3
2282,Hammer,R3
2307,Holbrook,R3
2311,Knox,R3
2323,Hendrix,R3
2327,Dicicco,R3
2335,Cannon,R3
2336,Wichmann,R3
2340,Bailey,R3
2352,Bramer,R3
2353,Hill,R3
2357,Ford,R3
2362,Hudock,R3
2379,Rice,R3
2385,Fuentes,R3
2399,Simmons,R3
2415,Loy,R3
2419,Lewis,R3
2421,Brooks,R3
2435,Shank,R3
2436,Baxter‖Rovinsky,R3
2442,Fontenot,R3
2462,Win,R3
2463,Landrum,R3
2465,Eastlick,R3
2471,Earnest,R3
2473,Morlock,R3
2489,Nez,R3
2492,Thurman,R3
2505,Thomas,R3
2506,Smith‖Cox,R3
2513,Henriksen,R3
2522,Harris,R3
2524,Castor,R3
2530,Davis,R3
2535,Henning,R3
2550,Lemon,R3
2553,Figueroa,R3
2556,Roper,R3
2572,Marshall,R3
2594,Coleman,R3
2604,Snead,R3
2642,Ochwat,R3
2649,Allen,R3
2674,Gordon,R3
2694,Starnes,R3
2706,Saleh,R3
2727,Thompson,R3
2734,Kern,R3
2735,Shipman,R3
2742,Menefield,R3
2755,Hartz,R3
2767,Deardorff,R3
2768,Hamilton,R3
2773,Hart,R3
2777,Wolfe,R3
2783,Willoughby,R3
2797,Jackson,R3
2803,Grimes,R3
2820,Haynes,R3
2827,Cusson,R3
2840,Swanson,R3
2843,Brewer,R3
2845,Noble,R3
2863,Polanco,R3
2868,Bernardini,R3
2872,Lane‖Muhammad,R3
2876,Carver,R3
2882,Barner,R3
2888,Dopler,R3
2896,Vollmer,R3
2897,Mann‖Foster,R3
2911,Smith,R3
2916,Morris,R3
2920,Sickler,R3
2921,Moulton,R3
2927,Scott,R3
2932,Thompson,R3
2949,Jones,R3
2955,Canclini,R3
2961,Robinson,R3
2971,Eskew,R3
2985,Hood,R3
2995,Wingate,R3
2997,Greer,R3
2998,Blaize,R3
3,Lopez,R3
19,Cisneros,R3
26,Freidman,R3
29,Wood,R3
38,Hooper,R3
40,Dowell,R3
46,Halliday,R3
48,Blair‖Hays,R3
49,Fifer,R3
74,Mota,R3
81,Preston,R3
85,Byrd,R3
91,Pierce,R3
107,Emery,R3
122,Lavender,R3
127,Neal,R3
139,Hart,R3
145,Fitzsimmons,R3
160,Jankowski,R3
166,Railey,R3
167,Svec,R3
175,Anson,R3
177,Murch,R3
178,Holly,R3
180,Palley,R3
196,Bebout,R3
204,Musser‖Heckman,R3
212,Ramirez‖Painter,R3
218,Gutirrez,R3
226,Rener,R3
240,Abney,R3
252,Lopez,R3
274,Smith,R3
279,Pena,R3
309,Barton,R3
313,Xia,R3
318,Jacquier,R3
322,Morris,R3
324,Jolly,R3
328,Scott,R3
332,Keys,R3
333,Padilla,R3
345,Cullen,R3
367,Thomas,R3
379,Kyle,R3
380,Laughlin,R3
384,Rodriguez,R3
394,Emerson,R3
400,Jacob‖Caldwell,R3
405,Hale‖Foley,R3
412,Coty,R3
417,Highshaw,R3
419,Anderson‖Oneal,R3
424,Hurd,R3
428,Lewis,R3
449,Castro,R3
460,Currie,R3
471,Elliott,R3
473,Judy,R3
487,Crane,R3
488,Nunmaker,R3
489,Mcauley,R3
511,Harrington,R3
512,Brookshire,R3
516,Miller,R3
543,Padberg,R3
552,Johnson,R3
553,Janosek,R3
563,Almen,R3
589,Caneva,R3
590,Dyal,R3
596,Piccinini,R3
597,Padovano,R3
600,Montez,R3
617,Nelson,R3
622,Gammon‖Werner,R3
632,Bevins,R3
636,Holmes,R3
657,Case,R3
671,Berry,R3
675,Ybarra,R3
686,Mclane,R3
698,Benton,R3
701,Thompson,R3
707,Ramirez,R3
711,Walker,R3
715,Peco,R3
730,Hill,R3
739,Lofton‖Lawrence,R3
742,Walks,R3
746,Jones,R3
766,Fritz,R3
768,Ryan,R3
774,Beaman,R3
790,Tilton,R3
795,Salazar,R3
798,Smoldt,R3
802,Wiegand,R3
813,Taylor,R3
821,Littman,R3
847,Hooper,R3
854,Jackson,R3
857,Haugen,R3
859,Wood,R3
869,Kidd,R3
883,Whittle,R3
892,Morris,R3
894,Williams,R3
896,Cole,R3
901,Allen,R3
924,Albino,R3
927,Sedgwick,R3
935,Campbell,R3
944,Bunch,R3
953,Gelormino,R3
969,Hicks,R3
971,Wraight‖Hok,R3
982,Gailes,R3
987,Fay,R3
989,Robinson,R3
990,Derby,R3
999,Wai,R3
1003,Marks,R3
1005,Deare‖Jones,R3
1006,Ortiz,R3
1009,Slagle,R3
1016,Rothenberg,R3
1031,Davis,R3
1045,Opunui,R3
1058,Duncan,R3
1061,Sessions,R3
1097,Boyle,R3
1099,Jones,R3
1105,Sinicki,R3
1115,Haymes,R3
1116,Flores,R3
1124,Lamphere,R3
1135,Rodriguez,R3
1140,Connolly,R3
1162,Grady,R3
1185,Sutherland,R3
1188,Rasmussen,R3
1190,Baker,R3
1195,Stamison,R3
1196,Johnson,R3
1211,Hernandez‖Owens‖Lenz,R3
1213,Griffin,R3
1216,Sanches,R3
1232,Cannata,R3
1240,Altman,R3
1250,Adkisson,R3
1268,Mitchell,R3
1269,Pitts,R3
1277,Bowie,R3
1318,Taylor,R3
1320,Yarbrough,R3
1332,Redman,R3
1341,Jeffords,R3
1365,Martin,R3
1367,Gaydosh,R3
1374,Martin,R3
1393,Young,R3
1396,Curtis,R3
1397,Highshaw,R3
1407,Guerra,R3
1409,Nussbaum,R3
1411,Green,R3
1422,Alvarez,R3
1428,Stephens‖Wieland,R3
1438,Dietz,R3
1439,Taylor,R3
1453,Schmidt,R3
1455,Traynor,R3
1459,Ranson,R3
1460,Stull,R3
1464,Shea,R3
1468,Hall,R3
1480,Parker‖Wofford,R3
1502,Kelly,R3
1513,Trainor,R3
1522,Scott,R3
1529,Lee,R3
1539,Pine,R3
1540,Watson,R3
1548,Griggs,R3
1551,Sullivan,R3
1552,Mcgrady,R3
1555,Vaughn,R3
1558,Romero,R3
1564,Lee,R3
1572,Pereda,R3
1590,Grant‖Mendenhall,R3
1609,Pasquino‖Adams,R3
1613,Bolanos,R3
1614,Kavanagh,R3
1621,Gullatt,R3
1632,Gold,R3
1635,Robbins,R3
1650,Hogue,R3
1655,Condict,R3
1675,Stacey,R3
1686,Anderson,R3
1730,Shellhammer,R3
1735,Villalpando,R3
1737,Haynes,R3
1749,Gonzalez,R3
1761,Moore,R3
1762,James,R3
1764,Raines,R3
1767,Knight,R3
1778,Ramirez,R3
1781,Wright,R3
1783,Weingard,R3
1784,Lee,R3
1786,Ross,R3
1795,Williams,R3
1815,Krupa‖Janski,R3
1823,Summerhill,R3
1826,Johnston,R3
1828,Kam,R3
1839,Kelly,R3
1842,Whatoname,R3
1844,Donaldson,R3
1849,Smith,R3
1876,Macias,R3
1884,Marren,R3
1888,Woods‖Weaver,R3
1900,Rodriguez,R3
1913,Roberts,R3
1914,Gordon,R3
1920,Moon,R3
1925,Shipp,R3
1928,Segura,R3
1933,Gilreath,R3
1944,Boller,R3
1964,Kean,R3
1968,Bramlett,R3
1973,Hattaway,R3
1987,Cole,R3
1999,Perry,R3
2037,Carpentier,R3
2045,Reier,R3
2047,Presson,R3
2048,Rosario,R3
2063,Smith,R3
2099,Armstrong,R3
2131,Higgins,R3
2134,Tackett,R3
2137,Lambert,R3
2154,Melchor‖Stjohn,R3
2156,Wong,R3
2164,Bell,R3
2167,Sims,R3
2176,Russell,R3
2196,Clark‖Delgado,R3
2197,Kent,R3
2199,Robidoux,R3
2201,Booker,R3
2211,Karins,R3
2224,Jones,R3
2237,Gann,R3
2244,Vermillion,R3
2250,Rollins,R3
2254,Hill,R3
2255,Morado,R3
2258,Eichenberger‖Connell,R3
2259,Cruz,R3
2262,Riffe,R3
2270,Fugate‖Hanson,R3
2284,Bailey‖Buzard,R3
2303,Peterson,R3
2307,Collier,R3
2311,Monteiro,R3
2314,Ringrose,R3
2317,Degirolamo,R3
2321,Hulsey,R3
2323,Klare,R3
2325,Lebaron,R3
2334,Bridges,R3
2340,Vanhampler,R3
2357,Maloney‖Barker,R3
2374,Smith‖Norman,R3
2379,Cunningham,R3
2385,Shannon,R3
2399,Luna,R3
2407,Parker,R3
2410,Chilson,R3
2413,Ricciardi,R3
2415,Braithwaite,R3
2419,Gomez‖Clark,R3
2429,Little,R3
2435,Jacquemin,R3
2436,Carpenter,R3
2442,Draper,R3
2443,Vivian,R3
2458,Trask,R3
2463,Yancy,R3
2471,Granados,R3
2473,Williams,R3
2489,Watkin,R3
2492,Copley,R3
2506,Valerio,R3
2512,Feagin‖Dow,R3
2530,Goodwin,R3
2536,Washington,R3
2553,Clark,R3
2562,Mathis,R3
2568,Oliver‖Young,R3
2600,Shy,R3
2604,Maloney,R3
2609,Blair,R3
2614,Brown,R3
2637,Goodnight,R3
2642,Bennett,R3
2646,Mitchell,R3
2651,Rann,R3
2663,Monson,R3
2674,Mendenhall,R3
2693,Robinson,R3
2727,Huggins,R3
2729,Bahr,R3
2742,Demeo,R3
2750,Goodman,R3
2763,Hathaway,R3
2766,Stcyr,R3
2767,Freeman,R3
2770,Dicks,R3
2777,Caneva‖Miller,R3
2781,Torres,R3
2805,Bolen,R3
2820,Martinez,R3
2827,Tylor,R3
2831,Murphy,R3
2840,Pagan‖Chan,R3
2859,Brown,R3
2863,Solis,R3
2886,Wilkes,R3
2897,Leslie,R3
2899,Hurst,R3
2906,Gassaway,R3
2913,Cabral,R3
2920,Rodriquez,R3
2921,Hart,R3
2925,Irwin,R3
2926,Hood,R3
2949,Williams,R3
2973,Condon,R3
2978,Blanco,R3
2979,Glickman,R3
2991,Hudgens,R3
2993,Seabron,R3
2995,Siddiqui‖Fuller,R3
2997,Lawson‖Drake,R3
2998,Jimeson,R3
7,Arreola,R3
11,Castillo,R3
12,Duffy,R3
38,Malach,R3
46,Brown,R3
58,Crosland,R3
81,Wilson,R3
89,Ziegler,R3
91,Age,R3
103,Saenz,R3
107,Gomez,R3
128,Dallas,R3
129,Hynes,R3
141,Frizell,R3
148,Moss,R3
149,Volesky,R3
154,Faust,R3
160,Burtch,R3
164,Allen,R3
166,Grossi,R3
168,Bigler‖Burnette,R3
172,Weckerly,R3
175,Clemens,R3
177,Brown,R3
180,Boers,R3
182,Soucier,R3
190,Brown,R3
192,Lara,R3
196,Williams,R3
205,Schneider,R3
213,Pendleton,R3
215,Brosnan,R3
227,Calvo,R3
236,Wilkinson,R3
240,Torres,R3
245,Auduong,R3
252,Purinton,R3
275,Bisonette,R3
283,Green,R3
308,Gonzalez,R3
309,Hendrix,R3
325,Campbell,R3
328,Aldred,R3
333,Poucher,R3
347,Williams‖Grassi,R3
349,Hinderman‖Wood,R3
357,Mckenzie‖Pierce,R3
358,Alvarez,R3
359,Townsend,R3
377,Heffner,R3
380,Eddinger,R3
398,Vest,R3
400,Gipson,R3
404,Gillaspie,R3
414,Katz‖Spencer,R3
417,Ellis,R3
419,Johns,R3
422,Horstman,R3
433,Dougherty,R3
460,Diaz,R3
463,Lopez,R3
466,Mobley,R3
471,Borders,R3
473,Wood,R3
477,Lovelace,R3
483,Cruz,R3
487,Grams,R3
488,Ryan,R3
490,Odle,R3
504,Brown‖Pearce,R3
512,Hilliard‖Marana,R3
527,Scudder,R3
533,Banks,R3
543,Miller‖Wright,R3
546,Iannotti,R3
547,Mcelroy,R3
561,Stearns,R3
563,Bauer,R3
572,Sparrow,R3
573,Cazier,R3
574,Boyd‖Horkey,R3
577,Mahan,R3
579,Shepard,R3
589,Hawes,R3
595,Gomez,R3
600,Dye‖Perez,R3
614,Nichols,R3
618,Baldwin‖Velovic,R3
622,Poquette,R3
657,Saville,R3
659,Couture,R3
660,Montanez,R3
671,Henry,R3
674,Bentley,R3
701,Elliott,R3
711,Traub,R3
715,Putnam,R3
717,Eichenberger,R3
722,Roach,R3
723,Pass,R3
736,Sewell,R3
753,Gerecke,R3
756,Wilhelm‖Sanchirico,R3
760,Booze,R3
762,Joyner,R3
783,Roberts,R3
785,Phillips,R3
794,Burke,R3
796,Graham‖Waren,R3
805,Boyle,R3
813,Mckee,R3
821,Lynch,R3
824,Hanna,R3
854,Moreta‖Soto,R3
856,Sanchez,R3
858,Shilling,R3
867,Cryderman,R3
879,Valdez,R3
880,Nelson,R3
883,Stokes,R3
892,Rex,R3
894,Thompson,R3
899,Serrano‖Horton,R3
910,Dulany,R3
912,Mcnamara,R3
924,Wood‖Brown,R3
927,Gutierrez,R3
929,Parker,R3
931,Broughton,R3
935,Davis,R3
937,Fisch,R3
941,Birkeland,R3
952,Braziel,R3
953,Caylor,R3
974,Bates,R3
976,Jester,R3
982,Young,R3
989,Timmerman,R3
999,Marler‖Gatton,R3
1016,Shupe,R3
1021,Robbins,R3
1024,Hunt,R3
1027,Timmer,R3
1057,Hale,R3
1061,King,R3
1073,Curling,R3
1082,Watts,R3
1099,Gallemore,R3
1105,Andre,R3
1109,Hines,R3
1134,Carrico,R3
1140,Sholtis,R3
1150,Newman,R3
1160,Jones,R3
1162,Watkins,R3
1167,Routh,R3
1185,Donnelly,R3
1190,Williams,R3
1191,Mata,R3
1194,Patterson,R3
1198,Lang,R3
1200,Fellers,R3
1204,Hart,R3
1210,Petty,R3
1213,Martinez,R3
1242,Brock,R3
1243,Swanson,R3
1262,Campbell,R3
1268,Banda,R3
1269,Vitullo,R3
1277,Majors,R3
1279,Mcdonald,R3
1281,Sturdivant,R3
1290,Taylor,R3
1301,Austin,R3
1302,Rogers,R3
1320,Newell,R3
1331,Willie,R3
1333,Jeanette,R3
1335,Larson,R3
1365,Hernandez,R3
1390,Johnson,R3
1409,Miller,R3
1416,Lopez,R3
1429,Spitler‖Mcbride,R3
1430,Busch,R3
1449,Padron,R3
1459,King,R3
1464,Smith‖Ainsworth,R3
1468,Frieden,R3
1471,Klumpp,R3
1498,Schechter,R3
1500,Rothe,R3
1507,Gibson,R3
1513,Gomer‖Wooten,R3
1546,Anderson,R3
1552,Freed,R3
1555,Poyner,R3
1609,Jefferys,R3
1621,Cogliano,R3
1632,Bradford,R3
1635,Longe,R3
1636,Schuchart,R3
1643,Fogg‖Shapiro,R3
1654,Thompson,R3
1655,Hamilton,R3
1668,Hatch,R3
1675,Logiudice,R3
1702,Radden,R3
1730,Davis,R3
1737,Vian,R3
1751,Williams,R3
1754,Plaza,R3
1761,Heyne,R3
1762,Taylor,R3
1767,Bradley,R3
1768,Guadian,R3
1775,Mcquaid,R3
1788,Jones,R3
1811,Delacerda,R3
1826,Osullivan,R3
1827,Stewart,R3
1832,Thomas,R3
1839,Winter,R3
1858,Staubin,R3
1864,Greene,R3
1873,Matuszewski,R3
1878,Bloom,R3
1879,Robinson,R3
1893,Crafton,R3
1902,Moore,R3
1904,Krier,R3
1907,Banks,R3
1910,Shellenberger‖Valentine,R3
1914,Lorraine,R3
1920,Dingus,R3
1922,Harsh,R3
1924,Spataro‖Losacco,R3
1927,Toth,R3
1932,Flores‖Meeks,R3
1934,Wagers‖Michaud,R3
1947,Anderson,R3
1981,Charlie,R3
1983,Collier,R3
1987,Whitney,R3
1999,Ellis,R3
2030,Jeanbaptiste,R3
2033,Lukens,R3
2036,White,R3
2037,Spicer,R3
2038,Whitehead,R3
2041,Banks‖Bautista‖Clark,R3
2045,Hayes,R3
2048,Truelove,R3
2055,Powell,R3
2058,Livingstone,R3
2077,Fulton,R3
2079,Arterburn,R3
2091,Lee,R3
2095,Delallo‖Ard,R3
2099,Lumpkin‖Garcia,R3
2100,Dunbar,R3
2105,Brown,R3
2114,Shaffer,R3
2127,Patrylak,R3
2137,Mueller,R3
2154,Tuck,R3
2156,Jones,R3
2164,Batey,R3
2165,Eades,R3
2171,Boucher,R3
2196,Bannon,R3
2201,Vine,R3
2210,Crain‖Brown,R3
2218,Dildy,R3
2219,Cook,R3
2225,Rocha,R3
2258,Ford,R3
2281,Slavin,R3
2284,Roberts‖Webb,R3
2303,Brinkman,R3
2311,Beasley,R3
2323,Gavia‖Suarez,R3
2327,Engler,R3
2336,Mars,R3
2352,Diaz,R3
2374,Young,R3
2382,Jordan,R3
2413,Lester,R3
2418,Vaughn,R3
2442,Brooks,R3
2462,Brown,R3
2463,Jones,R3
2471,Petros,R3
2474,Johnson,R3
2487,Miller,R3
2489,Jackson,R3
2490,Oviedo,R3
2492,Rothfuss,R3
2503,Cofield,R3
2505,Zimmerman,R3
2506,Allen,R3
2512,Cook,R3
2513,Maldonado,R3
2534,Rice,R3
2535,Stidham,R3
2541,Price,R3
2543,Rivett,R3
2548,Delaney,R3
2553,Dennis,R3
2556,Levy,R3
2568,Boyle,R3
2578,Riddle,R3
2604,Thomason,R3
2641,Conkling,R3
2646,Spaur,R3
2649,Rodriguez,R3
2662,Rodriguez,R3
2686,Masseria,R3
2693,Hall,R3
2706,Mcgary,R3
2713,Isaacson,R3
2718,Omalley,R3
2732,Strong,R3
2741,Jackson,R3
2748,Ramirez,R3
2750,Wilkins,R3
2754,Rosales,R3
2755,Mabe,R3
2763,Mau,R3
2766,Ruby,R3
2767,Cortez,R3
2768,Martinez,R3
2770,Perkins,R3
2782,Stobie,R3
2793,Faire,R3
2803,Harvell,R3
2805,Stickles,R3
2820,Wilson,R3
2827,Harvey‖Sharpton,R3
2833,Morrow,R3
2837,Chantler,R3
2876,Matthewson,R3
2886,Williams,R3
2907,Porat,R3
2911,Luft,R3
2913,Loera,R3
2920,Taylor,R3
2924,Zepeda,R3
2927,Lopez,R3
2961,Pointer‖Haley,R3
2968,Jackson,R3
2971,Hudson,R3
2973,Howell,R3
2978,Lewis,R3
2991,Blevins,R3
2993,Prince,R3
2995,Hargrove,R3
2998,Spera,R3
2999,Dimmick,R3
