ID,payload,sendTo
10,Billy,S1
10,Billy,S2
16,Elijah,S1
16,Elijah,S3
16,Elijah,S4
21,Alvin,S3
30,Marguerite,S2
30,Marguerite,S3
30,Marguerite,S5
33,Colin,S1
33,Colin,S2
33,Colin,S4
43,William,S2
43,William,S5
69,Charles‖Steven,S2
69,Charles‖Steven,S3
69,Charles‖Steven,S4
90,Andrew,S2
90,Andrew,S3
90,Andrew,S4
100,Emmanuel,S0
102,Robert,S3
102,Robert,S5
165,William,S0
165,William,S2
165,William,S5
208,Daniela,S1
208,Daniela,S4
211,Lisa,S0
211,Lisa,S3
211,Lisa,S4
224,Donald,S0
224,Donald,S1
224,Donald,S5
228,Joe,S1
228,Joe,S4
230,Laura,S1
230,Laura,S2
230,Laura,S4
242,Delores,S1
242,Delores,S3
242,Delores,S4
246,David,S1
246,David,S4
246,David,S5
264,Patricia,S3
264,Patricia,S4
266,Adrienne,S0
266,Adrienne,S2
266,Adrienne,S3
282,Sarah,S1
282,Sarah,S3
282,Sarah,S4
284,Elizabeth,S3
284,Elizabeth,S5
289,John,S2
289,John,S5
293,John,S1
293,John,S2
306,Dan,S0
306,Dan,S1
306,Dan,S5
316,Joann,S0
316,Joann,S3
316,Joann,S4
330,Nicholas,S3
344,Sharon,S0
366,Margery,S3
366,Margery,S4
375,Paul,S0
375,Paul,S2
375,Paul,S5
393,Caroline,S0
393,Caroline,S1
393,Caroline,S4
416,Ronald,S3
416,Ronald,S4
416,Ronald,S5
418,Denise,S2
418,Denise,S5
452,Jess,S0
452,Jess,S3
456,Martha,S0
456,Martha,S1
456,Martha,S4
475,Gary‖Michael,S0
475,Gary‖Michael,S4
480,Thomas,S0
480,Thomas,S2
480,Thomas,S3
498,Lisa,S0
498,Lisa,S2
510,Beverly,S0
510,Beverly,S5
513,Christopher,S1
513,Christopher,S5
515,Ola,S5
525,Harold,S2
525,Harold,S4
525,Harold,S5
588,Lisa,S0
588,Lisa,S4
601,Christopher‖Percy,S2
601,Christopher‖Percy,S4
609,Jason,S2
609,Jason,S4
628,Michael,S4
628,Michael,S5
631,Raymond,S1
631,Raymond,S0
631,Raymond,S5
652,Ruben,S0
652,Ruben,S2
652,Ruben,S4
654,Jodi‖Nathan,S0
654,Jodi‖Nathan,S3
662,Patrick‖Darrin,S4
662,Patrick‖Darrin,S5
673,Robert,S1
673,Robert,S4
681,Patsy,S2
681,Patsy,S5
684,Lois,S1
684,Lois,S2
684,Lois,S3
691,Janet,S0
691,Janet,S3
695,Ryan,S5
709,Maria,S0
709,Maria,S2
750,Jimmy,S3
750,Jimmy,S4
750,Jimmy,S5
752,Terry,S1
752,Terry,S0
752,Terry,S5
763,Donald‖Leo,S3
763,Donald‖Leo,S5
793,David,S0
793,David,S5
803,Stuart,S1
803,Stuart,S4
803,Stuart,S5
806,Amber,S0
806,Amber,S2
806,Amber,S4
814,Jeffrey,S0
814,Jeffrey,S4
834,Robert,S0
834,Robert,S2
834,Robert,S4
835,George,S0
835,George,S2
862,William,S1
862,William,S0
862,William,S4
895,Gary,S5
916,James,S0
916,James,S2
916,James,S5
919,David,S1
919,David,S2
928,Robert,S1
946,Robert,S1
946,Robert,S2
946,Robert,S3
954,Maurice,S5
963,Frank,S0
963,Frank,S2
967,Judith,S4
1004,Maria‖John,S3
1004,Maria‖John,S5
1007,Henry,S0
1007,Henry,S5
1025,Gary,S0
1025,Gary,S1
1049,Ralph,S4
1049,Ralph,S5
1062,Roberta,S2
1062,Roberta,S1
1062,Roberta,S5
1063,Joseph,S1
1063,Joseph,S4
1092,Paula,S1
1092,Paula,S4
1092,Paula,S5
1107,Gary,S0
1107,Gary,S5
1137,Anthony,S1
1137,Anthony,S5
1142,Adrian,S0
1142,Adrian,S3
1142,Adrian,S5
1163,Glady,S2
1163,Glady,S1
1163,Glady,S5
1164,Stephanie,S2
1164,Stephanie,S0
1166,Norma,S2
1166,Norma,S0
1212,Dale,S2
1212,Dale,S4
1215,Henry,S2
1215,Henry,S1
1217,Randy,S2
1217,Randy,S3
1217,Randy,S4
1255,Carole,S3
1255,Carole,S4
1263,Gertrud‖Christine,S1
1263,Gertrud‖Christine,S4
1270,Faye,S0
1270,Faye,S4
1270,Faye,S5
1272,Marsha,S3
1273,Ronald,S2
1273,Ronald,S0
1276,Nina,S3
1276,Nina,S4
1287,Phillip,S4
1287,Phillip,S5
1294,Doris,S2
1294,Doris,S0
1294,Doris,S4
1296,John,S3
1296,John,S5
1311,Ella,S3
1311,Ella,S4
1316,Thomas,S0
1316,Thomas,S3
1334,Elizabeth,S2
1334,Elizabeth,S0
1334,Elizabeth,S5
1337,Helen,S2
1337,Helen,S1
1337,Helen,S5
1340,Christian,S2
1340,Christian,S0
1340,Christian,S4
1343,Richard,S1
1343,Richard,S3
1343,Richard,S4
1348,James,S2
1348,James,S5
1366,Elisa,S1
1385,Dianna,S2
1385,Dianna,S3
1385,Dianna,S5
1395,Henrietta,S2
1395,Henrietta,S0
1398,Adele,S4
1403,Tyler,S1
1403,Tyler,S4
1403,Tyler,S5
1404,Michael,S0
1404,Michael,S1
1404,Michael,S5
1424,Mildred,S1
1424,Mildred,S4
1434,Gustavo,S2
1434,Gustavo,S4
1440,Carla,S2
1440,Carla,S0
1440,Carla,S1
1446,Theron,S2
1446,Theron,S4
1488,Stephan,S2
1488,Stephan,S1
1488,Stephan,S3
1496,Jessie,S3
1496,Jessie,S5
1509,Zada,S2
1536,Richard,S0
1536,Richard,S1
1536,Richard,S2
1543,Danny,S3
1543,Danny,S0
1543,Danny,S2
1578,Curtis,S0
1578,Curtis,S5
1582,Ann,S0
1582,Ann,S4
1596,Willie,S1
1596,Willie,S5
1608,Autumn,S1
1615,Andrew,S3
1615,Andrew,S1
1622,Margaret,S0
1622,Margaret,S5
1637,Lynda‖Jeffery,S3
1637,Lynda‖Jeffery,S1
1637,Lynda‖Jeffery,S2
1649,Eldon,S3
1649,Eldon,S5
1653,Pamela,S0
1653,Pamela,S2
1670,Julius,S3
1670,Julius,S2
1677,Richard,S3
1677,Richard,S2
1677,Richard,S5
1679,Elizabeth,S0
1679,Elizabeth,S1
1688,Raymond,S1
1688,Raymond,S5
1693,Heather,S3
1693,Heather,S2
1695,Joseph,S1
1695,Joseph,S2
1695,Joseph,S4
1700,John,S3
1700,John,S0
1733,Joseph,S3
1733,Joseph,S4
1742,Crystal,S2
1742,Crystal,S4
1745,Dolores,S5
1758,Carla,S0
1758,Carla,S5
1787,Chris,S3
1787,Chris,S4
1787,Chris,S5
1812,Sally,S0
1818,Evelyn,S3
1818,Evelyn,S0
1819,Jennifer,S3
1819,Jennifer,S1
1819,Jennifer,S5
1829,Damian,S0
1829,Damian,S1
1829,Damian,S2
1850,Scott,S3
1850,Scott,S1
1850,Scott,S4
1852,Michael,S3
1852,Michael,S2
1862,Charles,S1
1862,Charles,S5
1863,Ronald,S3
1863,Ronald,S5
1883,Enedina,S1
1883,Enedina,S2
1898,George,S3
1898,George,S0
1911,Joan,S0
1911,Joan,S5
1921,John,S0
1921,John,S1
1921,John,S5
1923,Charles,S2
1923,Charles,S5
1936,Kimberley‖Barbara,S3
1936,Kimberley‖Barbara,S1
1936,Kimberley‖Barbara,S5
1937,John,S0
1937,John,S5
1940,Edna,S0
1940,Edna,S2
1940,Edna,S4
1945,Chauncey,S0
1945,Chauncey,S1
1945,Chauncey,S5
1951,Ronnie,S3
1952,Terri,S2
1952,Terri,S5
1955,Mary,S3
1955,Mary,S0
1955,Mary,S1
1961,Jimmie,S0
1961,Jimmie,S4
1977,Earl,S3
1977,Earl,S1
1977,Earl,S5
1992,Eric,S0
1992,Eric,S5
1994,Alica,S1
1994,Alica,S4
1994,Alica,S5
2000,Margaret,S2
2000,Margaret,S3
2001,Gary,S4
2001,Gary,S1
2001,Gary,S2
2007,Cynthia,S0
2007,Cynthia,S3
2016,Michael,S4
2016,Michael,S0
2016,Michael,S1
2017,Roger,S0
2017,Roger,S1
2018,Gail,S4
2018,Gail,S5
2026,Daisy,S2
2028,Melvin,S1
2028,Melvin,S2
2031,Angie,S3
2031,Angie,S5
2046,Billie,S4
2046,Billie,S2
2046,Billie,S3
2057,Charles,S0
2057,Charles,S3
2057,Charles,S5
2059,Tammy,S5
2068,Michael,S5
2071,Richard,S4
2071,Richard,S3
2098,Susan,S0
2098,Susan,S5
2107,Patricia,S2
2110,Paul,S1
2110,Paul,S5
2120,Roger,S3
2122,Humberto‖Traci,S4
2122,Humberto‖Traci,S0
2125,Jessica,S0
2125,Jessica,S5
2128,Sarah,S1
2128,Sarah,S2
2128,Sarah,S5
2146,Daniel,S4
2146,Daniel,S3
2178,Sara,S1
2178,Sara,S5
2179,Anderson,S0
2184,Caitlin,S3
2184,Caitlin,S5
2185,James,S4
2185,James,S0
2185,James,S5
2189,Waneta,S4
2189,Waneta,S3
2189,Waneta,S5
2194,Christi,S1
2194,Christi,S2
2215,Glen,S1
2215,Glen,S5
2236,Carolyn,S4
2236,Carolyn,S3
2242,Stephan,S2
2242,Stephan,S3
2242,Stephan,S5
2243,Jerry,S1
2243,Jerry,S2
2243,Jerry,S5
2246,Barbara,S0
2246,Barbara,S1
2246,Barbara,S2
2247,Catherine,S0
2247,Catherine,S2
2256,Maria,S0
2256,Maria,S2
2256,Maria,S3
2273,Roscoe,S4
2273,Roscoe,S2
2273,Roscoe,S3
2278,Robert,S4
2301,Joyce,S0
2301,Joyce,S1
2301,Joyce,S3
2319,Ruben,S0
2319,Ruben,S5
2320,Raymond,S0
2320,Raymond,S2
2324,Anne,S0
2324,Anne,S1
2324,Anne,S5
2356,Nicholas,S0
2356,Nicholas,S1
2356,Nicholas,S3
2375,Ben,S1
2392,Tammy,S4
2392,Tammy,S3
2398,Michael,S3
2398,Michael,S5
2403,Zelma,S1
2403,Zelma,S2
2403,Zelma,S3
2411,Juan,S4
2411,Juan,S2
2411,Juan,S3
2427,Mary,S1
2427,Mary,S2
2427,Mary,S3
2433,Craig,S1
2433,Craig,S2
2433,Craig,S3
2434,Deborah,S2
2444,Kenneth,S1
2444,Kenneth,S2
2447,Clifford,S4
2447,Clifford,S2
2448,Christopher,S3
2448,Christopher,S5
2454,Jarod,S0
2454,Jarod,S2
2460,Janet,S1
2469,Anna,S4
2469,Anna,S0
2482,Gina,S4
2482,Gina,S2
2483,Jeffrey,S1
2483,Jeffrey,S5
2495,Karen,S4
2495,Karen,S1
2495,Karen,S2
2500,Kenneth,S3
2551,Jose‖Judith,S5
2551,Jose‖Judith,S2
2555,Tyler,S0
2557,Shirley,S1
2557,Shirley,S2
2559,Caroline,S1
2559,Caroline,S4
2573,Elbert,S2
2573,Elbert,S4
2576,Eldon,S2
2576,Eldon,S4
2583,Sophie,S0
2583,Sophie,S4
2585,Ina‖Harry,S5
2585,Ina‖Harry,S0
2598,Eric,S2
2598,Eric,S3
2611,Lindsey,S5
2611,Lindsey,S1
2611,Lindsey,S4
2617,Christine,S5
2617,Christine,S0
2617,Christine,S1
2618,Harvey,S0
2618,Harvey,S1
2628,Donald,S5
2628,Donald,S2
2628,Donald,S3
2643,Janis,S5
2643,Janis,S2
2670,Michael,S5
2670,Michael,S1
2679,Consuelo,S0
2679,Consuelo,S3
2701,Karla‖Donte,S5
2701,Karla‖Donte,S0
2703,Jerry,S5
2703,Jerry,S1
2715,Charles,S5
2715,Charles,S2
2717,Ella,S5
2717,Ella,S2
2720,Cheryl,S0
2720,Cheryl,S1
2720,Cheryl,S3
2744,Christian,S0
2745,Jeffery,S1
2745,Jeffery,S2
2753,Jeffrey,S2
2753,Jeffrey,S4
2756,Sandra‖Norma,S0
2756,Sandra‖Norma,S4
2780,Jared,S0
2780,Jared,S1
2780,Jared,S2
2786,Robert,S5
2787,Kimberly,S1
2787,Kimberly,S3
2794,Julie,S5
2794,Julie,S0
2794,Julie,S2
2795,Jenifer,S5
2795,Jenifer,S3
2798,Jennifer,S5
2798,Jennifer,S0
2806,Yvette,S0
2806,Yvette,S1
2818,Geraldine,S5
2818,Geraldine,S2
2844,Terra,S1
2844,Terra,S2
2847,Jules,S5
2847,Jules,S0
2847,Jules,S1
2858,Mitchell,S3
2858,Mitchell,S4
2870,Leah,S5
2870,Leah,S1
2870,Leah,S2
2884,Gregory,S0
2884,Gregory,S1
2890,Jack,S1
2905,Marilynn,S5
2905,Marilynn,S2
2905,Marilynn,S3
2910,Jessie‖Harold,S5
2910,Jessie‖Harold,S3
2917,Janet,S5
2917,Janet,S3
2919,Marguerite,S4
2941,James,S4
2950,Bernadine,S0
2950,Bernadine,S1
2950,Bernadine,S4
2976,Tamika,S4
2984,Anthony,S5
2984,Anthony,S0
2984,Anthony,S1
2996,Paul,S5
2996,Paul,S0
2996,Paul,S4
1,Spates,R2
1,Spates,R5
3,Fernandez,R0
3,Fernandez,R2
3,Fernandez,R3
3,Fernandez,R5
7,Biro,R0
7,Biro,R3
7,Biro,R4
7,Biro,R5
8,Morgan,R0
8,Morgan,R2
8,Morgan,R3
8,Morgan,R4
13,Lovelock,R3
13,Lovelock,R5
15,Bramble,R0
17,West,R2
18,Flores,R0
18,Flores,R4
18,Flores,R5
20,Sanchez,R0
20,Sanchez,R1
23,Hiatt,R2
23,Hiatt,R4
25,Ryan‖Crank,R0
25,Ryan‖Crank,R1
25,Ryan‖Crank,R2
26,Villarreal,R3
26,Villarreal,R4
27,Wanzer,R4
36,Bergmark,R1
36,Bergmark,R2
36,Bergmark,R4
48,Sweigart,R2
48,Sweigart,R3
52,Gabbert,R5
53,Peterson,R0
53,Peterson,R1
53,Peterson,R5
55,Alexander,R0
55,Alexander,R1
57,Russell,R4
58,Smith,R1
58,Smith,R3
58,Smith,R5
61,Burns,R3
61,Burns,R4
61,Burns,R5
64,Taylor,R4
64,Taylor,R5
65,Williams,R2
65,Williams,R5
66,Sanchez,R0
71,Aubrey,R1
71,Aubrey,R3
71,Aubrey,R4
74,Cable,R2
74,Cable,R3
74,Cable,R4
76,Williams‖Dugan,R1
80,Mcdaniel,R0
80,Mcdaniel,R2
80,Mcdaniel,R5
81,Sheetz,R1
81,Sheetz,R2
81,Sheetz,R3
83,Collins,R1
83,Collins,R4
83,Collins,R5
85,Clark,R0
85,Clark,R1
85,Clark,R3
85,Clark,R5
89,Shunk,R3
89,Shunk,R5
93,Porter‖Lopez,R1
93,Porter‖Lopez,R2
93,Porter‖Lopez,R3
94,Root,R0
96,Kuebler,R2
96,Kuebler,R3
96,Kuebler,R4
96,Kuebler,R5
99,Baker,R0
99,Baker,R3
99,Baker,R5
101,Latsha,R4
101,Latsha,R5
106,Fleming,R1
106,Fleming,R5
107,Woodis,R0
107,Woodis,R3
107,Woodis,R5
109,Miller,R3
109,Miller,R5
111,Vaden,R1
111,Vaden,R4
111,Vaden,R5
112,Faria,R1
112,Faria,R2
112,Faria,R5
116,Greer,R1
116,Greer,R2
116,Greer,R5
120,Etheridge,R3
120,Etheridge,R4
122,Pisani,R0
122,Pisani,R3
122,Pisani,R4
128,Hartle,R0
128,Hartle,R3
129,Wheeler,R1
129,Wheeler,R3
129,Wheeler,R5
131,Desorcy,R3
131,Desorcy,R4
133,Highland,R2
133,Highland,R4
135,Harry,R2
141,Johnson,R2
141,Johnson,R3
144,Chan,R1
144,Chan,R2
144,Chan,R4
145,Smith‖Thornton,R1
145,Smith‖Thornton,R3
145,Smith‖Thornton,R5
147,Holt,R1
147,Holt,R2
147,Holt,R4
147,Holt,R5
152,Frith,R2
154,Glickman‖Tubbs,R0
154,Glickman‖Tubbs,R1
154,Glickman‖Tubbs,R3
158,Stamey,R2
158,Stamey,R4
158,Stamey,R5
162,Deberry,R1
162,Deberry,R2
164,Seltzer,R0
164,Seltzer,R3
164,Seltzer,R4
168,Ross,R0
168,Ross,R3
168,Ross,R5
170,Carlton,R1
170,Carlton,R2
176,Travis‖Dunagan,R4
177,Tackett,R0
177,Tackett,R3
177,Tackett,R5
178,Brown,R0
178,Brown,R1
178,Brown,R3
179,Barber,R1
180,Chiarito,R0
180,Chiarito,R1
180,Chiarito,R3
181,Stevens,R0
181,Stevens,R2
181,Stevens,R3
186,Moore,R0
186,Moore,R1
192,Blanton,R0
192,Blanton,R3
194,Pierce,R2
194,Pierce,R5
196,Mitchell,R3
196,Mitchell,R4
196,Mitchell,R5
197,Farias,R0
197,Farias,R2
197,Farias,R5
200,Molina,R0
200,Molina,R1
200,Molina,R5
202,Turnquist,R5
205,Martin,R3
205,Martin,R5
212,Angelovich,R1
212,Angelovich,R3
212,Angelovich,R4
215,Cardwell,R0
215,Cardwell,R3
215,Cardwell,R5
226,Wong,R0
226,Wong,R1
226,Wong,R2
226,Wong,R3
229,Heaton,R1
236,White,R0
236,White,R3
236,White,R4
237,Macina,R3
237,Macina,R4
238,Jones,R4
238,Jones,R5
239,Wooldridge,R2
239,Wooldridge,R4
244,Gillen,R1
244,Gillen,R5
245,Frizzell‖Hill,R3
245,Frizzell‖Hill,R4
248,Lanham,R0
248,Lanham,R4
250,Bean,R0
250,Bean,R5
251,Rooney,R1
251,Rooney,R5
260,Bueno,R1
260,Bueno,R4
260,Bueno,R5
267,Ross,R1
267,Ross,R4
275,Salmons,R0
275,Salmons,R3
290,Stuckett,R4
292,Thomas,R0
292,Thomas,R3
294,Smalley,R1
296,Gaddie,R1
298,Miller,R0
298,Miller,R3
309,Hodges,R0
309,Hodges,R2
309,Hodges,R3
313,Lamberton,R1
313,Lamberton,R3
314,Defibaugh,R1
314,Defibaugh,R2
314,Defibaugh,R5
315,Dales,R2
315,Dales,R4
317,Wagner,R2
317,Wagner,R5
319,Smith,R1
319,Smith,R4
319,Smith,R5
322,Bean‖Blanke,R0
322,Bean‖Blanke,R3
322,Bean‖Blanke,R4
324,Cook‖Browning,R0
324,Cook‖Browning,R2
324,Cook‖Browning,R3
325,Riddick,R2
325,Riddick,R3
326,Kelch,R0
326,Kelch,R4
329,Beck,R1
335,Chaves,R3
335,Chaves,R4
335,Chaves,R5
336,Mitchum,R0
336,Mitchum,R2
336,Mitchum,R5
346,Lettieri,R0
346,Lettieri,R3
351,Malaspina,R1
351,Malaspina,R4
351,Malaspina,R5
352,Zajc,R1
352,Zajc,R5
355,Brown,R4
359,Corwin,R1
359,Corwin,R3
359,Corwin,R4
363,Marshall,R0
363,Marshall,R1
363,Marshall,R4
364,Garner,R1
367,Scott,R1
367,Scott,R3
370,Hernandez,R4
372,Conway‖Hicks,R1
372,Conway‖Hicks,R4
376,Wardwell,R0
376,Wardwell,R2
380,Mosley,R1
380,Mosley,R3
383,Lach,R2
384,Peltier,R1
384,Peltier,R2
384,Peltier,R3
384,Peltier,R5
398,Wiles,R1
398,Wiles,R3
405,Walsh,R2
405,Walsh,R3
405,Walsh,R4
408,Stratton,R1
408,Stratton,R2
408,Stratton,R4
411,Hermosillo,R1
411,Hermosillo,R4
413,Catlin,R0
413,Catlin,R1
415,Haddock‖Demott,R0
415,Haddock‖Demott,R2
415,Haddock‖Demott,R4
420,Woods,R0
420,Woods,R1
420,Woods,R4
422,Chavez,R1
422,Chavez,R3
422,Chavez,R5
428,Greenwood,R0
428,Greenwood,R3
429,Stenger,R0
429,Stenger,R1
429,Stenger,R4
429,Stenger,R5
431,Russell,R1
431,Russell,R2
431,Russell,R3
431,Russell,R5
433,Belcher,R0
433,Belcher,R2
433,Belcher,R3
435,Bryant,R5
439,Halcomb,R1
444,Johnston,R1
446,Just,R1
447,Saunders,R1
458,Foster,R1
458,Foster,R4
462,Parker,R0
462,Parker,R2
463,Dwyer,R0
463,Dwyer,R3
463,Dwyer,R5
465,Swarr,R1
465,Swarr,R2
467,Cook,R0
467,Cook,R2
467,Cook,R3
468,Harper,R4
471,Morgan,R1
471,Morgan,R2
471,Morgan,R3
476,Richardson,R2
476,Richardson,R4
482,Badanguio,R0
482,Badanguio,R4
482,Badanguio,R5
484,Shearer,R3
484,Shearer,R4
486,Rousse,R4
486,Rousse,R5
488,Bone‖Prater,R3
488,Bone‖Prater,R4
489,Purdy,R0
489,Purdy,R3
493,Goodman,R4
495,Foster,R0
495,Foster,R1
495,Foster,R2
495,Foster,R4
497,Bromley,R1
497,Bromley,R2
499,Komar,R1
503,Foster,R0
503,Foster,R2
504,Beeson,R0
504,Beeson,R2
504,Beeson,R3
505,Youmans,R4
505,Youmans,R5
507,Williams,R4
507,Williams,R5
514,Alvarado,R3
516,Rybij,R2
516,Rybij,R3
518,Brown,R2
520,Scott,R0
520,Scott,R2
520,Scott,R5
522,Rooks,R2
523,Wickstrom,R0
523,Wickstrom,R3
523,Wickstrom,R4
528,Hunter,R2
528,Hunter,R3
528,Hunter,R5
529,Sheehan,R1
529,Sheehan,R4
529,Sheehan,R5
534,Montoya,R0
534,Montoya,R4
535,Hines,R5
539,Smith,R1
539,Smith,R2
545,Negbenebor‖Klug,R1
545,Negbenebor‖Klug,R0
550,Garner,R0
550,Garner,R5
553,Harris,R0
553,Harris,R2
553,Harris,R3
555,Campbell,R1
555,Campbell,R2
555,Campbell,R4
556,Bradford,R2
556,Bradford,R5
557,Masino,R1
557,Masino,R2
557,Masino,R5
559,Sheppard‖Law,R1
559,Sheppard‖Law,R0
560,Mimaki,R1
560,Mimaki,R0
560,Mimaki,R4
561,Desautels‖Wu,R3
561,Desautels‖Wu,R4
562,Cameron,R4
564,Gabriel,R1
573,Riebe,R2
573,Riebe,R3
573,Riebe,R4
573,Riebe,R5
576,Gholston,R1
576,Gholston,R2
576,Gholston,R4
578,James,R2
578,James,R4
579,Mccain,R1
579,Mccain,R3
579,Mccain,R4
580,Torres,R5
582,Smith,R1
582,Smith,R2
583,Ballard,R1
583,Ballard,R2
583,Ballard,R5
590,Guzman‖Crockett,R1
590,Guzman‖Crockett,R3
590,Guzman‖Crockett,R4
592,Brundage,R1
592,Brundage,R0
596,Henderson,R2
596,Henderson,R3
596,Henderson,R5
597,Ingram,R1
597,Ingram,R2
597,Ingram,R3
602,Roder,R0
602,Roder,R2
602,Roder,R5
606,Wilson,R1
606,Wilson,R0
606,Wilson,R4
614,Kendrick,R2
614,Kendrick,R3
615,Ellenberger,R4
615,Ellenberger,R5
616,Stanford‖Davis,R0
616,Stanford‖Davis,R2
617,Kammerer,R1
617,Kammerer,R3
618,Zickefoose,R1
618,Zickefoose,R3
618,Zickefoose,R5
621,Reese,R0
621,Reese,R2
623,Garand,R0
623,Garand,R3
627,Jackson,R2
627,Jackson,R4
629,Strong,R0
629,Strong,R4
630,Waldo,R1
630,Waldo,R0
632,Claiborne‖Keely,R0
632,Claiborne‖Keely,R2
632,Claiborne‖Keely,R3
653,Howse,R2
653,Howse,R5
656,Land,R4
657,Mitchem,R0
657,Mitchem,R3
657,Mitchem,R5
663,Gallman,R1
663,Gallman,R0
664,Rizzio,R0
664,Rizzio,R4
665,Carboneau‖Rawlings,R1
665,Carboneau‖Rawlings,R0
667,Holley,R1
667,Holley,R3
668,Polak,R0
668,Polak,R5
671,Stewart,R2
671,Stewart,R3
671,Stewart,R5
675,Maher‖Felps,R1
675,Maher‖Felps,R3
676,Mitchell,R2
676,Mitchell,R4
680,Fisher,R1
680,Fisher,R5
682,Carmack‖Fischer,R0
682,Carmack‖Fischer,R4
683,Carbajal,R4
689,Dey,R1
690,Sheffield,R0
690,Sheffield,R2
690,Sheffield,R4
692,Burnett,R1
692,Burnett,R0
692,Burnett,R4
694,Mckenzie,R2
694,Mckenzie,R5
700,Remmers,R1
700,Remmers,R0
700,Remmers,R5
701,Ayer,R2
701,Ayer,R3
702,Burkins,R0
702,Burkins,R2
704,Roberson,R1
704,Roberson,R0
704,Roberson,R5
710,Joubert,R0
710,Joubert,R2
710,Joubert,R5
711,Gray,R1
711,Gray,R3
711,Gray,R4
711,Gray,R5
713,Wolley‖Reed,R1
713,Wolley‖Reed,R2
715,Rork,R0
715,Rork,R2
715,Rork,R3
718,Stromain,R2
718,Stromain,R3
720,Goulette,R4
720,Goulette,R5
723,Gustafson,R1
723,Gustafson,R3
725,Spicer,R2
726,Townsend,R0
726,Townsend,R2
729,Zeller,R2
729,Zeller,R4
729,Zeller,R5
733,Snow,R0
735,Bourland,R4
735,Bourland,R5
736,Lacy,R0
736,Lacy,R3
739,Scorgie,R3
739,Scorgie,R4
739,Scorgie,R5
740,Silva,R3
741,Kreps,R1
741,Kreps,R2
743,Goodwin,R3
746,Norberg,R2
746,Norberg,R3
747,Maleh,R1
747,Maleh,R2
747,Maleh,R5
749,Wentz,R3
758,Smith,R1
758,Smith,R2
758,Smith,R4
758,Smith,R5
759,Rosselle,R1
759,Rosselle,R3
762,Macarthur,R3
762,Macarthur,R5
764,Castillo,R0
764,Castillo,R5
766,Upshaw‖Phelps‖Elletson,R1
766,Upshaw‖Phelps‖Elletson,R3
767,Merten,R0
767,Merten,R4
767,Merten,R5
774,Howard,R2
774,Howard,R3
778,Morgan,R2
779,Matheney,R1
779,Matheney,R5
783,Cradle,R0
783,Cradle,R3
794,Joseph,R3
794,Joseph,R5
795,Ford,R1
795,Ford,R3
798,Colon,R0
798,Colon,R2
798,Colon,R3
800,Harling,R0
811,Mosqueda,R1
811,Mosqueda,R0
811,Mosqueda,R5
818,Cota,R1
818,Cota,R2
818,Cota,R5
819,Cooks,R1
819,Cooks,R0
819,Cooks,R2
820,Simmons,R4
821,Gagliardi,R1
821,Gagliardi,R2
821,Gagliardi,R3
821,Gagliardi,R4
823,Kellogg,R2
823,Kellogg,R4
823,Kellogg,R5
824,Lawrence,R2
824,Lawrence,R3
824,Lawrence,R4
826,Moody,R3
826,Moody,R5
830,Graban,R0
830,Graban,R4
830,Graban,R5
831,Angelocci,R0
842,Lafountain,R1
846,Hockins,R0
846,Hockins,R2
846,Hockins,R4
853,Johnson,R2
853,Johnson,R4
855,Miller,R1
855,Miller,R0
855,Miller,R5
857,Banuelos,R3
857,Banuelos,R5
861,Taylor,R2
861,Taylor,R5
863,Earles,R2
863,Earles,R4
863,Earles,R5
864,Leyva,R1
864,Leyva,R0
864,Leyva,R2
865,Miller,R1
865,Miller,R3
865,Miller,R5
866,Sandlin,R1
866,Sandlin,R0
866,Sandlin,R2
867,Hampton,R1
867,Hampton,R2
867,Hampton,R3
877,Delong,R2
877,Delong,R4
881,Taylor,R5
883,Sutton,R0
883,Sutton,R3
883,Sutton,R4
884,Mendez,R1
884,Mendez,R0
884,Mendez,R4
886,Bartkowski,R2
886,Bartkowski,R5
887,Peck,R1
887,Peck,R2
887,Peck,R4
888,Irvin,R2
888,Irvin,R4
892,Bailey,R2
892,Bailey,R3
897,Clifton,R0
897,Clifton,R2
899,Meczywor,R3
899,Meczywor,R5
904,Abbott,R1
904,Abbott,R2
904,Abbott,R4
906,Lee,R0
910,Faith,R3
910,Faith,R4
910,Faith,R5
911,Keef,R0
911,Keef,R2
911,Keef,R5
913,Mount,R4
918,Mcgee,R0
918,Mcgee,R2
920,Bolinger,R1
920,Bolinger,R3
920,Bolinger,R4
923,Caputo,R4
924,Camacho,R1
924,Camacho,R0
924,Camacho,R3
925,Elkins,R1
925,Elkins,R0
930,Dockery,R1
930,Dockery,R0
931,Thompson‖Charles,R1
931,Thompson‖Charles,R0
931,Thompson‖Charles,R3
938,Beck,R1
938,Beck,R2
939,Mcreynolds,R2
939,Mcreynolds,R4
941,Walker,R2
941,Walker,R3
941,Walker,R4
943,Martinez,R3
955,Smith,R0
958,Hinz,R1
958,Hinz,R2
958,Hinz,R4
964,Tweedy,R4
966,Brown,R0
966,Brown,R4
970,Marble,R1
970,Marble,R2
974,Hansen,R2
974,Hansen,R3
977,Stamey,R1
977,Stamey,R0
977,Stamey,R2
978,Violette,R1
978,Violette,R2
979,Blanding,R1
979,Blanding,R4
981,Eady,R0
981,Eady,R4
981,Eady,R5
985,Gray‖Haynes,R1
985,Gray‖Haynes,R2
985,Gray‖Haynes,R4
987,Fields,R3
987,Fields,R4
989,Brown,R0
989,Brown,R2
989,Brown,R3
990,Doss,R3
990,Doss,R4
996,Byrnes‖Pinera,R1
996,Byrnes‖Pinera,R3
999,Rivera,R2
999,Rivera,R3
999,Rivera,R5
1002,Calicott,R2
1002,Calicott,R1
1009,Bower,R1
1009,Bower,R3
1009,Bower,R4
1011,Knaub,R3
1011,Knaub,R4
1014,Donaldson,R2
1014,Donaldson,R3
1022,He,R4
1028,Skinner,R1
1028,Skinner,R3
1030,Gracely,R1
1030,Gracely,R4
1034,Edwards,R0
1034,Edwards,R4
1044,Franz,R2
1044,Franz,R1
1044,Franz,R5
1045,Whitman,R1
1045,Whitman,R3
1046,Johnson,R2
1046,Johnson,R0
1046,Johnson,R5
1055,Warren,R2
1055,Warren,R4
1057,Mccorrison,R0
1057,Mccorrison,R3
1057,Mccorrison,R5
1066,Harvey,R3
1070,Ali,R3
1070,Ali,R4
1073,Foster,R0
1073,Foster,R3
1076,Harter,R1
1076,Harter,R4
1079,Norman,R0
1079,Norman,R3
1080,Corr,R2
1084,Fitzhugh,R2
1091,Scarlett,R1
1093,Fecteau,R1
1093,Fecteau,R4
1094,Schafer‖Ashworth,R0
1094,Schafer‖Ashworth,R1
1094,Schafer‖Ashworth,R5
1099,Wedgeworth,R0
1099,Wedgeworth,R3
1099,Wedgeworth,R5
1100,Vanakin,R5
1101,Judkins,R2
1101,Judkins,R0
1102,Gutierrez,R2
1104,Nalevanko,R2
1104,Nalevanko,R1
1108,Cross,R0
1108,Cross,R5
1109,Williams,R3
1109,Williams,R4
1111,Weitzel,R0
1111,Weitzel,R1
1111,Weitzel,R5
1114,Finley,R2
1114,Finley,R4
1115,Wilson,R1
1115,Wilson,R3
1115,Wilson,R4
1118,Landrus,R2
1118,Landrus,R1
1122,Atkins,R5
1123,Tucker,R2
1123,Tucker,R1
1124,Perry,R0
1124,Perry,R3
1124,Perry,R4
1125,Traynor,R2
1125,Traynor,R0
1125,Traynor,R5
1128,Davis,R0
1128,Davis,R1
1129,Merriweather,R2
1129,Merriweather,R4
1130,Childress,R0
1135,Dobson,R2
1135,Dobson,R0
1135,Dobson,R3
1135,Dobson,R4
1139,Williams‖Salinas,R5
1140,Woods,R2
1140,Woods,R1
1140,Woods,R3
1140,Woods,R5
1144,Randolph,R2
1144,Randolph,R1
1144,Randolph,R5
1146,Bonebrake,R2
1146,Bonebrake,R1
1146,Bonebrake,R5
1148,Hodges,R3
1148,Hodges,R4
1150,Schmidt,R2
1150,Schmidt,R3
1155,Mccloskey,R0
1155,Mccloskey,R5
1157,Martinez,R0
1158,Sinko,R0
1160,Stoltz,R1
1160,Stoltz,R3
1160,Stoltz,R4
1170,Wollenburg,R0
1170,Wollenburg,R1
1180,Lee,R2
1180,Lee,R1
1180,Lee,R3
1180,Lee,R4
1184,Starling,R0
1184,Starling,R4
1184,Starling,R5
1185,Hurd,R2
1185,Hurd,R3
1185,Hurd,R4
1186,Mcgregor,R2
1186,Mcgregor,R1
1186,Mcgregor,R4
1187,Webster‖Brush,R2
1187,Webster‖Brush,R0
1187,Webster‖Brush,R5
1189,Teasley‖Trull,R2
1189,Teasley‖Trull,R0
1189,Teasley‖Trull,R5
1191,Miya,R1
1191,Miya,R3
1196,Garcia,R3
1196,Garcia,R5
1202,Skinner,R2
1202,Skinner,R0
1202,Skinner,R1
1202,Skinner,R4
1209,Tooze,R4
1209,Tooze,R5
1216,Arreola,R1
1216,Arreola,R3
1216,Arreola,R4
1218,Cox,R2
1218,Cox,R1
1218,Cox,R4
1222,Mcbride,R1
1222,Mcbride,R3
1223,Arroyo,R0
1223,Arroyo,R1
1223,Arroyo,R4
1231,Hudnell,R2
1232,Hine,R2
1232,Hine,R3
1232,Hine,R5
1236,Craft,R0
1238,Charlie,R1
1238,Charlie,R4
1244,Smith,R0
1244,Smith,R1
1244,Smith,R5
1246,Hayne,R0
1246,Hayne,R4
1247,Stefanski‖Walker,R2
1247,Stefanski‖Walker,R4
1247,Stefanski‖Walker,R5
1250,Shoemaker,R2
1250,Shoemaker,R0
1250,Shoemaker,R3
1252,Sims‖Lupien,R1
1252,Sims‖Lupien,R5
1254,Madison,R2
1254,Madison,R0
1254,Madison,R1
1256,Stollsteimer,R3
1259,Clayton,R4
1265,Peacock,R0
1265,Peacock,R4
1266,Hanlon,R3
1266,Hanlon,R4
1268,Tatum,R1
1268,Tatum,R3
1269,Smith,R0
1269,Smith,R1
1269,Smith,R3
1271,Gill,R1
1275,Davenport,R2
1275,Davenport,R3
1277,Barker,R0
1277,Barker,R1
1277,Barker,R3
1281,Cleveland,R2
1281,Cleveland,R3
1281,Cleveland,R5
1282,Means,R2
1282,Means,R4
1282,Means,R5
1284,Kwon,R2
1284,Kwon,R3
1284,Kwon,R5
1298,Batten,R0
1298,Batten,R5
1305,Sylvia‖Bryant,R2
1305,Sylvia‖Bryant,R1
1306,Chiaramonte,R0
1306,Chiaramonte,R5
1309,Sobers,R1
1309,Sobers,R3
1310,Martin‖Lindburg,R2
1310,Martin‖Lindburg,R0
1312,Blackmer,R1
1317,Baker,R5
1318,Johnson,R3
1320,Matthews,R2
1320,Matthews,R3
1330,Batarse,R1
1330,Batarse,R4
1332,Robinson,R2
1332,Robinson,R1
1332,Robinson,R3
1335,Aldrich,R1
1335,Aldrich,R3
1338,Carrillo,R0
1338,Carrillo,R5
1342,Reynolds,R0
1346,Skidmore,R2
1346,Skidmore,R1
1349,Carter,R2
1349,Carter,R0
1349,Carter,R4
1352,Copenhaver,R3
1359,Hershberger,R2
1359,Hershberger,R4
1365,Wildenthaler,R2
1365,Wildenthaler,R3
1365,Wildenthaler,R5
1368,Lane,R2
1368,Lane,R0
1368,Lane,R4
1371,Bonaccorsi,R2
1371,Bonaccorsi,R0
1371,Bonaccorsi,R1
1372,Glenn,R1
1372,Glenn,R4
1382,Chandler,R2
1382,Chandler,R0
1384,Wildridge,R0
1384,Wildridge,R4
1386,Racine,R1
1386,Racine,R5
1391,Mcdonald‖Ricker,R2
1391,Mcdonald‖Ricker,R4
1393,Barnes,R2
1393,Barnes,R3
1396,Woods,R1
1396,Woods,R3
1399,Lewis,R1
1400,Jones,R0
1400,Jones,R3
1405,Ogren,R2
1405,Ogren,R1
1406,Thies,R5
1408,Wall,R2
1408,Wall,R4
1409,Lobe,R2
1409,Lobe,R1
1409,Lobe,R3
1430,Currie,R3
1430,Currie,R5
1431,Sampogna,R2
1431,Sampogna,R4
1436,Torres,R3
1444,Pringle,R0
1444,Pringle,R1
1444,Pringle,R5
1449,Desrosiers,R2
1449,Desrosiers,R0
1449,Desrosiers,R3
1455,Flint,R1
1455,Flint,R3
1455,Flint,R4
1459,Merson,R2
1459,Merson,R3
1459,Merson,R4
1460,Odom,R3
1460,Odom,R5
1462,Odum,R1
1462,Odum,R4
1465,Mahaffey,R0
1465,Mahaffey,R4
1465,Mahaffey,R5
1467,Smith,R2
1467,Smith,R4
1467,Smith,R5
1469,Davis,R2
1469,Davis,R0
1469,Davis,R1
1471,Arnold,R2
1471,Arnold,R3
1476,Maynard,R0
1476,Maynard,R4
1480,Nevins,R3
1480,Nevins,R4
1482,Williams,R2
1482,Williams,R1
1482,Williams,R5
1485,Hall,R1
1485,Hall,R5
1487,Fontanella,R0
1489,Reynolds,R2
1489,Reynolds,R0
1489,Reynolds,R5
1490,Aguilera,R2
1490,Aguilera,R4
1493,Contreras,R0
1493,Contreras,R1
1493,Contreras,R4
1493,Contreras,R5
1495,Johnson,R2
1495,Johnson,R4
1497,Williams,R1
1497,Williams,R4
1497,Williams,R5
1500,Weisser,R3
1500,Weisser,R2
1500,Weisser,R5
1505,Bridges,R0
1505,Bridges,R2
1508,Novak,R0
1508,Novak,R5
1510,Davis‖Streiff,R0
1510,Davis‖Streiff,R1
1511,Curry,R0
1511,Curry,R2
1520,Simpson‖Strickland,R0
1520,Simpson‖Strickland,R1
1525,Davis,R2
1526,Birden,R2
1526,Birden,R5
1529,Collman,R3
1529,Collman,R4
1531,Alvarado,R3
1531,Alvarado,R1
1532,Taylor,R0
1532,Taylor,R1
1539,Carr‖Hill,R3
1539,Carr‖Hill,R4
1539,Carr‖Hill,R5
1541,Franklin,R3
1541,Franklin,R0
1541,Franklin,R4
1547,Hogston,R0
1547,Hogston,R1
1553,Fowler,R0
1553,Fowler,R4
1553,Fowler,R5
1555,Gilchrist‖Bennett,R3
1555,Gilchrist‖Bennett,R2
1558,Zurcher,R3
1558,Zurcher,R2
1558,Zurcher,R4
1558,Zurcher,R5
1560,Norrell,R4
1564,Auer,R3
1564,Auer,R2
1564,Auer,R5
1572,Jackson‖Miller,R3
1572,Jackson‖Miller,R0
1572,Jackson‖Miller,R5
1576,Roberts,R3
1583,Yoder,R0
1585,Singleton,R3
1585,Singleton,R2
1587,Wade,R4
1588,Wilson,R1
1588,Wilson,R5
1589,Harris,R0
1589,Harris,R1
1601,Ashlock,R2
1605,Avila,R1
1605,Avila,R2
1607,Haaf,R2
1607,Haaf,R5
1613,Young,R3
1613,Young,R0
1613,Young,R5
1614,Ladner,R3
1614,Ladner,R2
1619,Tao,R0
1619,Tao,R2
1623,Okuhara‖Washington,R2
1623,Okuhara‖Washington,R5
1625,Blair,R0
1625,Blair,R1
1625,Blair,R4
1627,Castleberry,R1
1630,Rameriez,R5
1632,Giglio,R3
1632,Giglio,R1
1634,Fisher,R4
1636,Watters,R3
1636,Watters,R1
1638,Salas,R1
1638,Salas,R4
1642,Rickel,R4
1642,Rickel,R5
1645,West,R0
1645,West,R1
1647,Crogan,R1
1647,Crogan,R4
1647,Crogan,R5
1650,Finney,R3
1650,Finney,R0
1650,Finney,R5
1656,Pennisi,R1
1656,Pennisi,R2
1657,Jones,R2
1657,Jones,R4
1657,Jones,R5
1658,Street,R0
1658,Street,R1
1658,Street,R5
1659,Stoner,R1
1659,Stoner,R4
1661,Morgan,R2
1661,Morgan,R4
1665,Ashlock,R2
1665,Ashlock,R4
1666,Sparks,R1
1666,Sparks,R4
1669,Saldana,R0
1669,Saldana,R2
1669,Saldana,R4
1669,Saldana,R5
1672,Landres,R3
1672,Landres,R1
1674,Bondurant,R2
1674,Bondurant,R5
1678,Bradley,R0
1678,Bradley,R5
1684,Maggard,R0
1684,Maggard,R2
1686,Davis,R3
1686,Davis,R2
1686,Davis,R4
1687,Davis,R1
1687,Davis,R2
1687,Davis,R5
1691,Williams,R2
1694,Parsons,R5
1697,Smith,R0
1697,Smith,R4
1697,Smith,R5
1699,Chambers,R3
1699,Chambers,R2
1701,Vanvalkenburg,R4
1702,Pool,R3
1702,Pool,R4
1703,Boyd,R1
1703,Boyd,R2
1704,Pauley,R0
1705,Souza,R2
1705,Souza,R5
1706,Svec,R1
1706,Svec,R4
1706,Svec,R5
1707,Sutherland,R0
1707,Sutherland,R2
1710,Perlman,R0
1710,Perlman,R1
1710,Perlman,R2
1712,Stanley,R5
1717,Donahue,R0
1717,Donahue,R2
1722,Bernier,R2
1722,Bernier,R4
1726,Seitz,R0
1726,Seitz,R5
1729,Miles‖Jaculina,R0
1729,Miles‖Jaculina,R4
1731,Morales,R3
1731,Morales,R1
1731,Morales,R2
1736,Benoit,R3
1736,Benoit,R1
1736,Benoit,R4
1736,Benoit,R5
1737,Prieto,R3
1737,Prieto,R0
1737,Prieto,R2
1737,Prieto,R4
1744,Bunch,R1
1744,Bunch,R5
1747,Pardo,R0
1747,Pardo,R1
1747,Pardo,R4
1748,Farrell,R1
1752,Rodriguez,R1
1752,Rodriguez,R5
1753,Ponder,R1
1759,Shackelford‖Halyk,R3
1759,Shackelford‖Halyk,R0
1759,Shackelford‖Halyk,R4
1761,Hewitt,R3
1761,Hewitt,R1
1761,Hewitt,R4
1761,Hewitt,R5
1764,Miller,R3
1764,Miller,R2
1764,Miller,R4
1767,Clouse,R3
1767,Clouse,R2
1767,Clouse,R4
1772,Buczek,R2
1772,Buczek,R5
1774,May,R2
1774,May,R5
1782,Jackson,R0
1782,Jackson,R4
1782,Jackson,R5
1783,Thorsen‖Palmer,R3
1783,Thorsen‖Palmer,R4
1786,Johnson,R3
1786,Johnson,R2
1786,Johnson,R5
1788,Coyne,R3
1788,Coyne,R1
1793,Huff‖Johnson,R0
1793,Huff‖Johnson,R1
1795,Hall,R3
1795,Hall,R0
1795,Hall,R5
1797,Starling,R3
1806,Walker,R1
1806,Walker,R4
1806,Walker,R5
1807,Petty‖Leyba,R1
1807,Petty‖Leyba,R5
1808,Peppers,R0
1808,Peppers,R1
1815,Ridley,R3
1815,Ridley,R5
1817,Karr,R0
1817,Karr,R1
1828,Gibson,R3
1828,Gibson,R1
1828,Gibson,R2
1828,Gibson,R5
1830,Barrio,R0
1830,Barrio,R1
1830,Barrio,R5
1836,Peoples,R1
1837,Bernard,R0
1837,Bernard,R2
1837,Bernard,R4
1842,Peck,R3
1842,Peck,R4
1844,Jones,R3
1844,Jones,R0
1844,Jones,R5
1849,Caplan,R3
1849,Caplan,R0
1859,Martinez,R0
1859,Martinez,R5
1861,Bonner,R1
1864,Mansfield,R3
1864,Mansfield,R4
1864,Mansfield,R5
1867,Mcdonald,R4
1869,Regalado,R0
1869,Regalado,R2
1870,Johnson,R0
1870,Johnson,R1
1870,Johnson,R2
1873,Medrano,R3
1873,Medrano,R2
1873,Medrano,R4
1873,Medrano,R5
1874,Dabbs,R0
1874,Dabbs,R2
1874,Dabbs,R4
1880,Mchenry,R0
1880,Mchenry,R4
1880,Mchenry,R5
1881,Mcfadden,R3
1882,Brown,R3
1882,Brown,R2
1882,Brown,R5
1886,Montgomery,R1
1886,Montgomery,R2
1886,Montgomery,R5
1888,Tomlinson,R3
1888,Tomlinson,R5
1890,Hylton,R0
1890,Hylton,R1
1890,Hylton,R5
1891,Wallace,R4
1893,Macklin,R3
1893,Macklin,R2
1894,Hulstine,R1
1895,Brown,R3
1904,Zimmer,R3
1904,Zimmer,R2
1904,Zimmer,R4
1907,Westling,R3
1907,Westling,R0
1907,Westling,R5
1909,Helm,R2
1909,Helm,R4
1912,Myers,R1
1912,Myers,R4
1918,Rojas,R0
1918,Rojas,R2
1920,Clark,R3
1920,Clark,R0
1920,Clark,R1
1920,Clark,R5
1922,Brown,R3
1922,Brown,R4
1922,Brown,R5
1924,White,R3
1924,White,R4
1924,White,R5
1925,Pietrowski,R3
1925,Pietrowski,R1
1925,Pietrowski,R5
1932,Goodwin,R3
1932,Goodwin,R0
1932,Goodwin,R1
1948,Hyden,R0
1953,Aikens,R1
1953,Aikens,R4
1953,Aikens,R5
1956,Hannigan,R2
1956,Hannigan,R4
1956,Hannigan,R5
1960,Kozak,R3
1960,Kozak,R2
1960,Kozak,R4
1962,Lucero,R2
1962,Lucero,R4
1963,Nicholas,R5
1980,Sutton,R1
1980,Sutton,R2
1980,Sutton,R5
1987,Beauchamp,R3
1987,Beauchamp,R0
1987,Beauchamp,R1
1988,Oiler,R3
1990,Nix,R3
1990,Nix,R5
1997,Carlson,R1
1997,Carlson,R2
1997,Carlson,R5
2012,Smith,R2
2014,Sullivan,R4
2014,Sullivan,R0
2019,Kopecky‖Kuznicki,R0
2024,Mellon‖Phifer,R1
2024,Mellon‖Phifer,R5
2027,Isom,R1
2030,Yin,R2
2030,Yin,R3
2030,Yin,R5
2032,Casey,R5
2035,Reid,R4
2035,Reid,R0
2036,Hutsell,R1
2036,Hutsell,R2
2036,Hutsell,R3
2042,Plemons,R2
2042,Plemons,R5
2044,Fye,R2
2044,Fye,R5
2045,Warren,R3
2045,Warren,R5
2048,Morriss,R4
2048,Morriss,R1
2048,Morriss,R3
2053,Starzyk‖Swanson,R4
2053,Starzyk‖Swanson,R5
2056,Wilson,R2
2063,Fisher,R0
2063,Fisher,R1
2063,Fisher,R3
2067,Marquez,R4
2067,Marquez,R5
2072,Konowal,R5
2073,Hissem,R0
2073,Hissem,R1
2075,Campbell,R0
2075,Campbell,R1
2075,Campbell,R5
2079,Siemering,R0
2079,Siemering,R3
2079,Siemering,R5
2080,Malone,R4
2080,Malone,R2
2080,Malone,R5
2081,Lovingood,R4
2081,Lovingood,R2
2081,Lovingood,R5
2082,Osborn,R0
2082,Osborn,R3
2083,Perez,R4
2083,Perez,R1
2086,Mowrey,R4
2086,Mowrey,R5
2087,Hernandez,R1
2089,Kmiecik,R4
2089,Kmiecik,R1
2089,Kmiecik,R5
2093,Archuleta,R1
2093,Archuleta,R2
2100,Brooks,R2
2100,Brooks,R3
2103,Walker,R0
2103,Walker,R2
2109,Nelson,R3
2109,Nelson,R5
2113,Hasson,R4
2114,Phillips,R0
2114,Phillips,R3
2115,Miller,R1
2117,Mcmann‖Rivera,R0
2117,Mcmann‖Rivera,R1
2121,Singleton,R4
2121,Singleton,R0
2123,Michel,R0
2123,Michel,R1
2124,Myers,R2
2131,Broaddus,R4
2131,Broaddus,R3
2131,Broaddus,R5
2133,Henry,R4
2133,Henry,R0
2137,Poling,R0
2137,Poling,R3
2137,Poling,R5
2138,Preston,R1
2138,Preston,R2
2144,Green,R0
2147,Agosta,R4
2149,Olson,R4
2149,Olson,R3
2152,Peterson,R0
2152,Peterson,R1
2156,Delgado,R0
2156,Delgado,R2
2156,Delgado,R3
2159,Wilson,R4
2159,Wilson,R1
2159,Wilson,R3
2160,Alexander‖Blazer,R4
2163,Martin,R4
2163,Martin,R1
2164,Adkins,R4
2164,Adkins,R0
2164,Adkins,R1
2164,Adkins,R3
2166,Hayes,R3
2168,Galan,R0
2168,Galan,R3
2170,Schaub,R0
2170,Schaub,R5
2171,Johnston‖Case,R0
2171,Johnston‖Case,R3
2173,Watson,R4
2173,Watson,R0
2173,Watson,R2
2173,Watson,R5
2176,Moss‖Hensley,R0
2176,Moss‖Hensley,R1
2176,Moss‖Hensley,R3
2177,Ballance,R0
2177,Ballance,R5
2181,Scott,R0
2181,Scott,R2
2181,Scott,R5
2182,Layman,R1
2183,Digeorgio,R4
2187,Reaves,R4
2187,Reaves,R1
2187,Reaves,R3
2190,Clarke,R4
2190,Clarke,R0
2190,Clarke,R1
2192,Hicks,R4
2192,Hicks,R5
2193,Garland,R0
2193,Garland,R1
2193,Garland,R2
2195,Herbert,R0
2195,Herbert,R2
2198,Cusson,R4
2198,Cusson,R1
2198,Cusson,R3
2205,Fellin,R1
2208,Alo,R1
2208,Alo,R3
2210,Galbraith,R3
2210,Galbraith,R5
2211,Long‖Connelly,R4
2211,Long‖Connelly,R3
2217,Hartung,R4
2217,Hartung,R0
2217,Hartung,R1
2217,Hartung,R5
2219,Ruiz,R1
2219,Ruiz,R2
2219,Ruiz,R3
2222,Rogers,R4
2222,Rogers,R2
2224,Vega,R0
2224,Vega,R3
2225,Bolyard,R0
2225,Bolyard,R3
2225,Bolyard,R5
2226,Davis,R3
2232,Szabo,R1
2240,Smith,R0
2240,Smith,R2
2240,Smith,R5
2245,Russel,R4
2245,Russel,R0
2245,Russel,R2
2252,Harris,R1
2252,Harris,R2
2254,Gallagher,R0
2254,Gallagher,R2
2254,Gallagher,R3
2257,Wright,R1
2257,Wright,R2
2257,Wright,R5
2258,Gordon,R4
2258,Gordon,R3
2258,Gordon,R5
2261,Gilbert,R1
2272,Howington,R0
2272,Howington,R5
2275,Medina,R4
2275,Medina,R0
2275,Medina,R1
2279,Aguilar,R4
2279,Aguilar,R0
2280,Jernigan,R5
2281,Littich,R1
2281,Littich,R3
2282,Hammer,R4
2282,Hammer,R2
2282,Hammer,R3
2287,Nielsen,R2
2288,Mueller,R4
2288,Mueller,R1
2288,Mueller,R5
2291,Brown,R0
2291,Brown,R5
2296,Judd,R4
2296,Judd,R0
2296,Judd,R1
2297,Webb,R4
2297,Webb,R0
2302,Burdick,R0
2302,Burdick,R2
2302,Burdick,R5
2307,Holbrook,R0
2307,Holbrook,R2
2307,Holbrook,R3
2311,Knox,R1
2311,Knox,R2
2311,Knox,R3
2311,Knox,R5
2318,Cooper,R4
2318,Cooper,R0
2318,Cooper,R1
2323,Hendrix,R0
2323,Hendrix,R3
2323,Hendrix,R5
2327,Dicicco,R4
2327,Dicicco,R0
2327,Dicicco,R3
2329,Meyer,R1
2330,Spain,R0
2332,Majors,R4
2332,Majors,R2
2335,Cannon,R0
2335,Cannon,R3
2335,Cannon,R5
2336,Wichmann,R4
2336,Wichmann,R3
2336,Wichmann,R5
2340,Bailey,R4
2340,Bailey,R2
2340,Bailey,R3
2340,Bailey,R5
2345,Kuhr,R0
2345,Kuhr,R1
2346,Ernesto,R5
2349,Mulligan‖Lant,R4
2349,Mulligan‖Lant,R1
2349,Mulligan‖Lant,R2
2351,Kent,R4
2351,Kent,R2
2351,Kent,R5
2352,Bramer,R1
2352,Bramer,R2
2352,Bramer,R3
2353,Hill,R3
2357,Ford,R3
2359,Green,R1
2359,Green,R2
2362,Hudock,R2
2362,Hudock,R3
2363,Lacombe,R4
2363,Lacombe,R0
2369,Childs,R4
2369,Childs,R0
2376,Bianco,R0
2376,Bianco,R1
2376,Bianco,R5
2377,Lopez,R0
2377,Lopez,R1
2379,Rice,R4
2379,Rice,R1
2379,Rice,R3
2385,Fuentes,R0
2385,Fuentes,R3
2385,Fuentes,R5
2395,Scinto,R0
2396,Schaeffer‖Hidalgo,R2
2396,Schaeffer‖Hidalgo,R5
2399,Simmons,R3
2399,Simmons,R5
2402,Wilcox,R1
2402,Wilcox,R5
2415,Loy,R2
2415,Loy,R3
2415,Loy,R5
2416,Tinley,R4
2416,Tinley,R0
2416,Tinley,R2
2419,Lewis,R3
2419,Lewis,R5
2421,Brooks,R4
2421,Brooks,R3
2424,Ferrin,R4
2424,Ferrin,R0
2425,Herman,R5
2435,Shank,R0
2435,Shank,R2
2435,Shank,R3
2436,Baxter‖Rovinsky,R2
2436,Baxter‖Rovinsky,R3
2437,Heisler,R0
2437,Heisler,R5
2438,Arceneaux,R2
2442,Fontenot,R2
2442,Fontenot,R3
2442,Fontenot,R5
2445,Carbaugh,R4
2445,Carbaugh,R2
2446,Rowe,R4
2446,Rowe,R1
2446,Rowe,R2
2450,Rosen,R2
2451,Shanley,R0
2451,Shanley,R2
2451,Shanley,R5
2462,Win,R4
2462,Win,R3
2463,Landrum,R3
2463,Landrum,R5
2464,Schulle,R4
2464,Schulle,R2
2464,Schulle,R5
2465,Eastlick,R0
2465,Eastlick,R2
2465,Eastlick,R3
2471,Earnest,R1
2471,Earnest,R3
2471,Earnest,R5
2472,Russell,R2
2472,Russell,R5
2473,Morlock,R3
2477,Riley,R4
2477,Riley,R2
2477,Riley,R5
2488,Shamapande,R4
2489,Nez,R4
2489,Nez,R3
2491,Thomas,R1
2491,Thomas,R5
2492,Thurman,R1
2492,Thurman,R2
2492,Thurman,R3
2494,Taylor,R2
2499,Kato,R2
2499,Kato,R5
2505,Thomas,R2
2505,Thomas,R3
2506,Smith‖Cox,R0
2506,Smith‖Cox,R1
2506,Smith‖Cox,R3
2510,Roberts,R5
2510,Roberts,R2
2511,Hatcher,R5
2511,Hatcher,R0
2513,Henriksen,R3
2513,Henriksen,R4
2515,Heyward,R5
2515,Heyward,R0
2515,Heyward,R4
2516,Western,R0
2516,Western,R4
2522,Harris,R2
2522,Harris,R3
2524,Castor,R5
2524,Castor,R0
2524,Castor,R3
2526,Watson,R5
2526,Watson,R4
2529,Simmons,R1
2529,Simmons,R2
2530,Davis,R0
2530,Davis,R3
2535,Henning,R1
2535,Henning,R2
2535,Henning,R3
2542,Daily‖Amaya,R0
2542,Daily‖Amaya,R4
2544,Wilburn‖Watson,R0
2544,Wilburn‖Watson,R1
2550,Lemon,R1
2550,Lemon,R3
2552,Nixon‖Palomo,R0
2552,Nixon‖Palomo,R4
2553,Figueroa,R0
2553,Figueroa,R2
2553,Figueroa,R3
2556,Roper,R2
2556,Roper,R3
2556,Roper,R4
2563,Richmond,R5
2563,Richmond,R0
2563,Richmond,R1
2566,Schreiber,R0
2569,Brandly,R5
2569,Brandly,R1
2572,Marshall,R3
2572,Marshall,R4
2584,Hindman,R1
2584,Hindman,R2
2584,Hindman,R4
2589,Goffinet,R5
2589,Goffinet,R0
2594,Coleman,R3
2599,Francis,R0
2599,Francis,R2
2604,Snead,R0
2604,Snead,R3
2610,Schell,R2
2610,Schell,R4
2621,Williams,R4
2622,Bracken,R4
2624,Shipley,R5
2632,Hoff,R4
2633,Ware,R5
2633,Ware,R0
2636,Campos‖Docken,R5
2638,Maki,R2
2642,Ochwat,R0
2642,Ochwat,R2
2642,Ochwat,R3
2645,Rowe,R0
2645,Rowe,R4
2649,Allen,R5
2649,Allen,R1
2649,Allen,R3
2649,Allen,R4
2654,Jepson,R5
2656,Kirkwood,R0
2656,Kirkwood,R1
2656,Kirkwood,R4
2660,Thompson,R1
2660,Thompson,R4
2661,Lockett,R5
2674,Gordon,R5
2674,Gordon,R3
2675,Miller,R0
2680,Enos,R5
2680,Enos,R1
2680,Enos,R2
2683,Turpen,R1
2689,Craig‖Diaz,R2
2689,Craig‖Diaz,R4
2692,Scheidecker,R5
2692,Scheidecker,R4
2694,Starnes,R3
2694,Starnes,R4
2697,Eddy,R1
2699,Singleton,R5
2705,Harris,R5
2705,Harris,R2
2705,Harris,R4
2706,Saleh,R0
2706,Saleh,R2
2706,Saleh,R3
2711,Mckinnis,R4
2723,Ha,R2
2723,Ha,R4
2724,Trujillo,R0
2727,Thompson,R0
2727,Thompson,R3
2728,Kerr,R5
2728,Kerr,R1
2731,Mose‖Campbell,R5
2731,Mose‖Campbell,R1
2731,Mose‖Campbell,R4
2734,Kern,R3
2734,Kern,R4
2735,Shipman,R5
2735,Shipman,R3
2742,Menefield,R0
2742,Menefield,R1
2742,Menefield,R2
2742,Menefield,R3
2746,Pederson‖Crawford,R1
2746,Pederson‖Crawford,R4
2747,Gilbert,R5
2747,Gilbert,R4
2755,Hartz,R1
2755,Hartz,R3
2758,Robicheaux,R0
2758,Robicheaux,R1
2764,Saunders,R5
2767,Deardorff,R5
2767,Deardorff,R0
2767,Deardorff,R3
2768,Hamilton,R0
2768,Hamilton,R2
2768,Hamilton,R3
2768,Hamilton,R4
2769,Eigner,R5
2769,Eigner,R2
2769,Eigner,R4
2772,Gibbs,R0
2772,Gibbs,R2
2773,Hart,R1
2773,Hart,R2
2773,Hart,R3
2777,Wolfe,R0
2777,Wolfe,R1
2777,Wolfe,R3
2783,Willoughby,R1
2783,Willoughby,R3
2797,Jackson,R2
2797,Jackson,R3
2803,Grimes,R3
2803,Grimes,R4
2804,Koehler,R0
2804,Koehler,R1
2812,Shoemake,R5
2819,Kriss,R0
2819,Kriss,R2
2820,Haynes,R5
2820,Haynes,R1
2820,Haynes,R2
2820,Haynes,R3
2827,Cusson,R5
2827,Cusson,R1
2827,Cusson,R3
2829,Dixon,R5
2829,Dixon,R0
2829,Dixon,R1
2830,Miller,R0
2830,Miller,R2
2832,Caskey,R5
2832,Caskey,R0
2832,Caskey,R1
2832,Caskey,R4
2835,Cramer,R0
2835,Cramer,R2
2838,Griffin,R0
2838,Griffin,R1
2838,Griffin,R4
2839,Vaughn,R4
2840,Swanson,R5
2840,Swanson,R3
2840,Swanson,R4
2843,Brewer,R1
2843,Brewer,R3
2845,Noble,R3
2846,Sutton,R5
2846,Sutton,R1
2851,Rendall,R0
2856,Clifton,R5
2856,Clifton,R0
2856,Clifton,R1
2861,Terry,R5
2861,Terry,R4
2862,Ford,R0
2862,Ford,R1
2863,Polanco,R5
2863,Polanco,R0
2863,Polanco,R3
2864,Folse,R2
2868,Bernardini,R3
2868,Bernardini,R4
2871,Gwin‖Hoke,R5
2871,Gwin‖Hoke,R4
2872,Lane‖Muhammad,R5
2872,Lane‖Muhammad,R2
2872,Lane‖Muhammad,R3
2874,Lance,R5
2874,Lance,R4
2875,Mcgee,R0
2875,Mcgee,R4
2876,Carver,R0
2876,Carver,R3
2876,Carver,R4
2882,Barner,R3
2882,Barner,R4
2888,Dopler,R1
2888,Dopler,R3
2894,Moreno,R4
2896,Vollmer,R1
2896,Vollmer,R3
2897,Mann‖Foster,R2
2897,Mann‖Foster,R3
2897,Mann‖Foster,R4
2904,Dubois,R5
2904,Dubois,R4
2911,Smith,R5
2911,Smith,R1
2911,Smith,R3
2916,Morris,R2
2916,Morris,R3
2918,Woodford,R5
2918,Woodford,R4
2920,Sickler,R0
2920,Sickler,R3
2921,Moulton,R5
2921,Moulton,R0
2921,Moulton,R3
2922,Sharp,R2
2923,Guerrero,R0
2923,Guerrero,R1
2927,Scott,R0
2927,Scott,R1
2927,Scott,R2
2927,Scott,R3
2928,Sluka,R5
2928,Sluka,R2
2928,Sluka,R4
2932,Thompson,R5
2932,Thompson,R0
2932,Thompson,R3
2938,Mcshane,R1
2940,Larson,R5
2940,Larson,R1
2942,Cefalu,R2
2947,Perez,R1
2949,Jones,R5
2949,Jones,R3
2955,Canclini,R2
2955,Canclini,R3
2957,Bartee,R5
2957,Bartee,R1
2957,Bartee,R4
2958,Branhan,R2
2958,Branhan,R4
2961,Robinson,R5
2961,Robinson,R3
2961,Robinson,R4
2967,Brodowski,R5
2967,Brodowski,R2
2969,Cooney,R4
2971,Eskew,R5
2971,Eskew,R0
2971,Eskew,R3
2980,Silvernail,R5
2980,Silvernail,R2
2982,Duff,R5
2982,Duff,R2
2983,Carrillo,R0
2985,Hood,R0
2985,Hood,R1
2985,Hood,R3
2986,Turney,R0
2986,Turney,R1
2986,Turney,R4
2987,Daily,R2
2987,Daily,R4
2992,Barker,R5
2992,Barker,R1
2995,Wingate,R2
2995,Wingate,R3
2995,Wingate,R4
2997,Greer,R5
2997,Greer,R0
2997,Greer,R3
2998,Blaize,R0
2998,Blaize,R2
2998,Blaize,R3
