ID,FirstName
2,Vandeusen
5,Gardner
6,Erickson
8,Inabinet
12,Burgos
12,Gonzalez
13,Carroll
15,Dominquez
18,Hall
18,Hinkley
19,Brannon
20,Hills
21,Phares
21,Rankin
24,Mata
24,Corbin
25,Bearden
31,Edwards
32,Mcentyre
35,Wilson
35,Zielinski
38,Bryant
40,Davis
41,Lewis
41,Herrin
42,Sanchez
42,Kunkel
49,Costanzo
53,Brough
55,Armstrong
56,Dunne
58,Loudermilk
63,Ross
65,Johnston
66,Wahlstrom
66,Lee
67,Kelly
67,Robb
69,Shortell
71,Brooks
86,Franco
87,Bush
88,Martin
94,Otero
96,Vandorp
96,Smith
97,Rudolph
98,Rockwell
101,Adriance
102,Strom
103,Whitman
105,Brown
106,Rios
108,Montgomery
117,Nutter
117,Vann
119,Michaels
123,Rodriguez
123,Stahnke
124,Scalise
125,Desalvo
125,Green
130,Graham
131,Jones
131,Hickernell
139,Madlung
139,Mcknight
140,Yoshioka
147,Resner
150,Lane
152,Walters
154,Collins
157,Adams
157,Thomas
160,Herrod
163,Lopez
164,Gaskins
164,Carter
167,Pogue
170,Stegmann
173,Dulin
174,Custodio
187,Gonzalez
188,Kelsey
198,Vig
199,Bunn
202,Jaffe
203,Lee
205,Varela
207,Rodriguez
209,Phillips
210,Hill
210,Godwin
218,Jerman
218,Martin
220,Branche
220,Heslep
221,Anderson
222,Lewis
222,Cramer
225,Humble
233,Parsons
236,Howard
239,Robles
241,Kirkland
244,Lopez
249,Tompkins
251,Moreland
256,Fournier
259,Dougherty
260,Maxon
263,Clemons
264,Andreozzi
266,Cain
267,Mccrae
272,Nekola
275,Guthrie
277,Sharpe
278,Wong
288,Koon
291,Prince
295,Flynn
295,Page
296,Mcdaniel
298,Gaffney
301,Ogilvie
304,Ken
310,Buske
311,Graham
313,Oneal
315,Gallion
318,Nelson
319,Zebell
320,Jackson
320,Russell
325,Bond
325,Raby
325,Lott
331,Newcomb
332,Vega
332,Sinotte
336,Goble
342,Barrientos
346,Madrid
346,Marcy
347,Colon
351,Mcguirl
352,Lloyd
357,Millwood
361,Nemoede
366,Hill
367,King
369,Sandy
372,Patrick
375,Trevino
388,Walker
388,Mcdowell
389,Hackwell
390,Hinds
393,Fiorello
399,Disimone
400,Sauceda
400,Benner
401,Dant
402,Newman
403,Schwass
411,Merry
412,Kelly
412,Torres
412,Holien
415,Parker
415,Wolfinger
416,Smith
419,Lofton
420,Layne
420,Parks
421,Hinson
426,Holton
430,Staples
435,Shaner
438,Lopez
438,Nailor
444,Guthrie
446,Villatoro
446,Sawicki
447,King
449,Baxter
451,Johnson
453,Lane
454,Fambrough
457,Dees
459,English
465,Lin
470,Garrison
477,Payton
481,Roberson
482,Carrington
483,Kittell
486,Corbin
486,Bess
491,Prosser
491,Kittle
492,Spicer
492,Duff
493,Garing
494,Harris
494,Vo
495,Washington
496,Sanchez
501,White
503,Brien
504,Mclaughlin
504,Jordan
505,Mccollum
512,Ragan
514,Chastain
522,Cooper
522,Kendall
531,Foltz
532,Bauer
533,Phair
536,Pendleton
539,Horodyski
548,Kelash
549,Brooks
550,Mohr
550,Harvey
553,Ransdell
554,Wedderburn
562,Carroll
562,Williams
566,Hernandez
568,Furrer
569,Strauss
570,Ford
572,Radice
575,Kiernan
578,Charles
578,Gilbert
579,Eguia
581,Knight
582,Massey
585,Williams
591,Patterson
592,Perez
593,Tanner
593,Sweeney
593,Pugh
594,Wagner
597,Hill
599,Huson
599,Flores
599,Garrett
603,White
605,Vanhorn
608,Glass
609,Delargy
616,Tirado
618,Quincy
627,Tapia
629,Steffen
629,Price
630,Sumner
633,Young
636,Bannister
637,Briseno
640,Walker
648,Glinski
650,Gay
650,Crafter
651,Quintana
651,Vaughn
652,Todd
653,White
655,Matherly
655,Claxton
655,Bowers
659,Cochran
659,Ress
660,Magallanes
672,Ross
674,Mccary
675,Green
684,Steir
696,Peterson
697,Sawyer
699,Baca
702,Holcomb
703,Hooker
703,Alexander
705,Rich
705,Santiago
706,Trager
707,Marvin
710,Moore
717,Heyes
727,Fabian
731,Kolinski
733,Washington
736,Gray
737,Rodriguez
740,Dehaven
741,Perez
742,Reber
746,Lemire
747,Salles
747,Jackson
757,Kertzman
757,Seeholzer
768,Bing
770,Whitsitt
772,Mccrary
775,Lopez
778,Shelby
779,Laite
780,Strickland
787,Gomez
789,Phillips
791,Fields
793,Gardner
794,Gibson
796,Irvin
800,Schmiedeskamp
800,Lauderdale
804,Locher
809,Thornton
809,Walsh
811,Parker
815,Guzman
821,Day
825,Colton
825,Jones
825,Stringer
828,Mason
829,Craft
832,Zeigler
838,Peck
842,Zamora
842,Henderson
842,Killeen
843,Mccord
846,Howard
846,Rice
851,Wilson
853,Varel
854,Cutter
856,Carr
857,Foster
861,Robertson
861,Berstein
865,Ramirez
865,Shingler
868,Haynes
871,Claiborne
877,Grubbs
878,Mcdougal
881,Leet
883,Fritz
886,Baker
890,Baker
892,Schmidt
894,Frederick
895,Odowd
896,Johnson
897,Williams
898,Dix
902,Ward
902,Allen
904,Peterson
905,Humphrey
908,Correia
910,Simon
915,Kim
917,Davis
918,Livesay
919,Friesner
922,Driscoll
927,Davis
928,Pursifull
930,Ellingson
930,Lints
931,White
931,Boone
932,Duchesne
933,Logan
935,Fordham
936,Avery
938,Long
938,Spencer
939,Mclendon
941,Henry
949,Falcon
950,Pena
954,Reliford
957,Brown
958,Richardson
958,Wall
962,Cox
966,Price
969,Manzo
972,Mcconnell
976,Wasmer
978,Spencer
979,Mcdonald
982,Reier
985,Robinson
986,Colvin
988,Fields
990,Duong
992,Fleeger
993,Visick
994,Connelly
995,Respress
998,Arsenault
998,Dodge
999,Howells
1003,Tonner
1006,Congleton
1006,Wendte
1008,Barnes
1008,Malone
1011,Hoyman
1012,Nagy
1013,Wilkins
1017,Gwinn
1040,Lightner
1045,Penrod
1046,Green
1046,Richardson
1049,Johnson
1050,Smith
1051,Gaydos
1055,Verdin
1062,Manalo
1064,Buck
1067,Baver
1071,Frias
1073,Finzel
1073,Stewart
1077,Patton
1078,Rodriguez
1083,Williams
1084,Ratcliff
1085,Culver
1086,Snider
1087,Taylor
1089,Perreira
1094,Younker
1095,Lee
1104,Sankey
1106,Sawyer
1106,Pratt
1108,Hill
1110,Williams
1110,Yates
1110,Frazier
1113,Mcdonald
1114,Gero
1116,Petruzzelli
1117,Bryant
1120,Bayer
1122,Milton
1124,Stone
1125,Gibson
1128,Seguin
1129,Williams
1131,Foreman
1135,Wasson
1140,Lewis
1140,Honeycutt
1146,Wright
1146,Donohoe
1146,Butler
1147,Ostrzyeki
1147,Pearl
1147,Close
1148,Meier
1148,Mccarty
1150,Stone
1154,Adelstein
1155,Weaver
1157,Sadowski
1157,Ayer
1158,Lister
1159,Smith
1160,Lane
1162,Res
1164,Heath
1167,Hansen
1169,Monroe
1169,Delrosso
1172,Cook
1174,Daniels
1177,Thurmond
1178,Paez
1179,Venzke
1184,Jackson
1189,Strickland
1190,Laramee
1191,Polley
1193,Freeman
1194,Stamm
1198,Unrein
1200,Bradley
1200,Smith
1202,Victoria
1202,Addie
1205,Wooten
1205,Wagner
1206,Hall
1217,Satchell
1220,Connor
1231,Lau
1231,Black
1235,Odom
1241,Dunlap
1242,Delcour
1244,Carroll
1251,Williams
1262,Dishon
1262,Caruso
1270,Overman
1271,Cline
1275,Vaughn
1283,Maxwell
1283,Freeman
1286,Weiss
1286,Mckee
1286,Balson
1290,Mckinney
1295,Galeano
1298,Gandee
1299,James
1300,Smith
1303,Kennedy
1305,Cashman
1306,Greene
1306,Biddix
1312,Cook
1314,Peterson
1318,Conner
1324,Whitford
1325,Leonard
1329,Ballance
1330,Ligon
1332,Strecker
1333,Hopper
1338,Mcginnes
1341,Borkowski
1347,Burch
1348,Hamilton
1348,Buxton
1352,Warnock
1353,Broussard
1353,Beets
1356,Mcshane
1357,Hargrove
1359,Armstead
1360,Vanhoose
1361,Grant
1364,Honeycutt
1368,Vasquez
1369,Gilman
1370,Guajardo
1370,Ballard
1374,Morgan
1375,Carl
1376,Hill
1383,Bolton
1388,Kroll
1389,Bates
1390,Hudgins
1391,Thompson
1392,Keys
1395,Lanclos
1398,Spiller
1398,Hardy
1399,Mccuen
1400,Murray
1400,Stevenson
1401,Davis
1403,Cotney
1406,Clark
1407,Hurtubise
1408,Richardson
1409,Rosenbaum
1410,Chandler
1412,Phipps
1412,Lee
1416,Stringfellow
1420,Arnold
1422,Morris
1424,Steenbergen
1431,Carter
1432,Clark
1434,Stahl
1435,Pike
1437,Augeri
1437,Meyer
1438,Avila
1438,Kline
1439,Larsen
1441,Mattox
1447,Herriman
1456,White
1458,Josephson
1463,Cahill
1463,Aubry
1464,Hamilton
1467,Robinson
1467,Jimenez
1470,Winslow
1474,Johnson
1481,Scruggs
1482,Mellis
1490,Robinson
1490,Kittelson
1494,Kleffman
1495,Jordon
1499,Lay
1503,Hostetler
1503,Crosten
1504,Hammons
1507,Byler
1512,Lopez
1512,Radcliff
1512,Jones
1514,Collett
1516,Floyd
1517,Clements
1517,Rodriguez
1517,Carnahan
1518,Williams
1519,Fabert
1520,Tyrer
1520,Williams
1520,Rhodes
1523,Cirone
1524,Burrell
1525,Mobley
1527,Denham
1528,Burgess
1528,Kaplan
1530,Goddard
1531,Smith
1534,Reeves
1536,Evans
1539,Burger
1542,Byrd
1542,Streetman
1543,Fisher
1548,Merritt
1553,Averitt
1553,Dansby
1554,Holley
1554,Bailey
1555,Wood
1562,Scheller
1563,Perry
1567,Lemieux
1567,Howard
1570,Sanders
1573,Smith
1575,Clark
1575,Cook
1578,Lopez
1581,Meyer
1582,Smyth
1582,French
1583,Jordan
1584,Masztal
1585,Ripp
1585,Pruitt
1590,Phillips
1591,Leary
1593,Murphy
1595,Norris
1596,Barajas
1597,Mcintyre
1597,Kelly
1601,Turner
1601,Fobes
1604,Berber
1604,Merry
1607,Nikolai
1608,Fife
1609,Battaglia
1615,Bishop
1615,Limerick
1619,Houghton
1621,Mcnab
1625,Cook
1627,Nicholson
1635,Pierce
1635,Alonzo
1637,Engle
1637,Thompson
1646,Arias
1647,Jensen
1649,Crabtree
1652,Bartoletti
1653,Stgermain
1658,Troxel
1659,Smith
1661,Adkins
1662,Henry
1666,Cleveland
1667,Bell
1668,Dickson
1675,Dillingham
1676,Johnson
1677,Simmons
1677,Ebeling
1677,Cassidy
1680,Childs
1687,Willingham
1690,Capriotti
1692,Villa
1695,Saunders
1698,Parado
1703,Jones
1705,Haggard
1706,Clemons
1712,Sims
1712,Dixon
1714,Anderson
1715,Weathers
1717,Moseley
1717,Jackson
1718,Salazar
1722,Adams
1726,Estrada
1727,Burkholder
1728,Thompson
1731,Borders
1732,Joslyn
1735,Baadsgaard
1737,Brown
1738,Harris
1739,Walsh
1739,Gilbert
1743,Lehmberg
1744,Logan
1745,Ho
1751,Greene
1751,Knowles
1754,Sneed
1760,Gates
1763,Spueler
1765,Hernandez
1768,Villa
1771,Mcaferty
1772,Hill
1775,Diggs
1776,Garza
1778,Crump
1779,Burrell
1780,Sigman
1781,Littlefield
1782,Johnson
1785,Rodino
1787,Hosmer
1789,Ponzi
1789,Lake
1791,Harris
1792,Swanson
1803,Collura
1809,Lee
1811,Jone
1815,Dick
1822,Bradford
1830,Stanley
1837,Balas
1838,Allen
1838,Roberto
1840,Kitchens
1842,Brown
1845,Tuttle
1845,Rousseau
1847,Chambley
1848,Smith
1849,Haynes
1850,Vernon
1851,Fuller
1852,Macmillan
1853,Bartel
1854,Wilson
1854,Miller
1857,Hua
1858,Stokes
1864,Roberts
1866,Vasquez
1866,Bosley
1868,Jones
1871,Kher
1871,Johnson
1871,Browne
1872,Nguyen
1872,Koerner
1873,Johnson
1874,Johnson
1875,Murphy
1879,Klingel
1884,Martin
1884,Ferrara
1885,Taylor
1890,Sheridan
1892,Hart
1893,Gordon
1907,Chaisson
1909,Shelton
1912,Coram
1913,Smith
1914,Godbold
1915,Marshall
1915,Miller
1917,Pierce
1918,Wallace
1924,Wilner
1927,Ridgway
1930,Ennen
1931,Cooley
1934,Marshall
1935,Valenzuela
1935,Hart
1938,Reilly
1940,Stover
1941,Dillingham
1942,Watson
1944,Barton
1945,Ehsan
1948,Dominguez
1954,Caraballo
1959,Hanna
1959,Poulson
1960,Martel
1961,Wilhoit
1964,Dejesus
1965,Burns
1967,Edgeworth
1972,Schuetze
1973,Perkins
1979,Woods
1979,Gustafson
1997,Schenk
1997,Brewer
2002,Gray
2002,Hickman
2006,Cordova
2008,Donovan
2009,Mitchell
2012,Pegues
2014,Alston
2014,Stremming
2015,Sealock
2016,Aldrich
2017,Herrington
2023,Santos
2025,Martin
2028,Jamieson
2029,Mcwilliams
2031,Morgan
2032,Simmons
2035,Miller
2042,Rhodes
2044,Pitts
2045,Hornbrook
2045,Osborne
2046,Wright
2048,Gladney
2056,Mcclure
2056,Reid
2064,Farrar
2067,Means
2067,Nguyen
2071,Barnes
2072,Hebert
2072,Ansell
2072,Temple
2075,Lewis
2077,Carney
2079,Long
2087,Irwin
2089,Sease
2091,Murphy
2092,Degasparre
2097,Marin
2099,Hippen
2100,Willard
2101,Benner
2105,Soderquist
2106,Aldana
2106,Fortier
2107,Warner
2112,Bookman
2112,Johnson
2114,Borrelli
2116,Horsley
2118,Avino
2118,Steiger
2126,Hampton
2129,Moore
2130,Brenner
2132,Patrick
2137,Ruiz
2138,Horne
2139,Plackett
2143,Bosch
2144,Walp
2148,Redfox
2149,Crafford
2150,Morriss
2152,Brooks
2154,Cheatom
2155,Barks
2157,Riley
2158,Plienis
2175,Minor
2175,Morrow
2177,Otto
2179,Mizutani
2180,Jordan
2180,Smith
2182,Stone
2183,Hoskin
2184,Janousek
2186,Wilson
2188,Szabat
2191,Martin
2192,Merryman
2193,Berkowitz
2194,Guereca
2200,Dathe
2202,Cruz
2204,Melton
2209,Park
2209,Reese
2212,Graves
2214,Barker
2217,Gray
2219,Shelby
2219,Baker
2220,Hayes
2223,Dorval
2223,Stillings
2225,Johnson
2227,Zecca
2229,Guzowski
2232,Clark
2232,Bolding
2233,Jones
2236,Taylor
2239,Todd
2239,Bowen
2243,Senn
2245,Vanpelt
2251,Ely
2252,Allen
2252,Wilson
2255,Radloff
2256,Vanwinkle
2257,Wood
2259,Nevills
2259,Wortham
2261,Youngman
2265,Lake
2267,Brown
2273,Lu
2274,Tierney
2280,Fortner
2281,Hernandez
2281,Salmons
2288,Chavez
2289,Speed
2292,Metzler
2297,Creighton
2298,Delgado
2302,Waggoner
2302,Card
2303,Mays
2304,Habib
2305,Overton
2309,Ortega
2311,Fisher
2314,Bynum
2315,Mcchesney
2316,Mills
2322,Jones
2323,Bertrand
2325,Mellinger
2327,Roberts
2328,Draper
2329,Stewart
2330,Rodriquez
2335,Ibanez
2335,Butler
2336,Mervyn
2337,Seifert
2338,Starkey
2339,Coburn
2341,Curry
2345,Fox
2349,Mclaughlin
2349,Forster
2353,Ireland
2355,Campion
2358,Johnson
2362,Hill
2362,Thompson
2364,Baskin
2364,Patton
2365,Renshaw
2366,Dequattro
2366,Brown
2369,Robison
2370,Marshall
2372,Viggiano
2373,Zimmerman
2374,Ross
2375,Scott
2376,Naquin
2376,Walquist
2377,Wadas
2377,Curl
2379,Jones
2381,Anderson
2384,Hughes
2386,Burgess
2389,King
2390,Duran
2395,Pryor
2397,Singh
2399,Jones
2400,Taegel
2403,Clark
2404,Calvo
2407,Johnson
2408,Baez
2413,Toney
2415,Oneal
2415,Schappert
2419,Stout
2419,Pickard
2420,Chan
2424,Goff
2425,Neil
2425,Giles
2426,Stokes
2427,Humphreys
2428,Lee
2435,Johnson
2438,Gay
2442,Slater
2445,Mcdaniel
2446,Schofield
2450,Nolan
2452,Pooler
2459,Le
2460,Horton
2461,Reid
2461,Garcia
2462,Taylor
2462,Hawley
2464,Gilbert
2464,Sneeden
2465,Greene
2466,Spirer
2467,Hook
2469,Thomas
2471,Herrera
2472,Gonzalez
2473,Wood
2476,Moseley
2477,Huggins
2477,Robinson
2480,Humphery
2484,Randrup
2484,Gilbert
2485,Ramirez
2487,Luke
2489,Seaman
2490,Rodriguez
2491,Arendt
2495,Silverthorn
2495,Tomita
2499,Sampson
2503,Lauderdale
2507,Phillips
2510,Moulton
2512,Galloway
2513,Gaddis
2515,Lorna
2521,Alvarez
2522,Hall
2522,Brand
2524,Stein
2525,Vanacore
2526,Oneill
2528,Martin
2528,Castagna
2529,Yancey
2529,Ortiz
2530,Dyson
2531,Warner
2534,Licon
2535,Quattlebaum
2540,Clodfelter
2541,Burgess
2548,Broussard
2551,Brown
2551,Crawford
2554,Pierce
2554,Tobin
2555,Wade
2562,Flowers
2564,Craig
2569,Bright
2571,Rocha
2572,Kopacz
2573,Zook
2574,Strapp
2574,Ganey
2577,Petersen
2583,Politi
2586,Meyer
2588,Oglesby
2591,Valdez
2596,Tully
2599,Tuller
2600,Ruckman
2600,Jorgenson
2604,Taylor
2605,Lyon
2611,Ridenour
2612,Cagle
2617,Lawson
2617,Bier
2617,Friedman
2621,Melchor
2622,Anselmo
2627,Ozaeta
2627,Baker
2629,Brown
2630,Werner
2631,Brown
2633,Bryant
2634,Norman
2636,Street
2640,Farrell
2646,Schaffer
2647,Glaser
2649,Dungan
2654,Winburn
2655,Stoneberg
2657,Calhoun
2659,Barrera
2666,Powell
2667,Rogers
2667,Thomas
2670,Lopez
2670,Lee
2677,Kiani
2678,Knott
2679,Lyford
2683,Krueger
2685,Beshears
2688,Weston
2698,Modrak
2698,Stiff
2700,Robbins
2703,Sapp
2704,Marshall
2708,Brooks
2712,Twitty
2713,Cortez
2713,Gatlin
2717,Adkins
2720,Lugo
2721,Hayward
2723,Senft
2725,Hormell
2730,Bogosh
2734,Ray
2738,Staley
2746,Dyer
2751,Diorio
2765,Fairchild
2766,Jeffries
2769,Raphael
2769,Timmons
2770,Lagrange
2774,Longnecker
2776,Lavery
2777,Kenney
2777,Tyson
2781,Brandenburg
2781,Calvin
2782,Brown
2784,Martel
2790,Wohner
2793,Morris
2799,Doody
2799,Woodmansee
2805,Phillips
2807,Compton
2808,Gatlin
2814,Ledwig
2815,Young
2815,Mangione
2822,Lehman
2826,Anderson
2827,Meyer
2828,Everette
2828,Doke
2829,Fenton
2831,Risbeck
2833,Hall
2833,Williams
2836,Atkinson
2838,Jones
2841,Couch
2843,Corey
2847,Headley
2851,Goodwin
2851,Brown
2858,Boyd
2863,Nasers
2863,Pedraza
2865,Carthen
2866,West
2867,Concepcion
2870,Axelson
2874,Crowden
2884,Schlesener
2889,Keller
2890,Beltrami
2891,Barfield
2892,Geiger
2892,Visser
2893,Danner
2897,Atwell
2897,Galloway
2898,Martin
2899,Bastien
2899,Castle
2901,Dixon
2903,Carpenter
2904,Thatcher
2907,Fuller
2909,Labranche
2911,Goffinet
2915,Vinson
2918,Bessick
2920,Jones
2923,Thoms
2924,Swanson
2930,Stewart
2932,Murray
2935,Jovich
2937,Amidon
2937,Garret
2939,Johnson
2940,Lokken
2941,Rynders
2941,Smith
2944,Li
2952,Lundy
2954,Killian
2955,Anderson
2957,Barnes
2963,Dempsey
2965,Arrington
2969,Dietrich
2981,Roper
2982,Mann
2983,Higgins
2985,Dickinson
2987,Broussard
2991,Peterson
2994,Reik
2996,Marshall
2996,Suggett
2998,Hicks
