ID,Family Name,First Name
290,Mccabe,Susan
290,Misfeldt,Susan
290,Wiggins,Susan
489,Wiltshire,Ronnie
489,Suarez,Ronnie
489,Campbell,Ronnie
576,Morris,Bettye
1002,Charles,Jose
1002,Krause,Jose
1002,Gavenda,Jose
1254,Dietz,Vicky
2701,Hall,Shannon
2701,Greene,Shannon
2701,Harris,Shannon
2967,Jenkins,Shannon
2967,Ingrum,Shannon
2967,Hugill,Shannon
290,Mccabe,Sandra
290,Misfeldt,Sandra
290,Wiggins,Sandra
489,Wiltshire,Craig
489,Suarez,Craig
489,Campbell,Craig
561,Newman,Frank
561,Delaurentis,Frank
561,Gibson,Frank
649,Johnson,Beatrice
649,Fine,Beatrice
649,Hudson,Beatrice
1002,Charles,Manuel
1002,Krause,Manuel
1002,Gavenda,Manuel
1126,Aaronson,Otis
1126,Judson,Otis
1126,Hernandez,Otis
2967,Jenkins,Donna
2967,Ingrum,Donna
2967,Hugill,Donna
576,Morris,Marlene
1254,Dietz,Granville
2694,Clifton,Nan
2694,Clifton,Jessica
2694,Mitchell,Nan
2694,Mitchell,Jessica
2694,Holman,Nan
2694,Holman,Jessica
2694,Hudson,Nan
2694,Hudson,Jessica
489,Wiltshire,Betty
489,Suarez,Betty
489,Campbell,Betty
561,Newman,Charles
561,Delaurentis,Charles
561,Gibson,Charles
576,Morris,Roxanne
649,Johnson,Jason
649,Fine,Jason
649,Hudson,Jason
1126,Aaronson,Sheila
1126,Judson,Sheila
1126,Hernandez,Sheila
2701,Hall,Kevin
2701,Greene,Kevin
2701,Harris,Kevin
561,Newman,Julio
561,Delaurentis,Julio
561,Gibson,Julio
649,Johnson,Jason
649,Fine,Jason
649,Hudson,Jason
1002,Charles,James
1002,Krause,James
1002,Gavenda,James
1254,Dietz,Richard
2694,Clifton,Karolyn
2694,Mitchell,Karolyn
2694,Holman,Karolyn
2694,Hudson,Karolyn
290,Mccabe,Charles
290,Misfeldt,Charles
290,Wiggins,Charles
576,Morris,Geneva
649,Johnson,Fred
649,Fine,Fred
649,Hudson,Fred
1002,Charles,Marylou
1002,Krause,Marylou
1002,Gavenda,Marylou
1126,Aaronson,David
1126,Judson,David
1126,Hernandez,David
1254,Dietz,Ann
2694,Clifton,Delores
2694,Mitchell,Delores
2694,Holman,Delores
2694,Hudson,Delores
2701,Hall,Jack
2701,Greene,Jack
2701,Harris,Jack
2967,Jenkins,Charles
2967,Ingrum,Charles
2967,Hugill,Charles
1,Veney,William
2,Pals,Jeffrey
2,Brannen,Jeffrey
6,Beck,Virginia
11,Miller,Sidney
17,Thomas,Joe
19,Buono,Jodi
19,Buono,Robert
19,Buono,Dawn
27,Davis,Eufemia
30,Carson,Zachariah
48,Reeb,Rebecca
54,Gonzalez,Alesha
54,Ragland,Alesha
57,Clinton,Brenda
57,Ibrahim,Brenda
67,Castro,Phyllis
75,Cooper,David
75,Love,David
77,Young,Jeanne
84,Bower,Kristina
95,Garis,Lewis
102,Ponce,Margaret
102,Nichols,Margaret
106,Dierking,Ike
113,Watts,Willie
113,Cabler,Willie
120,Dannis,Lorie
140,Kellogg,Dorothy
140,Kellogg,Wayne
143,Needham,Steven
148,Schwald,Mary
158,Pegoda,Michael
160,Mitchel,Walter
162,Carroll,Lester
170,Mcgaughey,Vivian
170,Mcgaughey,Kathryn
172,Torres,Jennifer
176,Medina,Steven
177,Mccord,Catherine
177,Alverson,Catherine
186,Mcatee,Richard
186,Mcatee,Mary
190,Rehm,Mike
190,Whaley,Mike
198,Belanger,Michael
198,Belanger,Michael
208,Hedrick,David
220,Miller,Thomas
223,Holland,Scott
223,Holland,Melissa
228,Hall,John
238,Stec,Milton
239,Armstrong,Michelle
239,Armstrong,Kelly
252,Crumm,Katy
257,Billington,Karen
259,Pastel,Alice
259,Pastel,Michael
276,Zielinski,Wanda
278,Rierson,Eric
279,Hunter,Michael
282,Snowden,Kenneth
292,Jordan,Jaime
299,Jenner,April
299,Baez,April
302,Goble,Christine
305,Rivera,Cindy
314,Cornett,Maxine
318,Wells,Jennifer
345,Mccoy,Jennifer
346,Bekerman,Joseph
347,Hunter,Jennifer
348,Kurtz,Peggy
362,Weigel,Kathy
366,Sawyer,Nancy
366,Sawyer,Kristina
373,Jones,Jeffrey
373,Smith,Jeffrey
376,Weeks,Lupe
376,Weeks,David
379,Reyes,Kathryn
379,Wells,Kathryn
382,Brady,Dorthy
382,Blaser,Dorthy
391,Monteagudo,Andrea
392,Downey,Herbert
395,Halstead,Tyler
395,Evans,Tyler
395,Halstead,Patrick
395,Evans,Patrick
398,Doyle,Kathleen
398,Sanders,Kathleen
403,King,Lilia
418,Deck,Doris
418,Nixon,Doris
424,Purcell,Amy
459,Potts,Elda
459,Potts,Joyce
459,Potts,Iesha
463,Lowery,Philip
480,Larson,Rhea
482,Nesbitt,Albert
482,Tuder,Albert
486,Thompson,Linda
502,Robinson,James
514,Ross,Ella
514,Ross,Charlene
523,Cox,Marlene
524,Bright,Richard
524,Chesley,Richard
527,Turnbull,Michael
529,Lyons,Tiffany
529,Lyons,Denise
531,Purcell,Kenneth
533,Davis,Virginia
535,Mackie,Milton
535,Mackie,Brendan
541,Jones,Jeffrey
541,Jones,Rosalyn
542,Marcum,Laura
559,King,Jared
564,Mccoy,Janet
564,Qualls,Janet
583,Mccurdy,Howard
591,Breden,Dolores
604,Long,Matthew
607,Fry,Gabriele
611,Lum,Brandon
617,Becerra,Sarah
617,Howard,Sarah
618,Anderson,John
619,Sanpedro,Barbara
619,Hendon,Barbara
624,Carter,Christopher
624,Carter,Cheryl
628,Leonard,Matthew
638,Hernandez,Margie
641,Lackey,Laurena
654,Hernandez,Ines
656,Maize,Donald
662,Martin,Barbara
665,Hausner,Patricia
689,Taylor,Charles
693,Harris,Charles
693,Harris,Diane
708,Milton,Octavio
738,James,Willie
738,Reyes,Willie
746,Robinson,Mary
747,Walker,Lisa
747,Walker,Paul
750,Hull,Sammy
757,Odonnell,Wayne
757,Wilson,Wayne
758,Hamilton,Vickie
764,Boggioni,Erica
765,Howard,Margaret
767,Hudson,Erin
767,Hudson,Kevin
767,Hudson,Mark
775,Murphy,Betty
775,Dover,Betty
780,Baker,William
780,Devault,William
789,Stebbins,Carol
795,Hayes,David
818,Chouteau,Linda
819,Montoya,Sharon
819,Thompson,Sharon
819,Montoya,Julio
819,Thompson,Julio
823,Hines,Jason
823,Kennedy,Jason
837,Sigmon,Minnie
837,Sigmon,Keesha
853,Vinroe,Robin
853,Vinroe,Keith
854,Fuchs,Willene
858,Cummings,Mallory
861,Sandridge,Laura
886,Johnson,Fernando
892,Damour,Joseph
896,Wasson,Ray
897,Vasquez,Elizabeth
897,Richardson,Elizabeth
897,Vasquez,Lucia
897,Richardson,Lucia
897,Vasquez,Susan
897,Richardson,Susan
898,Roche,Lynn
898,Masella,Lynn
901,Paradiso,Cythia
901,Kimber,Cythia
905,Gravitt,Raphael
907,Champion,Devin
907,Champion,Deborah
908,Roberts,Sandra
908,Roberts,Kathy
917,Smith,Duane
919,Little,Anne
919,Little,Richard
938,Partain,Karen
939,Grissom,Gerald
953,Wolf,Priscilla
966,Marrara,Victor
969,Lucero,Ricardo
970,Ching,Priscilla
970,Charles,Priscilla
970,Ching,Christopher
970,Charles,Christopher
990,Pledger,Carol
990,Pledger,Lori
1007,Holt,Forrest
1009,Scott,Janice
1009,Scott,Michael
1018,Woodard,Beverly
1018,Sellers,Beverly
1020,Gilbert,Frederick
1025,Romero,Jody
1025,Romero,Billie
1026,Johnson,Javier
1050,Martin,James
1052,Robison,Judith
1058,Williams,Lisette
1061,Hakes,Jean
1061,Rodgers,Jean
1061,Hakes,Charlotte
1061,Rodgers,Charlotte
1066,Shirley,Marc
1066,Shirley,Emily
1077,Gleason,Eric
1079,Wilson,Alicia
1083,Starkey,Jerry
1084,Singleton,Nathan
1085,Gould,May
1109,Gibson,Stephanie
1123,Wingfield,Nancy
1124,Norton,Fred
1130,Zima,Fatima
1134,Potts,Nelly
1136,Zehner,Juan
1138,Verkamp,Minnie
1146,Gray,Paulette
1158,Pfeiffer,Betsy
1179,Forget,Marguerite
1181,Prince,Gloria
1189,Davis,William
1200,Sande,James
1203,Hayes,Anthony
1203,Frink,Anthony
1210,Eckloff,Nicholas
1211,Sanchez,Kerry
1213,Puckett,Carri
1213,Johnson,Carri
1220,Griffie,Clara
1220,Meyer,Clara
1228,Leiva,April
1229,Villalpando,Barbara
1241,Poplin,David
1248,Pujols,Lilliam
1259,Castillo,Antonia
1271,Jarvis,David
1275,Fields,Kristina
1275,Fields,Petrina
1275,Fields,Juanita
1275,Fields,Daniel
1285,Bragg,Mabel
1291,Cobb,Edwin
1293,Boatner,Robbin
1293,Gillick,Robbin
1293,Boatner,Charlene
1293,Gillick,Charlene
1294,Stein,Carlos
1294,Stein,Joshua
1300,Laine,Donna
1310,Corbett,Pat
1310,Corbett,Charles
1316,Johnston,Armando
1317,Steinert,Dortha
1317,Espinoza,Dortha
1319,Schooley,Rose
1336,Hollen,Virginia
1353,Swan,James
1368,Cooke,Richard
1374,Ainslie,Floyd
1376,Sullivan,Jessica
1384,Carr,Stephen
1390,Ewings,Sophia
1392,Lynn,Maurice
1412,Quezad,Daniel
1412,Quezad,Terence
1418,Benton,Joseph
1427,Pettigrew,Joshua
1427,Thompson,Joshua
1427,Brown,Joshua
1428,Rule,Sam
1433,Cote,Sandra
1446,Ciraulo,Robert
1454,Pierce,Ty
1455,Goodwin,Ruth
1455,Seay,Ruth
1455,Goodwin,Mark
1455,Seay,Mark
1465,Lentz,Peggy
1479,Marino,Jeffrey
1482,Channell,Donald
1482,Wells,Donald
1486,Peckham,Ruby
1490,Houck,Frank
1493,Boudreaux,Mary
1501,Turrie,Jean
1503,Lane,Fredrick
1523,Barry,George
1523,Barry,Vera
1537,Davis,Shanna
1537,Roberts,Shanna
1538,Dyas,Mary
1551,Clarke,Robert
1552,Reed,Marg
1555,Preston,Jay
1557,Springer,Karen
1558,Klug,Paul
1562,Pinkert,Barbara
1575,Cassette,Steve
1575,Cassette,Patti
1586,Matthey,Freda
1602,Raynor,Margo
1607,Johnson,Edward
1623,Riggins,Ross
1624,Butler,Gregory
1624,Mortensen,Gregory
1631,Owens,Linda
1636,Osei,Reginald
1636,Osei,Jeffrey
1646,Cook,Helen
1650,Keller,Carolyn
1650,Walters,Carolyn
1660,Reyes,Joyce
1676,Scott,John
1680,Flores,George
1680,Flores,John
1680,Flores,Bruce
1685,Cupit,Frederick
1691,Arce,Al
1697,Purinton,Trevor
1729,Santoro,William
1737,Los,Donna
1737,Los,Stephen
1738,Spooner,April
1745,Rodriguez,Rose
1751,Wright,Glen
1761,Hayes,Christopher
1761,Roddy,Christopher
1761,Hayes,Pearl
1761,Roddy,Pearl
1764,Vogt,August
1766,Marr,Earl
1787,Jageman,Marion
1787,Amato,Marion
1787,Cartright,Marion
1794,Stephens,Rodney
1804,Skrine,Joseph
1804,Prucha,Joseph
1808,Chinn,Paul
1808,Mendoza,Paul
1810,Ngo,Remona
1816,Brown,Anita
1816,Brown,Lisa
1818,Hill,Stefan
1852,Henderson,Lillian
1852,Henderson,Catherine
1854,Carter,Brett
1855,Fisch,Adam
1855,Sebastian,Adam
1855,Chesley,Adam
1857,Messer,Jillian
1862,Davis,Dewey
1864,Londo,Joel
1864,Londo,Mark
1869,Laite,Christian
1880,Sanchez,William
1880,Sanchez,Maria
1889,Warren,Dawn
1889,Hawkins,Dawn
1890,Cavett,Luke
1893,Coleman,Nilsa
1901,Hager,Sidney
1919,Mcrae,Yvonne
1919,Schulz,Yvonne
1931,Green,Edwin
1931,Thomas,Edwin
1932,Falconio,Adele
1936,Witek,Joseph
1937,Chaney,Noel
1937,Chaney,Ashlie
1945,Siegel,Irma
1948,Goodwin,Hector
1948,Goodwin,Norma
1948,Goodwin,Harry
1952,Bowman,Jacqueline
1952,Diercks,Jacqueline
1952,Bowman,Maria
1952,Diercks,Maria
1954,Petit,Emma
1961,Guido,Shirley
1961,Jennings,Shirley
1961,Guido,James
1961,Jennings,James
1961,Guido,Davis
1961,Jennings,Davis
1971,Brothers,Samantha
1971,Reyes,Samantha
1978,Delorenzo,Evangeline
1978,Delorenzo,Courtney
1988,Nelson,Guadalupe
2000,Smith,Susan
2008,Wascher,Michael
2009,Grantham,Erica
2011,Smith,Ramona
2023,Morris,Florence
2025,Conway,Edwin
2034,Phillips,Beatrice
2034,Phillips,Terrence
2034,Phillips,Mark
2048,Schulze,Wendy
2073,Marsh,Vikki
2074,Atchley,George
2100,Perez,Noah
2100,Gordon,Noah
2110,Miller,James
2113,Bustamante,Darrell
2115,Manzo,Jacqueline
2115,Manzo,Sheryl
2134,Smith,Shauna
2134,Smith,Penny
2138,Winfrey,Jack
2138,Winfrey,Robert
2142,Holt,Ruth
2142,Heltzel,Ruth
2147,Mingus,Mary
2147,Foster,Mary
2150,Jenkins,Wendell
2157,Fowler,Brigitte
2157,Fowler,Emily
2161,Basel,William
2165,Mischler,Eric
2165,Muise,Eric
2182,Ward,James
2208,Mancine,Larry
2208,Oday,Larry
2212,Moore,Robert
2213,Jeffries,Joe
2213,Jeffries,Russell
2230,Hernandez,Ana
2233,Birdsong,Rhonda
2245,Granata,Patricia
2248,Mckoy,Kevin
2250,Espinoza,Gladys
2270,Trowbridge,David
2274,Roberts,Gina
2275,Brown,Arlene
2297,Ransom,Esther
2305,Tartaglia,Jason
2308,Powell,Lila
2308,Marshall,Lila
2314,Mixon,Mary
2333,Thompson,Kenneth
2333,Hou,Kenneth
2333,Thompson,Jason
2333,Hou,Jason
2341,Hinton,Rachel
2347,Martin,Arthur
2358,Baker,Frances
2361,Metoyer,Daniel
2364,Mccarville,Carrie
2369,Jefferis,Robert
2396,Sartain,Lamar
2396,Sartain,Laura
2410,Fields,Clarence
2417,Landry,Maria
2417,Oneil,Maria
2437,Alvarez,Mark
2459,Collom,Jenny
2463,Torres,Betty
2468,Roberts,Vernon
2485,Watkins,William
2492,Campos,Michelle
2503,Talton,Robert
2503,Talton,Marian
2506,Poulin,Melissa
2531,Aquino,Brittany
2552,Brown,Mary
2552,Brown,Sarah
2555,Jones,Gwendolyn
2555,Jones,Ida
2560,Browning,Carolyn
2567,Ota,Emily
2574,Carney,Asa
2575,Lange,Orlando
2575,Lange,Michael
2577,Mottillo,Frank
2579,Gramham,Guadalupe
2583,Sloan,Joan
2584,Usry,Harold
2597,Walker,Melba
2598,Ohare,Kenneth
2598,Ohare,Crystal
2604,Branch,Edith
2615,Smith,Benjamin
2618,Noyes,Fred
2623,Castello,Christina
2639,Hoffman,William
2639,Hoffman,Riley
2658,Koch,Sheila
2659,Stuart,Arturo
2663,Bartels,James
2663,Bartels,Ellen
2664,Dejohn,Sarah
2667,Bass,Barbara
2670,Harper,Marilyn
2675,Hardister,Rick
2675,Dawson,Rick
2676,Taggart,Linsey
2680,Deboer,Gregory
2680,Cruz,Gregory
2680,Clerc,Gregory
2690,Jennings,Sharon
2702,Guy,Nola
2702,Dupes,Nola
2702,Guy,Martha
2702,Dupes,Martha
2702,Guy,Christopher
2702,Dupes,Christopher
2707,Warner,Sharonda
2712,Barnett,Junior
2713,Coleman,Jessie
2713,Coleman,Bobby
2723,Buhl,Jackie
2742,Jones,Mamie
2771,Vicini,Kendall
2772,Hatch,Elizabeth
2775,Buckman,Edwin
2775,Buckman,Lazaro
2787,Johnson,Miguel
2791,Sheetz,Noe
2797,Kidd,Robert
2808,Rocco,Norman
2808,Rocco,Robert
2812,Beckett,Bill
2814,Baker,Eduardo
2815,Arnold,Theodore
2817,Miller,Andrea
2818,Williamson,Linda
2826,Leu,Robert
2827,Kidd,Linda
2831,Mcgee,Robert
2831,Bowden,Robert
2833,Woodberry,Lance
2833,Woodberry,Sherri
2845,Lee,William
2854,Brown,Christopher
2857,Wideman,John
2868,Haight,Amber
2869,Sheffer,Helen
2882,Holloway,Ella
2893,Clarke,Gary
2893,Clarke,Marcus
2900,Hoelscher,Amanda
2904,Hernandez,Lydia
2910,Holland,Yolanda
2913,Mcgee,Ricky
2913,Vaughan,Ricky
2913,Mcgee,Winifred
2913,Vaughan,Winifred
2916,Vaughn,Jacqueline
2929,Shutt,John
2931,Hargraves,David
2931,Hargraves,Howard
2937,Cox,Vicky
2937,Cox,Ronald
2941,Garcia,Amy
2961,Lawson,Rubin
2973,Quitugua,Laura
2973,Benzi,Laura
2977,Daley,Stanley
2977,Jones,Stanley
2990,Cerda,Margie
2990,Gonzales,Margie
2990,Cerda,Karen
2990,Gonzales,Karen
4,Obrecht,Aleta
4,Matthews,Aleta
6,Ford,Virginia
7,House,Lois
7,House,Joseph
10,Chin,Susan
17,Samuels,Joe
19,Barr,Jodi
19,Barr,Robert
19,Barr,Dawn
27,Morgan,Eufemia
30,Vanwormer,Zachariah
36,Moore,Sadie
37,Mitchell,Lesley
38,Groseclose,Marci
51,Bess,Frederick
51,Bess,Carrie
51,Bess,Christina
67,Goodall,Phyllis
71,Wasinger,Rita
77,Anaya,Jeanne
82,Missey,Gary
82,Missey,Natalie
84,Davies,Kristina
92,Whipple,Charles
93,Phillips,Ernest
94,Rosales,Travis
102,Hamff,Margaret
106,Dudley,Ike
113,Pewitt,Willie
113,Levasseur,Willie
117,Burton,Thelma
117,Burton,Albert
120,Green,Lorie
120,Knapp,Lorie
124,Dyer,Lucas
154,Soltis,Michael
163,Marsh,Karen
169,Soto,Theresa
170,Brandt,Vivian
170,Brandt,Kathryn
172,Hill,Jennifer
180,Settle,Amanda
182,Kirsch,Carolyn
184,Somogyi,Aaron
186,Brim,Richard
186,Brim,Mary
198,Pabon,Michael
198,Pabon,Michael
220,Mcbride,Thomas
223,Andrews,Scott
223,Andrews,Melissa
225,Hines,Donnie
225,Sun,Donnie
226,Chavez,Mamie
229,Ford,Larry
237,Bacon,Irene
238,Rose,Milton
275,Militello,Christy
276,Ledbetter,Wanda
278,Franzen,Eric
282,Flens,Kenneth
282,Jagger,Kenneth
289,Mcgrew,Jerry
289,Allen,Jerry
303,Cardona,Monica
303,Santiago,Monica
305,Davis,Cindy
307,Andres,John
307,Mcfaul,John
308,Skinner,Gina
310,Chatterton,Paula
314,Dickens,Maxine
324,Edwards,Penelope
324,Martinez,Penelope
324,Edwards,Rose
324,Martinez,Rose
336,Butler,Bonnie
336,Butler,Joshua
339,Harris,Sara
342,Mangone,Robert
342,Mangone,Genoveva
362,Baver,Kathy
370,Mccarroll,Anthony
370,Heald,Anthony
378,Bair,Kenneth
378,Russ,Kenneth
386,Starr,Brian
389,Ezell,Leon
389,Ezell,Lisa
399,Mccormick,Sadie
400,Pikula,Kevin
410,Hill,Jerry
411,Burdick,Dwayne
411,Burdick,Rachel
415,Cromartie,Kenneth
418,Long,Doris
421,Steele,Charles
421,Steele,Melissa
423,Schrum,Ann
424,Wilson,Amy
432,Barnes,Craig
438,Bellinghausen,Paula
443,Bailey,Linda
444,Wittkop,Gregory
444,Bove,Gregory
444,Wittkop,Walter
444,Bove,Walter
456,Coble,Willie
456,Johnson,Willie
457,Daley,Brandi
475,Germon,James
502,Martin,James
512,Jugo,Jason
523,Reed,Marlene
529,Holland,Tiffany
529,Ponce,Tiffany
529,Holland,Denise
529,Ponce,Denise
548,Gully,Glen
551,Massey,Santos
558,Coleman,Lester
559,Nenno,Jared
570,Butler,Kenneth
600,Howland,Lisa
600,Seiler,Lisa
602,Nolan,Shawn
607,Torres,Gabriele
608,Kirby,Ronald
610,Thomas,Jarrod
614,Spueler,Billie
667,Fernandez,Ronald
667,Rabideau,Ronald
667,Daggett,Ronald
677,Feria,John
693,Lopez,Charles
693,Lopez,Diane
696,Albright,Mark
696,Peterson,Mark
707,Ruffin,Michael
711,Rollag,Steven
717,Arnold,Catherine
725,Lamarre,Herman
731,Lussier,Andres
733,Ramirez,Adam
738,Mendez,Willie
743,Stickel,Tracey
743,Morrow,Tracey
746,Westlund,Mary
746,Scott,Mary
752,Grimes,Deloris
752,Grimes,Jerome
766,Villicana,Jane
767,Bales,Erin
767,Bales,Kevin
767,Bales,Mark
771,Anderson,Connie
771,Anderson,Melodie
778,Davis,Christopher
781,Brawer,Hedwig
805,Cartright,Thelma
818,Mccarthy,Linda
819,Neal,Sharon
819,Neal,Julio
823,Travis,Jason
826,Garcia,Herman
839,Ramsdell,Christopher
861,Wright,Laura
893,Tuholski,Charlene
893,Thompson,Charlene
893,Tuholski,Norma
893,Thompson,Norma
900,Houston,Robert
905,Grams,Raphael
915,Boles,Jonathan
915,Boles,Sidney
917,King,Duane
917,Tartaglione,Duane
924,Bowe,Olive
925,Bailey,Annette
931,Martell,Prudence
939,Mccain,Gerald
946,Ellinger,Ronnie
953,Draper,Priscilla
953,Stevens,Priscilla
956,Thomas,Toby
965,Lankford,Thomas
969,Kelch,Ricardo
978,Moochler,Beverly
984,Yawn,Leonard
990,Glassman,Carol
990,Glassman,Lori
1007,Philipp,Forrest
1018,Fortner,Beverly
1025,Ramirez,Jody
1025,Ramirez,Billie
1040,Dandrea,Jordan
1042,Schwartz,Jesse
1052,Blackard,Judith
1052,Aldridge,Judith
1058,Daniels,Lisette
1058,Debuhr,Lisette
1065,Sandoval,Katherine
1066,Orozco,Marc
1066,Bolenbaugh,Marc
1066,Bullard,Marc
1066,Orozco,Emily
1066,Bolenbaugh,Emily
1066,Bullard,Emily
1067,Holsapple,John
1068,Rivard,Craig
1074,Pence,Mark
1077,Miller,Eric
1079,Alvarado,Alicia
1082,Johnson,Mark
1083,Sees,Jerry
1084,Fine,Nathan
1094,Kline,Willard
1103,Wiford,Joleen
1110,Wick,Austin
1120,Moore,Kimberly
1125,Bailey,Dorothy
1134,Davidson,Nelly
1157,Labo,Elijah
1159,Travers,Margery
1159,Travers,Mary
1179,Taylor,Marguerite
1191,Johnston,Cindy
1203,Tew,Anthony
1209,Glenn,Sammy
1209,Glenn,Kirk
1210,Page,Nicholas
1228,Fairchild,April
1228,Imes,April
1231,Spirko,Nell
1243,Digregorio,Patricia
1245,Mccray,Geraldine
1247,Baldwin,Donald
1248,Edwards,Lilliam
1265,Yu,Casey
1266,Ulrich,Judy
1271,Sanderson,David
1275,Fritz,Kristina
1275,Fritz,Petrina
1275,Fritz,Juanita
1275,Fritz,Daniel
1281,Bickford,Paul
1284,Harris,Victor
1284,Alexander,Victor
1289,Calvert,Lindsay
1290,Elwick,Cynthia
1291,Powers,Edwin
1293,Regan,Robbin
1293,Regan,Charlene
1305,Villarreal,Willie
1310,Lopes,Pat
1310,Lopes,Charles
1321,Williams,Patricia
1322,Johnson,John
1339,Parks,Miguel
1340,Lowry,Tam
1356,Caldwell,Miguel
1357,Good,Melissa
1359,Beckett,Latonya
1359,Beckett,Guadalupe
1375,Peck,Kathy
1381,Flores,Sandra
1384,Hill,Stephen
1385,Stone,Billy
1386,Carnes,Lillian
1387,Sosa,Mark
1396,Raymond,Robin
1405,Vazquez,Angela
1415,Taylor,Jesse
1415,Neihart,Jesse
1415,Taylor,Curtis
1415,Neihart,Curtis
1459,Mendoza,Kirk
1467,Thomas,Carolyn
1467,Thomas,Michael
1468,Matthews,Elnora
1470,Ramos,Brett
1474,Jones,Carlota
1477,Long,John
1501,Morgan,Jean
1502,Smith,John
1515,Williams,William
1524,Niess,Walter
1524,Kilmer,Walter
1524,Niess,Lawrence
1524,Kilmer,Lawrence
1533,Bergmark,Catherine
1533,Muffley,Catherine
1542,Rodriquez,Sonya
1551,Cross,Robert
1551,Quinn,Robert
1555,Lineberger,Jay
1557,Iribarren,Karen
1561,Mcginnis,David
1566,Mattern,James
1577,Dagley,Christine
1580,Nordman,David
1581,Elias,Juliette
1593,Jones,Teresa
1593,Cromwell,Teresa
1593,Linton,Teresa
1600,Stover,Christina
1602,Allen,Margo
1614,Mcdowell,Lauren
1621,Yong,George
1623,Mcgee,Ross
1624,Estrada,Gregory
1631,Yeargin,Linda
1636,Aadland,Reginald
1636,Manns,Reginald
1636,Aadland,Jeffrey
1636,Manns,Jeffrey
1640,Bowey,David
1641,Cowan,Dwight
1643,Case,Michael
1647,Savoie,Martha
1650,Johnson,Carolyn
1651,Nev,Roxana
1651,Russell,Roxana
1654,Avery,Joshua
1656,Thon,Janice
1656,Thon,Robin
1660,Lopez,Joyce
1686,Lark,Violet
1686,Knapchuck,Violet
1687,French,Julia
1687,Salano,Julia
1687,Denger,Julia
1689,Riblett,Marcus
1697,Nowak,Trevor
1697,Salazar,Trevor
1713,Kaylor,Kum
1716,Quezad,Rodney
1725,Konecny,Mary
1729,Litton,William
1737,Schneider,Donna
1737,Schneider,Stephen
1747,Madson,Mary
1750,Abbe,Donald
1760,Vrabel,Mario
1760,Morrow,Mario
1761,Smith,Christopher
1761,Smith,Pearl
1764,Watkins,August
1767,Purdom,Billie
1780,Hare,Walter
1781,Fowler,Josephine
1794,Rodrequez,Rodney
1794,Crum,Rodney
1804,Barrios,Joseph
1808,Lundberg,Paul
1822,Morris,Gladys
1835,Kaplan,Chris
1835,Kaplan,Kimberly
1839,Culbreath,Sarah
1839,Douthit,Sarah
1846,Nine,Iris
1846,Riffe,Iris
1853,Wolff,Samuel
1853,Agrela,Samuel
1853,Wolff,Dean
1853,Agrela,Dean
1856,Hawkins,Mary
1869,Rice,Christian
1878,Wong,Kenneth
1878,Long,Kenneth
1888,Soto,Anthony
1914,Aguilar,Susan
1919,Toth,Yvonne
1932,Parham,Adele
1933,Gray,Ellen
1937,Wilson,Noel
1937,Wilson,Ashlie
1941,Wangberg,Sherrie
1941,Brennan,Sherrie
1946,Blain,Bruce
1946,Freeman,Bruce
1946,Faulkner,Bruce
1947,Warren,Bonnie
1948,Guice,Hector
1948,Guice,Norma
1948,Guice,Harry
1949,Brown,Edward
1960,Hapke,Cynthia
1961,Reed,Shirley
1961,Reed,James
1961,Reed,Davis
1968,Barnes,Donna
1971,Davis,Samantha
1976,Kamiya,Lillian
1984,Morrow,Alexander
1984,Coates,Alexander
1997,Ostrowski,Ruth
2000,Barbeau,Susan
2008,Spells,Michael
2010,Hornbeck,Nick
2016,Robertson,Kristen
2024,Mann,Maria
2059,Powell,Dorothy
2091,Chaffin,Rose
2091,Chaffin,Cary
2095,Larkin,Mary
2095,Giles,Mary
2098,Parish,Virginia
2100,Johnson,Noah
2105,Ingersoll,Jason
2105,Ingersoll,Walter
2108,Greene,Geneva
2108,Greene,Robert
2113,Carlson,Darrell
2114,Smith,Kevin
2114,Alston,Kevin
2114,Smith,Howard
2114,Alston,Howard
2114,Smith,Meredith
2114,Alston,Meredith
2116,Copley,Steven
2116,Anderson,Steven
2122,Donaldson,Georgia
2142,Moten,Ruth
2147,Rios,Mary
2155,Tracy,Carrie
2158,Dunkel,Lauren
2182,Hartz,James
2183,Murphy,James
2183,Murphy,Chong
2184,Daniels,Jamie
2194,Bustamente,Amy
2223,Swindle,Vance
2228,Brown,Norberto
2232,Brown,Leon
2232,Brown,Lisa
2245,Margulis,Patricia
2248,Hardman,Kevin
2248,Macmillan,Kevin
2251,Broenneke,Tommy
2251,Broenneke,Kelly
2281,Eberheart,Laura
2283,Kenney,James
2283,Kenney,Rosie
2284,Vanhouten,Millie
2284,Vanhouten,Millie
2294,Harris,Brian
2294,Harris,Kevin
2294,Harris,Earl
2299,Noble,Lavonne
2311,Ingle,Mary
2311,Ingle,Eric
2313,Lester,Scarlett
2317,Caesar,Kim
2318,Jones,Michael
2331,Bennington,Deborah
2333,Mast,Kenneth
2333,Mast,Jason
2345,Bryson,Connie
2348,Lopez,Christina
2349,Rogge,Albert
2370,Kowalski,David
2371,Gage,Becky
2387,Richardson,Lori
2387,Richardson,Victoria
2388,Feuerborn,Jerry
2390,Girard,Dolly
2390,Fowler,Dolly
2391,Riina,Andy
2391,Riina,Floyd
2392,Mccrae,Gayle
2410,Wolf,Clarence
2421,Fleming,Laura
2421,Downes,Laura
2421,Oneill,Laura
2421,Fleming,Gwendolyn
2421,Downes,Gwendolyn
2421,Oneill,Gwendolyn
2422,Whitfield,Phillip
2437,Ioele,Mark
2442,Harvey,Larry
2445,Bailey,Edwin
2459,Mitchell,Jenny
2463,Iannone,Betty
2478,Elie,Stanley
2480,Estes,Brett
2491,Winebrenner,Tracee
2491,Hall,Tracee
2491,Winebrenner,Betsy
2491,Hall,Betsy
2498,George,William
2501,Rodriguez,Karen
2509,Mitchem,Shannon
2509,Sturgill,Shannon
2509,Harris,Shannon
2512,Bells,Barry
2512,Melton,Barry
2512,Bells,Clarence
2512,Melton,Clarence
2516,Snider,Bessie
2516,Snider,Suzanne
2519,Demarco,Lucy
2519,Steiger,Lucy
2519,Mcfarland,Lucy
2544,Saldana,Virginia
2544,Morsbach,Virginia
2545,Gonzalez,Mary
2547,Dwyer,Dennis
2547,Kuhn,Dennis
2549,Roberts,Carolyn
2549,Asberry,Carolyn
2552,Burris,Mary
2552,Lanham,Mary
2552,Burris,Sarah
2552,Lanham,Sarah
2561,Billington,Demetrius
2561,Billington,Bradley
2563,Torres,Dana
2563,Williams,Dana
2574,Thole,Asa
2575,Merrigan,Orlando
2575,Merrigan,Michael
2579,Cepero,Guadalupe
2579,Moseley,Guadalupe
2590,Pearl,Alan
2598,Bates,Kenneth
2598,Bates,Crystal
2630,Wendler,Roger
2630,Wendler,Richard
2634,Cole,Connie
2634,Cole,Tammy
2637,Scovil,Jennifer
2650,Goeltz,James
2661,Mccallum,Vicki
2663,Cabrera,James
2663,Cabrera,Ellen
2664,Lewandowski,Sarah
2676,Sims,Linsey
2676,Pratt,Linsey
2692,Swee,Bobby
2696,Killam,Erika
2696,Honse,Erika
2698,Davila,Marie
2702,Dallas,Nola
2702,Dallas,Martha
2702,Dallas,Christopher
2707,Kennamore,Sharonda
2723,Hendrix,Jackie
2729,Anderson,Carolee
2729,Anderson,Mark
2731,Diaz,Peggy
2738,Biggs,Barbara
2741,Irvin,Melba
2742,Justen,Mamie
2742,Rodriguez,Mamie
2757,Still,Sophie
2759,Fannin,Kenneth
2759,Fannin,James
2760,Hinton,Bernice
2763,Hill,Deann
2771,Jeffries,Kendall
2777,Quintero,Duane
2784,Burlew,Evonne
2816,Case,Maria
2817,Adams,Andrea
2817,Dombrowski,Andrea
2820,Washington,Mary
2820,Washington,Debra
2842,Brown,Constance
2845,Dorfman,William
2849,Mcclain,Lynn
2854,Young,Christopher
2857,Karpinen,John
2865,Coutts,Walter
2876,Dominguez,Brandon
2876,Green,Brandon
2876,Fennessey,Brandon
2876,Dominguez,James
2876,Green,James
2876,Fennessey,James
2877,Diamond,Agnes
2877,Davis,Agnes
2889,Davis,Estella
2898,Oliver,Karen
2898,Oliver,Joy
2899,Glendening,Duane
2900,Kern,Amanda
2906,Sano,Alice
2907,Trimpe,Elizabeth
2907,Trimpe,Ruth
2910,Binkley,Yolanda
2916,Sena,Jacqueline
2925,Gaither,John
2929,Fonner,John
2930,Gage,Donald
2937,Kelly,Vicky
2937,Kelly,Ronald
2960,Knapp,Jeremy
2960,Ferber,Jeremy
2990,Cuomo,Margie
2990,Hickman,Margie
2990,Cuomo,Karen
2990,Hickman,Karen
2995,Carr,Rosa
2996,Rodriguez,Lynette
1,Scott,William
4,Bussey,Aleta
7,Stclair,Lois
7,Chase,Lois
7,Stclair,Joseph
7,Chase,Joseph
10,Krause,Susan
10,Andrews,Susan
11,Hayden,Sidney
12,Curry,Jeffrey
14,Smith,Diane
14,Smith,Franklin
25,Mcmonagle,Melissa
25,Mcmonagle,Ronald
27,Baber,Eufemia
27,Hanner,Eufemia
36,Collins,Sadie
53,Thomason,Dorothy
71,Deacon,Rita
74,Laing,William
75,Monroe,David
82,Lighty,Gary
82,Lighty,Natalie
95,Ruvalcaba,Lewis
96,Matos,Pablo
96,Matos,Jonathan
96,Matos,Wilma
119,Flores,Valarie
121,Lee,Clayton
126,Baldwin,Carla
128,Costanzo,Kenneth
128,Pensinger,Kenneth
140,Sanchez,Dorothy
140,Sanchez,Wayne
143,Torris,Steven
158,Victor,Michael
160,Richmond,Walter
167,Rushing,Lisa
167,Rushing,Rita
169,Jose,Theresa
169,Weigand,Theresa
176,Marshall,Steven
178,Stonerock,Sophia
178,Stonerock,Judith
180,Parker,Amanda
180,Smith,Amanda
187,Edmondson,Pauline
190,Davis,Mike
190,Wolfe,Mike
198,Wiersema,Michael
198,Wiersema,Michael
226,Rice,Mamie
228,Jones,John
239,Simmons,Michelle
239,Simmons,Kelly
249,Lee,Michael
253,Vazquez,Joseph
259,Torres,Alice
259,Causey,Alice
259,Torres,Michael
259,Causey,Michael
271,Ness,Hubert
271,Swedlund,Hubert
276,Walley,Wanda
305,Watson,Cindy
313,Ewers,Dennis
313,Ewers,Allan
315,Dietrick,Irene
330,Escamilla,Diane
344,Mitchell,David
346,Holmes,Joseph
352,Manning,Phil
352,Manning,Bernadine
358,Brower,Berta
376,Gordon,Lupe
376,Hail,Lupe
376,Gordon,David
376,Hail,David
378,Gibson,Kenneth
378,Nichols,Kenneth
381,Ruiz,Bruce
390,Rainey,Diann
390,Rainey,Charles
393,Clayton,Kathy
399,Hilgert,Sadie
399,Polycarpe,Sadie
402,Reyolds,Mark
410,Brown,Jerry
410,Turner,Jerry
414,Larsen,Jesse
414,Wickman,Jesse
415,Wilson,Kenneth
416,Webster,Regina
424,Brustmann,Amy
432,Somerville,Craig
435,Kendig,Brenda
437,Jones,Robert
437,Obrien,Robert
444,Lucey,Gregory
444,Lucey,Walter
448,Edwards,Sharon
448,Hubbard,Sharon
453,Fassett,Charlotte
453,Vierra,Charlotte
453,Fassett,Margarita
453,Vierra,Margarita
459,Wilder,Elda
459,Wilder,Joyce
459,Wilder,Iesha
468,Medas,Mary
468,Molina,Mary
484,Lambert,Bryan
502,Emrick,James
504,Meeks,Felicia
509,Crews,Mark
509,Terranova,Mark
514,Roche,Ella
514,Roche,Charlene
517,Matthews,Katherine
519,Piotrowski,Dorothy
524,Carrillo,Richard
527,Alarcon,Michael
531,Goguen,Kenneth
535,Jones,Milton
535,Jones,Brendan
542,Kovacs,Laura
548,Tran,Glen
565,Hale,Raymond
565,Flachs,Raymond
569,Burnham,Caitlin
583,Pitcher,Howard
584,Urbaniak,Raymond
588,Martin,Maribeth
593,Robinson,Dave
602,Campbell,Shawn
602,Rhodes,Shawn
607,Main,Gabriele
607,Wylie,Gabriele
610,Gonzalez,Jarrod
611,Fairman,Brandon
611,Colbert,Brandon
614,Farish,Billie
615,Kirkland,David
617,Waite,Sarah
628,Arp,Matthew
641,Jones,Laurena
665,Mccullough,Patricia
667,Mayer,Ronald
668,Bastien,Leslie
693,Malinsky,Charles
693,Malinsky,Diane
701,Marshall,Elizabeth
701,Brett,Elizabeth
707,Perkins,Michael
708,Coon,Octavio
708,Black,Octavio
711,Davis,Steven
712,Mozak,Caitlin
732,Davis,Teresa
733,Barnes,Adam
762,Vaughn,Scott
763,Oakley,Antonio
763,Trujillo,Antonio
764,Nighman,Erica
764,Jameson,Erica
766,Frost,Jane
767,Anthony,Erin
767,Anthony,Kevin
767,Anthony,Mark
789,Allen,Carol
805,Robards,Thelma
806,Hall,Regina
806,Yates,Regina
810,Shea,Clyde
820,Lee,Nannette
820,Sherrod,Nannette
821,Lance,Walter
823,Romero,Jason
839,Flagge,Christopher
848,Krikorian,Kathleen
848,Lashley,Kathleen
851,Vitale,Harold
862,Mcgowen,George
862,Marquez,George
877,Merkle,David
900,Dauzat,Robert
901,Begay,Cythia
905,Wood,Raphael
908,Pereira,Sandra
908,Ulrich,Sandra
908,Pereira,Kathy
908,Ulrich,Kathy
924,Pierce,Olive
929,Meza,Charles
929,Meza,Hector
931,Wimberly,Prudence
946,Moore,Ronnie
947,Zeinert,Sabrina
953,Dunn,Priscilla
966,Schultz,Victor
972,Badgley,Jackie
972,Badgley,Gregory
978,Minors,Beverly
982,Haven,Elaine
984,Smith,Leonard
987,Logue,James
987,Thompson,James
993,Conley,Michael
1009,Pryor,Janice
1009,Lando,Janice
1009,Pryor,Michael
1009,Lando,Michael
1010,Wright,Mary
1011,White,Marian
1011,White,Patricia
1020,Suomela,Frederick
1020,Pina,Frederick
1023,Eaton,Shirlee
1026,Mitchell,Javier
1040,Cooper,Jordan
1042,Gunderman,Jesse
1044,Phillips,Patricia
1050,Carter,James
1062,Smith,Ella
1062,Smith,Danny
1063,Stuart,David
1063,Tucker,David
1063,Stuart,Mark
1063,Tucker,Mark
1079,Turpin,Alicia
1094,Link,Willard
1095,Hickman,Linda
1095,Rodriguez,Linda
1095,Garrett,Linda
1095,Hickman,Tasia
1095,Rodriguez,Tasia
1095,Garrett,Tasia
1109,Pastian,Stephanie
1109,Cardillo,Stephanie
1120,Kimes,Kimberly
1123,Mcglinchey,Nancy
1130,Fernandez,Fatima
1133,Hanson,Amy
1138,Carruthers,Minnie
1165,Macri,Jesus
1177,Kubicek,William
1177,Kubicek,Sylvester
1177,Kubicek,Jason
1189,Ball,William
1191,Blevins,Cindy
1191,Olufson,Cindy
1200,Spears,James
1203,Hopkins,Anthony
1210,Rico,Nicholas
1213,Davis,Carri
1213,Alm,Carri
1215,Hennessey,Steven
1232,French,Vera
1241,Hunter,David
1243,Rodriguez,Patricia
1251,Alford,Harold
1251,Miller,Harold
1251,Alford,Wilmer
1251,Miller,Wilmer
1259,Klatt,Antonia
1268,Parks,Ruth
1268,Parks,Raymond
1276,Lawrence,Richard
1281,Gilbert,Paul
1283,Harris,Matthew
1303,Novak,Edmond
1305,Miller,Willie
1309,Cannon,Gregory
1319,Jackson,Rose
1319,Hunt,Rose
1340,Lima,Tam
1353,Camp,James
1356,Ferguson,Miguel
1357,Fordyce,Melissa
1359,Matthews,Latonya
1359,Matthews,Guadalupe
1383,Franks,Leslie
1385,Lewis,Billy
1390,Hawkins,Sophia
1392,Townsend,Maurice
1398,Baker,Donald
1405,Bordelon,Angela
1405,Williams,Angela
1413,Bradshaw,Ramon
1413,Hayes,Ramon
1413,Bradshaw,Jill
1413,Hayes,Jill
1417,Mengel,Mary
1431,Hurst,Maggie
1465,Hillebrandt,Peggy
1465,Ware,Peggy
1470,Hernandez,Brett
1472,Alcorn,Roger
1477,Kasper,John
1479,Lockhart,Jeffrey
1486,Mosby,Ruby
1489,Cool,Scott
1489,Roca,Scott
1493,Montague,Mary
1501,Wilson,Jean
1515,Hamilton,William
1515,Christopherso,William
1528,Andrews,Gregory
1533,Short,Catherine
1543,Souders,Ernie
1543,Souders,James
1556,Gibson,Delbert
1558,Lopez,Paul
1566,Curry,James
1581,Beauchamp,Juliette
1581,Darnstaedt,Juliette
1597,Whitman,James
1600,Williams,Christina
1602,Hatch,Margo
1621,Bell,George
1636,Burke,Reginald
1636,Burke,Jeffrey
1641,Adame,Dwight
1643,Arroyo,Michael
1648,Russell,Kevin
1648,Barefield,Kevin
1648,Russell,Robert
1648,Barefield,Robert
1654,Crisp,Joshua
1654,Trudel,Joshua
1655,Brink,Felicia
1656,Howk,Janice
1656,Howk,Robin
1671,Kosmowski,Lisa
1675,Barrow,Michael
1676,Thompson,John
1680,Bradley,George
1680,Bradley,John
1680,Bradley,Bruce
1685,Hammond,Frederick
1686,Joyner,Violet
1707,Paull,Tammy
1713,Lentz,Kum
1737,Baisden,Donna
1737,Baisden,Stephen
1747,Romriell,Mary
1750,Jennings,Donald
1766,Parrales,Earl
1790,Conley,Eric
1790,Ryan,Eric
1793,Earnest,Joan
1810,Rahim,Remona
1810,Bookhardt,Remona
1811,Gayle,Henry
1812,Donis,Sarah
1812,Morris,Sarah
1816,Thornley,Anita
1816,Thornley,Lisa
1822,Jones,Gladys
1829,Smith,Victoria
1829,Espinoza,Victoria
1835,Meads,Chris
1835,Young,Chris
1835,Meads,Kimberly
1835,Young,Kimberly
1836,Garcia,Donald
1836,Dobbins,Donald
1837,Austell,Shelly
1846,Groce,Iris
1846,Walsh,Iris
1857,Shumaker,Jillian
1864,Lyman,Joel
1864,Lyman,Mark
1867,Rosiles,Robert
1869,Helland,Christian
1875,Gibbs,Betty
1880,Agnew,William
1880,Agnew,Maria
1893,Daugherty,Nilsa
1896,Charles,Jennifer
1914,Peloquin,Susan
1914,Franklin,Susan
1932,Lauritzen,Adele
1943,Reeves,Daniel
1946,Sturtevant,Bruce
1949,Robinette,Edward
1968,Mason,Donna
1968,Byrne,Donna
1973,Mcclendon,Beth
1973,Howard,Beth
1973,Mcclendon,Matthew
1973,Howard,Matthew
1976,Curtin,Lillian
1988,Morrison,Guadalupe
1988,Dipasquale,Guadalupe
1991,Frank,David
2009,Anwar,Erica
2014,Graham,Michelle
2014,Graham,William
2024,Lopez,Maria
2025,Peltier,Edwin
2034,Archer,Beatrice
2034,Archer,Terrence
2034,Archer,Mark
2048,Ramsey,Wendy
2049,Siggins,James
2059,Keehn,Dorothy
2070,Walker,Emma
2073,Ransom,Vikki
2083,Parker,Mitchell
2098,Frey,Virginia
2098,Carter,Virginia
2111,Noyes,Patti
2111,Passe,Patti
2112,Hong,Irena
2116,Ray,Steven
2122,Kilgore,Georgia
2127,Coleman,Marisela
2130,Barron,William
2134,Hall,Shauna
2134,Hall,Penny
2142,Wark,Ruth
2149,Mcguire,Gene
2149,Krieg,Gene
2151,Egleston,James
2151,Egleston,James
2157,Verret,Brigitte
2157,Verret,Emily
2176,Wenzel,Anne
2176,Gray,Anne
2176,Wenzel,Sharon
2176,Gray,Sharon
2176,Wenzel,Sara
2176,Gray,Sara
2191,Lanosga,Janet
2191,Lanosga,Lucy
2194,Haggerty,Amy
2198,Reach,Sara
2208,Johnstonbaugh,Larry
2212,Fournier,Robert
2215,Wisdom,Humberto
2220,Harmon,Daniel
2228,Twomey,Norberto
2228,Whatoname,Norberto
2230,Fontanella,Ana
2240,Brown,Lawrence
2240,Kellam,Lawrence
2240,Brown,Debra
2240,Kellam,Debra
2248,Whetstone,Kevin
2251,Saunders,Tommy
2251,Saunders,Kelly
2254,Whelan,Julio
2255,King,Tracy
2283,East,James
2283,East,Rosie
2284,Watson,Millie
2284,Lacroix,Millie
2284,Watson,Millie
2284,Lacroix,Millie
2297,Laflore,Esther
2297,Brown,Esther
2301,Jennings,Harry
2308,Magana,Lila
2311,Hodges,Mary
2311,Hodges,Eric
2313,Tomita,Scarlett
2314,Rock,Mary
2314,Huntington,Mary
2322,Dudley,Darcy
2333,Shaw,Kenneth
2333,Shaw,Jason
2350,Todd,Edmund
2358,Berrios,Frances
2371,Langley,Becky
2374,Christopherso,Jillian
2379,Stewart,David
2387,Murphy,Lori
2387,Murphy,Victoria
2390,Kinney,Dolly
2391,Burton,Andy
2391,Burton,Floyd
2392,Pressley,Gayle
2396,Willis,Lamar
2396,Willis,Laura
2416,Hebert,Lakendra
2421,Hampton,Laura
2421,Hampton,Gwendolyn
2445,Delarosa,Edwin
2453,Douglas,Kathryn
2454,Hollandsworth,Charles
2461,Matthews,Michael
2461,Matthews,Patricia
2464,Frith,Jennifer
2468,Shaw,Vernon
2480,Patrick,Brett
2492,Russell,Michelle
2495,Millsap,Betty
2495,Millsap,Eddie
2503,Wolsted,Robert
2503,Thompson,Robert
2503,Wolsted,Marian
2503,Thompson,Marian
2509,Henry,Shannon
2516,Brunk,Bessie
2516,Brunk,Suzanne
2519,Rogers,Lucy
2530,Roush,Sandra
2530,Hill,Sandra
2531,Wright,Brittany
2547,Confalone,Dennis
2547,Rice,Dennis
2560,Rinehart,Carolyn
2563,Buster,Dana
2565,Mendoza,Janice
2575,Lloyd,Orlando
2575,Lloyd,Michael
2577,Barnes,Frank
2580,Chase,Carly
2580,Caruso,Carly
2584,Hema,Harold
2597,Chavis,Melba
2598,Donley,Kenneth
2598,Donley,Crystal
2604,Espino,Edith
2615,Brummell,Benjamin
2616,Atkinson,Cody
2616,Hobbs,Cody
2618,Reeves,Fred
2618,Colon,Fred
2621,Jensen,Barbara
2623,Woolley,Christina
2623,Vance,Christina
2623,Spencer,Christina
2626,Price,Lance
2626,Portis,Lance
2630,Taylor,Roger
2630,Stanley,Roger
2630,Taylor,Richard
2630,Stanley,Richard
2639,Wright,William
2639,Wright,Riley
2645,Willey,Gilbert
2649,Penland,William
2649,Garcia,William
2650,Jensen,James
2652,Quinn,Bret
2660,Buikema,Constance
2661,Halvorson,Vicki
2680,Marzett,Gregory
2698,Leonard,Marie
2712,Kellar,Junior
2718,Butler,Nancy
2726,Atkins,Jack
2726,Roberts,Jack
2729,Martin,Carolee
2729,Martin,Mark
2736,Feller,Sidney
2738,Eldred,Barbara
2742,Havercroft,Mamie
2759,Deshayes,Kenneth
2759,Hayden,Kenneth
2759,Kassner,Kenneth
2759,Deshayes,James
2759,Hayden,James
2759,Kassner,James
2760,Stone,Bernice
2771,Steveson,Kendall
2772,Bolen,Elizabeth
2774,Coleman,Troy
2775,Brewer,Edwin
2775,Brewer,Lazaro
2784,Underwood,Evonne
2787,Johnson,Miguel
2791,Kenon,Noe
2797,Klyce,Robert
2812,Driver,Bill
2814,Crabtree,Eduardo
2815,Poteat,Theodore
2820,Shipley,Mary
2820,Shipley,Debra
2827,Greenspan,Linda
2831,Brown,Robert
2837,Harris,Austin
2842,Barker,Constance
2843,Lewis,Arthur
2846,Clantz,Tammy
2854,Sonoski,Christopher
2857,Hanna,John
2860,Goodwyn,Katherine
2860,Goodwyn,Roger
2868,Castro,Amber
2869,Smith,Helen
2882,Bender,Ella
2893,Carr,Gary
2893,Carr,Marcus
2901,Richert,James
2907,Lavin,Elizabeth
2907,Lavin,Ruth
2913,Morrone,Ricky
2913,Morrone,Winifred
2925,Thomas,John
2931,Raymond,David
2931,Raymond,Howard
2938,Cookson,Tonya
2961,Meade,Rubin
2973,Caya,Laura
2977,Mickle,Stanley
2978,Benware,Patricia
2978,Buford,Patricia
8,Furukawa,Julie
10,Ritter,Susan
11,Berger,Sidney
14,Baker,Diane
14,Baker,Franklin
30,Meeks,Zachariah
37,Smith,Lesley
41,Walker,Wendy
41,Walker,Aurelia
43,Knee,Yolanda
43,Mitchell,Yolanda
43,Knee,Scott
43,Mitchell,Scott
46,Fitzgerald,Jean
46,Wright,Jean
46,Meister,Jean
46,Fitzgerald,Janet
46,Wright,Janet
46,Meister,Janet
51,Rodriguez,Frederick
51,Sprague,Frederick
51,Rodriguez,Carrie
51,Sprague,Carrie
51,Rodriguez,Christina
51,Sprague,Christina
53,Lambert,Dorothy
54,Wilson,Alesha
56,Milton,Linda
57,Oconnell,Brenda
82,Perry,Gary
82,Perry,Natalie
93,Bess,Ernest
93,Jernigan,Ernest
93,Hurst,Ernest
94,Carson,Travis
94,Mclean,Travis
96,Bradley,Pablo
96,Bradley,Jonathan
96,Bradley,Wilma
106,Herrera,Ike
110,Littich,Samuel
119,Hosmer,Valarie
119,Jorgenson,Valarie
121,Guerrant,Clayton
128,Fields,Kenneth
128,Braxton,Kenneth
134,Singletary,Marcelina
134,Curtis,Marcelina
134,Singletary,Charles
134,Curtis,Charles
137,Smith,Matthew
137,Navarro,Matthew
142,Santiago,Harriette
143,Velasquez,Steven
158,Speed,Michael
160,Quan,Walter
169,Pierson,Theresa
170,Saenphimmacha,Vivian
170,Saenphimmacha,Kathryn
172,Hammers,Jennifer
182,White,Carolyn
184,Jones,Aaron
186,Harteau,Richard
186,Harteau,Mary
223,Dillahunt,Scott
223,Dillahunt,Melissa
226,Hiltz,Mamie
229,Wynn,Larry
239,Adams,Michelle
239,Adams,Kelly
244,Leonard,Olga
244,Thompson,Olga
252,Hudson,Katy
257,Collins,Karen
275,Juarez,Christy
275,Graves,Christy
276,Gardner,Wanda
279,Kosse,Michael
289,Fomby,Jerry
298,Butler,Darlene
299,Orr,April
304,Scott,Bob
308,Broadway,Gina
310,Armon,Paula
313,Reed,Dennis
313,Reed,Allan
314,Polanco,Maxine
314,Luiz,Maxine
318,Hoban,Jennifer
321,Shaw,Paula
324,Washington,Penelope
324,Washington,Rose
328,Levin,Katie
336,Crowe,Bonnie
336,Embry,Bonnie
336,Crowe,Joshua
336,Embry,Joshua
342,Matos,Robert
342,Dunstan,Robert
342,Matos,Genoveva
342,Dunstan,Genoveva
348,Mann,Peggy
352,Robertson,Phil
352,Robertson,Bernadine
375,Cobos,Sharon
375,Cobos,William
377,Church,April
377,Mobley,April
379,Sheffield,Kathryn
379,Matesic,Kathryn
381,Ferrell,Bruce
389,Coley,Leon
389,Currin,Leon
389,Coley,Lisa
389,Currin,Lisa
391,Sheppard,Andrea
395,Henson,Tyler
395,Henson,Patrick
416,Church,Regina
418,Anderson,Doris
428,Negri,Jim
438,Schumacher,Paula
448,Espinoza,Sharon
451,Malley,Carlos
459,Hodge,Elda
459,Hodge,Joyce
459,Hodge,Iesha
463,Resch,Philip
468,Perkins,Mary
468,Poundstone,Mary
480,Whirry,Rhea
480,Ellis,Rhea
500,Briley,Leticia
503,Daggett,Scott
503,Emrick,Scott
504,Starrett,Felicia
509,Brignac,Mark
519,Twigg,Dorothy
533,Shedlock,Virginia
536,Marine,Carlos
541,Ward,Jeffrey
541,Ward,Rosalyn
551,Brent,Santos
552,Ryan,Diane
565,Cline,Raymond
583,Metzler,Howard
584,Scheel,Raymond
588,Higgin,Maribeth
592,Burke,Rose
600,Parker,Lisa
606,Brantley,Morris
608,Kirkwood,Ronald
624,Matson,Christopher
624,Quinn,Christopher
624,Matson,Cheryl
624,Quinn,Cheryl
628,Manning,Matthew
628,Chiu,Matthew
638,Campbell,Margie
641,Lank,Laurena
671,Jones,Leslie
689,Bryant,Charles
693,Sassano,Charles
693,Sassano,Diane
696,Kelly,Mark
701,Stremming,Elizabeth
701,Slater,Elizabeth
717,Shackelford,Catherine
725,Boyer,Herman
734,Echols,Benjamin
741,Goya,Barbara
747,Lopez,Lisa
747,Lopez,Paul
752,Tibbs,Deloris
752,Tibbs,Jerome
758,Maks,Vickie
762,Rodriguez,Scott
764,Little,Erica
765,Cornett,Margaret
766,Everett,Jane
766,Ortiz,Jane
767,Greene,Erin
767,Greene,Kevin
767,Greene,Mark
771,Cacciatori,Connie
771,Cacciatori,Melodie
778,Dixon,Christopher
781,Sanchez,Hedwig
793,Wolf,Chance
795,Titus,David
800,Burridge,Debra
804,Kuczenski,Jocelyn
805,Maldanado,Thelma
810,Thurman,Clyde
811,Sarkin,Dante
818,Henderson,Linda
819,Soto,Sharon
819,Soto,Julio
821,Kirk,Walter
839,Wu,Christopher
851,Winter,Harold
853,Winkler,Robin
853,Winkler,Keith
877,Higby,David
886,Crowley,Fernando
889,Franck,Julia
892,Newland,Joseph
892,Trujillo,Joseph
893,Wilcutt,Charlene
893,Wilcutt,Norma
898,Carrizales,Lynn
904,Gilliam,Jerome
907,Dupree,Devin
907,Dupree,Deborah
915,Wicker,Jonathan
915,Beasley,Jonathan
915,Wicker,Sidney
915,Beasley,Sidney
919,Parker,Anne
919,Parker,Richard
924,Woods,Olive
924,Jackson,Olive
925,Ward,Annette
929,Kirby,Charles
929,Davine,Charles
929,Kirby,Hector
929,Davine,Hector
947,Dodd,Sabrina
956,Schoppert,Toby
963,Jacobsen,Dennis
969,Ball,Ricardo
970,Canon,Priscilla
970,Canon,Christopher
972,Howell,Jackie
972,Howell,Gregory
975,Bridges,Jennifer
981,Murphy,Mark
981,Hicks,Mark
993,Plessinger,Michael
993,Barnett,Michael
995,Haggerty,Roberta
1009,Williams,Janice
1009,Williams,Michael
1010,Wilkes,Mary
1011,Reynolds,Marian
1011,Boggs,Marian
1011,Reynolds,Patricia
1011,Boggs,Patricia
1018,Wood,Beverly
1022,Dahl,Carla
1022,Dahl,Diane
1025,Muller,Jody
1025,Muller,Billie
1026,Grossman,Javier
1026,Williams,Javier
1040,Norton,Jordan
1042,Edwards,Jesse
1042,Master,Jesse
1046,Mendez,Susan
1057,Smith,Terry
1057,Smith,Terry
1062,Whalen,Ella
1062,Whalen,Danny
1103,Soukup,Joleen
1122,Cashdollar,Karen
1125,Park,Dorothy
1136,Bonilla,Juan
1158,Cameron,Betsy
1158,Wrobel,Betsy
1159,Cosgrove,Margery
1159,Cosgrove,Mary
1162,Davison,Judith
1165,Kelley,Jesus
1177,Richard,William
1177,Richard,Sylvester
1177,Richard,Jason
1179,Vance,Marguerite
1181,Haney,Gloria
1181,Neal,Gloria
1194,Thomas,Melanie
1209,Obrien,Sammy
1209,Obrien,Kirk
1215,Miller,Steven
1233,Cain,Lee
1242,Reibert,Carolyn
1247,Schroeter,Donald
1248,Nagata,Lilliam
1249,Marro,Brian
1251,Lanza,Harold
1251,Lanza,Wilmer
1259,Logan,Antonia
1268,Witherspoon,Ruth
1268,Witherspoon,Raymond
1271,Franzen,David
1289,Sanchez,Lindsay
1289,Smith,Lindsay
1300,Ruscio,Donna
1300,Ingram,Donna
1310,Woodall,Pat
1310,Woodall,Charles
1316,Bellavance,Armando
1321,Zieman,Patricia
1336,Jackson,Virginia
1339,Dunn,Miguel
1359,Ross,Latonya
1359,Ross,Guadalupe
1375,Kelly,Kathy
1376,Chiariello,Jessica
1381,Bolt,Sandra
1381,Moore,Sandra
1384,John,Stephen
1385,Long,Billy
1386,Cooper,Lillian
1386,Cooke,Lillian
1390,Fox,Sophia
1412,Espinal,Daniel
1412,Espinal,Terence
1413,Scholer,Ramon
1413,Scholer,Jill
1415,Walker,Jesse
1415,Walker,Curtis
1417,Bernardino,Mary
1418,Cockrell,Joseph
1434,Pennell,Maricruz
1438,Morales,Luis
1450,Sterling,Donald
1455,Ramirez,Ruth
1455,Ramirez,Mark
1470,Blechman,Brett
1474,Turner,Carlota
1477,Yin,John
1492,Marshall,Betty
1501,Marois,Jean
1523,Wood,George
1523,Wood,Vera
1525,Smith,Mildred
1526,Mccullough,Joshua
1529,Chavez,Mercedes
1534,Benedetti,Susan
1537,Thomas,Shanna
1538,Poulin,Mary
1551,Bernardo,Robert
1557,Barns,Karen
1558,Moser,Paul
1561,Tejeiro,David
1562,Varner,Barbara
1566,Morabito,James
1575,Yantzer,Steve
1575,Yantzer,Patti
1578,Dugat,Janice
1578,Benesh,Janice
1578,Dugat,Mark
1578,Benesh,Mark
1578,Dugat,Eric
1578,Benesh,Eric
1580,Pettrey,David
1586,Rodwell,Freda
1602,Hinman,Margo
1621,Liebl,George
1624,Johnson,Gregory
1640,Borgen,David
1640,Dingee,David
1646,Brown,Helen
1648,Lewis,Kevin
1648,Lewis,Robert
1657,Simpson,Harry
1660,Gunnels,Joyce
1666,Sheller,Shu
1680,Goins,George
1680,Goins,John
1680,Goins,Bruce
1713,Terry,Kum
1730,Mcguire,Mattie
1749,Scott,Kathy
1764,Hinnenkamp,August
1766,Wicklund,Earl
1766,Bluestein,Earl
1770,Mccorkle,Jennifer
1770,Smith,Jennifer
1770,Griffin,Jennifer
1788,Townsend,Carolyn
1788,Lanz,Carolyn
1790,Farina,Eric
1794,Charles,Rodney
1811,Campbell,Henry
1816,Lewis,Anita
1816,Lewis,Lisa
1836,Spiker,Donald
1836,Gomes,Donald
1837,Love,Shelly
1852,Perez,Lillian
1852,Perez,Catherine
1857,Scolaro,Jillian
1862,Anderson,Dewey
1862,Quigley,Dewey
1862,Cohn,Dewey
1867,Pulse,Robert
1869,Fairbanks,Christian
1875,Radford,Betty
1878,Rall,Kenneth
1878,Sanchez,Kenneth
1880,Polk,William
1880,Polk,Maria
1881,Schmitmeyer,Maurice
1896,Edmisten,Jennifer
1905,Diaz,Ali
1908,Patterson,Patricia
1915,Welder,Maurice
1915,Welder,Santos
1917,Drabant,Charles
1927,Bulow,Frank
1927,Neal,Frank
1936,Calvert,Joseph
1943,Klinger,Daniel
1945,Johnson,Irma
1949,Franks,Edward
1951,Kite,Roberta
1951,Mcdowell,Roberta
1953,Redden,Harvey
1954,Caraballo,Emma
1954,Halloran,Emma
1960,Burke,Cynthia
1968,Arch,Donna
1972,Odom,Lisa
1978,Capobianco,Evangeline
1978,Capobianco,Courtney
1982,Alonso,Julius
1982,Swisher,Julius
1982,Alonso,Karen
1982,Swisher,Karen
1988,Hipsher,Guadalupe
1998,Doire,David
2008,Kirk,Michael
2012,Smith,Daniel
2012,Hunter,Daniel
2014,Drake,Michelle
2014,Drake,William
2034,Miller,Beatrice
2034,Miller,Terrence
2034,Miller,Mark
2049,Melton,James
2059,Barton,Dorothy
2070,Turnbull,Emma
2077,Shea,Charity
2083,Mathews,Mitchell
2089,Cousins,Ronald
2089,Cousins,Robert
2089,Cousins,William
2089,Cousins,John
2095,Johnson,Mary
2098,Burchfield,Virginia
2108,Bales,Geneva
2108,Bales,Robert
2113,Schubert,Darrell
2115,Sysyn,Jacqueline
2115,Sysyn,Sheryl
2122,Green,Georgia
2123,Cirrincione,William
2149,Frank,Gene
2157,Delamora,Brigitte
2157,Delamora,Emily
2158,Williams,Lauren
2161,Tederous,William
2176,Millican,Anne
2176,Millican,Sharon
2176,Millican,Sara
2184,Tusa,Jamie
2190,Smiley,Christopher
2191,Harris,Janet
2191,Merchant,Janet
2191,Harris,Lucy
2191,Merchant,Lucy
2195,Rilley,Stephen
2198,Sansone,Sara
2198,Lopez,Sara
2198,Moss,Sara
2212,Ellis,Robert
2213,Bolden,Joe
2213,Bolden,Russell
2219,Mcquay,Brenda
2220,Levy,Daniel
2228,Wilson,Norberto
2233,Shaffer,Rhonda
2234,Barrette,Sean
2250,Dambrosio,Gladys
2253,Schultz,Joseph
2261,Self,Larry
2265,Lowery,Mary
2270,Urbanek,David
2274,Newton,Gina
2275,Hunter,Arlene
2281,Riederer,Laura
2289,Cantu,Leslie
2294,Kohler,Brian
2294,Rodriguez,Brian
2294,Kohler,Kevin
2294,Rodriguez,Kevin
2294,Kohler,Earl
2294,Rodriguez,Earl
2299,Corey,Lavonne
2305,Huber,Jason
2309,Vaccaro,Terri
2322,Kimball,Darcy
2329,Williams,Mary
2331,Nunez,Deborah
2335,Ortega,Jose
2345,Paxman,Connie
2349,Mcgurk,Albert
2350,Tweedy,Edmund
2354,Murphy,Julie
2354,Murphy,Rachel
2361,Brackett,Daniel
2366,Londono,James
2369,Bathke,Robert
2370,Wade,David
2387,Casey,Lori
2387,Mitchell,Lori
2387,Casey,Victoria
2387,Mitchell,Victoria
2391,Honeycutt,Andy
2391,Honeycutt,Floyd
2396,Johnson,Lamar
2396,Johnson,Laura
2410,Pelc,Clarence
2424,Rice,Corey
2429,Campos,Michelle
2429,Mcdonald,Michelle
2451,Wilson,Kim
2451,Hancock,Kim
2451,Fields,Kim
2453,Lerner,Kathryn
2457,Pollak,Ronald
2468,Nance,Vernon
2468,Garcia,Vernon
2478,Wright,Stanley
2478,Beaver,Stanley
2480,Scott,Brett
2496,Ohara,Janyce
2501,Murphy,Karen
2516,Gore,Bessie
2516,Gore,Suzanne
2523,Allen,Kathleen
2528,Huls,Michael
2528,Jones,Michael
2528,Huls,George
2528,Jones,George
2536,Rhoden,Arturo
2541,Anderson,Moira
2552,Stokes,Mary
2552,Stokes,Sarah
2560,Pullen,Carolyn
2561,Richardson,Demetrius
2561,Higgins,Demetrius
2561,Richardson,Bradley
2561,Higgins,Bradley
2567,Adkins,Emily
2575,Williams,Orlando
2575,Williams,Michael
2581,Coleman,Robert
2581,Leblanc,Robert
2581,Coleman,Sherry
2581,Leblanc,Sherry
2591,Hennigan,Virginia
2602,Holt,Karen
2616,Rhinehart,Cody
2643,Tremblay,Leah
2645,Lee,Gilbert
2645,Ford,Gilbert
2647,Dullea,Mary
2647,Ochoa,Mary
2647,Dullea,Dennis
2647,Ochoa,Dennis
2649,Racki,William
2650,Anderson,James
2659,House,Arturo
2663,Roberts,James
2663,Roberts,Ellen
2664,Czarnecki,Sarah
2667,Moniz,Barbara
2669,Hegyi,Richard
2675,Alvarez,Rick
2676,Adams,Linsey
2696,Vizcarra,Erika
2702,Murphy,Nola
2702,Murphy,Martha
2702,Murphy,Christopher
2707,Vinson,Sharonda
2712,Woods,Junior
2713,Hinton,Jessie
2713,Hinton,Bobby
2720,Knotts,Robert
2723,Price,Jackie
2726,Salisbury,Jack
2729,Fitzgerald,Carolee
2729,Fitzgerald,Mark
2745,Johnson,Lashawn
2763,Deyo,Deann
2775,Spencer,Edwin
2775,Spencer,Lazaro
2777,Branum,Duane
2787,Williams,Miguel
2791,Cottle,Noe
2814,Deveau,Eduardo
2818,Reed,Linda
2818,Weist,Linda
2820,Peluso,Mary
2820,Chirino,Mary
2820,Peluso,Debra
2820,Chirino,Debra
2827,Humann,Linda
2849,Fifield,Lynn
2849,Johnson,Lynn
2865,Pineda,Walter
2865,Blanco,Walter
2876,Kennedy,Brandon
2876,Kennedy,James
2893,Harris,Gary
2893,Harris,Marcus
2894,Keenan,Francisco
2899,Nailor,Duane
2901,Foster,James
2910,Loree,Yolanda
2913,Sanchez,Ricky
2913,Sanchez,Winifred
2925,Woods,John
2929,Bridges,John
2931,Ledbetter,David
2931,Ledbetter,Howard
2954,Wright,Harold
2960,Long,Jeremy
2960,Chandler,Jeremy
2961,Smith,Rubin
2987,Davidson,Sheila
2991,Brooks,Rodney
2995,Morgan,Rosa
1,Zaragoza,William
2,Choiniere,Jeffrey
8,Schilling,Julie
11,Taylor,Sidney
12,Williams,Jeffrey
17,Salter,Joe
17,Weston,Joe
19,Aucoin,Jodi
19,Aucoin,Robert
19,Aucoin,Dawn
37,Charles,Lesley
38,Fair,Marci
41,Clements,Wendy
41,Clements,Aurelia
43,Knerr,Yolanda
43,Knerr,Scott
48,Marquardt,Rebecca
51,Presnell,Frederick
51,Presnell,Carrie
51,Presnell,Christina
57,Simons,Brenda
71,Boyd,Rita
92,Kang,Charles
92,Reynolds,Charles
109,Johnson,Paul
110,Downing,Samuel
121,Thompson,Clayton
123,Lehrman,Jack
126,Stoner,Carla
158,Odonnell,Michael
167,Hooper,Lisa
167,Kelley,Lisa
167,Hooper,Rita
167,Kelley,Rita
172,Smith,Jennifer
173,Hoff,Viola
173,Koewler,Viola
178,Koh,Sophia
178,Vanhamlin,Sophia
178,Koh,Judith
178,Vanhamlin,Judith
180,Mcrary,Amanda
184,Garrett,Aaron
186,Miranda,Richard
186,Miranda,Mary
192,Weiland,Chris
208,Kidwell,David
223,White,Scott
223,White,Melissa
237,Harris,Irene
237,Bennett,Irene
251,Lipsky,Michael
252,Gray,Katy
302,Spiller,Christine
308,Hartford,Gina
313,Spiller,Dennis
313,Spiller,Allan
318,Rodriguez,Jennifer
321,Reynolds,Paula
324,Ferrell,Penelope
324,Ferrell,Rose
330,Hart,Diane
347,Zediker,Jennifer
352,Thorpe,Phil
352,Thorpe,Bernadine
362,Abston,Kathy
366,Mcpherson,Nancy
366,Mcpherson,Kristina
377,Hofer,April
386,Earlywine,Brian
386,Loper,Brian
390,Dalton,Diann
390,Dalton,Charles
393,Conn,Kathy
393,Nelson,Kathy
395,Brown,Tyler
395,Brown,Patrick
398,Silva,Kathleen
410,Mcphatter,Jerry
414,Lopez,Jesse
414,Milner,Jesse
416,Bassetti,Regina
421,Chipps,Charles
421,Whitten,Charles
421,Chipps,Melissa
421,Whitten,Melissa
423,Medina,Ann
435,Middendorf,Brenda
451,Roderiquez,Carlos
453,Weldon,Charlotte
453,Weldon,Margarita
457,Ford,Brandi
457,Jordan,Brandi
475,Lambe,James
480,Celestine,Rhea
482,Carter,Albert
500,Sparrow,Leticia
500,Echard,Leticia
509,Boss,Mark
512,Cluck,Jason
523,Morgan,Marlene
524,Pannell,Richard
529,Jackson,Tiffany
529,Jackson,Denise
530,Crawford,Stephan
535,Putnam,Milton
535,Putnam,Brendan
536,Parks,Carlos
541,Webb,Jeffrey
541,Webb,Rosalyn
548,Cook,Glen
553,Shephard,Kathleen
565,Hodges,Raymond
583,Grey,Howard
584,Peet,Raymond
588,Guerrero,Maribeth
600,Mccauley,Lisa
608,Davis,Ronald
611,Martin,Brandon
614,Phillips,Billie
616,Kovach,Susan
617,Kuebler,Sarah
624,Brown,Christopher
624,Brown,Cheryl
638,Wilkerson,Margie
651,Papineau,Silvia
662,Holm,Barbara
668,Chamberlin,Leslie
671,To,Leslie
671,Gonzalez,Leslie
673,Plotts,Jessica
685,Willey,Wayne
689,Osbourn,Charles
692,Daisley,Joseph
705,Haneke,Candice
705,Bussell,Candice
707,Walls,Michael
711,Reed,Steven
732,Hudson,Teresa
732,Evans,Teresa
742,Dupree,Letitia
743,Bray,Tracey
750,Lawrence,Sammy
752,Spence,Deloris
752,Guerrero,Deloris
752,Spence,Jerome
752,Guerrero,Jerome
753,Smialek,Judith
758,Adams,Vickie
758,Gardner,Vickie
762,Wilton,Scott
762,Mcbride,Scott
765,Lew,Margaret
775,Glass,Betty
804,Bonner,Jocelyn
806,Vitucci,Regina
809,Shinnick,Christopher
810,Hill,Clyde
818,Brewington,Linda
820,Taylor,Nannette
821,Alexander,Walter
825,Morello,Thomas
837,Greenlee,Minnie
837,Ware,Minnie
837,Greenlee,Keesha
837,Ware,Keesha
851,Ramey,Harold
853,Stratton,Robin
853,Stratton,Keith
854,Proudfoot,Willene
862,Williams,George
865,Wallace,Selena
889,Patterson,Julia
893,Beard,Charlene
893,Beard,Norma
896,Price,Ray
897,Dacosta,Elizabeth
897,Dacosta,Lucia
897,Dacosta,Susan
925,Belisle,Annette
930,Miller,Albert
933,Jarrard,Karen
938,Mckeever,Karen
946,Walters,Ronnie
963,Davis,Dennis
966,Hoff,Victor
972,Sparks,Jackie
972,Sparks,Gregory
975,Yates,Jennifer
975,Durbin,Jennifer
981,Griffith,Mark
981,Turk,Mark
984,Brannan,Leonard
984,Mullins,Leonard
990,Harbin,Carol
990,Harbin,Lori
995,Prahl,Roberta
995,Shrader,Roberta
1010,Calderon,Mary
1022,Ball,Carla
1022,French,Carla
1022,Ball,Diane
1022,French,Diane
1023,Hook,Shirlee
1025,Paci,Jody
1025,Paci,Billie
1044,Thomas,Patricia
1046,Ader,Susan
1058,Eikenberry,Lisette
1061,Smith,Jean
1061,Smith,Charlotte
1062,Brown,Ella
1062,Brown,Danny
1063,Mooney,David
1063,Mooney,Mark
1067,Mathes,John
1068,Gausman,Craig
1071,Walker,Miriam
1074,Jewett,Mark
1082,Labruzzo,Mark
1082,Ford,Mark
1085,Turner,May
1120,Carter,Kimberly
1123,Germano,Nancy
1124,Vincent,Fred
1124,Evans,Fred
1138,Walker,Minnie
1138,Shepherd,Minnie
1162,Dunbar,Judith
1165,Johansen,Jesus
1165,Sifuentes,Jesus
1181,Cassidy,Gloria
1196,Dowell,Martha
1196,Vanderpool,Martha
1209,Francis,Sammy
1209,Francis,Kirk
1215,Champion,Steven
1229,Benefield,Barbara
1231,Jordan,Nell
1232,Belcher,Vera
1232,Kryder,Vera
1233,Brock,Lee
1243,Cormier,Patricia
1243,Banks,Patricia
1248,Anderson,Lilliam
1259,Carter,Antonia
1266,Archer,Judy
1268,Davis,Ruth
1268,Davis,Raymond
1275,Allen,Kristina
1275,Allen,Petrina
1275,Allen,Juanita
1275,Allen,Daniel
1276,Croteau,Richard
1289,Irons,Lindsay
1290,Kennedy,Cynthia
1293,Crowder,Robbin
1293,Crowder,Charlene
1294,Yancey,Carlos
1294,Yancey,Joshua
1298,Sukhu,Jill
1305,Holt,Willie
1309,Dutcher,Gregory
1317,Carr,Dortha
1319,Bush,Rose
1322,Schaeffer,John
1322,Carter,John
1328,Stotts,Elizabeth
1339,Mcwilliams,Miguel
1340,Gray,Tam
1357,Rust,Melissa
1376,Renn,Jessica
1383,Hoover,Leslie
1385,Frye,Billy
1397,Foster,Jennifer
1398,Hudson,Donald
1413,Medford,Ramon
1413,Medford,Jill
1415,Durfee,Jesse
1415,Durfee,Curtis
1418,Klar,Joseph
1421,Currie,William
1427,Abner,Joshua
1431,Jones,Maggie
1431,Monaghan,Maggie
1433,Moody,Sandra
1434,Patterson,Maricruz
1437,Gregory,Gary
1437,Mcneil,Gary
1450,Stokes,Donald
1459,Teeter,Kirk
1459,Mabry,Kirk
1467,Gohn,Carolyn
1467,Gohn,Michael
1477,Mcneil,John
1482,Harrod,Donald
1486,Tylman,Ruby
1502,Diaz,John
1503,Peterson,Fredrick
1508,Mckinney,Nicole
1515,Keegan,William
1518,Funke,Eric
1518,Johnson,Eric
1523,Hall,George
1523,Hall,Vera
1525,Mulholland,Mildred
1529,Thomen,Mercedes
1529,Castillo,Mercedes
1534,Jackson,Susan
1538,Paulsen,Mary
1538,Givens,Mary
1543,Davis,Ernie
1543,Davis,James
1558,Danger,Paul
1562,Johnson,Barbara
1567,Jones,Grace
1567,Jones,Maria
1572,Greene,Ryan
1572,Beaulieu,Ryan
1577,Brown,Christine
1578,Bresnahan,Janice
1578,Bresnahan,Mark
1578,Bresnahan,Eric
1597,Huckleberry,James
1607,Lavalley,Edward
1607,Cox,Edward
1614,Craghead,Lauren
1631,Baerga,Linda
1643,Decaro,Michael
1643,Derosa,Michael
1646,Mitchell,Helen
1647,Helgeson,Martha
1649,Edmundson,Lacy
1651,Rieke,Roxana
1654,Higgins,Joshua
1655,Pair,Felicia
1656,Dodson,Janice
1656,Dodson,Robin
1657,Wood,Harry
1671,Cadwallader,Lisa
1675,Dicarlo,Michael
1689,Lord,Marcus
1691,Franklin,Al
1713,Sether,Kum
1716,Boggess,Rodney
1716,Fontenette,Rodney
1738,Vanderlinden,April
1744,Hartline,Kristian
1745,Grammer,Rose
1750,Quandt,Donald
1750,Lambert,Donald
1761,Pena,Christopher
1761,Pena,Pearl
1770,Atkins,Jennifer
1790,Jackson,Eric
1793,Boothe,Joan
1793,Adams,Joan
1798,Bookwalter,Daniel
1800,Chavez,Jason
1810,Mehling,Remona
1812,Payne,Sarah
1822,Perez,Gladys
1827,Stephan,Dorothy
1829,Morquecho,Victoria
1829,Comeau,Victoria
1834,Miller,Clair
1834,Harrell,Clair
1835,Aho,Chris
1835,Aho,Kimberly
1837,Burgess,Shelly
1852,Bligen,Lillian
1852,Bligen,Catherine
1855,Bray,Adam
1856,Mims,Mary
1864,Brown,Joel
1864,Brown,Mark
1867,Waters,Robert
1871,Nevarez,Natalie
1881,Stillwell,Maurice
1884,Sturgis,Margaret
1884,Pino,Margaret
1888,Zelechowski,Anthony
1888,Boyter,Anthony
1889,Lasalle,Dawn
1889,Dewitt,Dawn
1896,Fellman,Jennifer
1896,Vaughn,Jennifer
1915,Towry,Maurice
1915,Towry,Santos
1917,Jones,Charles
1917,Allen,Charles
1924,Gray,Mary
1932,Martinez,Adele
1937,Turrentine,Noel
1937,Turrentine,Ashlie
1939,Malik,Grace
1941,Pinard,Sherrie
1948,Roehl,Hector
1948,Roehl,Norma
1948,Roehl,Harry
1951,Northup,Roberta
1951,Baldon,Roberta
1952,Schmidt,Jacqueline
1952,Schmidt,Maria
1953,Shouse,Harvey
1958,Clark,Mona
1971,Valenzuela,Samantha
1973,Aste,Beth
1973,Aste,Matthew
1976,Westmoreland,Lillian
1978,Lamothe,Evangeline
1978,Filmore,Evangeline
1978,Lamothe,Courtney
1978,Filmore,Courtney
1982,Montes,Julius
1982,Montes,Karen
1991,Dooley,David
1991,Kadlec,David
1997,Martinez,Ruth
2012,Amisano,Daniel
2023,Geoghegan,Florence
2032,Nemerofsky,Kathy
2032,Atkinson,Kathy
2034,Smith,Beatrice
2034,Smith,Terrence
2034,Smith,Mark
2058,Johnson,Patricia
2058,Pollock,Patricia
2059,Richard,Dorothy
2062,Stuckey,Steven
2083,Kjar,Mitchell
2089,Buffalo,Ronald
2089,Stephens,Ronald
2089,Buffalo,Robert
2089,Stephens,Robert
2089,Buffalo,William
2089,Stephens,William
2089,Buffalo,John
2089,Stephens,John
2091,Parker,Rose
2091,Parker,Cary
2095,Johnson,Mary
2099,Gentry,Cory
2105,Kivett,Jason
2105,Kivett,Walter
2108,Muniz,Geneva
2108,Garcia,Geneva
2108,Muniz,Robert
2108,Garcia,Robert
2111,Enright,Patti
2111,Moore,Patti
2112,Lester,Irena
2114,Brown,Kevin
2114,Brown,Howard
2114,Brown,Meredith
2115,Sparks,Jacqueline
2115,Sparks,Sheryl
2122,Gregg,Georgia
2127,Walsh,Marisela
2130,Hancock,William
2130,Singh,William
2134,Winters,Shauna
2134,Overall,Shauna
2134,Winters,Penny
2134,Overall,Penny
2138,Cloutier,Jack
2138,Cloutier,Robert
2147,Murphy,Mary
2150,Kilgore,Wendell
2151,Shell,James
2151,Gary,James
2151,Dobbs,James
2151,Shell,James
2151,Gary,James
2151,Dobbs,James
2155,Bell,Carrie
2161,Lundberg,William
2165,Elletson,Eric
2180,Hooks,Clayton
2182,Josilowsky,James
2183,Stewart,James
2183,Stewart,Chong
2184,Creed,Jamie
2188,Glenn,Melissa
2213,Hansberry,Joe
2213,Hansberry,Russell
2216,Markell,Deirdre
2219,Owen,Brenda
2230,Rodriguez,Ana
2234,Morris,Sean
2236,Perry,Carlos
2240,Candelaria,Lawrence
2240,Hatley,Lawrence
2240,Candelaria,Debra
2240,Hatley,Debra
2251,Cabanilla,Tommy
2251,Cabanilla,Kelly
2265,Friend,Mary
2265,Taylor,Mary
2270,Tapia,David
2274,Falconio,Gina
2309,Killeagle,Terri
2309,Guignard,Terri
2322,Galarza,Darcy
2327,Fleishman,Evelyn
2331,Charley,Deborah
2341,Barrett,Rachel
2341,Burbach,Rachel
2345,Sayegh,Connie
2350,Strickland,Edmund
2354,Mieszala,Julie
2354,Mieszala,Rachel
2361,Hall,Daniel
2364,Metzler,Carrie
2366,Bonner,James
2369,Gressler,Robert
2371,Templeton,Becky
2391,Mcgeever,Andy
2391,Mcgeever,Floyd
2392,Brock,Gayle
2392,Castillo,Gayle
2445,Walker,Edwin
2451,Bradley,Kim
2453,Fontenot,Kathryn
2454,Green,Charles
2456,Fulton,Mae
2456,Elkins,Mae
2464,Colunga,Jennifer
2471,Meyers,Karen
2471,Levenstein,Karen
2478,Wall,Stanley
2491,Erdman,Tracee
2491,Erdman,Betsy
2523,Smith,Kathleen
2545,Medina,Mary
2549,Parker,Carolyn
2555,Weber,Gwendolyn
2555,Weber,Ida
2560,Whited,Carolyn
2565,Mccoy,Janice
2567,Meehan,Emily
2577,Capone,Frank
2580,Bell,Carly
2581,King,Robert
2581,Fancher,Robert
2581,King,Sherry
2581,Fancher,Sherry
2589,Gilreath,Jamie
2590,Fleming,Alan
2591,Humble,Virginia
2591,Payne,Virginia
2597,Meyer,Melba
2598,Lewis,Kenneth
2598,Lewis,Crystal
2602,Dejong,Karen
2604,Vanhuss,Edith
2615,Dyson,Benjamin
2618,Carter,Fred
2626,Gregory,Lance
2634,Hill,Connie
2634,Hill,Tammy
2637,Jones,Jennifer
2647,Hansberry,Mary
2647,Hansberry,Dennis
2650,Bedford,James
2657,Murphy,Deborah
2657,Murphy,Eileen
2661,Daniels,Vicki
2664,Li,Sarah
2670,Tate,Marilyn
2675,Borgman,Rick
2690,Fitzpatrick,Sharon
2696,Eggleston,Erika
2718,Simon,Nancy
2720,Turner,Robert
2726,Smith,Jack
2729,Drake,Carolee
2729,Drake,Mark
2731,Cansler,Peggy
2732,Martin,Elizabeth
2738,Oaks,Barbara
2739,Primeaux,Douglas
2757,Upchurch,Sophie
2760,Martinez,Bernice
2760,Walker,Bernice
2763,Beck,Deann
2771,Mckinney,Kendall
2775,Lindsey,Edwin
2775,Lindsey,Lazaro
2787,Roark,Miguel
2791,Kneip,Noe
2797,Murray,Robert
2797,Rose,Robert
2817,Morgan,Andrea
2826,Gamble,Robert
2843,Harper,Arthur
2843,Oneill,Arthur
2846,Moyer,Tammy
2849,Bauer,Lynn
2860,Robbins,Katherine
2860,Robbins,Roger
2868,Tribble,Amber
2871,Cocker,Michael
2877,Hulbert,Agnes
2882,Fried,Ella
2897,Conway,Evelyn
2898,Clark,Karen
2898,Clark,Joy
2900,Kyseth,Amanda
2901,Truelove,James
2906,Travis,Alice
2907,Smith,Elizabeth
2907,Smith,Ruth
2910,Arvizu,Yolanda
2931,Bland,David
2931,Bland,Howard
2969,Paynes,Colleen
2972,Brown,Charles
2974,Grant,Loraine
2974,Treisch,Loraine
2987,Israel,Sheila
2995,Lopresti,Rosa
2,Vandeusen,Jeffrey
6,Erickson,Virginia
8,Inabinet,Julie
12,Burgos,Jeffrey
12,Gonzalez,Jeffrey
19,Brannon,Jodi
19,Brannon,Robert
19,Brannon,Dawn
25,Bearden,Melissa
25,Bearden,Ronald
38,Bryant,Marci
41,Lewis,Wendy
41,Herrin,Wendy
41,Lewis,Aurelia
41,Herrin,Aurelia
53,Brough,Dorothy
56,Dunne,Linda
67,Kelly,Phyllis
67,Robb,Phyllis
71,Brooks,Rita
94,Otero,Travis
96,Vandorp,Pablo
96,Smith,Pablo
96,Vandorp,Jonathan
96,Smith,Jonathan
96,Vandorp,Wilma
96,Smith,Wilma
101,Adriance,Ann
102,Strom,Margaret
106,Rios,Ike
117,Nutter,Thelma
117,Vann,Thelma
117,Nutter,Albert
117,Vann,Albert
119,Michaels,Valarie
123,Rodriguez,Jack
123,Stahnke,Jack
124,Scalise,Lucas
140,Yoshioka,Dorothy
140,Yoshioka,Wayne
154,Collins,Michael
160,Herrod,Walter
163,Lopez,Karen
167,Pogue,Lisa
167,Pogue,Rita
170,Stegmann,Vivian
170,Stegmann,Kathryn
173,Dulin,Viola
187,Gonzalez,Pauline
198,Vig,Michael
198,Vig,Michael
220,Branche,Thomas
220,Heslep,Thomas
225,Humble,Donnie
233,Parsons,James
239,Robles,Michelle
239,Robles,Kelly
244,Lopez,Olga
249,Tompkins,Michael
251,Moreland,Michael
259,Dougherty,Alice
259,Dougherty,Michael
275,Guthrie,Christy
278,Wong,Eric
298,Gaffney,Darlene
304,Ken,Bob
310,Buske,Paula
313,Oneal,Dennis
313,Oneal,Allan
315,Gallion,Irene
318,Nelson,Jennifer
332,Vega,Kristina
332,Sinotte,Kristina
336,Goble,Bonnie
336,Goble,Joshua
342,Barrientos,Robert
342,Barrientos,Genoveva
346,Madrid,Joseph
346,Marcy,Joseph
347,Colon,Jennifer
352,Lloyd,Phil
352,Lloyd,Bernadine
366,Hill,Nancy
366,Hill,Kristina
375,Trevino,Sharon
375,Trevino,William
389,Hackwell,Leon
389,Hackwell,Lisa
390,Hinds,Diann
390,Hinds,Charles
393,Fiorello,Kathy
399,Disimone,Sadie
400,Sauceda,Kevin
400,Benner,Kevin
402,Newman,Mark
403,Schwass,Lilia
411,Merry,Dwayne
411,Merry,Rachel
415,Parker,Kenneth
415,Wolfinger,Kenneth
416,Smith,Regina
421,Hinson,Charles
421,Hinson,Melissa
426,Holton,Harriette
435,Shaner,Brenda
438,Lopez,Paula
438,Nailor,Paula
444,Guthrie,Gregory
444,Guthrie,Walter
451,Johnson,Carlos
453,Lane,Charlotte
453,Lane,Margarita
457,Dees,Brandi
459,English,Elda
459,English,Joyce
459,English,Iesha
482,Carrington,Albert
486,Corbin,Linda
486,Bess,Linda
503,Brien,Scott
504,Mclaughlin,Felicia
504,Jordan,Felicia
512,Ragan,Jason
514,Chastain,Ella
514,Chastain,Charlene
522,Cooper,John
522,Kendall,John
531,Foltz,Kenneth
533,Phair,Virginia
536,Pendleton,Carlos
548,Kelash,Glen
553,Ransdell,Kathleen
568,Furrer,Charla
569,Strauss,Caitlin
570,Ford,Kenneth
591,Patterson,Dolores
592,Perez,Rose
593,Tanner,Dave
593,Sweeney,Dave
593,Pugh,Dave
608,Glass,Ronald
616,Tirado,Susan
618,Quincy,John
651,Quintana,Silvia
651,Vaughn,Silvia
696,Peterson,Mark
705,Rich,Candice
705,Santiago,Candice
707,Marvin,Michael
717,Heyes,Catherine
731,Kolinski,Andres
733,Washington,Adam
741,Perez,Barbara
742,Reber,Letitia
746,Lemire,Mary
747,Salles,Lisa
747,Jackson,Lisa
747,Salles,Paul
747,Jackson,Paul
757,Kertzman,Wayne
757,Seeholzer,Wayne
775,Lopez,Betty
778,Shelby,Christopher
780,Strickland,William
789,Phillips,Carol
793,Gardner,Chance
800,Schmiedeskamp,Debra
800,Lauderdale,Debra
804,Locher,Jocelyn
809,Thornton,Christopher
809,Walsh,Christopher
811,Parker,Dante
821,Day,Walter
825,Colton,Thomas
825,Jones,Thomas
825,Stringer,Thomas
851,Wilson,Harold
853,Varel,Robin
853,Varel,Keith
854,Cutter,Willene
861,Robertson,Laura
861,Berstein,Laura
865,Ramirez,Selena
865,Shingler,Selena
877,Grubbs,David
886,Baker,Fernando
892,Schmidt,Joseph
896,Johnson,Ray
897,Williams,Elizabeth
897,Williams,Lucia
897,Williams,Susan
898,Dix,Lynn
904,Peterson,Jerome
905,Humphrey,Raphael
908,Correia,Sandra
908,Correia,Kathy
915,Kim,Jonathan
915,Kim,Sidney
917,Davis,Duane
919,Friesner,Anne
919,Friesner,Richard
930,Ellingson,Albert
930,Lints,Albert
931,White,Prudence
931,Boone,Prudence
933,Logan,Karen
938,Long,Karen
938,Spencer,Karen
939,Mclendon,Gerald
966,Price,Victor
969,Manzo,Ricardo
972,Mcconnell,Jackie
972,Mcconnell,Gregory
978,Spencer,Beverly
982,Reier,Elaine
990,Duong,Carol
990,Duong,Lori
993,Visick,Michael
995,Respress,Roberta
1011,Hoyman,Marian
1011,Hoyman,Patricia
1040,Lightner,Jordan
1046,Green,Susan
1046,Richardson,Susan
1050,Smith,James
1062,Manalo,Ella
1062,Manalo,Danny
1067,Baver,John
1071,Frias,Miriam
1077,Patton,Eric
1083,Williams,Jerry
1084,Ratcliff,Nathan
1085,Culver,May
1094,Younker,Willard
1095,Lee,Linda
1095,Lee,Tasia
1108,Hill,Vernon
1110,Williams,Austin
1110,Yates,Austin
1110,Frazier,Austin
1120,Bayer,Kimberly
1122,Milton,Karen
1124,Stone,Fred
1125,Gibson,Dorothy
1131,Foreman,Alesha
1146,Wright,Paulette
1146,Donohoe,Paulette
1146,Butler,Paulette
1148,Meier,Julius
1148,Mccarty,Julius
1157,Sadowski,Elijah
1157,Ayer,Elijah
1158,Lister,Betsy
1159,Smith,Margery
1159,Smith,Mary
1162,Res,Judith
1177,Thurmond,William
1177,Thurmond,Sylvester
1177,Thurmond,Jason
1179,Venzke,Marguerite
1189,Strickland,William
1191,Polley,Cindy
1194,Stamm,Melanie
1200,Bradley,James
1200,Smith,James
1220,Connor,Clara
1231,Lau,Nell
1231,Black,Nell
1241,Dunlap,David
1242,Delcour,Carolyn
1251,Williams,Harold
1251,Williams,Wilmer
1271,Cline,David
1275,Vaughn,Kristina
1275,Vaughn,Petrina
1275,Vaughn,Juanita
1275,Vaughn,Daniel
1283,Maxwell,Matthew
1283,Freeman,Matthew
1290,Mckinney,Cynthia
1298,Gandee,Jill
1300,Smith,Donna
1303,Kennedy,Edmond
1305,Cashman,Willie
1353,Broussard,James
1353,Beets,James
1356,Mcshane,Miguel
1357,Hargrove,Melissa
1359,Armstead,Latonya
1359,Armstead,Guadalupe
1364,Honeycutt,Renee
1368,Vasquez,Richard
1374,Morgan,Floyd
1375,Carl,Kathy
1376,Hill,Jessica
1383,Bolton,Leslie
1390,Hudgins,Sophia
1392,Keys,Maurice
1398,Spiller,Donald
1398,Hardy,Donald
1412,Phipps,Daniel
1412,Lee,Daniel
1412,Phipps,Terence
1412,Lee,Terence
1431,Carter,Maggie
1434,Stahl,Maricruz
1437,Augeri,Gary
1437,Meyer,Gary
1438,Avila,Luis
1438,Kline,Luis
1467,Robinson,Carolyn
1467,Jimenez,Carolyn
1467,Robinson,Michael
1467,Jimenez,Michael
1470,Winslow,Brett
1474,Johnson,Carlota
1482,Mellis,Donald
1490,Robinson,Frank
1490,Kittelson,Frank
1503,Hostetler,Fredrick
1503,Crosten,Fredrick
1518,Williams,Eric
1523,Cirone,George
1523,Cirone,Vera
1524,Burrell,Walter
1524,Burrell,Lawrence
1525,Mobley,Mildred
1528,Burgess,Gregory
1528,Kaplan,Gregory
1534,Reeves,Susan
1542,Byrd,Sonya
1542,Streetman,Sonya
1543,Fisher,Ernie
1543,Fisher,James
1555,Wood,Jay
1562,Scheller,Barbara
1567,Lemieux,Grace
1567,Howard,Grace
1567,Lemieux,Maria
1567,Howard,Maria
1575,Clark,Steve
1575,Cook,Steve
1575,Clark,Patti
1575,Cook,Patti
1578,Lopez,Janice
1578,Lopez,Mark
1578,Lopez,Eric
1581,Meyer,Juliette
1593,Murphy,Teresa
1597,Mcintyre,James
1597,Kelly,James
1607,Nikolai,Edward
1621,Mcnab,George
1646,Arias,Helen
1647,Jensen,Martha
1649,Crabtree,Lacy
1666,Cleveland,Shu
1675,Dillingham,Michael
1676,Johnson,John
1680,Childs,George
1680,Childs,John
1680,Childs,Bruce
1687,Willingham,Julia
1692,Villa,Taylor
1737,Brown,Donna
1737,Brown,Stephen
1738,Harris,April
1744,Logan,Kristian
1745,Ho,Rose
1751,Greene,Glen
1751,Knowles,Glen
1760,Gates,Mario
1768,Villa,Benny
1780,Sigman,Walter
1781,Littlefield,Josephine
1787,Hosmer,Marion
1811,Jone,Henry
1822,Bradford,Gladys
1837,Balas,Shelly
1850,Vernon,Meghan
1852,Macmillan,Lillian
1852,Macmillan,Catherine
1853,Bartel,Samuel
1853,Bartel,Dean
1854,Wilson,Brett
1854,Miller,Brett
1857,Hua,Jillian
1864,Roberts,Joel
1864,Roberts,Mark
1866,Vasquez,Judy
1866,Bosley,Judy
1871,Kher,Natalie
1871,Johnson,Natalie
1871,Browne,Natalie
1875,Murphy,Betty
1879,Klingel,Jennifer
1884,Martin,Margaret
1884,Ferrara,Margaret
1890,Sheridan,Luke
1893,Gordon,Nilsa
1909,Shelton,Wilma
1913,Smith,Ann
1914,Godbold,Susan
1915,Marshall,Maurice
1915,Miller,Maurice
1915,Marshall,Santos
1915,Miller,Santos
1917,Pierce,Charles
1924,Wilner,Mary
1927,Ridgway,Frank
1931,Cooley,Edwin
1934,Marshall,Julia
1941,Dillingham,Sherrie
1945,Ehsan,Irma
1948,Dominguez,Hector
1948,Dominguez,Norma
1948,Dominguez,Harry
1954,Caraballo,Emma
1960,Martel,Cynthia
1961,Wilhoit,Shirley
1961,Wilhoit,James
1961,Wilhoit,Davis
1972,Schuetze,Lisa
1973,Perkins,Beth
1973,Perkins,Matthew
1997,Schenk,Ruth
1997,Brewer,Ruth
2008,Donovan,Michael
2009,Mitchell,Erica
2012,Pegues,Daniel
2014,Alston,Michelle
2014,Stremming,Michelle
2014,Alston,William
2014,Stremming,William
2016,Aldrich,Kristen
2023,Santos,Florence
2025,Martin,Edwin
2032,Simmons,Kathy
2048,Gladney,Wendy
2067,Means,Sarah
2067,Nguyen,Sarah
2067,Means,Hector
2067,Nguyen,Hector
2077,Carney,Charity
2089,Sease,Ronald
2089,Sease,Robert
2089,Sease,William
2089,Sease,John
2091,Murphy,Rose
2091,Murphy,Cary
2099,Hippen,Cory
2100,Willard,Noah
2105,Soderquist,Jason
2105,Soderquist,Walter
2112,Bookman,Irena
2112,Johnson,Irena
2114,Borrelli,Kevin
2114,Borrelli,Howard
2114,Borrelli,Meredith
2116,Horsley,Steven
2130,Brenner,William
2138,Horne,Jack
2138,Horne,Robert
2149,Crafford,Gene
2150,Morriss,Wendell
2155,Barks,Carrie
2157,Riley,Brigitte
2157,Riley,Emily
2158,Plienis,Lauren
2180,Jordan,Clayton
2180,Smith,Clayton
2182,Stone,James
2183,Hoskin,James
2183,Hoskin,Chong
2184,Janousek,Jamie
2188,Szabat,Melissa
2191,Martin,Janet
2191,Martin,Lucy
2194,Guereca,Amy
2212,Graves,Robert
2219,Shelby,Brenda
2219,Baker,Brenda
2220,Hayes,Daniel
2223,Dorval,Vance
2223,Stillings,Vance
2232,Clark,Leon
2232,Bolding,Leon
2232,Clark,Lisa
2232,Bolding,Lisa
2233,Jones,Rhonda
2236,Taylor,Carlos
2245,Vanpelt,Patricia
2251,Ely,Tommy
2251,Ely,Kelly
2255,Radloff,Tracy
2257,Wood,Karen
2261,Youngman,Larry
2265,Lake,Mary
2274,Tierney,Gina
2281,Hernandez,Laura
2281,Salmons,Laura
2289,Speed,Leslie
2297,Creighton,Esther
2305,Overton,Jason
2309,Ortega,Terri
2311,Fisher,Mary
2311,Fisher,Eric
2314,Bynum,Mary
2322,Jones,Darcy
2323,Bertrand,Richard
2327,Roberts,Evelyn
2329,Stewart,Mary
2335,Ibanez,Jose
2335,Butler,Jose
2341,Curry,Rachel
2345,Fox,Connie
2349,Mclaughlin,Albert
2349,Forster,Albert
2358,Johnson,Frances
2364,Baskin,Carrie
2364,Patton,Carrie
2366,Dequattro,James
2366,Brown,James
2369,Robison,Robert
2370,Marshall,David
2374,Ross,Jillian
2379,Jones,David
2390,Duran,Dolly
2424,Goff,Corey
2442,Slater,Larry
2445,Mcdaniel,Edwin
2459,Le,Jenny
2461,Reid,Michael
2461,Garcia,Michael
2461,Reid,Patricia
2461,Garcia,Patricia
2464,Gilbert,Jennifer
2464,Sneeden,Jennifer
2471,Herrera,Karen
2480,Humphery,Brett
2485,Ramirez,William
2487,Luke,Andrew
2491,Arendt,Tracee
2491,Arendt,Betsy
2495,Silverthorn,Betty
2495,Tomita,Betty
2495,Silverthorn,Eddie
2495,Tomita,Eddie
2503,Lauderdale,Robert
2503,Lauderdale,Marian
2512,Galloway,Barry
2512,Galloway,Clarence
2528,Martin,Michael
2528,Castagna,Michael
2528,Martin,George
2528,Castagna,George
2530,Dyson,Sandra
2531,Warner,Brittany
2541,Burgess,Moira
2551,Brown,William
2551,Crawford,William
2555,Wade,Gwendolyn
2555,Wade,Ida
2562,Flowers,Bert
2573,Zook,Jason
2574,Strapp,Asa
2574,Ganey,Asa
2577,Petersen,Frank
2583,Politi,Joan
2591,Valdez,Virginia
2604,Taylor,Edith
2621,Melchor,Barbara
2630,Werner,Roger
2630,Werner,Richard
2634,Norman,Connie
2634,Norman,Tammy
2647,Glaser,Mary
2647,Glaser,Dennis
2649,Dungan,William
2657,Calhoun,Deborah
2657,Calhoun,Eileen
2659,Barrera,Arturo
2667,Rogers,Barbara
2667,Thomas,Barbara
2670,Lopez,Marilyn
2670,Lee,Marilyn
2698,Modrak,Marie
2698,Stiff,Marie
2712,Twitty,Junior
2713,Cortez,Jessie
2713,Gatlin,Jessie
2713,Cortez,Bobby
2713,Gatlin,Bobby
2720,Lugo,Robert
2723,Senft,Jackie
2738,Staley,Barbara
2774,Longnecker,Troy
2777,Kenney,Duane
2777,Tyson,Duane
2784,Martel,Evonne
2808,Gatlin,Norman
2808,Gatlin,Robert
2814,Ledwig,Eduardo
2815,Young,Theodore
2815,Mangione,Theodore
2826,Anderson,Robert
2827,Meyer,Linda
2831,Risbeck,Robert
2833,Hall,Lance
2833,Williams,Lance
2833,Hall,Sherri
2833,Williams,Sherri
2843,Corey,Arthur
2863,Nasers,Stuart
2863,Pedraza,Stuart
2865,Carthen,Walter
2889,Keller,Estella
2893,Danner,Gary
2893,Danner,Marcus
2897,Atwell,Evelyn
2897,Galloway,Evelyn
2898,Martin,Karen
2898,Martin,Joy
2899,Bastien,Duane
2899,Castle,Duane
2901,Dixon,James
2904,Thatcher,Lydia
2907,Fuller,Elizabeth
2907,Fuller,Ruth
2923,Thoms,Chau
2930,Stewart,Donald
2937,Amidon,Vicky
2937,Garret,Vicky
2937,Amidon,Ronald
2937,Garret,Ronald
2941,Rynders,Amy
2941,Smith,Amy
2954,Killian,Harold
2969,Dietrich,Colleen
2987,Broussard,Sheila
2991,Peterson,Rodney
2996,Marshall,Lynette
2996,Suggett,Lynette
