ID,Surname
1,Woodrow
2,Ellen
7,Leroy
12,Aldo
17,Marla
18,Mary
21,Tara
22,Lula
23,Warren
24,Patricia
27,Timothy
29,Matthew
32,William
32,Daniel
33,Anthony
35,Keith
36,Gertrude
38,Donald
42,Orlando
44,William
52,Angel
53,Joyce
54,Lorie
55,Susan
57,Marion
58,Jennifer
60,Christopher
63,Delia
64,Dianne
64,Daniel
66,Joan
71,Kelly
77,Joseph
82,Marian
85,Lulu
92,Olivia
93,John
97,Jaimie
102,John
104,Dana
110,Bobbie
111,John
113,Robert
114,Jeffrey
114,Michael
122,Victor
123,David
126,Joseph
128,John
129,Suzette
130,Allen
130,Gay
132,Dale
133,Clarence
137,Chris
138,Judith
150,Maragret
151,Randall
151,Sarah
152,Lorenza
153,Jeffrey
153,Daniel
157,Christina
158,Donald
159,Edward
159,Jonathan
161,Cora
163,John
165,Carol
165,Suzanne
166,Jeffery
166,Christopher
167,Katherine
170,Hannah
171,Albert
172,John
173,Frederick
174,Alesia
177,Lynn
180,Donna
188,John
188,Evelyn
190,Leroy
193,Jerry
194,Laura
202,Robert
205,Patricia
206,Cristal
207,Raymond
208,Rosa
210,Noel
212,Jose
219,Grover
224,Roberto
225,Gary
226,Robert
227,Robert
228,Joan
229,Ralph
232,James
234,Thelma
235,Matthew
235,Jeffrey
236,William
239,Nilsa
249,Cheryl
251,Christy
256,Sherri
259,David
268,Lynda
272,Louis
273,Evelyn
273,Jerry
275,Isabel
277,Charlotte
277,Mary
278,Nathan
281,Susie
286,Daniel
290,Sandra
295,Ruth
296,Robert
296,Amber
296,Irvin
297,Betty
298,Joanna
299,Robert
306,Sheila
306,Elmer
311,Matthew
313,Angie
318,Larry
319,Lonnie
320,Damaris
320,Paul
323,Ariane
323,Betty
325,Cecelia
326,Paul
327,Lewis
329,Phillip
330,Fernando
340,William
342,Geraldine
342,Shannon
346,Ronald
347,Tina
351,Penny
352,Martin
352,Christopher
353,Carl
354,Jose
355,Joe
367,Earnest
372,Leola
377,Stephanie
381,Donna
382,Albert
384,Erica
388,Melanie
390,Herman
393,Matt
396,Darlene
396,Carol
398,Vicki
399,Michelle
399,Vernon
401,Harold
407,Consuelo
414,John
414,Donna
416,Sean
419,Sarah
424,Benjamin
430,Pamela
431,Christine
435,Beatriz
438,Brian
438,Jodi
439,Justin
440,George
442,James
444,Thomas
446,Kevin
446,Heather
447,Sue
450,Monica
452,Chris
455,Wilma
457,Barbara
459,Jamie
460,Ivory
461,Derrick
467,Robert
469,Bobbie
470,Paul
471,Curtis
472,Richard
476,Kristen
482,Jonathan
483,Ella
488,Marion
489,Craig
490,Mark
490,Jasper
493,Luis
495,George
501,Daisy
503,Raul
504,Judith
507,Laverne
507,Clifford
509,Joesph
509,Beatrice
511,Helen
515,Ethel
521,Mike
521,Timothy
524,Debra
529,James
531,Catherine
533,William
534,Rosemary
534,Willie
536,Marlene
539,Patrick
542,Linda
547,Bryan
550,Jessica
550,William
556,Donna
561,Frank
562,Debbie
566,Barbara
569,John
571,Annetta
575,Ina
581,Donald
582,Paul
584,Philip
586,Mickey
586,Gary
587,Randy
590,Diane
600,Nancy
608,Walter
611,Mary
612,Neil
613,Anita
617,Robert
617,Jennifer
621,Ana
625,Glen
627,Elizabeth
627,Ethel
628,Kimberly
629,Cleo
635,Gertrude
640,Katie
642,Ronald
642,Paul
645,Jacqueline
647,Veronica
649,Beatrice
650,Shannon
651,Carolyn
652,Robert
652,Janet
658,David
659,Megan
663,Anthony
667,Ruth
670,Joe
671,Lisa
681,Carlton
683,Ron
690,Barbara
698,John
698,Jimmy
700,Arthur
701,Carol
702,Eliseo
703,Daniel
706,Steve
707,Alvaro
707,Tresa
710,Betsy
720,Marlene
728,Kathryn
729,Virginia
732,Gale
733,Michael
738,Annemarie
743,James
744,Joy
747,Joseph
747,Dale
751,Jeremy
756,Mary
757,Norbert
758,Charlotte
760,Hazel
761,Charlene
762,James
769,Thomas
769,Willie
774,Sara
778,Tabitha
780,Houston
783,Charles
786,George
789,Kelli
790,Jessica
790,Andre
794,David
796,William
802,Jorge
805,Asuncion
807,Brian
809,Virginia
810,Meaghan
813,Connie
815,Andrew
816,Henry
818,Juana
820,Curtis
821,Ann
821,Sarah
822,Jesse
823,Marilyn
830,Kimberly
831,John
838,Candy
839,Peter
840,Rhonda
841,Dean
842,Hannah
843,Megan
846,Anne
847,Morris
848,Randy
850,Francis
851,John
853,Duane
855,Douglas
857,Lisa
857,John
863,Jay
864,Tanya
867,Marla
868,Timothy
868,Natasha
871,Brandon
873,Teresa
875,Andrea
884,Donald
887,Danial
892,Ada
902,Mark
903,Domonique
910,Nancy
911,Jonah
912,Jason
921,Manuel
921,Roosevelt
922,Lynn
926,Eddie
926,Shelly
927,Mary
928,Margaret
928,Steven
932,Michelle
933,Gerald
935,Hattie
947,Bryan
948,Carolina
950,Samantha
952,Paul
953,Ronald
958,Richelle
959,Blanca
962,Myles
964,Jennifer
966,Frances
970,Thomas
976,Geneva
977,Elton
978,Harold
981,Olivia
985,Gabriel
985,Dwayne
986,Derek
990,Eric
995,Edwin
997,Kevin
1002,Manuel
1005,Gertrude
1005,Richard
1008,David
1010,Susanne
1011,Nancy
1012,Jeffrey
1016,John
1018,Christine
1030,Daniel
1031,Don
1036,Asia
1037,Frank
1040,Julia
1040,Daniel
1041,Pamela
1042,Ethan
1043,Carolyn
1045,Charlene
1046,Sherry
1046,John
1049,Priscilla
1050,Mark
1052,John
1056,Vivian
1059,Samuel
1059,Esther
1062,Craig
1064,Ola
1068,Bryan
1069,Patrick
1074,Brenda
1076,Eva
1076,John
1079,Susan
1081,Patricia
1087,Earl
1087,Lee
1089,David
1090,Tim
1096,Paul
1099,Stacy
1100,Jane
1100,Julia
1101,Jackie
1106,Jack
1109,Mary
1111,Avis
1112,Christopher
1113,Emily
1116,Ana
1118,Maria
1121,Carmen
1123,Troy
1125,Flora
1126,Otis
1135,William
1137,Henry
1138,Ruth
1139,Elnora
1140,Doris
1141,Amber
1143,Crystal
1145,Christopher
1146,Everett
1150,Gary
1150,Alan
1151,Robert
1155,Willie
1157,Lisa
1160,Misty
1165,Elizabeth
1166,Susan
1169,Sara
1171,Cesar
1172,Lina
1175,David
1176,John
1179,Guillermo
1181,Jesus
1185,Beth
1187,Jack
1190,Andrew
1191,Kyle
1196,Gertrude
1197,Dora
1198,John
1199,James
1203,Robert
1203,Heidi
1205,Norma
1213,Warren
1215,Walter
1216,Doris
1218,Greg
1219,Mary
1219,David
1225,Douglas
1231,Michael
1240,Becky
1241,Samantha
1247,Jaime
1248,Dean
1250,Judy
1251,Louise
1259,William
1261,Gregory
1270,Jame
1276,Elbert
1282,Donna
1287,Roger
1290,John
1299,Nada
1299,Christopher
1300,Shirley
1301,Paula
1302,David
1302,Tamara
1303,Steven
1304,Joshua
1304,Raymond
1305,Joseph
1307,Suzanne
1308,Janice
1310,Theresa
1311,Dylan
1312,Ethel
1317,Maria
1319,Courtney
1322,Eva
1325,Heidi
1325,Henry
1326,Joseph
1331,Stewart
1332,Chester
1333,Sanjuana
1334,Samantha
1342,Linda
1351,Beth
1353,Brenda
1355,Bernadette
1357,Brenda
1357,Susan
1359,James
1366,Rogelio
1375,Penny
1377,Donald
1377,Paula
1382,Avis
1383,Kristina
1384,Daniel
1385,Robert
1385,Alexander
1386,Jeff
1388,Kevin
1389,Kala
1391,Dana
1393,Sheila
1400,Bryant
1400,Christine
1400,Kevin
1401,Collen
1403,Ruth
1406,Jennie
1410,Jeffrey
1411,Martha
1415,Terrance
1420,Magdalena
1430,Mei
1430,Ferdinand
1433,Wayne
1437,Rose
1440,Donald
1444,Noe
1447,Tracy
1448,David
1448,Rex
1453,Anthony
1456,Mark
1461,Kip
1463,Kenneth
1475,Carl
1475,Rex
1476,Brandon
1478,Bob
1478,Timothy
1480,Casey
1481,Jean
1483,Joseph
1485,Karen
1490,Adeline
1493,John
1497,Judy
1501,Shaun
1501,Carol
1507,Christopher
1510,Elbert
1512,George
1513,Gary
1515,Scott
1515,Thomas
1517,Nancy
1517,Mary
1517,Pat
1520,Tommy
1525,Frederick
1527,Eva
1528,Jonathan
1529,Jason
1530,John
1531,Gwendolyn
1533,June
1535,Dorothy
1536,Gaynell
1536,Carter
1542,Angela
1547,Jesus
1547,Alex
1550,Regina
1551,Lacey
1551,Dulce
1558,Mark
1561,Leonard
1568,Joseph
1568,Judith
1573,John
1574,Thomas
1574,Thaddeus
1575,Matthew
1578,Christopher
1581,Joyce
1584,Denise
1584,Louise
1585,Peggy
1587,Nina
1589,Steven
1590,Michael
1590,Joyce
1591,Harold
1592,Joseph
1593,Jean
1595,Patricia
1602,Tommy
1605,Robert
1615,David
1615,Kristen
1616,Darcy
1618,Douglas
1620,Matthew
1622,Steven
1624,Julie
1629,Jeffrey
1631,Martha
1633,Carol
1637,Paul
1638,Tonya
1640,Jacob
1647,Araceli
1648,Stephen
1649,Donna
1650,Ricardo
1653,Darrell
1655,Carolyn
1659,Brian
1660,Nancy
1661,Daniel
1663,Theresia
1664,Scott
1668,Judith
1674,Diane
1677,Harry
1678,Wayne
1688,Daniel
1690,Jonathan
1696,Ryan
1699,Elnora
1704,Jay
1706,Jane
1708,Maria
1710,Molly
1711,Alexis
1713,Hung
1718,Rene
1721,Susan
1723,Billy
1728,Thomas
1732,Susan
1735,Karl
1739,Robert
1741,Joyce
1741,Eduardo
1743,Patricia
1747,Branda
1758,Jamie
1760,Tommy
1771,Manual
1771,Teresa
1772,Melissa
1773,Helen
1776,Ben
1778,Rose
1778,Melanie
1779,Gonzalo
1779,Dennis
1780,Oma
1783,Elva
1788,Dorothy
1789,Bridget
1794,Kenneth
1795,Ada
1801,Dolores
1805,Ashley
1806,Erin
1808,Justin
1809,Ashlyn
1811,Joshua
1812,Derrick
1812,Richard
1813,Joan
1814,Violet
1815,Nathaniel
1819,Ryan
1819,Kathryn
1821,Marc
1821,Emma
1821,Lillian
1822,Jeffrey
1825,Frank
1828,Jill
1831,Petra
1833,John
1835,Thomas
1836,Barbara
1840,Mary
1847,Gary
1849,Danny
1851,Esther
1852,John
1856,Fermina
1857,Gabriel
1860,Jarrod
1860,Robert
1864,Tiffany
1867,Crystal
1868,Melissa
1868,Marcus
1869,Megan
1872,Brad
1872,Cindy
1877,James
1880,Rachel
1883,Rosie
1886,Jo
1889,Steven
1892,Glenn
1894,Lionel
1898,Stuart
1898,Charles
1898,Janie
1903,Ramona
1911,Rosa
1912,Roy
1917,Muriel
1919,Janelle
1919,Susan
1920,David
1922,Paul
1923,Peggy
1925,Frances
1926,Rosa
1928,David
1930,Laura
1935,Kathleen
1940,Clayton
1941,George
1941,Tonya
1946,Herbert
1949,Martin
1955,Alton
1956,Rosie
1967,William
1967,John
1968,Mary
1969,Sybil
1971,Kourtney
1973,William
1974,Christine
1979,Dominic
1980,David
1981,James
1984,Manuela
1988,Joseph
1988,Leonard
1996,Carol
1997,Michael
1997,Mary
2002,Johnathan
2002,Charles
2003,Maria
2003,Alan
2005,Mark
2006,Francisco
2006,Mark
2007,Violet
2008,Maryann
2008,Richard
2013,Elena
2014,Alicia
2014,Vergie
2021,Rebecca
2022,Blanca
2023,Emily
2024,Mathew
2026,Mary
2031,Mary
2032,Lisa
2035,Bonnie
2036,Erwin
2039,Tatiana
2041,Karen
2044,Francis
2047,Amber
2053,Oliver
2055,Kevin
2056,Karly
2056,Pam
2068,Ethel
2070,Maria
2072,Ramona
2075,Rose
2076,Marcelina
2082,Chad
2083,Gerald
2083,Phyllis
2084,Holly
2084,Jason
2085,James
2087,Camille
2087,Vance
2093,Cheryl
2094,Sandra
2095,Rosa
2095,Calvin
2101,Matt
2101,Michael
2106,Emory
2111,Lana
2115,Pam
2116,James
2118,Vincent
2118,Alice
2119,Joseph
2121,Donald
2128,Alberto
2139,Blanche
2142,Sandra
2148,Brittany
2149,Joanne
2151,Dwight
2152,Gayle
2154,Linda
2156,Iris
2160,Neal
2163,Daniel
2163,Laura
2165,Annette
2165,James
2168,Tamara
2170,Tricia
2170,Gerald
2170,Adam
2175,Willie
2177,John
2178,Alonzo
2180,Katherine
2181,Hans
2184,Kirk
2189,Maria
2192,Arthur
2194,Johnny
2200,Corinne
2202,Linda
2207,Karen
2208,Maria
2209,Lucile
2212,Vanessa
2212,Frances
2222,Gregory
2224,Noah
2226,Ella
2228,Beverly
2228,Christopher
2235,Jeffrey
2235,Anna
2237,Audrey
2239,Scott
2243,Dorothy
2243,Dana
2245,Loraine
2250,Bryan
2255,Barbara
2258,Rocco
2259,James
2260,Patricia
2260,Geraldine
2260,Susie
2265,Erin
2266,Gerald
2267,Samuel
2269,Wendell
2271,Sue
2277,Ray
2278,Jonathan
2279,Faye
2282,Ginny
2284,Willard
2285,Kathy
2286,Deborah
2289,James
2297,Michele
2298,Sheri
2298,Marcia
2303,Kathy
2305,Marta
2306,Martha
2308,George
2310,Nelson
2312,William
2329,Alfred
2330,Sarah
2332,Cynthia
2332,Gerald
2334,Jenelle
2335,Irving
2338,Shane
2339,Jackson
2340,Alexandra
2345,Connie
2346,Adelaide
2349,Steven
2350,Kathryn
2352,Geraldine
2355,Berta
2356,Robert
2356,Lisa
2359,Richard
2361,Vernon
2365,Justin
2367,Thomas
2369,Anna
2369,Alana
2369,Steven
2370,Mary
2371,Brad
2372,Brandee
2372,Richard
2373,Michelle
2373,Laura
2375,Charles
2376,Cathy
2377,Constance
2380,Pamela
2383,Tammy
2386,Joy
2390,Judy
2390,Alice
2391,John
2394,Marsha
2395,Josef
2397,Alvin
2401,Raymond
2405,Milton
2406,Mary
2408,Ronald
2411,Anthony
2414,Charles
2415,Darlene
2423,Curtis
2423,Shaun
2425,John
2426,Victor
2426,James
2427,Paulette
2429,Virginia
2430,Rose
2431,Josephine
2433,Nancy
2435,Teddy
2436,Gayle
2437,Lindsey
2445,William
2446,Clarence
2448,Ronald
2450,Agustin
2450,Howard
2451,Joe
2451,Dianne
2452,Anne
2455,Kim
2460,Robert
2465,Peter
2466,Vada
2466,Angela
2467,Ross
2467,Anthony
2468,Miranda
2469,Derrick
2469,Norma
2470,Stanley
2476,Jeffrey
2476,James
2477,Evelyn
2478,Cathy
2479,Deborah
2481,Teresa
2484,Charles
2486,Cedric
2489,Elizabeth
2492,Timothy
2493,David
2502,Ruth
2503,Sabrina
2504,Ralph
2505,Derek
2509,Reba
2510,Pamela
2518,Brandon
2519,Katherine
2520,Joseph
2521,Michael
2521,Wilfred
2522,Sharon
2526,Bonnie
2526,John
2528,Edith
2529,Francisco
2530,Kathleen
2533,Ralph
2537,Cynthia
2539,John
2542,Mark
2545,Cynthia
2548,Robert
2550,John
2551,Charles
2553,James
2553,Josephine
2557,Stephanie
2560,Marisa
2567,Patricia
2568,Jennifer
2571,Bobby
2571,Samuel
2576,John
2576,June
2576,James
2577,Brandon
2579,Hallie
2580,Gilbert
2581,Brenda
2581,Carol
2586,Sarah
2586,Duane
2587,Mary
2590,Enoch
2599,Donald
2599,Kelly
2600,Bill
2602,Linwood
2604,Brian
2605,Adam
2607,Lorenzo
2610,Michael
2613,Edith
2615,Loretta
2616,Tommy
2625,William
2631,Thanh
2631,Jerry
2631,Erica
2635,Joesph
2636,Darlene
2644,Gary
2645,Polly
2653,Danielle
2655,Roderick
2656,Linda
2661,Edward
2662,Jeanne
2667,Randy
2670,Mark
2670,Richard
2671,Randy
2678,Alex
2679,Dorothea
2681,David
2688,Adrianne
2688,Megan
2697,Reginald
2705,Irma
2705,Edna
2706,Mary
2708,Brandy
2709,Gussie
2711,Patricia
2712,Randy
2714,Zachary
2715,Ryan
2717,Robert
2720,Larry
2720,Cheryl
2726,Randall
2727,Mary
2729,Nancy
2733,Bradley
2742,Matthew
2742,Norris
2742,Donald
2743,Keith
2744,Mary
2744,Gordon
2749,Gloria
2753,Jesse
2754,Doreen
2756,Mark
2758,Craig
2759,Laurence
2760,Deana
2763,Lauren
2770,Jonathan
2770,Vincent
2771,Sergio
2781,Denise
2781,Linda
2783,Brian
2783,Gerald
2785,John
2786,Janet
2787,Guadalupe
2788,Helen
2790,Jack
2791,Jessica
2800,Kelly
2802,Olga
2803,Gerald
2803,Edith
2809,Sheri
2811,Maude
2813,Nellie
2814,Hector
2815,Jane
2818,Mildred
2823,Katie
2824,Gary
2826,Edward
2828,Kyra
2830,Catherine
2832,Madge
2833,Ernie
2838,Frank
2841,Fabian
2847,Fran
2847,Patricia
2849,Jill
2850,Myra
2851,Cheryl
2859,Sylvia
2861,Adam
2862,David
2874,Ruby
2879,William
2883,Barbara
2884,Donald
2886,Kathleen
2886,June
2888,Dorinda
2889,Patrick
2890,Ines
2890,Rick
2891,Latasha
2891,Crystal
2893,Misty
2897,Joe
2899,Don
2899,Meryl
2900,Thomas
2900,Serena
2901,Maria
2907,Irene
2914,Otis
2917,Sherri
2917,Adriana
2918,Maggie
2919,Marcia
2919,Tara
2924,Brian
2931,Charles
2933,Catharine
2939,Anna
2940,James
2940,Ramon
2949,Gary
2956,Peter
2957,Damien
2961,Angie
2962,Helen
2964,Richard
2965,Rose
2967,Donna
2973,Juan
2973,Jeanne
2974,Amy
2975,Dottie
2976,Kenneth
2978,Jim
2979,Tina
2981,Emilio
2985,Thomas
2989,Emily
2990,Marvin
2993,Johanna
2993,Felix
2996,Bob
2998,Harriet
2998,Eleanor
2999,Alonzo
