ID,FirstName
4,Obrecht
4,Matthews
6,Ford
7,House
10,Chin
16,Ayers
17,Samuels
18,Tomblin
19,Barr
23,Richardson
27,Morgan
29,Armstrong
29,Michalak
30,Vanwormer
36,Moore
37,Mitchell
38,Groseclose
44,Trotter
45,Haddad
47,Singer
51,Bess
55,Batres
58,Craighead
60,Miranda
66,Wright
67,Goodall
68,Streb
69,Wilkins
71,Wasinger
77,Anaya
78,Riso
80,Werner
82,Missey
84,Davies
85,Eftekhari
89,Swanson
92,Whipple
93,Phillips
94,Rosales
97,Powell
97,Scott
102,Hamff
106,Dudley
113,Pewitt
113,Levasseur
114,Sawyer
117,Burton
118,Miller
120,Green
120,Knapp
124,Dyer
125,Bailey
129,Waldron
130,Himes
133,Sloan
138,Kim
151,Gaydosh
153,Walker
154,Soltis
159,Mcfarland
159,Leon
161,Fox
163,Marsh
164,Newhouse
165,Brooks
165,Meyer
166,Crape
169,Soto
170,Brandt
171,Dwight
171,Henning
171,Pryor
172,Hill
180,Settle
182,Kirsch
184,Somogyi
186,Brim
188,Eglinton
191,Fuhrman
191,Reichert
193,Perez
195,Chivers
196,Sanders
198,Pabon
200,Anderson
204,Henderson
204,Britt
211,Reyes
214,Cathey
215,Williams
220,Mcbride
223,Andrews
225,Hines
225,Sun
226,Chavez
229,Ford
230,Clemente
231,Griffith
232,Lanasa
234,Coe
235,Avallone
237,Bacon
238,Rose
241,Williams
243,Fox
255,Lopez
258,Haley
258,Raab
260,Bryant
265,Bryant
265,Foster
266,Ward
270,Arneecher
272,Rhodes
273,Greenlief
273,Hall
275,Militello
276,Ledbetter
277,Okeefe
278,Franzen
281,Marcus
282,Flens
282,Jagger
285,Frazier
287,Polston
289,Mcgrew
289,Allen
296,Williams
296,Baldwin
297,Williams
303,Cardona
303,Santiago
305,Davis
307,Andres
307,Mcfaul
308,Skinner
309,Davis
310,Chatterton
312,Brower
314,Dickens
322,Valdovinos
323,Cervantes
324,Edwards
324,Martinez
333,Weidner
333,Randolph
336,Butler
339,Harris
340,Marsh
342,Mangone
354,Lee
355,Braun
356,Mccain
357,Larson
357,Elkins
360,Murphy
362,Baver
369,Scharmer
370,Mccarroll
370,Heald
378,Bair
378,Russ
386,Starr
387,Starr
389,Ezell
396,Simons
399,Mccormick
400,Pikula
401,Lambert
406,Ullery
407,Reeves
408,Bonney
410,Hill
411,Burdick
415,Cromartie
417,Munn
418,Long
421,Steele
423,Schrum
424,Wilson
427,Brown
431,Nelson
432,Barnes
438,Bellinghausen
439,Logan
439,Daugherty
440,Chatman
442,Cripe
443,Bailey
444,Wittkop
444,Bove
446,Hudson
455,Hooten
455,Gonzalez
456,Coble
456,Johnson
457,Daley
461,Mcgee
462,Barnett
464,Wyatt
465,Mitchell
465,Wylam
466,Maymi
467,Haywood
470,Barkhimer
475,Germon
478,Mulherin
479,Dismuke
479,Crabtree
479,Arnhart
485,Irizarry
488,Anderson
488,Winkler
495,Cheung
501,Rathke
502,Martin
505,Stewart
507,Perryman
508,Gregory
512,Jugo
513,Nix
521,Edwards
523,Reed
525,Tyner
529,Holland
529,Ponce
534,Ferris
537,Hughes
543,Martin
546,Hollis
547,Hughey
548,Gully
551,Massey
555,Hedger
555,Dorman
556,Ambriz
558,Coleman
559,Nenno
566,Mumaw
570,Butler
571,Byrum
573,Peters
576,Reyes
576,Parrow
576,Muniz
578,Schrandt
586,Crawford
586,Favela
586,Roach
587,Rzepecki
589,Titus
590,Danker
590,Carter
590,Young
596,Whitley
600,Howland
600,Seiler
601,Crate
602,Nolan
607,Torres
608,Kirby
610,Thomas
612,Deluca
612,Glover
612,Nix
614,Spueler
623,Blanche
625,Harber
634,Grober
634,Hall
635,Mcmath
636,Morris
636,Bowens
636,Lennox
637,Holloway
644,Mayfield
647,Hadley
648,Roldan
657,Bell
663,Skiver
667,Fernandez
667,Rabideau
667,Daggett
669,Johns
675,Gardener
677,Feria
686,Payne
693,Lopez
696,Albright
696,Peterson
697,Hardy
698,Wright
699,Rudolph
706,Huebner
707,Ruffin
709,Hayes
711,Rollag
713,Brooks
714,Franklin
717,Arnold
718,Finch
718,Mccormick
721,Barnes
725,Lamarre
726,Kim
728,Martin
731,Lussier
733,Ramirez
738,Mendez
740,Watson
743,Stickel
743,Morrow
744,Stone
744,Ellis
746,Westlund
746,Scott
751,Delgado
752,Grimes
756,Vinion
756,Himes
760,Billings
766,Villicana
767,Bales
771,Anderson
772,Castano
773,Battle
774,Ibarra
776,Kellstrom
778,Davis
781,Brawer
785,King
790,Cushing
791,Meyer
792,Crystal
799,Garcia
805,Cartright
807,Tolbert
813,Rodkey
815,Quezada
815,Vargas
816,Boettcher
817,Cyrus
818,Mccarthy
819,Neal
823,Travis
826,Garcia
831,Twyman
836,Carnahan
839,Ramsdell
840,Pleva
844,Rehl
849,Battle
852,Herzberg
857,Edens
859,Valdivia
860,Vossen
860,Martin
861,Wright
863,Roy
863,Martin
864,Estes
868,Martin
870,Mitchell
870,Burgess
873,Kline
878,Owens
880,Morales
884,Morales
893,Tuholski
893,Thompson
900,Houston
903,Montgomery
905,Grams
909,Grunder
911,Webb
914,Daugherty
915,Boles
916,Jenkins
917,King
917,Tartaglione
920,Weaver
922,Campbell
924,Bowe
925,Bailey
931,Martell
932,Daniels
935,Viverette
939,Mccain
944,Jenkins
944,Ward
945,Johnson
946,Ellinger
950,Barile
952,Byrd
953,Draper
953,Stevens
956,Thomas
964,Fowler
965,Lankford
969,Kelch
977,Council
978,Moochler
980,Nelson
984,Yawn
986,Benson
990,Glassman
991,Cardenas
994,Marinez
997,Jodon
1004,Barker
1005,Inglis
1007,Philipp
1018,Fortner
1021,Ovalle
1024,Ibarra
1024,Fossum
1024,Holland
1025,Ramirez
1032,Morris
1035,Hatton
1035,Zamora
1040,Dandrea
1042,Schwartz
1045,Bacon
1052,Blackard
1052,Aldridge
1054,Warren
1058,Daniels
1058,Debuhr
1065,Sandoval
1066,Orozco
1066,Bolenbaugh
1066,Bullard
1067,Holsapple
1068,Rivard
1074,Pence
1075,Reed
1076,Burns
1076,Bishop
1077,Miller
1078,Quinonez
1079,Alvarado
1080,Wester
1082,Johnson
1083,Sees
1084,Fine
1086,Cowan
1091,Dale
1093,Ward
1094,Kline
1096,Witham
1097,Pooley
1098,Williams
1098,Denk
1101,Fells
1103,Wiford
1105,Bonn
1107,Williams
1110,Wick
1111,Denis
1116,Edwards
1116,Green
1118,Chennault
1118,Gallagher
1120,Moore
1125,Bailey
1128,Holland
1132,Manzo
1134,Davidson
1137,Williams
1137,Summers
1142,Cauthon
1143,Reilly
1145,Elston
1150,White
1151,Trager
1157,Labo
1159,Travers
1169,Yenz
1171,Moore
1174,Campbell
1176,Schrader
1178,Tienda
1179,Taylor
1180,Brooks
1182,Davis
1184,Rice
1190,Wight
1191,Johnston
1195,Crisp
1203,Tew
1208,Sawtelle
1209,Glenn
1210,Page
1212,Mayer
1214,Davis
1222,Hanavan
1223,Page
1225,Burkhart
1226,Evans
1228,Fairchild
1228,Imes
1231,Spirko
1236,Voigt
1239,Christian
1243,Digregorio
1245,Mccray
1246,Blaise
1246,Emery
1247,Baldwin
1248,Edwards
1250,Tienda
1250,Sisson
1260,Smith
1264,Wagner
1265,Yu
1266,Ulrich
1271,Sanderson
1274,Clewis
1275,Fritz
1280,Whipple
1281,Bickford
1282,Devoy
1284,Harris
1284,Alexander
1286,Davis
1289,Calvert
1290,Elwick
1291,Powers
1292,Foster
1293,Regan
1299,Kragt
1304,Flenory
1305,Villarreal
1307,Henderson
1310,Lopes
1315,Lutz
1321,Williams
1322,Johnson
1324,Bumgardner
1325,Petty
1332,Wilson
1334,Hunte
1335,Mcclelland
1339,Parks
1340,Lowry
1341,Vale
1341,Twombley
1351,Bove
1356,Caldwell
1357,Good
1359,Beckett
1362,Sugg
1369,Passe
1371,Ipock
1375,Peck
1377,Mckay
1381,Flores
1382,Beery
1382,Miller
1384,Hill
1385,Stone
1386,Carnes
1387,Sosa
1394,Marston
1396,Raymond
1399,Edwards
1400,Thompson
1400,Cormier
1401,Ferraro
1402,Brunk
1404,Sagar
1405,Vazquez
1406,Heiskell
1406,Walsh
1410,Shulda
1414,Giacchino
1415,Taylor
1415,Neihart
1419,Brown
1422,Cruz
1432,Savarese
1436,Ruiz
1441,Gerecke
1443,Goehring
1448,Petersen
1451,Aguas
1459,Mendoza
1460,Rader
1461,Azim
1461,Blanton
1462,Montgomery
1462,Nielsen
1462,Hickey
1467,Thomas
1468,Matthews
1469,Weafer
1470,Ramos
1474,Jones
1477,Long
1478,Shaw
1484,Hensley
1488,Decker
1495,Gandy
1501,Morgan
1502,Smith
1511,Roach
1513,Erdmann
1515,Williams
1519,Goodson
1520,Bash
1522,Fraley
1524,Niess
1524,Kilmer
1533,Bergmark
1533,Muffley
1535,Urick
1542,Rodriquez
1545,Perez
1551,Cross
1551,Quinn
1555,Lineberger
1557,Iribarren
1561,Mcginnis
1566,Mattern
1570,Maye
1571,Sprecher
1577,Dagley
1580,Nordman
1581,Elias
1590,Pichler
1592,Brown
1593,Jones
1593,Cromwell
1593,Linton
1594,Smith
1594,Easter
1595,Cracchiolo
1595,Farrell
1596,Benefield
1596,Scrudato
1600,Stover
1602,Allen
1606,Montgomery
1611,Esqueda
1614,Mcdowell
1617,Roberts
1618,Sanchez
1620,Jackson
1621,Yong
1622,Baker
1623,Mcgee
1624,Estrada
1628,Steller
1629,Miller
1631,Yeargin
1633,Ulatowski
1636,Aadland
1636,Manns
1640,Bowey
1641,Cowan
1642,Novak
1643,Case
1645,Mcminn
1647,Savoie
1650,Johnson
1651,Nev
1651,Russell
1654,Avery
1656,Thon
1660,Lopez
1663,Rakowski
1663,Townsend
1669,Hansen
1682,Fritz
1683,Carroll
1684,Murray
1686,Lark
1686,Knapchuck
1687,French
1687,Salano
1687,Denger
1689,Riblett
1697,Nowak
1697,Salazar
1698,Walter
1699,Johnston
1700,Toan
1708,Brown
1710,Giannetti
1713,Kaylor
1716,Quezad
1717,Fuentes
1717,Horton
1720,Lin
1725,Konecny
1726,Siegel
1728,Mclaughlin
1728,Howell
1729,Litton
1731,Melendez
1732,Middlebrook
1737,Schneider
1741,Meadows
1741,Jones
1746,Morales
1747,Madson
1748,Cooper
1750,Abbe
1753,Fortunato
1754,Debarge
1755,Campbell
1758,Swavely
1758,Murphy
1760,Vrabel
1760,Morrow
1761,Smith
1763,Ballew
1764,Watkins
1767,Purdom
1774,Anderson
1775,Tagliarini
1775,Smith
1778,Link
1780,Hare
1781,Fowler
1783,Stremming
1784,Diaz
1785,Sevier
1786,Cook
1792,Cavanagh
1794,Rodrequez
1794,Crum
1797,Douglas
1801,Kitchens
1801,Eplin
1802,Whatley
1804,Barrios
1808,Lundberg
1809,Odoms
1809,Zavala
1814,Hickey
1815,Weaver
1819,King
1821,Quinn
1821,Scerra
1822,Morris
1826,Cruz
1831,Thompson
1835,Kaplan
1839,Culbreath
1839,Douthit
1842,Tidwell
1846,Nine
1846,Riffe
1853,Wolff
1853,Agrela
1856,Hawkins
1859,Harty
1859,Edmunds
1861,Burns
1869,Rice
1874,Blake
1876,Ryan
1878,Wong
1878,Long
1885,Cross
1888,Soto
1892,Lewis
1894,Paras
1898,Barroso
1898,Leclair
1903,Hugo
1910,Whelton
1912,Buchauer
1914,Aguilar
1916,Daniel
1919,Toth
1929,Ford
1932,Parham
1933,Gray
1937,Wilson
1940,Aguirre
1940,Mcadams
1941,Wangberg
1941,Brennan
1946,Blain
1946,Freeman
1946,Faulkner
1947,Warren
1948,Guice
1949,Brown
1955,Robinson
1956,Barton
1957,Capps
1960,Hapke
1961,Reed
1962,Rocha
1962,Shook
1963,Warner
1964,Valencia
1965,Sawyer
1967,Pless
1968,Barnes
1971,Davis
1976,Kamiya
1981,Mora
1984,Morrow
1984,Coates
1992,Jackson
1996,Heenan
1997,Ostrowski
2000,Barbeau
2001,Conrad
2004,Schwing
2006,Joyce
2008,Spells
2010,Hornbeck
2016,Robertson
2017,Smalls
2018,Raymo
2018,Honeycutt
2018,Barnes
2020,Gibson
2021,Johnson
2021,Rockwood
2024,Mann
2027,Whiting
2028,Clement
2031,Moers
2038,Dewees
2040,King
2047,Richardson
2047,Johnson
2052,Jones
2055,Smith
2059,Powell
2065,Appleton
2068,Blake
2069,Rizo
2076,Heft
2079,Leahy
2087,Hollinger
2090,Harris
2091,Chaffin
2095,Larkin
2095,Giles
2097,Hinds
2098,Parish
2100,Johnson
2101,Morely
2105,Ingersoll
2106,Keith
2108,Greene
2113,Carlson
2114,Smith
2114,Alston
2116,Copley
2116,Anderson
2117,Dunigan
2120,Parson
2122,Donaldson
2124,Wright
2125,Lowe
2129,Stinnett
2131,Mason
2132,Steed
2133,Hughey
2140,Lunstrum
2142,Moten
2146,Wallace
2147,Rios
2153,Carrillo
2154,Benge
2155,Tracy
2156,Foulks
2156,Parker
2158,Dunkel
2167,Page
2168,Sims
2168,Cox
2168,Jimenez
2170,Torres
2170,Garza
2174,Torres
2178,West
2178,Albin
2182,Hartz
2183,Murphy
2184,Daniels
2189,Jacob
2189,Booton
2194,Bustamente
2201,Lee
2202,Silva
2203,Bertrand
2206,Haitz
2210,Williams
2223,Swindle
2224,Marx
2224,Shannon
2228,Brown
2232,Brown
2235,Pruett
2238,Hernandez
2242,Guardado
2243,Lee
2245,Margulis
2246,Kreidel
2248,Hardman
2248,Macmillan
2251,Broenneke
2258,Watland
2262,Darnley
2267,Beckstead
2272,Beebee
2273,Wilson
2279,Wagner
2280,Sylvia
2281,Eberheart
2283,Kenney
2284,Vanhouten
2287,Thornton
2291,Johnson
2294,Harris
2299,Noble
2304,Rivera
2307,Mcvicker
2307,Brandon
2307,Garcia
2310,Kitterman
2311,Ingle
2312,Furman
2313,Lester
2317,Caesar
2318,Jones
2320,Banks
2325,Loffelbein
2331,Bennington
2333,Mast
2336,Mireles
2338,Esposito
2340,Boddie
2343,Garcia
2344,Jones
2345,Bryson
2348,Lopez
2349,Rogge
2352,Deguire
2353,Jones
2355,Litchford
2356,Evans
2370,Kowalski
2371,Gage
2373,Ramer
2378,York
2378,Jennings
2378,Wheat
2378,Rister
2387,Richardson
2388,Feuerborn
2389,Johns
2390,Girard
2390,Fowler
2391,Riina
2392,Mccrae
2394,Seabolt
2401,Rodriguez
2402,Fowler
2404,Duke
2404,Fowler
2406,Boyd
2409,Wilson
2410,Wolf
2411,Hill
2412,Lozoya
2419,Woodley
2421,Fleming
2421,Downes
2421,Oneill
2422,Whitfield
2426,Harding
2426,Miller
2431,Copeland
2433,Evans
2436,Goins
2437,Ioele
2442,Harvey
2443,Lee
2445,Bailey
2446,Wenthold
2448,Hurt
2449,Cooksey
2452,Nixon
2458,Wright
2459,Mitchell
2463,Iannone
2465,Vasquez
2467,Mckenna
2470,Rossano
2473,Johnson
2478,Elie
2479,Holt
2480,Estes
2490,Kearns
2491,Winebrenner
2491,Hall
2493,Poplin
2498,George
2501,Rodriguez
2502,Gonzales
2509,Mitchem
2509,Sturgill
2509,Harris
2512,Bells
2512,Melton
2516,Snider
2519,Demarco
2519,Steiger
2519,Mcfarland
2520,Carter
2521,Ramsey
2521,Holmes
2522,Dearing
2524,Sample
2533,Watkins
2544,Saldana
2544,Morsbach
2545,Gonzalez
2547,Dwyer
2547,Kuhn
2548,Lejeune
2548,Saling
2549,Roberts
2549,Asberry
2552,Burris
2552,Lanham
2553,Farias
2553,Temple
2554,Tepper
2557,Dyer
2561,Billington
2563,Torres
2563,Williams
2569,Aybar
2574,Thole
2575,Merrigan
2579,Cepero
2579,Moseley
2582,Mills
2587,Barton
2590,Pearl
2598,Bates
2600,Eckman
2607,Forker
2608,Mccomas
2612,Lyons
2613,Barnes
2622,Todd
2624,Vazquez
2628,Brown
2629,Mitchell
2630,Wendler
2631,Leclerc
2631,Landry
2632,Barbre
2634,Cole
2637,Scovil
2638,Lobato
2642,Oharra
2644,Sarkisian
2646,Brodes
2650,Goeltz
2651,Soto
2654,Gordon
2656,Hardin
2661,Mccallum
2663,Cabrera
2664,Lewandowski
2665,Ramos
2665,Johnson
2676,Sims
2676,Pratt
2678,Valdovinos
2678,Roberts
2679,Yohe
2679,Regalado
2682,Thomas
2683,Terry
2685,Harrison
2688,Fleming
2691,Turley
2692,Swee
2696,Killam
2696,Honse
2697,Glaus
2698,Davila
2699,Galle
2700,Mosley
2700,Reed
2702,Dallas
2707,Kennamore
2708,Clarkson
2709,Welch
2711,Milano
2711,Nivens
2717,Taylor
2719,Pixler
2722,Thompson
2723,Hendrix
2727,Bryant
2728,Canady
2729,Anderson
2731,Diaz
2733,Grant
2738,Biggs
2741,Irvin
2742,Justen
2742,Rodriguez
2743,Linn
2748,Allen
2749,Williams
2756,Foulks
2757,Still
2759,Fannin
2760,Hinton
2763,Hill
2764,Haller
2767,Lallo
2771,Jeffries
2773,Bracero
2773,Fiorentino
2777,Quintero
2779,Hughes
2779,Rogers
2781,Hagan
2783,Whitehead
2784,Burlew
2785,Hildebrant
2786,Gant
2786,Fonseca
2792,Jameson
2796,Hedrick
2798,Mccormack
2801,Abreu
2802,Groves
2813,Graham
2816,Case
2817,Adams
2817,Dombrowski
2819,Williams
2820,Washington
2828,Hayes
2830,Wentz
2832,Kanahele
2839,Crane
2840,Pope
2841,Watkins
2841,Elder
2842,Brown
2844,Jones
2845,Dorfman
2848,Mathis
2849,Mcclain
2850,Stockton
2850,Hasting
2854,Young
2857,Karpinen
2858,Perry
2862,James
2865,Coutts
2866,Freeman
2870,Moree
2872,Laforest
2876,Dominguez
2876,Green
2876,Fennessey
2877,Diamond
2877,Davis
2881,Saum
2883,Snyder
2887,Miller
2889,Davis
2891,Grothe
2895,Smith
2896,Lambert
2898,Oliver
2899,Glendening
2900,Kern
2902,Hoban
2905,Salvas
2906,Sano
2907,Trimpe
2910,Binkley
2914,Robinson
2914,Marshall
2916,Sena
2922,Scruggs
2924,Enyart
2925,Gaither
2928,Harris
2929,Fonner
2930,Gage
2934,Simmons
2937,Kelly
2940,Lane
2949,Luff
2950,Manlangit
2951,Jones
2953,Billups
2960,Knapp
2960,Ferber
2968,Barton
2976,Ferrari
2979,Watkins
2983,Rhodes
2988,Stout
2990,Cuomo
2990,Hickman
2993,Jordon
2995,Carr
2996,Rodriguez
2998,Medel
2998,Santiago
