ID,sendTo,sentBy
13,S3,R9
22,S6,R9
27,S1,R9
47,S9,R9
60,S6,R9
64,S9,R9
70,S9,R9
71,S3,R9
74,S1,R9
84,S2,R9
90,S3,R9
97,S1,R9
101,S5,R9
106,S6,R9
110,S1,R9
126,S1,R9
130,S2,R9
136,S5,R9
153,S3,R9
158,S9,R9
175,S6,R9
177,S7,R9
179,S5,R9
204,S7,R9
205,S2,R9
206,S3,R9
209,S6,R9
212,S3,R9
240,S4,R9
241,S6,R9
245,S4,R9
261,S0,R9
267,S1,R9
275,S2,R9
276,S1,R9
280,S0,R9
328,S2,R9
348,S8,R9
354,S2,R9
371,S3,R9
374,S3,R9
384,S5,R9
385,S3,R9
386,S5,R9
396,S9,R9
422,S2,R9
426,S9,R9
447,S4,R9
449,S3,R9
465,S6,R9
474,S3,R9
485,S9,R9
500,S0,R9
521,S0,R9
528,S5,R9
536,S6,R9
538,S4,R9
558,S2,R9
576,S5,R9
578,S4,R9
583,S6,R9
600,S3,R9
623,S6,R9
657,S3,R9
676,S5,R9
691,S7,R9
692,S3,R9
693,S4,R9
694,S9,R9
701,S1,R9
720,S2,R9
735,S1,R9
738,S6,R9
739,S0,R9
749,S5,R9
767,S2,R9
777,S1,R9
785,S3,R9
788,S4,R9
798,S4,R9
832,S3,R9
842,S3,R9
844,S3,R9
855,S0,R9
863,S8,R9
867,S6,R9
890,S5,R9
906,S7,R9
928,S4,R9
933,S6,R9
939,S1,R9
950,S8,R9
964,S1,R9
979,S2,R9
991,S8,R9
998,S9,R9
1005,S4,R9
1006,S5,R9
1014,S4,R9
1030,S1,R9
1034,S6,R9
1056,S8,R9
1059,S2,R9
1062,S6,R9
1064,S7,R9
1067,S6,R9
1074,S7,R9
1101,S2,R9
1106,S1,R9
1113,S2,R9
1122,S4,R9
1128,S6,R9
1182,S7,R9
1184,S8,R9
1186,S2,R9
1280,S3,R9
1285,S0,R9
1302,S9,R9
1304,S1,R9
1308,S1,R9
1329,S5,R9
1331,S0,R9
1338,S5,R9
1342,S4,R9
1343,S3,R9
1350,S2,R9
1359,S5,R9
1360,S9,R9
1362,S3,R9
1375,S4,R9
1396,S3,R9
1407,S1,R9
1420,S6,R9
1422,S2,R9
1423,S8,R9
1432,S1,R9
1443,S9,R9
1465,S1,R9
1471,S8,R9
1495,S7,R9
1497,S4,R9
1500,S9,R9
1503,S0,R9
1508,S1,R9
1511,S1,R9
1539,S6,R9
1548,S5,R9
1552,S2,R9
1553,S3,R9
1555,S3,R9
1558,S8,R9
1576,S9,R9
1579,S1,R9
1584,S3,R9
1591,S6,R9
1597,S9,R9
1600,S9,R9
1613,S7,R9
1617,S0,R9
1623,S4,R9
1643,S8,R9
1652,S8,R9
1658,S3,R9
1661,S4,R9
1690,S3,R9
1699,S5,R9
1707,S2,R9
1710,S3,R9
1712,S4,R9
1734,S2,R9
1735,S8,R9
1742,S8,R9
1749,S2,R9
1753,S9,R9
1775,S2,R9
1778,S5,R9
1781,S2,R9
1791,S3,R9
1800,S5,R9
1824,S7,R9
1836,S5,R9
1841,S0,R9
1859,S7,R9
1885,S4,R9
1886,S2,R9
1907,S0,R9
1911,S4,R9
1930,S1,R9
1935,S5,R9
1936,S4,R9
1948,S1,R9
1957,S4,R9
1976,S2,R9
2000,S5,R9
2015,S0,R9
2041,S3,R9
2056,S1,R9
2079,S9,R9
2083,S2,R9
2096,S3,R9
2108,S9,R9
2111,S5,R9
2129,S8,R9
2135,S4,R9
2136,S1,R9
2151,S1,R9
2160,S5,R9
2164,S0,R9
2182,S5,R9
2185,S9,R9
2186,S3,R9
2187,S3,R9
2204,S2,R9
2217,S4,R9
2224,S0,R9
2235,S5,R9
2238,S5,R9
2249,S8,R9
2256,S9,R9
2293,S4,R9
2296,S5,R9
2325,S8,R9
2328,S1,R9
2338,S2,R9
2347,S7,R9
2367,S5,R9
2369,S2,R9
2379,S1,R9
2467,S2,R9
2472,S9,R9
2474,S1,R9
2481,S5,R9
2495,S7,R9
2500,S1,R9
2514,S4,R9
2526,S1,R9
2530,S5,R9
2531,S0,R9
2534,S0,R9
2548,S4,R9
2550,S4,R9
2555,S5,R9
2565,S6,R9
2566,S7,R9
2590,S8,R9
2593,S2,R9
2613,S9,R9
2616,S7,R9
2620,S9,R9
2634,S0,R9
2639,S9,R9
2647,S9,R9
2662,S1,R9
2665,S7,R9
2679,S4,R9
2687,S5,R9
2690,S0,R9
2698,S2,R9
2702,S4,R9
2704,S1,R9
2715,S2,R9
2763,S5,R9
2770,S0,R9
2773,S9,R9
2776,S0,R9
2782,S5,R9
2786,S3,R9
2788,S5,R9
2820,S5,R9
2823,S3,R9
2824,S6,R9
2829,S2,R9
2833,S4,R9
2835,S2,R9
2860,S2,R9
2868,S9,R9
2886,S2,R9
2942,S6,R9
2965,S7,R9
2986,S7,R9
2997,S0,R9
3003,S8,R9
3019,S1,R9
3027,S4,R9
3033,S8,R9
3038,S1,R9
3042,S5,R9
3046,S0,R9
3048,S8,R9
3082,S8,R9
3095,S5,R9
3099,S3,R9
3103,S1,R9
3108,S2,R9
3117,S4,R9
3127,S6,R9
3131,S4,R9
3142,S6,R9
3144,S2,R9
3151,S9,R9
3152,S8,R9
3157,S1,R9
3176,S2,R9
3178,S5,R9
3179,S8,R9
3203,S0,R9
3214,S6,R9
3215,S0,R9
3228,S9,R9
3280,S6,R9
3287,S1,R9
3295,S2,R9
3301,S3,R9
3306,S5,R9
3312,S0,R9
3319,S5,R9
3364,S2,R9
3368,S1,R9
3373,S1,R9
3393,S8,R9
3397,S6,R9
3403,S9,R9
3410,S9,R9
3422,S9,R9
3436,S6,R9
3441,S7,R9
3448,S7,R9
3460,S5,R9
3468,S8,R9
3491,S4,R9
3496,S4,R9
3499,S5,R9
3506,S1,R9
3517,S7,R9
3523,S0,R9
3572,S0,R9
3582,S4,R9
3586,S8,R9
3599,S1,R9
3605,S3,R9
3632,S3,R9
3647,S8,R9
3667,S3,R9
3672,S4,R9
3677,S7,R9
3684,S3,R9
3691,S0,R9
3705,S7,R9
3716,S0,R9
3727,S6,R9
3729,S8,R9
3740,S1,R9
3749,S2,R9
3757,S0,R9
3779,S0,R9
3806,S1,R9
3807,S3,R9
3809,S2,R9
3815,S3,R9
3816,S0,R9
3828,S1,R9
3829,S2,R9
3839,S8,R9
3841,S1,R9
3845,S6,R9
3850,S6,R9
3858,S1,R9
3862,S6,R9
3884,S8,R9
3890,S6,R9
3909,S4,R9
3915,S3,R9
3922,S5,R9
3924,S9,R9
3926,S9,R9
3940,S9,R9
3958,S7,R9
3965,S0,R9
3972,S0,R9
3977,S6,R9
3992,S2,R9
4000,S6,R9
4005,S3,R9
4045,S8,R9
4051,S3,R9
4058,S8,R9
4059,S0,R9
4063,S2,R9
4067,S4,R9
4068,S6,R9
4105,S3,R9
4114,S3,R9
4133,S7,R9
4141,S2,R9
4153,S6,R9
4176,S2,R9
4214,S8,R9
4230,S8,R9
4250,S1,R9
4257,S5,R9
4262,S5,R9
4288,S3,R9
4301,S0,R9
4306,S9,R9
4307,S0,R9
4316,S1,R9
4324,S1,R9
4332,S3,R9
4370,S7,R9
4377,S8,R9
4379,S3,R9
4380,S5,R9
4382,S8,R9
4388,S3,R9
4389,S9,R9
4392,S1,R9
4393,S5,R9
4400,S3,R9
4424,S1,R9
4452,S0,R9
4457,S7,R9
4477,S0,R9
4479,S9,R9
4485,S4,R9
4487,S4,R9
4490,S9,R9
4499,S3,R9
4501,S6,R9
4517,S1,R9
4530,S6,R9
4545,S2,R9
4547,S2,R9
4567,S3,R9
4582,S2,R9
4597,S9,R9
4613,S3,R9
4616,S0,R9
4633,S3,R9
4648,S3,R9
4696,S8,R9
4699,S2,R9
4707,S3,R9
4710,S0,R9
4732,S7,R9
4743,S4,R9
4759,S2,R9
4763,S1,R9
4764,S1,R9
4806,S3,R9
4808,S9,R9
4809,S5,R9
4827,S0,R9
4849,S3,R9
4851,S2,R9
4867,S9,R9
4875,S1,R9
4894,S3,R9
4899,S1,R9
4901,S2,R9
4909,S0,R9
4913,S4,R9
4967,S9,R9
4978,S2,R9
4980,S1,R9
4981,S1,R9
5001,S5,R9
5002,S9,R9
5004,S0,R9
5019,S3,R9
5048,S2,R9
5055,S8,R9
5059,S5,R9
5063,S9,R9
5069,S5,R9
5092,S0,R9
5096,S2,R9
5108,S5,R9
5111,S5,R9
5112,S2,R9
5121,S0,R9
5123,S3,R9
5124,S4,R9
5151,S3,R9
5160,S1,R9
5165,S3,R9
5204,S3,R9
5213,S7,R9
5225,S9,R9
5230,S8,R9
5232,S0,R9
5236,S8,R9
5238,S5,R9
5263,S7,R9
5278,S8,R9
5290,S9,R9
5292,S7,R9
5299,S5,R9
5303,S1,R9
5306,S2,R9
5316,S7,R9
5325,S6,R9
5360,S8,R9
5368,S1,R9
5373,S9,R9
5377,S3,R9
5397,S5,R9
5433,S8,R9
5438,S1,R9
5443,S5,R9
5450,S1,R9
5456,S9,R9
5461,S9,R9
5476,S4,R9
5478,S4,R9
5489,S1,R9
5497,S2,R9
5502,S8,R9
5508,S8,R9
5530,S5,R9
5542,S2,R9
5553,S8,R9
5560,S6,R9
5561,S9,R9
5570,S5,R9
5573,S8,R9
5575,S9,R9
5576,S8,R9
5587,S4,R9
5588,S5,R9
5590,S9,R9
5611,S0,R9
5614,S1,R9
5624,S8,R9
5636,S4,R9
5637,S8,R9
5648,S2,R9
5667,S1,R9
5674,S7,R9
5675,S7,R9
5681,S5,R9
5710,S8,R9
5712,S5,R9
5717,S2,R9
5726,S4,R9
5728,S9,R9
5741,S4,R9
5766,S5,R9
5767,S7,R9
5770,S6,R9
5775,S8,R9
5777,S1,R9
5779,S9,R9
5787,S5,R9
5820,S1,R9
5824,S9,R9
5851,S1,R9
5853,S5,R9
5855,S5,R9
5866,S4,R9
5885,S1,R9
5896,S0,R9
5908,S6,R9
5933,S9,R9
5949,S1,R9
5950,S4,R9
5962,S6,R9
5969,S8,R9
5982,S7,R9
5991,S1,R9
5997,S1,R9
6004,S1,R9
6008,S7,R9
6033,S1,R9
6041,S2,R9
6062,S0,R9
6084,S0,R9
6091,S6,R9
6094,S1,R9
6103,S4,R9
6124,S4,R9
6125,S9,R9
6126,S0,R9
6133,S7,R9
6137,S6,R9
6166,S0,R9
6177,S3,R9
6182,S4,R9
6194,S7,R9
6196,S3,R9
6203,S7,R9
6211,S8,R9
6220,S0,R9
6221,S3,R9
6227,S5,R9
6249,S6,R9
6251,S9,R9
6255,S6,R9
6289,S2,R9
6296,S3,R9
6310,S9,R9
6319,S0,R9
6320,S4,R9
6323,S3,R9
6326,S8,R9
6333,S9,R9
6337,S1,R9
6339,S0,R9
6343,S1,R9
6346,S7,R9
6355,S8,R9
6365,S6,R9
6370,S5,R9
6377,S7,R9
6382,S1,R9
6387,S6,R9
6390,S8,R9
6408,S5,R9
6428,S9,R9
6446,S5,R9
6466,S1,R9
6481,S7,R9
6486,S8,R9
6509,S2,R9
6518,S4,R9
6536,S6,R9
6543,S2,R9
6548,S4,R9
6551,S4,R9
6555,S4,R9
6558,S7,R9
6562,S8,R9
6572,S9,R9
6576,S6,R9
6581,S9,R9
6599,S4,R9
6609,S2,R9
6610,S4,R9
6613,S9,R9
6634,S2,R9
6659,S8,R9
6662,S9,R9
6670,S4,R9
6675,S6,R9
6687,S7,R9
6698,S0,R9
6709,S3,R9
6722,S6,R9
6731,S8,R9
6741,S4,R9
6758,S3,R9
6760,S4,R9
6766,S8,R9
6767,S5,R9
6768,S2,R9
6771,S4,R9
6783,S9,R9
6787,S5,R9
6791,S3,R9
6793,S7,R9
6815,S3,R9
6822,S7,R9
6833,S2,R9
6834,S2,R9
6849,S4,R9
6855,S2,R9
6857,S4,R9
6886,S6,R9
6889,S3,R9
6894,S3,R9
6898,S3,R9
6905,S5,R9
6906,S1,R9
6912,S3,R9
6925,S9,R9
6937,S7,R9
6939,S7,R9
6946,S9,R9
6963,S7,R9
6973,S9,R9
6988,S9,R9
6994,S7,R9
6998,S0,R9
7001,S8,R9
7004,S3,R9
7006,S2,R9
7041,S8,R9
7057,S7,R9
7072,S5,R9
7082,S7,R9
7088,S1,R9
7121,S8,R9
7129,S0,R9
7150,S5,R9
7163,S0,R9
7164,S4,R9
7165,S5,R9
7177,S6,R9
7202,S6,R9
7218,S6,R9
7238,S4,R9
7248,S1,R9
7256,S6,R9
7258,S6,R9
7284,S4,R9
7289,S0,R9
7301,S4,R9
7314,S2,R9
7318,S1,R9
7359,S9,R9
7360,S4,R9
7370,S4,R9
7376,S9,R9
7386,S1,R9
7407,S9,R9
7433,S6,R9
7437,S6,R9
7438,S8,R9
7440,S0,R9
7447,S8,R9
7462,S0,R9
7496,S6,R9
7501,S2,R9
7511,S2,R9
7521,S0,R9
7530,S7,R9
7541,S0,R9
7568,S9,R9
7574,S7,R9
7585,S5,R9
7587,S0,R9
7593,S9,R9
7595,S2,R9
7608,S0,R9
7656,S4,R9
7669,S4,R9
7670,S0,R9
7679,S1,R9
7680,S3,R9
7691,S5,R9
7695,S5,R9
7706,S5,R9
7712,S3,R9
7722,S2,R9
7748,S8,R9
7751,S2,R9
7755,S8,R9
7763,S2,R9
7764,S9,R9
7765,S4,R9
7771,S6,R9
7773,S9,R9
7791,S6,R9
7797,S4,R9
7798,S8,R9
7804,S2,R9
7811,S0,R9
7812,S3,R9
7814,S6,R9
7833,S2,R9
7836,S2,R9
7844,S6,R9
7852,S7,R9
7882,S7,R9
7883,S5,R9
7891,S6,R9
7915,S1,R9
7922,S9,R9
7924,S2,R9
7925,S5,R9
7941,S4,R9
7962,S8,R9
7967,S0,R9
7971,S6,R9
7979,S3,R9
7982,S6,R9
8011,S6,R9
8016,S4,R9
8022,S8,R9
8038,S1,R9
8041,S4,R9
8042,S2,R9
8048,S5,R9
8052,S8,R9
8061,S0,R9
8064,S8,R9
8080,S8,R9
8086,S8,R9
8107,S4,R9
8121,S0,R9
8122,S0,R9
8131,S7,R9
8138,S6,R9
8156,S0,R9
8165,S4,R9
8170,S9,R9
8172,S6,R9
8185,S0,R9
8190,S8,R9
8212,S9,R9
8216,S2,R9
8232,S6,R9
8233,S5,R9
8245,S1,R9
8246,S4,R9
8250,S8,R9
8252,S1,R9
8254,S6,R9
8261,S1,R9
8265,S8,R9
8267,S4,R9
8269,S4,R9
8278,S8,R9
8280,S4,R9
8293,S5,R9
8297,S8,R9
8316,S2,R9
8324,S7,R9
8339,S7,R9
8359,S1,R9
8367,S0,R9
8374,S8,R9
8392,S7,R9
8400,S1,R9
8401,S6,R9
8406,S7,R9
8407,S3,R9
8416,S7,R9
8428,S2,R9
8434,S8,R9
8436,S2,R9
8439,S1,R9
8442,S9,R9
8484,S0,R9
8513,S2,R9
8514,S8,R9
8525,S4,R9
8546,S6,R9
8566,S7,R9
8568,S3,R9
8586,S4,R9
8593,S6,R9
8596,S4,R9
8599,S6,R9
8618,S8,R9
8626,S5,R9
8629,S1,R9
8642,S9,R9
8650,S0,R9
8653,S6,R9
8671,S5,R9
8683,S1,R9
8717,S0,R9
8723,S7,R9
8768,S9,R9
8798,S7,R9
8808,S2,R9
8819,S9,R9
8823,S9,R9
8828,S5,R9
8851,S8,R9
8875,S1,R9
8876,S0,R9
8893,S5,R9
8898,S4,R9
8902,S1,R9
8903,S0,R9
8909,S0,R9
8927,S8,R9
8947,S1,R9
8977,S1,R9
8985,S0,R9
8989,S6,R9
8992,S9,R9
9000,S0,R9
9004,S3,R9
9006,S2,R9
9022,S9,R9
9030,S7,R9
9040,S2,R9
9041,S3,R9
9050,S5,R9
9069,S0,R9
9071,S9,R9
9089,S4,R9
9099,S6,R9
9108,S9,R9
9145,S6,R9
9165,S4,R9
9168,S1,R9
9171,S7,R9
9180,S3,R9
9188,S8,R9
9191,S0,R9
9200,S9,R9
9209,S9,R9
9265,S0,R9
9267,S7,R9
9269,S0,R9
9271,S0,R9
9273,S9,R9
9276,S2,R9
9283,S3,R9
9284,S4,R9
9286,S2,R9
9295,S9,R9
9296,S7,R9
9310,S4,R9
9341,S9,R9
9350,S3,R9
9355,S3,R9
9357,S9,R9
9358,S9,R9
9362,S6,R9
9372,S7,R9
9379,S2,R9
9380,S8,R9
9381,S9,R9
9385,S1,R9
9397,S2,R9
9433,S8,R9
9439,S4,R9
9440,S1,R9
9453,S4,R9
9455,S2,R9
9461,S9,R9
9464,S2,R9
9479,S5,R9
9490,S9,R9
9494,S5,R9
9495,S7,R9
9498,S7,R9
9506,S8,R9
9520,S7,R9
9524,S2,R9
9542,S0,R9
9550,S2,R9
9551,S5,R9
9553,S8,R9
9561,S5,R9
9564,S6,R9
9573,S3,R9
9581,S2,R9
9582,S3,R9
9598,S2,R9
9600,S2,R9
9603,S5,R9
9604,S8,R9
9605,S5,R9
9616,S3,R9
9626,S5,R9
9632,S8,R9
9659,S1,R9
9660,S9,R9
9669,S2,R9
9670,S9,R9
9676,S8,R9
9686,S7,R9
9707,S5,R9
9718,S7,R9
9722,S9,R9
9727,S0,R9
9749,S5,R9
9752,S7,R9
9756,S1,R9
9797,S8,R9
9818,S3,R9
9823,S1,R9
9833,S2,R9
9860,S0,R9
9862,S0,R9
9884,S0,R9
9886,S8,R9
9888,S5,R9
9905,S6,R9
9912,S5,R9
9924,S3,R9
9933,S1,R9
9938,S9,R9
9943,S9,R9
9948,S2,R9
9964,S0,R9
9985,S4,R9
9991,S1,R9
9994,S0,R9
9997,S2,R9
