table,sendTo,payload
R,2,1000‖Troy
R,2,1001‖Mike
R,2,1002‖Jose
R,2,1007‖Elizabeth
R,2,1009‖Fay
R,2,1013‖Ronald
R,2,1014‖Henrietta
R,2,1017‖Barbara
R,2,1018‖Terry
R,2,1019‖Morgan
R,2,1021‖Sandra
R,2,1024‖Daniel
R,2,1025‖Earl
R,2,1026‖Jesse
R,2,1028‖Mike
R,2,1030‖Tamara
R,2,1031‖Milagros
R,2,1034‖Irwin
R,2,1034‖Maria
R,2,1035‖Theodora
R,2,1042‖Lori
R,2,1043‖Louie
R,2,1043‖Sherry
R,2,1045‖Mark
R,2,1049‖Micheal
R,2,1051‖Dana
R,2,1052‖Jeannette
R,2,1053‖Catherine
R,2,1055‖Charles
R,2,1055‖Willie
R,2,1058‖Arlene
R,2,1060‖Wayne
R,2,1064‖Carlos
R,2,1067‖Carolyn
R,2,1067‖Carolyn
R,2,1070‖Stephanie
R,2,1072‖Melissa
R,2,1073‖Juan
R,2,1077‖Deanna
R,2,1078‖James
R,2,1080‖Richard
R,2,1084‖Phillip
R,2,1084‖Denise
R,2,1086‖George
R,2,1087‖Emerald
R,2,1097‖Leonard
R,2,1106‖Megan
R,2,1110‖Sergio
R,2,1114‖Jessica
R,2,1115‖Glenda
R,2,1116‖Charlotte
R,2,1117‖Andrea
R,2,1118‖Stephen
R,2,1119‖Matthew
R,2,1119‖Murray
R,2,1122‖Alana
R,2,1127‖Lamont
R,2,1128‖Anne
R,2,1129‖William
R,2,1129‖Jim
R,2,1132‖Jimmie
R,2,1139‖Lois
R,2,1139‖Darryl
R,2,1140‖Roderick
R,2,1146‖Dylan
R,2,1146‖Paul
R,2,1147‖Minnie
R,2,1150‖Daniel
R,2,1153‖Pete
R,2,1155‖Hazel
R,2,1156‖Mary
R,2,1157‖Steve
R,2,1158‖Joseph
R,2,1159‖Lena
R,2,1161‖Curtis
R,2,1165‖Felicia
R,2,1171‖Brenda
R,2,1174‖Rachelle
R,2,1178‖Samuel
R,2,1180‖Daniel
R,2,1182‖Tanya
R,2,1183‖Earl
R,2,1183‖Rena
R,2,1184‖Jack
R,2,1187‖Christopher
R,2,1187‖Katherine
R,2,1188‖Tina
R,2,1189‖Jose
R,2,1191‖Virgie
R,2,1193‖Richard
R,2,1193‖Blanche
R,2,1197‖Yun
R,2,1200‖Melissa
R,2,1202‖Myra
R,2,1202‖Scott
R,2,1204‖Roland
R,2,1207‖Johnny
R,2,1208‖Charlie
R,2,1209‖Patricia
R,2,1212‖Jorge
R,2,1212‖Eva
R,2,1220‖Keith
R,2,1220‖Elizabeth
R,2,1222‖Kimberly
R,2,1224‖Joe
R,2,1234‖Kyle
R,2,1235‖Marissa
R,2,1236‖Deborah
R,2,1238‖John
R,2,1241‖Diana
R,2,1243‖Glen
R,2,1246‖Rudy
R,2,1248‖Vivian
R,2,1250‖Richard
R,2,1253‖Chris
R,2,1254‖Vicky
R,2,1256‖Sandra
R,2,1257‖Donald
R,2,1258‖Peggy
R,2,1262‖Katie
R,2,1266‖Brittany
R,2,1271‖Jeremy
R,2,1272‖John
R,2,1273‖Robert
R,2,1278‖Helen
R,2,1279‖Shawna
R,2,1279‖John
R,2,1280‖Louis
R,2,1282‖Brenda
R,2,1286‖Josephine
R,2,1286‖Kathy
R,2,1289‖Dale
R,2,1295‖Jon
R,2,1297‖Ian
R,2,1306‖Willie
R,2,1318‖Carol
R,2,1323‖Elvia
R,2,1324‖Lawrence
R,2,1325‖Dixie
R,2,1332‖Joy
R,2,1333‖Robert
R,2,1333‖Walter
R,2,1336‖Audrey
R,2,1338‖Charles
R,2,1342‖Tony
R,2,1343‖Frank
R,2,1348‖Shelley
R,2,1349‖Nicholas
R,2,1349‖Jacqueline
R,2,1350‖Francisco
R,2,1351‖Leon
R,2,1360‖Thurman
R,2,1363‖Abby
R,2,1367‖Sam
R,2,1369‖Nancy
R,2,1369‖Ronald
R,2,1370‖Mary
R,2,1375‖Donald
R,2,1380‖Cynthia
R,2,1381‖Roscoe
R,2,1382‖Mike
R,2,1383‖Joseph
R,2,1386‖Robert
R,2,1390‖Patricia
R,2,1391‖Billie
R,2,1392‖Thomas
R,2,1394‖Jennifer
R,2,1395‖Mark
R,2,1398‖Stacy
R,2,1407‖Mary
R,2,1407‖Brenda
R,2,1410‖Lisa
R,2,1410‖Graciela
R,2,1413‖Lucy
R,2,1416‖Karen
R,2,1419‖William
R,2,1420‖Kent
R,2,1422‖Ernest
R,2,1422‖Shauna
R,2,1426‖Linda
R,2,1427‖Edna
R,2,1429‖Vicki
R,2,1431‖Clarence
R,2,1431‖Patricia
R,2,1434‖Erik
R,2,1434‖Steve
R,2,1436‖Robert
R,2,1440‖Grace
R,2,1442‖Jennifer
R,2,1442‖Max
R,2,1444‖Lupita
R,2,1461‖Debra
R,2,1462‖Michael
R,2,1462‖Jeanette
R,2,1464‖Charles
R,2,1465‖Donald
R,2,1467‖Valeria
R,2,1471‖Chad
R,2,1481‖Clifford
R,2,1483‖Latrice
R,2,1484‖Roberta
R,2,1484‖Brenda
R,2,1484‖Richard
R,2,1494‖Robert
R,2,1494‖Stacey
R,2,1499‖Bobby
S,2,1001‖Baldwin
S,2,1001‖Burton
S,2,1003‖Davis
S,2,1005‖Collier
S,2,1007‖Holt
S,2,1009‖Scott
S,2,1018‖Woodard
S,2,1018‖Sellers
S,2,1019‖Hunter
S,2,1020‖Gilbert
S,2,1024‖Calvert
S,2,1025‖Romero
S,2,1026‖Johnson
S,2,1028‖Redd
S,2,1031‖Reed
S,2,1032‖Lisonbee
S,2,1036‖Mcdowell
S,2,1038‖Root
S,2,1041‖Roden
S,2,1043‖Vossen
S,2,1049‖Pugh
S,2,1050‖Martin
S,2,1052‖Robison
S,2,1056‖Preston
S,2,1058‖Williams
S,2,1061‖Hakes
S,2,1061‖Rodgers
S,2,1066‖Shirley
S,2,1069‖Daniels
S,2,1077‖Gleason
S,2,1079‖Wilson
S,2,1081‖Williams
S,2,1083‖Starkey
S,2,1084‖Singleton
S,2,1085‖Gould
S,2,1088‖Hester
S,2,1090‖Williams
S,2,1097‖Arcos
S,2,1099‖Williams
S,2,1100‖Hernandez
S,2,1109‖Gibson
S,2,1115‖Whitfield
S,2,1117‖Brown
S,2,1123‖Wingfield
S,2,1124‖Norton
S,2,1128‖Rust
S,2,1129‖Fouse
S,2,1130‖Zima
S,2,1134‖Potts
S,2,1135‖Monroy
S,2,1136‖Zehner
S,2,1138‖Verkamp
S,2,1139‖Kaiser
S,2,1140‖Whitaker
S,2,1142‖Norman
S,2,1143‖Castillo
S,2,1144‖Oconnell
S,2,1145‖Meffert
S,2,1146‖Gray
S,2,1151‖Palencia
S,2,1154‖Green
S,2,1155‖Duncan
S,2,1156‖Wagner
S,2,1158‖Pfeiffer
S,2,1171‖Casares
S,2,1172‖Hughes
S,2,1173‖Burke
S,2,1179‖Forget
S,2,1180‖Conder
S,2,1181‖Prince
S,2,1183‖Jones
S,2,1183‖Guyton
S,2,1184‖Castillo
S,2,1187‖Gorman
S,2,1187‖Draper
S,2,1189‖Davis
S,2,1192‖Sagon
S,2,1197‖Mcintosh
S,2,1200‖Sande
S,2,1203‖Hayes
S,2,1203‖Frink
S,2,1210‖Eckloff
S,2,1211‖Sanchez
S,2,1212‖Daley
S,2,1213‖Puckett
S,2,1213‖Johnson
S,2,1220‖Griffie
S,2,1220‖Meyer
S,2,1221‖Witherspoon
S,2,1224‖Green
S,2,1227‖Whitney
S,2,1228‖Leiva
S,2,1229‖Villalpando
S,2,1230‖Miller
S,2,1234‖Gallegos
S,2,1237‖Newman
S,2,1238‖Hash
S,2,1241‖Poplin
S,2,1246‖Forcier
S,2,1248‖Pujols
S,2,1252‖Shelman
S,2,1253‖Petree
S,2,1253‖Cox
S,2,1256‖Adams
S,2,1257‖Masse
S,2,1259‖Castillo
S,2,1271‖Jarvis
S,2,1275‖Fields
S,2,1280‖Brody
S,2,1282‖Pacheco
S,2,1285‖Bragg
S,2,1288‖Collins
S,2,1291‖Cobb
S,2,1293‖Boatner
S,2,1293‖Gillick
S,2,1294‖Stein
S,2,1297‖Ball
S,2,1300‖Laine
S,2,1301‖Sanchez
S,2,1308‖Mayo
S,2,1310‖Corbett
S,2,1311‖Smith
S,2,1316‖Johnston
S,2,1317‖Steinert
S,2,1317‖Espinoza
S,2,1318‖Briscoe
S,2,1319‖Schooley
S,2,1323‖Jennings
S,2,1325‖Hill
S,2,1325‖Ewings
S,2,1329‖Watson
S,2,1333‖Gorman
S,2,1334‖Williams
S,2,1335‖Neuman
S,2,1336‖Hollen
S,2,1338‖Powell
S,2,1338‖Waid
S,2,1341‖Widera
S,2,1345‖Johnson
S,2,1345‖Cowley
S,2,1346‖Wade
S,2,1349‖Morales
S,2,1351‖Herndon
S,2,1353‖Swan
S,2,1362‖Martin
S,2,1363‖Mcgraw
S,2,1366‖Carlone
S,2,1366‖Adam
S,2,1368‖Cooke
S,2,1374‖Ainslie
S,2,1376‖Sullivan
S,2,1378‖Russell
S,2,1379‖Holsopple
S,2,1384‖Carr
S,2,1389‖Richardson
S,2,1390‖Ewings
S,2,1392‖Lynn
S,2,1395‖Mclean
S,2,1399‖Sage
S,2,1401‖Bush
S,2,1404‖Renzi
S,2,1407‖Brandon
S,2,1408‖Yang
S,2,1409‖Parker
S,2,1412‖Quezad
S,2,1418‖Benton
S,2,1422‖Dam
S,2,1423‖Schuett
S,2,1425‖Oneill
S,2,1427‖Pettigrew
S,2,1427‖Thompson
S,2,1427‖Brown
S,2,1428‖Rule
S,2,1430‖Nase
S,2,1433‖Cote
S,2,1436‖Munson
S,2,1439‖Johnson
S,2,1443‖Monat
S,2,1444‖Hughs
S,2,1446‖Ciraulo
S,2,1447‖Glover
S,2,1449‖Liu
S,2,1454‖Pierce
S,2,1455‖Goodwin
S,2,1455‖Seay
S,2,1456‖Olson
S,2,1457‖Coleman
S,2,1460‖Allen
S,2,1461‖Woods
S,2,1461‖Heard
S,2,1463‖Reeves
S,2,1465‖Lentz
S,2,1469‖Hensley
S,2,1471‖Hafer
S,2,1471‖Sholders
S,2,1475‖Chenault
S,2,1475‖Gonzales
S,2,1476‖Green
S,2,1478‖Noble
S,2,1479‖Marino
S,2,1482‖Channell
S,2,1482‖Wells
S,2,1483‖Bounds
S,2,1484‖Hoyle
S,2,1484‖Mcclellan
S,2,1486‖Peckham
S,2,1487‖Newton
S,2,1490‖Houck
S,2,1493‖Boudreaux
S,2,1495‖Bank
S,2,1496‖Stanley
R,2,1002‖Manuel
R,2,1005‖Gertrude
R,2,1005‖Richard
R,2,1008‖David
R,2,1010‖Susanne
R,2,1011‖Nancy
R,2,1012‖Jeffrey
R,2,1016‖John
R,2,1018‖Christine
R,2,1030‖Daniel
R,2,1031‖Don
R,2,1036‖Asia
R,2,1037‖Frank
R,2,1040‖Julia
R,2,1040‖Daniel
R,2,1041‖Pamela
R,2,1042‖Ethan
R,2,1043‖Carolyn
R,2,1045‖Charlene
R,2,1046‖Sherry
R,2,1046‖John
R,2,1049‖Priscilla
R,2,1050‖Mark
R,2,1052‖John
R,2,1056‖Vivian
R,2,1059‖Samuel
R,2,1059‖Esther
R,2,1062‖Craig
R,2,1064‖Ola
R,2,1068‖Bryan
R,2,1069‖Patrick
R,2,1074‖Brenda
R,2,1076‖Eva
R,2,1076‖John
R,2,1079‖Susan
R,2,1081‖Patricia
R,2,1087‖Earl
R,2,1087‖Lee
R,2,1089‖David
R,2,1090‖Tim
R,2,1096‖Paul
R,2,1099‖Stacy
R,2,1100‖Jane
R,2,1100‖Julia
R,2,1101‖Jackie
R,2,1106‖Jack
R,2,1109‖Mary
R,2,1111‖Avis
R,2,1112‖Christopher
R,2,1113‖Emily
R,2,1116‖Ana
R,2,1118‖Maria
R,2,1121‖Carmen
R,2,1123‖Troy
R,2,1125‖Flora
R,2,1126‖Otis
R,2,1135‖William
R,2,1137‖Henry
R,2,1138‖Ruth
R,2,1139‖Elnora
R,2,1140‖Doris
R,2,1141‖Amber
R,2,1143‖Crystal
R,2,1145‖Christopher
R,2,1146‖Everett
R,2,1150‖Gary
R,2,1150‖Alan
R,2,1151‖Robert
R,2,1155‖Willie
R,2,1157‖Lisa
R,2,1160‖Misty
R,2,1165‖Elizabeth
R,2,1166‖Susan
R,2,1169‖Sara
R,2,1171‖Cesar
R,2,1172‖Lina
R,2,1175‖David
R,2,1176‖John
R,2,1179‖Guillermo
R,2,1181‖Jesus
R,2,1185‖Beth
R,2,1187‖Jack
R,2,1190‖Andrew
R,2,1191‖Kyle
R,2,1196‖Gertrude
R,2,1197‖Dora
R,2,1198‖John
R,2,1199‖James
R,2,1203‖Robert
R,2,1203‖Heidi
R,2,1205‖Norma
R,2,1213‖Warren
R,2,1215‖Walter
R,2,1216‖Doris
R,2,1218‖Greg
R,2,1219‖Mary
R,2,1219‖David
R,2,1225‖Douglas
R,2,1231‖Michael
R,2,1240‖Becky
R,2,1241‖Samantha
R,2,1247‖Jaime
R,2,1248‖Dean
R,2,1250‖Judy
R,2,1251‖Louise
R,2,1259‖William
R,2,1261‖Gregory
R,2,1270‖Jame
R,2,1276‖Elbert
R,2,1282‖Donna
R,2,1287‖Roger
R,2,1290‖John
R,2,1299‖Nada
R,2,1299‖Christopher
R,2,1300‖Shirley
R,2,1301‖Paula
R,2,1302‖David
R,2,1302‖Tamara
R,2,1303‖Steven
R,2,1304‖Joshua
R,2,1304‖Raymond
R,2,1305‖Joseph
R,2,1307‖Suzanne
R,2,1308‖Janice
R,2,1310‖Theresa
R,2,1311‖Dylan
R,2,1312‖Ethel
R,2,1317‖Maria
R,2,1319‖Courtney
R,2,1322‖Eva
R,2,1325‖Heidi
R,2,1325‖Henry
R,2,1326‖Joseph
R,2,1331‖Stewart
R,2,1332‖Chester
R,2,1333‖Sanjuana
R,2,1334‖Samantha
R,2,1342‖Linda
R,2,1351‖Beth
R,2,1353‖Brenda
R,2,1355‖Bernadette
R,2,1357‖Brenda
R,2,1357‖Susan
R,2,1359‖James
R,2,1366‖Rogelio
R,2,1375‖Penny
R,2,1377‖Donald
R,2,1377‖Paula
R,2,1382‖Avis
R,2,1383‖Kristina
R,2,1384‖Daniel
R,2,1385‖Robert
R,2,1385‖Alexander
R,2,1386‖Jeff
R,2,1388‖Kevin
R,2,1389‖Kala
R,2,1391‖Dana
R,2,1393‖Sheila
R,2,1400‖Bryant
R,2,1400‖Christine
R,2,1400‖Kevin
R,2,1401‖Collen
R,2,1403‖Ruth
R,2,1406‖Jennie
R,2,1410‖Jeffrey
R,2,1411‖Martha
R,2,1415‖Terrance
R,2,1420‖Magdalena
R,2,1430‖Mei
R,2,1430‖Ferdinand
R,2,1433‖Wayne
R,2,1437‖Rose
R,2,1440‖Donald
R,2,1444‖Noe
R,2,1447‖Tracy
R,2,1448‖David
R,2,1448‖Rex
R,2,1453‖Anthony
R,2,1456‖Mark
R,2,1461‖Kip
R,2,1463‖Kenneth
R,2,1475‖Carl
R,2,1475‖Rex
R,2,1476‖Brandon
R,2,1478‖Bob
R,2,1478‖Timothy
R,2,1480‖Casey
R,2,1481‖Jean
R,2,1483‖Joseph
R,2,1485‖Karen
R,2,1490‖Adeline
R,2,1493‖John
R,2,1497‖Judy
S,2,1004‖Barker
S,2,1005‖Inglis
S,2,1007‖Philipp
S,2,1018‖Fortner
S,2,1021‖Ovalle
S,2,1024‖Ibarra
S,2,1024‖Fossum
S,2,1024‖Holland
S,2,1025‖Ramirez
S,2,1032‖Morris
S,2,1035‖Hatton
S,2,1035‖Zamora
S,2,1040‖Dandrea
S,2,1042‖Schwartz
S,2,1045‖Bacon
S,2,1052‖Blackard
S,2,1052‖Aldridge
S,2,1054‖Warren
S,2,1058‖Daniels
S,2,1058‖Debuhr
S,2,1065‖Sandoval
S,2,1066‖Orozco
S,2,1066‖Bolenbaugh
S,2,1066‖Bullard
S,2,1067‖Holsapple
S,2,1068‖Rivard
S,2,1074‖Pence
S,2,1075‖Reed
S,2,1076‖Burns
S,2,1076‖Bishop
S,2,1077‖Miller
S,2,1078‖Quinonez
S,2,1079‖Alvarado
S,2,1080‖Wester
S,2,1082‖Johnson
S,2,1083‖Sees
S,2,1084‖Fine
S,2,1086‖Cowan
S,2,1091‖Dale
S,2,1093‖Ward
S,2,1094‖Kline
S,2,1096‖Witham
S,2,1097‖Pooley
S,2,1098‖Williams
S,2,1098‖Denk
S,2,1101‖Fells
S,2,1103‖Wiford
S,2,1105‖Bonn
S,2,1107‖Williams
S,2,1110‖Wick
S,2,1111‖Denis
S,2,1116‖Edwards
S,2,1116‖Green
S,2,1118‖Chennault
S,2,1118‖Gallagher
S,2,1120‖Moore
S,2,1125‖Bailey
S,2,1128‖Holland
S,2,1132‖Manzo
S,2,1134‖Davidson
S,2,1137‖Williams
S,2,1137‖Summers
S,2,1142‖Cauthon
S,2,1143‖Reilly
S,2,1145‖Elston
S,2,1150‖White
S,2,1151‖Trager
S,2,1157‖Labo
S,2,1159‖Travers
S,2,1169‖Yenz
S,2,1171‖Moore
S,2,1174‖Campbell
S,2,1176‖Schrader
S,2,1178‖Tienda
S,2,1179‖Taylor
S,2,1180‖Brooks
S,2,1182‖Davis
S,2,1184‖Rice
S,2,1190‖Wight
S,2,1191‖Johnston
S,2,1195‖Crisp
S,2,1203‖Tew
S,2,1208‖Sawtelle
S,2,1209‖Glenn
S,2,1210‖Page
S,2,1212‖Mayer
S,2,1214‖Davis
S,2,1222‖Hanavan
S,2,1223‖Page
S,2,1225‖Burkhart
S,2,1226‖Evans
S,2,1228‖Fairchild
S,2,1228‖Imes
S,2,1231‖Spirko
S,2,1236‖Voigt
S,2,1239‖Christian
S,2,1243‖Digregorio
S,2,1245‖Mccray
S,2,1246‖Blaise
S,2,1246‖Emery
S,2,1247‖Baldwin
S,2,1248‖Edwards
S,2,1250‖Tienda
S,2,1250‖Sisson
S,2,1260‖Smith
S,2,1264‖Wagner
S,2,1265‖Yu
S,2,1266‖Ulrich
S,2,1271‖Sanderson
S,2,1274‖Clewis
S,2,1275‖Fritz
S,2,1280‖Whipple
S,2,1281‖Bickford
S,2,1282‖Devoy
S,2,1284‖Harris
S,2,1284‖Alexander
S,2,1286‖Davis
S,2,1289‖Calvert
S,2,1290‖Elwick
S,2,1291‖Powers
S,2,1292‖Foster
S,2,1293‖Regan
S,2,1299‖Kragt
S,2,1304‖Flenory
S,2,1305‖Villarreal
S,2,1307‖Henderson
S,2,1310‖Lopes
S,2,1315‖Lutz
S,2,1321‖Williams
S,2,1322‖Johnson
S,2,1324‖Bumgardner
S,2,1325‖Petty
S,2,1332‖Wilson
S,2,1334‖Hunte
S,2,1335‖Mcclelland
S,2,1339‖Parks
S,2,1340‖Lowry
S,2,1341‖Vale
S,2,1341‖Twombley
S,2,1351‖Bove
S,2,1356‖Caldwell
S,2,1357‖Good
S,2,1359‖Beckett
S,2,1362‖Sugg
S,2,1369‖Passe
S,2,1371‖Ipock
S,2,1375‖Peck
S,2,1377‖Mckay
S,2,1381‖Flores
S,2,1382‖Beery
S,2,1382‖Miller
S,2,1384‖Hill
S,2,1385‖Stone
S,2,1386‖Carnes
S,2,1387‖Sosa
S,2,1394‖Marston
S,2,1396‖Raymond
S,2,1399‖Edwards
S,2,1400‖Thompson
S,2,1400‖Cormier
S,2,1401‖Ferraro
S,2,1402‖Brunk
S,2,1404‖Sagar
S,2,1405‖Vazquez
S,2,1406‖Heiskell
S,2,1406‖Walsh
S,2,1410‖Shulda
S,2,1414‖Giacchino
S,2,1415‖Taylor
S,2,1415‖Neihart
S,2,1419‖Brown
S,2,1422‖Cruz
S,2,1432‖Savarese
S,2,1436‖Ruiz
S,2,1441‖Gerecke
S,2,1443‖Goehring
S,2,1448‖Petersen
S,2,1451‖Aguas
S,2,1459‖Mendoza
S,2,1460‖Rader
S,2,1461‖Azim
S,2,1461‖Blanton
S,2,1462‖Montgomery
S,2,1462‖Nielsen
S,2,1462‖Hickey
S,2,1467‖Thomas
S,2,1468‖Matthews
S,2,1469‖Weafer
S,2,1470‖Ramos
S,2,1474‖Jones
S,2,1477‖Long
S,2,1478‖Shaw
S,2,1484‖Hensley
S,2,1488‖Decker
S,2,1495‖Gandy
R,2,1003‖Albert
R,2,1003‖Mitchell
R,2,1005‖Angel
R,2,1005‖Esther
R,2,1006‖Jodi
R,2,1008‖Howard
R,2,1008‖Anna
R,2,1017‖David
R,2,1020‖Greta
R,2,1020‖George
R,2,1021‖William
R,2,1026‖Sam
R,2,1026‖Roberta
R,2,1030‖Stephen
R,2,1032‖Edwin
R,2,1035‖Peter
R,2,1035‖Mary
R,2,1036‖Richard
R,2,1038‖Sandra
R,2,1039‖Bret
R,2,1045‖Helen
R,2,1047‖Matthew
R,2,1051‖Amy
R,2,1055‖Michael
R,2,1057‖Shirley
R,2,1066‖Jamie
R,2,1073‖Angelo
R,2,1075‖Amanda
R,2,1075‖George
R,2,1078‖Lanny
R,2,1083‖Debra
R,2,1083‖Miriam
R,2,1086‖Sandra
R,2,1094‖Gary
R,2,1098‖Jefferson
R,2,1098‖David
R,2,1102‖Nichole
R,2,1105‖Richard
R,2,1107‖Anthony
R,2,1107‖Ernest
R,2,1113‖Richard
R,2,1115‖Kevin
R,2,1118‖Keely
R,2,1119‖April
R,2,1119‖Linda
R,2,1120‖Patricia
R,2,1124‖Royce
R,2,1126‖Sheila
R,2,1134‖Helen
R,2,1135‖Linda
R,2,1136‖Ruth
R,2,1137‖Edward
R,2,1142‖Jose
R,2,1142‖Michelle
R,2,1145‖Susan
R,2,1149‖Michael
R,2,1150‖Ben
R,2,1158‖Bobbie
R,2,1162‖Charles
R,2,1167‖Pat
R,2,1171‖Eduardo
R,2,1174‖Lisa
R,2,1178‖Jose
R,2,1178‖Timothy
R,2,1180‖Dorothy
R,2,1180‖Patricia
R,2,1182‖Sandra
R,2,1183‖Emily
R,2,1184‖Cindy
R,2,1187‖Jonathan
R,2,1195‖Dawna
R,2,1201‖Thomas
R,2,1205‖Stephen
R,2,1207‖Araceli
R,2,1212‖Phyllis
R,2,1214‖Mary
R,2,1215‖Lillian
R,2,1217‖Frances
R,2,1223‖Richard
R,2,1226‖Tawana
R,2,1229‖Fred
R,2,1230‖Vernon
R,2,1231‖Yvonne
R,2,1232‖Michelle
R,2,1232‖Rafael
R,2,1236‖Jeanine
R,2,1239‖Harland
R,2,1244‖Jill
R,2,1246‖Peter
R,2,1246‖Edward
R,2,1250‖Melynda
R,2,1252‖Mary
R,2,1255‖Casandra
R,2,1259‖Susan
R,2,1260‖Holly
R,2,1262‖Grace
R,2,1262‖Kenneth
R,2,1267‖Martin
R,2,1271‖Lon
R,2,1272‖Josette
R,2,1278‖Leonard
R,2,1280‖Blaine
R,2,1280‖Nick
R,2,1281‖Tracy
R,2,1283‖Donald
R,2,1283‖Christine
R,2,1284‖Lois
R,2,1287‖Guy
R,2,1289‖Keith
R,2,1290‖Rachel
R,2,1292‖Christopher
R,2,1300‖Neil
R,2,1301‖Major
R,2,1301‖Ashley
R,2,1301‖John
R,2,1304‖Paul
R,2,1305‖Ronald
R,2,1312‖Jose
R,2,1315‖Steve
R,2,1316‖Edward
R,2,1318‖Byron
R,2,1319‖Cora
R,2,1319‖Jose
R,2,1320‖Gary
R,2,1320‖Dorothy
R,2,1320‖Joseph
R,2,1324‖Leroy
R,2,1326‖William
R,2,1330‖Elnora
R,2,1332‖Cherise
R,2,1334‖Corey
R,2,1335‖Priscilla
R,2,1335‖Gladys
R,2,1337‖Jacque
R,2,1338‖Ryan
R,2,1338‖Margaret
R,2,1339‖Dennis
R,2,1340‖Gregory
R,2,1341‖Rafaela
R,2,1341‖Kaitlin
R,2,1342‖Sandra
R,2,1346‖Lori
R,2,1349‖Sara
R,2,1351‖Harriet
R,2,1352‖Jennifer
R,2,1353‖Michael
R,2,1358‖Miguel
R,2,1360‖Randolph
R,2,1361‖Ladonna
R,2,1366‖Kathleen
R,2,1370‖Franklin
R,2,1372‖Jason
R,2,1379‖Richard
R,2,1381‖William
R,2,1384‖Lucinda
R,2,1385‖Myra
R,2,1390‖Pamala
R,2,1390‖Pablo
R,2,1398‖Marvel
R,2,1399‖Jerry
R,2,1399‖Craig
R,2,1399‖Viola
R,2,1401‖Matthew
R,2,1401‖Timothy
R,2,1407‖Jacob
R,2,1408‖Keith
R,2,1408‖Steven
R,2,1412‖Steve
R,2,1413‖Rene
R,2,1419‖Judith
R,2,1420‖Jose
R,2,1420‖Ora
R,2,1422‖Roland
R,2,1423‖Michael
R,2,1425‖Misty
R,2,1432‖Neil
R,2,1438‖Dominique
R,2,1439‖Eric
R,2,1441‖Rick
R,2,1441‖Andrew
R,2,1442‖Stephen
R,2,1444‖Roxanne
R,2,1452‖Dianna
R,2,1456‖Julia
R,2,1458‖Neil
R,2,1459‖Olga
R,2,1459‖Thomas
R,2,1460‖Edward
R,2,1460‖Lawrence
R,2,1461‖Ruby
R,2,1463‖Joseph
R,2,1463‖Jack
R,2,1469‖Dwight
R,2,1470‖Owen
R,2,1471‖Ben
R,2,1474‖Kevin
R,2,1476‖Christopher
R,2,1477‖Matthew
R,2,1478‖Michael
R,2,1482‖Charles
R,2,1483‖Margaret
R,2,1487‖Terry
R,2,1490‖Arthur
R,2,1491‖Geraldine
R,2,1495‖Clifton
S,2,1000‖Williams
S,2,1004‖Tabor
S,2,1009‖Williams
S,2,1010‖Wilkes
S,2,1011‖Reynolds
S,2,1011‖Boggs
S,2,1017‖Devens
S,2,1018‖Wood
S,2,1022‖Dahl
S,2,1025‖Muller
S,2,1026‖Grossman
S,2,1026‖Williams
S,2,1027‖Holland
S,2,1027‖Joseph
S,2,1030‖Halvorson
S,2,1030‖Semien
S,2,1034‖Carroll
S,2,1035‖Sawicki
S,2,1039‖Bassler
S,2,1040‖Norton
S,2,1042‖Edwards
S,2,1042‖Master
S,2,1043‖Mallard
S,2,1045‖Tanimoto
S,2,1046‖Mendez
S,2,1055‖Little
S,2,1055‖Smith
S,2,1057‖Smith
S,2,1057‖Smith
S,2,1062‖Whalen
S,2,1064‖Reynolds
S,2,1069‖Becwar
S,2,1072‖Escobar
S,2,1072‖Kellogg
S,2,1072‖Coffman
S,2,1075‖Brown
S,2,1076‖Canty
S,2,1080‖Mehling
S,2,1090‖Deese
S,2,1090‖Vigne
S,2,1096‖Rogers
S,2,1097‖Notis
S,2,1100‖Gamboa
S,2,1103‖Soukup
S,2,1105‖Perez
S,2,1119‖Crockett
S,2,1119‖Roberts
S,2,1122‖Cashdollar
S,2,1125‖Park
S,2,1127‖Krefft
S,2,1129‖Warren
S,2,1132‖Criswell
S,2,1135‖Rodrigues
S,2,1136‖Bonilla
S,2,1137‖Goodman
S,2,1158‖Cameron
S,2,1158‖Wrobel
S,2,1159‖Cosgrove
S,2,1161‖Reyna
S,2,1162‖Davison
S,2,1165‖Kelley
S,2,1168‖Swims
S,2,1171‖Hyslop
S,2,1176‖Jones
S,2,1176‖Abramowitz
S,2,1177‖Richard
S,2,1179‖Vance
S,2,1181‖Haney
S,2,1181‖Neal
S,2,1190‖Gugler
S,2,1194‖Thomas
S,2,1195‖Burns
S,2,1197‖Bradbury
S,2,1198‖Saults
S,2,1199‖Royster
S,2,1204‖Millington
S,2,1204‖Presley
S,2,1205‖Snider
S,2,1209‖Obrien
S,2,1212‖Barks
S,2,1214‖Bond
S,2,1215‖Miller
S,2,1217‖Freeman
S,2,1218‖Fleckenstein
S,2,1219‖Guinn
S,2,1223‖Mccreary
S,2,1224‖Myers
S,2,1225‖Washington
S,2,1225‖Ready
S,2,1225‖Kelly
S,2,1233‖Cain
S,2,1234‖Demma
S,2,1242‖Reibert
S,2,1247‖Schroeter
S,2,1248‖Nagata
S,2,1249‖Marro
S,2,1250‖Smith
S,2,1251‖Lanza
S,2,1254‖Zukof
S,2,1254‖Clemmons
S,2,1254‖Tsuda
S,2,1255‖Choi
S,2,1257‖Cordova
S,2,1258‖Charity
S,2,1259‖Logan
S,2,1263‖Mccarthy
S,2,1268‖Witherspoon
S,2,1269‖Ramirez
S,2,1271‖Franzen
S,2,1272‖Ramos
S,2,1273‖Mosconi
S,2,1277‖Whitlock
S,2,1278‖Sallee
S,2,1282‖Reed
S,2,1287‖Crowley
S,2,1289‖Sanchez
S,2,1289‖Smith
S,2,1296‖Jones
S,2,1300‖Ruscio
S,2,1300‖Ingram
S,2,1301‖Smith
S,2,1301‖Verville
S,2,1304‖Soto
S,2,1310‖Woodall
S,2,1312‖Clow
S,2,1313‖Wise
S,2,1316‖Bellavance
S,2,1320‖Wagner
S,2,1320‖Garrett
S,2,1320‖Jackson
S,2,1321‖Zieman
S,2,1324‖Mills
S,2,1327‖Brown
S,2,1331‖Pyron
S,2,1336‖Jackson
S,2,1339‖Dunn
S,2,1342‖Henry
S,2,1349‖Mcgrath
S,2,1349‖Mortimer
S,2,1350‖Printup
S,2,1351‖Dodson
S,2,1359‖Ross
S,2,1363‖Gile
S,2,1363‖Mitchell
S,2,1370‖Conley
S,2,1371‖Bulson
S,2,1372‖Odom
S,2,1375‖Kelly
S,2,1376‖Chiariello
S,2,1377‖Puckett
S,2,1381‖Bolt
S,2,1381‖Moore
S,2,1382‖Metheney
S,2,1384‖John
S,2,1385‖Long
S,2,1386‖Cooper
S,2,1386‖Cooke
S,2,1390‖Fox
S,2,1411‖Erickson
S,2,1412‖Espinal
S,2,1413‖Scholer
S,2,1415‖Walker
S,2,1417‖Bernardino
S,2,1418‖Cockrell
S,2,1420‖Miller
S,2,1422‖Newberry
S,2,1429‖Johnson
S,2,1430‖Wright
S,2,1434‖Pennell
S,2,1438‖Morales
S,2,1441‖Ball
S,2,1442‖Hernandez
S,2,1442‖Lank
S,2,1444‖Knight
S,2,1450‖Sterling
S,2,1451‖Roberto
S,2,1455‖Ramirez
S,2,1456‖Schick
S,2,1466‖Roy
S,2,1470‖Blechman
S,2,1473‖Delgado
S,2,1474‖Turner
S,2,1476‖Wyckoff
S,2,1476‖Williams
S,2,1477‖Yin
S,2,1478‖Greene
S,2,1484‖Matthews
S,2,1491‖Johnson
S,2,1492‖Marshall
S,2,1494‖Comeaux
S,2,1494‖Coleman
S,2,1495‖Curry
S,2,1497‖Ripley
R,2,1002‖James
R,2,1004‖Tony
R,2,1006‖Julie
R,2,1011‖Lillie
R,2,1015‖Erasmo
R,2,1021‖Edwin
R,2,1022‖Misty
R,2,1024‖Mollie
R,2,1027‖Melinda
R,2,1032‖Billy
R,2,1036‖Claude
R,2,1036‖Thomas
R,2,1037‖Donnie
R,2,1038‖Jay
R,2,1041‖Michelle
R,2,1042‖Joseph
R,2,1047‖Benjamin
R,2,1048‖Robert
R,2,1058‖Ronald
R,2,1058‖Paulette
R,2,1062‖Eugenia
R,2,1069‖Adelaide
R,2,1075‖Lorna
R,2,1076‖Geraldine
R,2,1077‖Stephanie
R,2,1079‖Margaret
R,2,1080‖Thelma
R,2,1080‖Marcia
R,2,1082‖Barbara
R,2,1085‖Alvin
R,2,1086‖Scott
R,2,1090‖Lisa
R,2,1092‖Corrina
R,2,1095‖John
R,2,1095‖Johnny
R,2,1096‖John
R,2,1097‖Steven
R,2,1098‖Marie
R,2,1098‖Fred
R,2,1109‖Lula
R,2,1110‖Gordon
R,2,1114‖Richard
R,2,1117‖Ronnie
R,2,1120‖William
R,2,1120‖Sherry
R,2,1123‖Robert
R,2,1124‖Chris
R,2,1124‖Maribel
R,2,1128‖Sandra
R,2,1128‖Donovan
R,2,1129‖Faye
R,2,1135‖Kristie
R,2,1137‖Lee
R,2,1138‖Patrice
R,2,1138‖Joseph
R,2,1143‖Richard
R,2,1143‖Robert
R,2,1144‖Pauline
R,2,1147‖Samuel
R,2,1148‖Phillip
R,2,1152‖Blanca
R,2,1154‖William
R,2,1158‖Alice
R,2,1165‖Bernadette
R,2,1168‖Sherry
R,2,1169‖John
R,2,1170‖George
R,2,1171‖Ken
R,2,1172‖George
R,2,1173‖Samuel
R,2,1173‖Mary
R,2,1174‖Gerald
R,2,1176‖Tammy
R,2,1179‖Alice
R,2,1179‖Jonathan
R,2,1186‖Roger
R,2,1190‖Irvin
R,2,1190‖Jason
R,2,1198‖Aida
R,2,1203‖Howard
R,2,1204‖Travis
R,2,1206‖David
R,2,1210‖Mary
R,2,1213‖Lora
R,2,1214‖Deborah
R,2,1216‖Blair
R,2,1221‖Nina
R,2,1223‖Rosa
R,2,1224‖Jane
R,2,1225‖Carmen
R,2,1225‖Lily
R,2,1225‖Michael
R,2,1226‖Paula
R,2,1227‖James
R,2,1228‖Reed
R,2,1228‖Lauren
R,2,1233‖David
R,2,1237‖Michael
R,2,1242‖Wanda
R,2,1243‖Cindi
R,2,1244‖Amanda
R,2,1246‖Kay
R,2,1248‖Christopher
R,2,1253‖Annette
R,2,1254‖Richard
R,2,1255‖Diane
R,2,1260‖James
R,2,1260‖Gerald
R,2,1262‖Emory
R,2,1264‖Andres
R,2,1278‖Javier
R,2,1279‖Cathy
R,2,1282‖William
R,2,1288‖Mae
R,2,1291‖Naomi
R,2,1292‖Edwin
R,2,1293‖Aaron
R,2,1295‖Dora
R,2,1296‖Norman
R,2,1299‖Dustin
R,2,1304‖Sylvia
R,2,1306‖Sarah
R,2,1308‖Jessie
R,2,1308‖Melody
R,2,1313‖Carol
R,2,1321‖Terry
R,2,1324‖Theodore
R,2,1325‖Paul
R,2,1329‖Randolph
R,2,1334‖Stacy
R,2,1340‖David
R,2,1341‖Rachel
R,2,1344‖Emilio
R,2,1345‖Jodie
R,2,1347‖Eleanore
R,2,1348‖Raul
R,2,1351‖Jennifer
R,2,1353‖Jean
R,2,1356‖Kerry
R,2,1357‖Bill
R,2,1360‖Gregory
R,2,1362‖Carol
R,2,1362‖Marilyn
R,2,1363‖Cynthia
R,2,1363‖Brittany
R,2,1366‖Carol
R,2,1368‖Joseph
R,2,1370‖Michael
R,2,1370‖Margaret
R,2,1371‖Aaron
R,2,1371‖Velma
R,2,1373‖Kathleen
R,2,1378‖Erica
R,2,1400‖Bettie
R,2,1404‖Christopher
R,2,1404‖Kenneth
R,2,1407‖Joann
R,2,1409‖Eugene
R,2,1409‖Eugene
R,2,1416‖Steve
R,2,1418‖Craig
R,2,1429‖Edward
R,2,1430‖Jack
R,2,1435‖Martha
R,2,1436‖Joseph
R,2,1436‖Anthony
R,2,1437‖John
R,2,1437‖Kelley
R,2,1441‖David
R,2,1443‖Drew
R,2,1444‖Dorothy
R,2,1449‖Matthew
R,2,1455‖Lonnie
R,2,1456‖Robert
R,2,1457‖Clair
R,2,1462‖Rosie
R,2,1463‖Dan
R,2,1467‖Rebecca
R,2,1470‖Anne
R,2,1474‖Tamara
R,2,1476‖Deborah
R,2,1477‖Anna
R,2,1479‖Marvin
R,2,1481‖Josie
R,2,1482‖Virginia
R,2,1494‖Eleanor
R,2,1495‖Nicole
R,2,1495‖Pamela
R,2,1496‖Shane
S,2,1002‖Murrah
S,2,1005‖Ashley
S,2,1010‖Calderon
S,2,1014‖Jeffers
S,2,1019‖Anderson
S,2,1022‖Ball
S,2,1022‖French
S,2,1023‖Hook
S,2,1025‖Paci
S,2,1029‖Mann
S,2,1031‖Ulmer
S,2,1035‖Thomasson
S,2,1036‖Lancaster
S,2,1036‖Mitchell
S,2,1037‖Cherenfant
S,2,1037‖Berenguer
S,2,1038‖Howe
S,2,1041‖Watson
S,2,1044‖Thomas
S,2,1046‖Ader
S,2,1047‖Whetstone
S,2,1048‖Williams
S,2,1048‖Davenport
S,2,1048‖Morrison
S,2,1049‖Marana
S,2,1051‖Morris
S,2,1053‖Stein
S,2,1058‖Eikenberry
S,2,1059‖Schenck
S,2,1061‖Smith
S,2,1062‖Brown
S,2,1063‖Mooney
S,2,1067‖Mathes
S,2,1068‖Gausman
S,2,1069‖Mcelderry
S,2,1069‖Wells
S,2,1071‖Walker
S,2,1074‖Jewett
S,2,1075‖Willsey
S,2,1082‖Labruzzo
S,2,1082‖Ford
S,2,1085‖Turner
S,2,1086‖Bachelor
S,2,1087‖Edwards
S,2,1093‖Riekena
S,2,1102‖Trotz
S,2,1113‖Flores
S,2,1114‖Garcia
S,2,1118‖Lingberg
S,2,1119‖Bohland
S,2,1119‖Fortner
S,2,1120‖Carter
S,2,1121‖Masters
S,2,1123‖Germano
S,2,1124‖Vincent
S,2,1124‖Evans
S,2,1135‖Jackson
S,2,1138‖Walker
S,2,1138‖Shepherd
S,2,1139‖Robinson
S,2,1139‖Branstetter
S,2,1149‖Tartaglione
S,2,1150‖Padilla
S,2,1152‖Marotta
S,2,1153‖Backus
S,2,1162‖Dunbar
S,2,1163‖Chisholm
S,2,1165‖Johansen
S,2,1165‖Sifuentes
S,2,1166‖Pratt
S,2,1168‖Boyer
S,2,1169‖Brown
S,2,1171‖Szabat
S,2,1173‖Pool
S,2,1174‖Rounds
S,2,1175‖Ward
S,2,1178‖Robledo
S,2,1180‖Neil
S,2,1181‖Cassidy
S,2,1182‖Hernandez
S,2,1182‖Fritz
S,2,1183‖Poche
S,2,1185‖Matson
S,2,1186‖Rizvi
S,2,1187‖Winter
S,2,1188‖Mellott
S,2,1188‖Johnson
S,2,1190‖Heavener
S,2,1193‖Romero
S,2,1196‖Dowell
S,2,1196‖Vanderpool
S,2,1198‖Melton
S,2,1206‖Rudd
S,2,1207‖Farrell
S,2,1209‖Francis
S,2,1214‖Cyree
S,2,1215‖Champion
S,2,1216‖Mckillop
S,2,1216‖Bohannon
S,2,1224‖Lewis
S,2,1226‖Smith
S,2,1229‖Benefield
S,2,1231‖Jordan
S,2,1232‖Belcher
S,2,1232‖Kryder
S,2,1233‖Brock
S,2,1236‖Horton
S,2,1240‖Copeland
S,2,1243‖Cormier
S,2,1243‖Banks
S,2,1244‖Whitfield
S,2,1246‖Dvorak
S,2,1248‖Anderson
S,2,1255‖Matesic
S,2,1259‖Carter
S,2,1260‖Cornell
S,2,1262‖Long
S,2,1266‖Archer
S,2,1267‖Mejia
S,2,1268‖Davis
S,2,1272‖Evans
S,2,1273‖Hovis
S,2,1275‖Allen
S,2,1276‖Croteau
S,2,1277‖Wilde
S,2,1278‖Kornegay
S,2,1279‖Mortensen
S,2,1279‖Keefe
S,2,1280‖Mejia
S,2,1287‖Lewis
S,2,1289‖Irons
S,2,1290‖Kennedy
S,2,1292‖White
S,2,1292‖Beek
S,2,1293‖Crowder
S,2,1294‖Yancey
S,2,1298‖Sukhu
S,2,1299‖Griffis
S,2,1304‖White
S,2,1305‖Holt
S,2,1308‖Kartes
S,2,1309‖Dutcher
S,2,1311‖Rosenberg
S,2,1317‖Carr
S,2,1319‖Bush
S,2,1320‖Elmore
S,2,1322‖Schaeffer
S,2,1322‖Carter
S,2,1326‖Villanvera
S,2,1326‖Harris
S,2,1328‖Stotts
S,2,1332‖Hoisington
S,2,1334‖Reynolds
S,2,1337‖Stoica
S,2,1337‖Crowe
S,2,1339‖Mcwilliams
S,2,1340‖Gray
S,2,1342‖Fantasia
S,2,1343‖King
S,2,1344‖Rasset
S,2,1348‖Oland
S,2,1349‖Wild
S,2,1354‖Millet
S,2,1357‖Rust
S,2,1360‖Peacock
S,2,1366‖Lester
S,2,1370‖Cook
S,2,1371‖Blakes
S,2,1373‖Deare
S,2,1376‖Renn
S,2,1377‖Oconner
S,2,1383‖Hoover
S,2,1385‖Frye
S,2,1391‖Thomas
S,2,1393‖Moore
S,2,1394‖Pereira
S,2,1397‖Foster
S,2,1398‖Hudson
S,2,1399‖Neal
S,2,1410‖Staebell
S,2,1411‖Harris
S,2,1413‖Medford
S,2,1415‖Durfee
S,2,1416‖Mcdaniel
S,2,1418‖Klar
S,2,1419‖Bingham
S,2,1421‖Currie
S,2,1425‖Bendel
S,2,1427‖Abner
S,2,1429‖Moreno
S,2,1431‖Jones
S,2,1431‖Monaghan
S,2,1433‖Moody
S,2,1434‖Patterson
S,2,1437‖Gregory
S,2,1437‖Mcneil
S,2,1439‖Sammons
S,2,1440‖Robinson
S,2,1441‖Brown
S,2,1444‖Dickson
S,2,1445‖Wyant
S,2,1448‖Clerk
S,2,1450‖Stokes
S,2,1452‖Scott
S,2,1453‖Rainey
S,2,1457‖Moody
S,2,1459‖Teeter
S,2,1459‖Mabry
S,2,1463‖Jones
S,2,1467‖Gohn
S,2,1477‖Mcneil
S,2,1478‖Maldonado
S,2,1481‖Kite
S,2,1481‖Jenkins
S,2,1482‖Harrod
S,2,1483‖Fewell
S,2,1486‖Tylman
S,2,1498‖Hassler
R,2,1001‖Gregory
R,2,1001‖Robert
R,2,1002‖Marylou
R,2,1003‖Michael
R,2,1004‖John
R,2,1006‖Arturo
R,2,1008‖Jose
R,2,1009‖Gerardo
R,2,1010‖James
R,2,1012‖Robert
R,2,1017‖Darrell
R,2,1017‖Robin
R,2,1018‖Valerie
R,2,1019‖Monica
R,2,1023‖Claude
R,2,1024‖Edward
R,2,1025‖Dennis
R,2,1027‖Francina
R,2,1029‖Barbara
R,2,1033‖Myrtle
R,2,1035‖Albert
R,2,1040‖David
R,2,1041‖Susan
R,2,1043‖Lizbeth
R,2,1044‖Donald
R,2,1046‖Britta
R,2,1048‖Ronald
R,2,1049‖Claire
R,2,1050‖Bernice
R,2,1054‖Julie
R,2,1061‖Jennifer
R,2,1063‖Linda
R,2,1066‖Earl
R,2,1069‖Jessica
R,2,1069‖Anna
R,2,1071‖Carl
R,2,1072‖Kevin
R,2,1073‖Teresa
R,2,1075‖Howard
R,2,1076‖Samantha
R,2,1082‖Bobby
R,2,1085‖Heidi
R,2,1086‖Edward
R,2,1088‖Mary
R,2,1090‖Bobby
R,2,1091‖Thomas
R,2,1092‖Brenda
R,2,1093‖Charles
R,2,1093‖Daniel
R,2,1094‖Rita
R,2,1097‖Mary
R,2,1097‖Eileen
R,2,1103‖Cheryl
R,2,1104‖Mary
R,2,1105‖Kathleen
R,2,1106‖Robert
R,2,1110‖Victoria
R,2,1114‖Ruth
R,2,1116‖Jeffrey
R,2,1125‖Vada
R,2,1126‖David
R,2,1129‖Kelli
R,2,1130‖Perry
R,2,1132‖Reginald
R,2,1135‖Tashina
R,2,1140‖Joseph
R,2,1151‖Melissa
R,2,1154‖Christine
R,2,1162‖Lan
R,2,1163‖David
R,2,1164‖Ann
R,2,1168‖Elizabeth
R,2,1169‖Rosemary
R,2,1169‖Gary
R,2,1172‖Ashley
R,2,1174‖Debra
R,2,1175‖Christina
R,2,1176‖Kristie
R,2,1178‖Jimmie
R,2,1181‖Gary
R,2,1181‖Barbara
R,2,1182‖Douglas
R,2,1183‖Susan
R,2,1184‖George
R,2,1188‖James
R,2,1188‖Edward
R,2,1188‖Helen
R,2,1189‖Peter
R,2,1190‖Stephen
R,2,1191‖Susan
R,2,1192‖Matthew
R,2,1192‖Janet
R,2,1193‖Richard
R,2,1194‖Beatrice
R,2,1195‖Tyler
R,2,1198‖Erick
R,2,1200‖Marcia
R,2,1200‖Olivia
R,2,1205‖Allen
R,2,1206‖Gregory
R,2,1210‖April
R,2,1213‖Michael
R,2,1214‖Nicholas
R,2,1216‖Ethel
R,2,1217‖Gerardo
R,2,1224‖James
R,2,1231‖Eddie
R,2,1234‖Tori
R,2,1239‖Justine
R,2,1243‖Robert
R,2,1251‖Ronald
R,2,1254‖Ann
R,2,1255‖Herman
R,2,1257‖Corene
R,2,1258‖Micheal
R,2,1259‖Darrell
R,2,1263‖Erica
R,2,1267‖Jessie
R,2,1268‖Loyd
R,2,1269‖Esmeralda
R,2,1271‖John
R,2,1273‖Terry
R,2,1274‖David
R,2,1277‖Audra
R,2,1277‖Andrew
R,2,1286‖Anthony
R,2,1286‖Susan
R,2,1289‖Kenneth
R,2,1292‖Brett
R,2,1292‖Lee
R,2,1293‖Megan
R,2,1298‖Vickie
R,2,1299‖Priscilla
R,2,1300‖Dane
R,2,1305‖Mario
R,2,1306‖Timothy
R,2,1309‖Robert
R,2,1311‖Hazel
R,2,1314‖Toni
R,2,1317‖Mary
R,2,1320‖Luke
R,2,1322‖Christopher
R,2,1324‖Roosevelt
R,2,1327‖Mary
R,2,1329‖Susan
R,2,1330‖Keesha
R,2,1337‖Terry
R,2,1339‖Kris
R,2,1341‖Jeff
R,2,1345‖Julie
R,2,1348‖Michael
R,2,1349‖Robert
R,2,1354‖Eric
R,2,1356‖Ralph
R,2,1359‖Amanda
R,2,1365‖Jessica
R,2,1371‖Melissa
R,2,1374‖Kevin
R,2,1376‖Mary
R,2,1376‖Jerry
R,2,1376‖Brandon
R,2,1377‖Henry
R,2,1377‖Jerry
R,2,1382‖Trina
R,2,1389‖Alexander
R,2,1391‖Donna
R,2,1392‖Edna
R,2,1394‖Vivien
R,2,1395‖Ruth
R,2,1398‖Brad
R,2,1399‖Ben
R,2,1402‖Josephine
R,2,1405‖Phyllis
R,2,1405‖Diana
R,2,1406‖Emily
R,2,1406‖Junior
R,2,1409‖Mildred
R,2,1409‖Mable
R,2,1411‖Thomas
R,2,1412‖Eric
R,2,1414‖Laura
R,2,1415‖Joseph
R,2,1416‖Enid
R,2,1417‖Harold
R,2,1418‖Paul
R,2,1422‖Joseph
R,2,1424‖Katherine
R,2,1425‖Marie
R,2,1427‖Kyle
R,2,1427‖Chester
R,2,1431‖Lisa
R,2,1432‖Matthew
R,2,1438‖Rosalinda
R,2,1439‖Cathy
R,2,1439‖Candy
R,2,1441‖Theresa
R,2,1443‖Christina
R,2,1445‖Thomas
R,2,1447‖Paul
R,2,1450‖Christina
R,2,1451‖Keri
R,2,1451‖Luis
R,2,1457‖Joseph
R,2,1460‖Harold
R,2,1461‖George
R,2,1465‖Bernard
R,2,1466‖Kristin
R,2,1469‖Daniel
R,2,1470‖Hilda
R,2,1471‖Darci
R,2,1473‖James
R,2,1477‖Diane
R,2,1478‖John
R,2,1480‖Kathleen
R,2,1482‖Timothy
R,2,1484‖Sheila
R,2,1486‖Linda
R,2,1486‖Calvin
R,2,1487‖Nick
R,2,1488‖Harold
R,2,1489‖Cindy
R,2,1495‖Lucille
R,2,1498‖Brian
S,2,1003‖Tonner
S,2,1006‖Congleton
S,2,1006‖Wendte
S,2,1008‖Barnes
S,2,1008‖Malone
S,2,1011‖Hoyman
S,2,1012‖Nagy
S,2,1013‖Wilkins
S,2,1017‖Gwinn
S,2,1040‖Lightner
S,2,1045‖Penrod
S,2,1046‖Green
S,2,1046‖Richardson
S,2,1049‖Johnson
S,2,1050‖Smith
S,2,1051‖Gaydos
S,2,1055‖Verdin
S,2,1062‖Manalo
S,2,1064‖Buck
S,2,1067‖Baver
S,2,1071‖Frias
S,2,1073‖Finzel
S,2,1073‖Stewart
S,2,1077‖Patton
S,2,1078‖Rodriguez
S,2,1083‖Williams
S,2,1084‖Ratcliff
S,2,1085‖Culver
S,2,1086‖Snider
S,2,1087‖Taylor
S,2,1089‖Perreira
S,2,1094‖Younker
S,2,1095‖Lee
S,2,1104‖Sankey
S,2,1106‖Sawyer
S,2,1106‖Pratt
S,2,1108‖Hill
S,2,1110‖Williams
S,2,1110‖Yates
S,2,1110‖Frazier
S,2,1113‖Mcdonald
S,2,1114‖Gero
S,2,1116‖Petruzzelli
S,2,1117‖Bryant
S,2,1120‖Bayer
S,2,1122‖Milton
S,2,1124‖Stone
S,2,1125‖Gibson
S,2,1128‖Seguin
S,2,1129‖Williams
S,2,1131‖Foreman
S,2,1135‖Wasson
S,2,1140‖Lewis
S,2,1140‖Honeycutt
S,2,1146‖Wright
S,2,1146‖Donohoe
S,2,1146‖Butler
S,2,1147‖Ostrzyeki
S,2,1147‖Pearl
S,2,1147‖Close
S,2,1148‖Meier
S,2,1148‖Mccarty
S,2,1150‖Stone
S,2,1154‖Adelstein
S,2,1155‖Weaver
S,2,1157‖Sadowski
S,2,1157‖Ayer
S,2,1158‖Lister
S,2,1159‖Smith
S,2,1160‖Lane
S,2,1162‖Res
S,2,1164‖Heath
S,2,1167‖Hansen
S,2,1169‖Monroe
S,2,1169‖Delrosso
S,2,1172‖Cook
S,2,1174‖Daniels
S,2,1177‖Thurmond
S,2,1178‖Paez
S,2,1179‖Venzke
S,2,1184‖Jackson
S,2,1189‖Strickland
S,2,1190‖Laramee
S,2,1191‖Polley
S,2,1193‖Freeman
S,2,1194‖Stamm
S,2,1198‖Unrein
S,2,1200‖Bradley
S,2,1200‖Smith
S,2,1202‖Victoria
S,2,1202‖Addie
S,2,1205‖Wooten
S,2,1205‖Wagner
S,2,1206‖Hall
S,2,1217‖Satchell
S,2,1220‖Connor
S,2,1231‖Lau
S,2,1231‖Black
S,2,1235‖Odom
S,2,1241‖Dunlap
S,2,1242‖Delcour
S,2,1244‖Carroll
S,2,1251‖Williams
S,2,1262‖Dishon
S,2,1262‖Caruso
S,2,1270‖Overman
S,2,1271‖Cline
S,2,1275‖Vaughn
S,2,1283‖Maxwell
S,2,1283‖Freeman
S,2,1286‖Weiss
S,2,1286‖Mckee
S,2,1286‖Balson
S,2,1290‖Mckinney
S,2,1295‖Galeano
S,2,1298‖Gandee
S,2,1299‖James
S,2,1300‖Smith
S,2,1303‖Kennedy
S,2,1305‖Cashman
S,2,1306‖Greene
S,2,1306‖Biddix
S,2,1312‖Cook
S,2,1314‖Peterson
S,2,1318‖Conner
S,2,1324‖Whitford
S,2,1325‖Leonard
S,2,1329‖Ballance
S,2,1330‖Ligon
S,2,1332‖Strecker
S,2,1333‖Hopper
S,2,1338‖Mcginnes
S,2,1341‖Borkowski
S,2,1347‖Burch
S,2,1348‖Hamilton
S,2,1348‖Buxton
S,2,1352‖Warnock
S,2,1353‖Broussard
S,2,1353‖Beets
S,2,1356‖Mcshane
S,2,1357‖Hargrove
S,2,1359‖Armstead
S,2,1360‖Vanhoose
S,2,1361‖Grant
S,2,1364‖Honeycutt
S,2,1368‖Vasquez
S,2,1369‖Gilman
S,2,1370‖Guajardo
S,2,1370‖Ballard
S,2,1374‖Morgan
S,2,1375‖Carl
S,2,1376‖Hill
S,2,1383‖Bolton
S,2,1388‖Kroll
S,2,1389‖Bates
S,2,1390‖Hudgins
S,2,1391‖Thompson
S,2,1392‖Keys
S,2,1395‖Lanclos
S,2,1398‖Spiller
S,2,1398‖Hardy
S,2,1399‖Mccuen
S,2,1400‖Murray
S,2,1400‖Stevenson
S,2,1401‖Davis
S,2,1403‖Cotney
S,2,1406‖Clark
S,2,1407‖Hurtubise
S,2,1408‖Richardson
S,2,1409‖Rosenbaum
S,2,1410‖Chandler
S,2,1412‖Phipps
S,2,1412‖Lee
S,2,1416‖Stringfellow
S,2,1420‖Arnold
S,2,1422‖Morris
S,2,1424‖Steenbergen
S,2,1431‖Carter
S,2,1432‖Clark
S,2,1434‖Stahl
S,2,1435‖Pike
S,2,1437‖Augeri
S,2,1437‖Meyer
S,2,1438‖Avila
S,2,1438‖Kline
S,2,1439‖Larsen
S,2,1441‖Mattox
S,2,1447‖Herriman
S,2,1456‖White
S,2,1458‖Josephson
S,2,1463‖Cahill
S,2,1463‖Aubry
S,2,1464‖Hamilton
S,2,1467‖Robinson
S,2,1467‖Jimenez
S,2,1470‖Winslow
S,2,1474‖Johnson
S,2,1481‖Scruggs
S,2,1482‖Mellis
S,2,1490‖Robinson
S,2,1490‖Kittelson
S,2,1494‖Kleffman
S,2,1495‖Jordon
S,2,1499‖Lay
