table,sendTo,payload
R,0,1‖William
R,0,2‖Jeffrey
R,0,4‖Aleta
R,0,6‖Virginia
R,0,7‖Lois
R,0,7‖Joseph
R,0,8‖Julie
R,0,10‖Susan
R,0,11‖Sidney
R,0,12‖Jeffrey
R,0,14‖Diane
R,0,14‖Franklin
R,0,17‖Joe
R,0,19‖Jodi
R,0,19‖Robert
R,0,19‖Dawn
R,0,25‖Melissa
R,0,25‖Ronald
R,0,27‖Eufemia
R,0,30‖Zachariah
R,0,36‖Sadie
R,0,37‖Lesley
R,0,38‖Marci
R,0,41‖Wendy
R,0,41‖Aurelia
R,0,43‖Yolanda
R,0,43‖Scott
R,0,46‖Jean
R,0,46‖Janet
R,0,48‖Rebecca
R,0,51‖Frederick
R,0,51‖Carrie
R,0,51‖Christina
R,0,53‖Dorothy
R,0,54‖Alesha
R,0,56‖Linda
R,0,57‖Brenda
R,0,67‖Phyllis
R,0,71‖Rita
R,0,74‖William
R,0,75‖David
R,0,77‖Jeanne
R,0,82‖Gary
R,0,82‖Natalie
R,0,84‖Kristina
R,0,92‖Charles
R,0,93‖Ernest
R,0,94‖Travis
R,0,95‖Lewis
R,0,96‖Pablo
R,0,96‖Jonathan
R,0,96‖Wilma
R,0,101‖Ann
R,0,102‖Margaret
R,0,106‖Ike
R,0,109‖Paul
R,0,110‖Samuel
R,0,113‖Willie
R,0,117‖Thelma
R,0,117‖Albert
R,0,119‖Valarie
R,0,120‖Lorie
R,0,121‖Clayton
R,0,123‖Jack
R,0,124‖Lucas
R,0,126‖Carla
R,0,128‖Kenneth
R,0,134‖Marcelina
R,0,134‖Charles
R,0,137‖Matthew
R,0,140‖Dorothy
R,0,140‖Wayne
R,0,142‖Harriette
R,0,143‖Steven
R,0,148‖Mary
R,0,154‖Michael
R,0,158‖Michael
R,0,160‖Walter
R,0,162‖Lester
R,0,163‖Karen
R,0,167‖Lisa
R,0,167‖Rita
R,0,169‖Theresa
R,0,170‖Vivian
R,0,170‖Kathryn
R,0,172‖Jennifer
R,0,173‖Viola
R,0,176‖Steven
R,0,177‖Catherine
R,0,178‖Sophia
R,0,178‖Judith
R,0,180‖Amanda
R,0,182‖Carolyn
R,0,184‖Aaron
R,0,186‖Richard
R,0,186‖Mary
R,0,187‖Pauline
R,0,190‖Mike
R,0,192‖Chris
R,0,198‖Michael
R,0,198‖Michael
R,0,208‖David
R,0,220‖Thomas
R,0,223‖Scott
R,0,223‖Melissa
R,0,225‖Donnie
R,0,226‖Mamie
R,0,228‖John
R,0,229‖Larry
R,0,233‖James
R,0,237‖Irene
R,0,238‖Milton
R,0,239‖Michelle
R,0,239‖Kelly
R,0,244‖Olga
R,0,249‖Michael
R,0,251‖Michael
R,0,252‖Katy
R,0,253‖Joseph
R,0,257‖Karen
R,0,259‖Alice
R,0,259‖Michael
R,0,271‖Hubert
R,0,275‖Christy
R,0,276‖Wanda
R,0,278‖Eric
R,0,279‖Michael
R,0,282‖Kenneth
R,0,289‖Jerry
R,0,292‖Jaime
R,0,298‖Darlene
R,0,299‖April
R,0,302‖Christine
R,0,303‖Monica
R,0,304‖Bob
R,0,305‖Cindy
R,0,307‖John
R,0,308‖Gina
R,0,310‖Paula
R,0,313‖Dennis
R,0,313‖Allan
R,0,314‖Maxine
R,0,315‖Irene
R,0,318‖Jennifer
R,0,321‖Paula
R,0,324‖Penelope
R,0,324‖Rose
R,0,328‖Katie
R,0,330‖Diane
R,0,332‖Kristina
R,0,336‖Bonnie
R,0,336‖Joshua
R,0,339‖Sara
R,0,342‖Robert
R,0,342‖Genoveva
R,0,344‖David
R,0,345‖Jennifer
R,0,346‖Joseph
R,0,347‖Jennifer
R,0,348‖Peggy
R,0,352‖Phil
R,0,352‖Bernadine
R,0,358‖Berta
R,0,362‖Kathy
R,0,366‖Nancy
R,0,366‖Kristina
R,0,370‖Anthony
R,0,373‖Jeffrey
R,0,375‖Sharon
R,0,375‖William
R,0,376‖Lupe
R,0,376‖David
R,0,377‖April
R,0,378‖Kenneth
R,0,379‖Kathryn
R,0,381‖Bruce
R,0,382‖Dorthy
R,0,386‖Brian
R,0,389‖Leon
R,0,389‖Lisa
R,0,390‖Diann
R,0,390‖Charles
R,0,391‖Andrea
R,0,392‖Herbert
R,0,393‖Kathy
R,0,395‖Tyler
R,0,395‖Patrick
R,0,398‖Kathleen
R,0,399‖Sadie
R,0,400‖Kevin
R,0,402‖Mark
R,0,403‖Lilia
R,0,410‖Jerry
R,0,411‖Dwayne
R,0,411‖Rachel
R,0,414‖Jesse
R,0,415‖Kenneth
R,0,416‖Regina
R,0,418‖Doris
R,0,421‖Charles
R,0,421‖Melissa
R,0,423‖Ann
R,0,424‖Amy
R,0,426‖Harriette
R,0,428‖Jim
R,0,432‖Craig
R,0,435‖Brenda
R,0,437‖Robert
R,0,438‖Paula
R,0,443‖Linda
R,0,444‖Gregory
R,0,444‖Walter
R,0,448‖Sharon
R,0,451‖Carlos
R,0,453‖Charlotte
R,0,453‖Margarita
R,0,456‖Willie
R,0,457‖Brandi
R,0,459‖Elda
R,0,459‖Joyce
R,0,459‖Iesha
R,0,463‖Philip
R,0,468‖Mary
R,0,475‖James
R,0,480‖Rhea
R,0,482‖Albert
R,0,484‖Bryan
R,0,486‖Linda
R,1,500‖Leticia
R,1,502‖James
R,1,503‖Scott
R,1,504‖Felicia
R,1,509‖Mark
R,1,512‖Jason
R,1,514‖Ella
R,1,514‖Charlene
R,1,517‖Katherine
R,1,519‖Dorothy
R,1,522‖John
R,1,523‖Marlene
R,1,524‖Richard
R,1,527‖Michael
R,1,529‖Tiffany
R,1,529‖Denise
R,1,530‖Stephan
R,1,531‖Kenneth
R,1,533‖Virginia
R,1,535‖Milton
R,1,535‖Brendan
R,1,536‖Carlos
R,1,541‖Jeffrey
R,1,541‖Rosalyn
R,1,542‖Laura
R,1,548‖Glen
R,1,551‖Santos
R,1,552‖Diane
R,1,553‖Kathleen
R,1,558‖Lester
R,1,559‖Jared
R,1,564‖Janet
R,1,565‖Raymond
R,1,568‖Charla
R,1,569‖Caitlin
R,1,570‖Kenneth
R,1,576‖Marlene
R,1,583‖Howard
R,1,584‖Raymond
R,1,588‖Maribeth
R,1,590‖Larry
R,1,591‖Dolores
R,1,592‖Rose
R,1,593‖Dave
R,1,600‖Lisa
R,1,602‖Shawn
R,1,604‖Matthew
R,1,606‖Morris
R,1,607‖Gabriele
R,1,608‖Ronald
R,1,610‖Jarrod
R,1,611‖Brandon
R,1,612‖Sheryl
R,1,614‖Billie
R,1,615‖David
R,1,616‖Susan
R,1,617‖Sarah
R,1,618‖John
R,1,619‖Barbara
R,1,624‖Christopher
R,1,624‖Cheryl
R,1,628‖Matthew
R,1,638‖Margie
R,1,641‖Laurena
R,1,651‖Silvia
R,1,654‖Ines
R,1,656‖Donald
R,1,662‖Barbara
R,1,665‖Patricia
R,1,667‖Ronald
R,1,668‖Leslie
R,1,671‖Leslie
R,1,673‖Jessica
R,1,677‖John
R,1,685‖Wayne
R,1,689‖Charles
R,1,692‖Joseph
R,1,693‖Charles
R,1,693‖Diane
R,1,696‖Mark
R,1,701‖Elizabeth
R,1,705‖Candice
R,1,707‖Michael
R,1,708‖Octavio
R,1,711‖Steven
R,1,712‖Caitlin
R,1,717‖Catherine
R,1,725‖Herman
R,1,731‖Andres
R,1,732‖Teresa
R,1,733‖Adam
R,1,734‖Benjamin
R,1,738‖Willie
R,1,741‖Barbara
R,1,742‖Letitia
R,1,743‖Tracey
R,1,746‖Mary
R,1,747‖Lisa
R,1,747‖Paul
R,1,750‖Sammy
R,1,752‖Deloris
R,1,752‖Jerome
R,1,753‖Judith
R,1,757‖Wayne
R,1,758‖Vickie
R,1,762‖Scott
R,1,763‖Antonio
R,1,764‖Erica
R,1,765‖Margaret
R,1,766‖Jane
R,1,767‖Erin
R,1,767‖Kevin
R,1,767‖Mark
R,1,771‖Connie
R,1,771‖Melodie
R,1,775‖Betty
R,1,778‖Christopher
R,1,780‖William
R,1,781‖Hedwig
R,1,789‖Carol
R,1,793‖Chance
R,1,795‖David
R,1,800‖Debra
R,1,804‖Jocelyn
R,1,805‖Thelma
R,1,806‖Regina
R,1,809‖Christopher
R,1,810‖Clyde
R,1,811‖Dante
R,1,818‖Linda
R,1,819‖Sharon
R,1,819‖Julio
R,1,820‖Nannette
R,1,821‖Walter
R,1,823‖Jason
R,1,825‖Thomas
R,1,826‖Herman
R,1,830‖John
R,1,837‖Minnie
R,1,837‖Keesha
R,1,839‖Christopher
R,1,842‖Ruben
R,1,848‖Kathleen
R,1,851‖Harold
R,1,853‖Robin
R,1,853‖Keith
R,1,854‖Willene
R,1,858‖Mallory
R,1,861‖Laura
R,1,862‖George
R,1,865‖Selena
R,1,877‖David
R,1,886‖Fernando
R,1,889‖Julia
R,1,892‖Joseph
R,1,893‖Charlene
R,1,893‖Norma
R,1,896‖Ray
R,1,897‖Elizabeth
R,1,897‖Lucia
R,1,897‖Susan
R,1,898‖Lynn
R,1,900‖Robert
R,1,901‖Cythia
R,1,904‖Jerome
R,1,905‖Raphael
R,1,907‖Devin
R,1,907‖Deborah
R,1,908‖Sandra
R,1,908‖Kathy
R,1,915‖Jonathan
R,1,915‖Sidney
R,1,917‖Duane
R,1,919‖Anne
R,1,919‖Richard
R,1,924‖Olive
R,1,925‖Annette
R,1,929‖Charles
R,1,929‖Hector
R,1,930‖Albert
R,1,931‖Prudence
R,1,933‖Karen
R,1,938‖Karen
R,1,939‖Gerald
R,1,946‖Ronnie
R,1,947‖Sabrina
R,1,953‖Priscilla
R,1,956‖Toby
R,1,963‖Dennis
R,1,965‖Thomas
R,1,966‖Victor
R,1,969‖Ricardo
R,1,970‖Priscilla
R,1,970‖Christopher
R,1,972‖Jackie
R,1,972‖Gregory
R,1,975‖Jennifer
R,1,978‖Beverly
R,1,981‖Mark
R,1,982‖Elaine
R,1,984‖Leonard
R,1,987‖James
R,1,990‖Carol
R,1,990‖Lori
R,1,993‖Michael
R,1,995‖Roberta
R,3,1501‖Jean
R,3,1502‖John
R,3,1503‖Fredrick
R,3,1508‖Nicole
R,3,1512‖Lindy
R,3,1515‖William
R,3,1518‖Eric
R,3,1523‖George
R,3,1523‖Vera
R,3,1524‖Walter
R,3,1524‖Lawrence
R,3,1525‖Mildred
R,3,1526‖Joshua
R,3,1528‖Gregory
R,3,1529‖Mercedes
R,3,1533‖Catherine
R,3,1534‖Susan
R,3,1537‖Shanna
R,3,1538‖Mary
R,3,1542‖Sonya
R,3,1543‖Ernie
R,3,1543‖James
R,3,1551‖Robert
R,3,1552‖Marg
R,3,1555‖Jay
R,3,1556‖Delbert
R,3,1557‖Karen
R,3,1558‖Paul
R,3,1561‖David
R,3,1562‖Barbara
R,3,1566‖James
R,3,1567‖Grace
R,3,1567‖Maria
R,3,1572‖Ryan
R,3,1575‖Steve
R,3,1575‖Patti
R,3,1577‖Christine
R,3,1578‖Janice
R,3,1578‖Mark
R,3,1578‖Eric
R,3,1580‖David
R,3,1581‖Juliette
R,3,1586‖Freda
R,3,1593‖Teresa
R,3,1597‖James
R,3,1600‖Christina
R,3,1602‖Margo
R,3,1607‖Edward
R,3,1614‖Lauren
R,3,1621‖George
R,3,1623‖Ross
R,3,1624‖Gregory
R,3,1631‖Linda
R,3,1636‖Reginald
R,3,1636‖Jeffrey
R,3,1640‖David
R,3,1641‖Dwight
R,3,1643‖Michael
R,3,1646‖Helen
R,3,1647‖Martha
R,3,1648‖Kevin
R,3,1648‖Robert
R,3,1649‖Lacy
R,3,1650‖Carolyn
R,3,1651‖Roxana
R,3,1654‖Joshua
R,3,1655‖Felicia
R,3,1656‖Janice
R,3,1656‖Robin
R,3,1657‖Harry
R,3,1660‖Joyce
R,3,1666‖Shu
R,3,1671‖Lisa
R,3,1675‖Michael
R,3,1676‖John
R,3,1680‖George
R,3,1680‖John
R,3,1680‖Bruce
R,3,1685‖Frederick
R,3,1686‖Violet
R,3,1687‖Julia
R,3,1689‖Marcus
R,3,1691‖Al
R,3,1692‖Taylor
R,3,1697‖Trevor
R,3,1707‖Tammy
R,3,1713‖Kum
R,3,1716‖Rodney
R,3,1725‖Mary
R,3,1729‖William
R,3,1730‖Mattie
R,3,1737‖Donna
R,3,1737‖Stephen
R,3,1738‖April
R,3,1744‖Kristian
R,3,1745‖Rose
R,3,1747‖Mary
R,3,1749‖Kathy
R,3,1750‖Donald
R,3,1751‖Glen
R,3,1760‖Mario
R,3,1761‖Christopher
R,3,1761‖Pearl
R,3,1764‖August
R,3,1766‖Earl
R,3,1767‖Billie
R,3,1768‖Benny
R,3,1770‖Jennifer
R,3,1780‖Walter
R,3,1781‖Josephine
R,3,1787‖Marion
R,3,1788‖Carolyn
R,3,1790‖Eric
R,3,1793‖Joan
R,3,1794‖Rodney
R,3,1798‖Daniel
R,3,1800‖Jason
R,3,1804‖Joseph
R,3,1808‖Paul
R,3,1810‖Remona
R,3,1811‖Henry
R,3,1812‖Sarah
R,3,1816‖Anita
R,3,1816‖Lisa
R,3,1818‖Stefan
R,3,1822‖Gladys
R,3,1827‖Dorothy
R,3,1829‖Victoria
R,3,1834‖Clair
R,3,1835‖Chris
R,3,1835‖Kimberly
R,3,1836‖Donald
R,3,1837‖Shelly
R,3,1839‖Sarah
R,3,1846‖Iris
R,3,1850‖Meghan
R,3,1852‖Lillian
R,3,1852‖Catherine
R,3,1853‖Samuel
R,3,1853‖Dean
R,3,1854‖Brett
R,3,1855‖Adam
R,3,1856‖Mary
R,3,1857‖Jillian
R,3,1862‖Dewey
R,3,1864‖Joel
R,3,1864‖Mark
R,3,1866‖Judy
R,3,1867‖Robert
R,3,1869‖Christian
R,3,1871‖Natalie
R,3,1875‖Betty
R,3,1878‖Kenneth
R,3,1879‖Jennifer
R,3,1880‖William
R,3,1880‖Maria
R,3,1881‖Maurice
R,3,1884‖Margaret
R,3,1888‖Anthony
R,3,1889‖Dawn
R,3,1890‖Luke
R,3,1893‖Nilsa
R,3,1896‖Jennifer
R,3,1901‖Sidney
R,3,1905‖Ali
R,3,1908‖Patricia
R,3,1909‖Wilma
R,3,1913‖Ann
R,3,1914‖Susan
R,3,1915‖Maurice
R,3,1915‖Santos
R,3,1917‖Charles
R,3,1919‖Yvonne
R,3,1924‖Mary
R,3,1927‖Frank
R,3,1931‖Edwin
R,3,1932‖Adele
R,3,1933‖Ellen
R,3,1934‖Julia
R,3,1936‖Joseph
R,3,1937‖Noel
R,3,1937‖Ashlie
R,3,1939‖Grace
R,3,1941‖Sherrie
R,3,1943‖Daniel
R,3,1945‖Irma
R,3,1946‖Bruce
R,3,1947‖Bonnie
R,3,1948‖Hector
R,3,1948‖Norma
R,3,1948‖Harry
R,3,1949‖Edward
R,3,1951‖Roberta
R,3,1952‖Jacqueline
R,3,1952‖Maria
R,3,1953‖Harvey
R,3,1954‖Emma
R,3,1958‖Mona
R,3,1960‖Cynthia
R,3,1961‖Shirley
R,3,1961‖James
R,3,1961‖Davis
R,3,1968‖Donna
R,3,1971‖Samantha
R,3,1972‖Lisa
R,3,1973‖Beth
R,3,1973‖Matthew
R,3,1976‖Lillian
R,3,1978‖Evangeline
R,3,1978‖Courtney
R,3,1982‖Julius
R,3,1982‖Karen
R,3,1984‖Alexander
R,3,1988‖Guadalupe
R,3,1991‖David
R,3,1997‖Ruth
R,3,1998‖David
R,4,2000‖Susan
R,4,2008‖Michael
R,4,2009‖Erica
R,4,2010‖Nick
R,4,2011‖Ramona
R,4,2012‖Daniel
R,4,2014‖Michelle
R,4,2014‖William
R,4,2016‖Kristen
R,4,2023‖Florence
R,4,2024‖Maria
R,4,2025‖Edwin
R,4,2032‖Kathy
R,4,2034‖Beatrice
R,4,2034‖Terrence
R,4,2034‖Mark
R,4,2048‖Wendy
R,4,2049‖James
R,4,2058‖Patricia
R,4,2059‖Dorothy
R,4,2062‖Steven
R,4,2067‖Sarah
R,4,2067‖Hector
R,4,2070‖Emma
R,4,2073‖Vikki
R,4,2074‖George
R,4,2077‖Charity
R,4,2083‖Mitchell
R,4,2089‖Ronald
R,4,2089‖Robert
R,4,2089‖William
R,4,2089‖John
R,4,2091‖Rose
R,4,2091‖Cary
R,4,2095‖Mary
R,4,2098‖Virginia
R,4,2099‖Cory
R,4,2100‖Noah
R,4,2105‖Jason
R,4,2105‖Walter
R,4,2108‖Geneva
R,4,2108‖Robert
R,4,2110‖James
R,4,2111‖Patti
R,4,2112‖Irena
R,4,2113‖Darrell
R,4,2114‖Kevin
R,4,2114‖Howard
R,4,2114‖Meredith
R,4,2115‖Jacqueline
R,4,2115‖Sheryl
R,4,2116‖Steven
R,4,2122‖Georgia
R,4,2123‖William
R,4,2127‖Marisela
R,4,2130‖William
R,4,2134‖Shauna
R,4,2134‖Penny
R,4,2138‖Jack
R,4,2138‖Robert
R,4,2142‖Ruth
R,4,2147‖Mary
R,4,2149‖Gene
R,4,2150‖Wendell
R,4,2151‖James
R,4,2151‖James
R,4,2155‖Carrie
R,4,2157‖Brigitte
R,4,2157‖Emily
R,4,2158‖Lauren
R,4,2161‖William
R,4,2165‖Eric
R,4,2173‖Anna
R,4,2176‖Anne
R,4,2176‖Sharon
R,4,2176‖Sara
R,4,2180‖Clayton
R,4,2182‖James
R,4,2183‖James
R,4,2183‖Chong
R,4,2184‖Jamie
R,4,2188‖Melissa
R,4,2190‖Christopher
R,4,2191‖Janet
R,4,2191‖Lucy
R,4,2194‖Amy
R,4,2195‖Stephen
R,4,2198‖Sara
R,4,2208‖Larry
R,4,2212‖Robert
R,4,2213‖Joe
R,4,2213‖Russell
R,4,2215‖Humberto
R,4,2216‖Deirdre
R,4,2219‖Brenda
R,4,2220‖Daniel
R,4,2223‖Vance
R,4,2228‖Norberto
R,4,2230‖Ana
R,4,2232‖Leon
R,4,2232‖Lisa
R,4,2233‖Rhonda
R,4,2234‖Sean
R,4,2236‖Carlos
R,4,2240‖Lawrence
R,4,2240‖Debra
R,4,2245‖Patricia
R,4,2248‖Kevin
R,4,2250‖Gladys
R,4,2251‖Tommy
R,4,2251‖Kelly
R,4,2253‖Joseph
R,4,2254‖Julio
R,4,2255‖Tracy
R,4,2257‖Karen
R,4,2261‖Larry
R,4,2265‖Mary
R,4,2270‖David
R,4,2274‖Gina
R,4,2275‖Arlene
R,4,2281‖Laura
R,4,2283‖James
R,4,2283‖Rosie
R,4,2284‖Millie
R,4,2284‖Millie
R,4,2289‖Leslie
R,4,2294‖Brian
R,4,2294‖Kevin
R,4,2294‖Earl
R,4,2297‖Esther
R,4,2299‖Lavonne
R,4,2301‖Harry
R,4,2305‖Jason
R,4,2308‖Lila
R,4,2309‖Terri
R,4,2311‖Mary
R,4,2311‖Eric
R,4,2313‖Scarlett
R,4,2314‖Mary
R,4,2317‖Kim
R,4,2318‖Michael
R,4,2322‖Darcy
R,4,2323‖Richard
R,4,2327‖Evelyn
R,4,2329‖Mary
R,4,2331‖Deborah
R,4,2333‖Kenneth
R,4,2333‖Jason
R,4,2335‖Jose
R,4,2341‖Rachel
R,4,2345‖Connie
R,4,2347‖Arthur
R,4,2348‖Christina
R,4,2349‖Albert
R,4,2350‖Edmund
R,4,2354‖Julie
R,4,2354‖Rachel
R,4,2358‖Frances
R,4,2361‖Daniel
R,4,2364‖Carrie
R,4,2366‖James
R,4,2369‖Robert
R,4,2370‖David
R,4,2371‖Becky
R,4,2374‖Jillian
R,4,2378‖William
R,4,2379‖David
R,4,2387‖Lori
R,4,2387‖Victoria
R,4,2388‖Jerry
R,4,2390‖Dolly
R,4,2391‖Andy
R,4,2391‖Floyd
R,4,2392‖Gayle
R,4,2396‖Lamar
R,4,2396‖Laura
R,4,2410‖Clarence
R,4,2416‖Lakendra
R,4,2417‖Maria
R,4,2421‖Laura
R,4,2421‖Gwendolyn
R,4,2422‖Phillip
R,4,2424‖Corey
R,4,2429‖Michelle
R,4,2437‖Mark
R,4,2442‖Larry
R,4,2445‖Edwin
R,4,2451‖Kim
R,4,2453‖Kathryn
R,4,2454‖Charles
R,4,2456‖Mae
R,4,2457‖Ronald
R,4,2459‖Jenny
R,4,2461‖Michael
R,4,2461‖Patricia
R,4,2463‖Betty
R,4,2464‖Jennifer
R,4,2468‖Vernon
R,4,2471‖Karen
R,4,2478‖Stanley
R,4,2480‖Brett
R,4,2485‖William
R,4,2487‖Andrew
R,4,2491‖Tracee
R,4,2491‖Betsy
R,4,2492‖Michelle
R,4,2495‖Betty
R,4,2495‖Eddie
R,4,2496‖Janyce
R,4,2498‖William
R,5,2501‖Karen
R,5,2503‖Robert
R,5,2503‖Marian
R,5,2506‖Melissa
R,5,2509‖Shannon
R,5,2512‖Barry
R,5,2512‖Clarence
R,5,2516‖Bessie
R,5,2516‖Suzanne
R,5,2519‖Lucy
R,5,2523‖Kathleen
R,5,2528‖Michael
R,5,2528‖George
R,5,2530‖Sandra
R,5,2531‖Brittany
R,5,2536‖Arturo
R,5,2541‖Moira
R,5,2544‖Virginia
R,5,2545‖Mary
R,5,2547‖Dennis
R,5,2549‖Carolyn
R,5,2551‖William
R,5,2552‖Mary
R,5,2552‖Sarah
R,5,2555‖Gwendolyn
R,5,2555‖Ida
R,5,2560‖Carolyn
R,5,2561‖Demetrius
R,5,2561‖Bradley
R,5,2562‖Bert
R,5,2563‖Dana
R,5,2565‖Janice
R,5,2567‖Emily
R,5,2573‖Jason
R,5,2574‖Asa
R,5,2575‖Orlando
R,5,2575‖Michael
R,5,2577‖Frank
R,5,2579‖Guadalupe
R,5,2580‖Carly
R,5,2581‖Robert
R,5,2581‖Sherry
R,5,2583‖Joan
R,5,2584‖Harold
R,5,2589‖Jamie
R,5,2590‖Alan
R,5,2591‖Virginia
R,5,2597‖Melba
R,5,2598‖Kenneth
R,5,2598‖Crystal
R,5,2602‖Karen
R,5,2604‖Edith
R,5,2615‖Benjamin
R,5,2616‖Cody
R,5,2618‖Fred
R,5,2621‖Barbara
R,5,2623‖Christina
R,5,2626‖Lance
R,5,2630‖Roger
R,5,2630‖Richard
R,5,2634‖Connie
R,5,2634‖Tammy
R,5,2637‖Jennifer
R,5,2639‖William
R,5,2639‖Riley
R,5,2643‖Leah
R,5,2645‖Gilbert
R,5,2647‖Mary
R,5,2647‖Dennis
R,5,2649‖William
R,5,2650‖James
R,5,2652‖Bret
R,5,2657‖Deborah
R,5,2657‖Eileen
R,5,2658‖Sheila
R,5,2659‖Arturo
R,5,2660‖Constance
R,5,2661‖Vicki
R,5,2663‖James
R,5,2663‖Ellen
R,5,2664‖Sarah
R,5,2667‖Barbara
R,5,2669‖Richard
R,5,2670‖Marilyn
R,5,2675‖Rick
R,5,2676‖Linsey
R,5,2680‖Gregory
R,5,2690‖Sharon
R,5,2692‖Bobby
R,5,2694‖Nan
R,5,2694‖Jessica
R,5,2696‖Erika
R,5,2698‖Marie
R,5,2702‖Nola
R,5,2702‖Martha
R,5,2702‖Christopher
R,5,2707‖Sharonda
R,5,2712‖Junior
R,5,2713‖Jessie
R,5,2713‖Bobby
R,5,2718‖Nancy
R,5,2720‖Robert
R,5,2723‖Jackie
R,5,2726‖Jack
R,5,2729‖Carolee
R,5,2729‖Mark
R,5,2731‖Peggy
R,5,2732‖Elizabeth
R,5,2736‖Sidney
R,5,2738‖Barbara
R,5,2739‖Douglas
R,5,2741‖Melba
R,5,2742‖Mamie
R,5,2745‖Lashawn
R,5,2757‖Sophie
R,5,2759‖Kenneth
R,5,2759‖James
R,5,2760‖Bernice
R,5,2763‖Deann
R,5,2771‖Kendall
R,5,2772‖Elizabeth
R,5,2774‖Troy
R,5,2775‖Edwin
R,5,2775‖Lazaro
R,5,2777‖Duane
R,5,2784‖Evonne
R,5,2787‖Miguel
R,5,2791‖Noe
R,5,2797‖Robert
R,5,2808‖Norman
R,5,2808‖Robert
R,5,2812‖Bill
R,5,2814‖Eduardo
R,5,2815‖Theodore
R,5,2816‖Maria
R,5,2817‖Andrea
R,5,2818‖Linda
R,5,2820‖Mary
R,5,2820‖Debra
R,5,2826‖Robert
R,5,2827‖Linda
R,5,2831‖Robert
R,5,2833‖Lance
R,5,2833‖Sherri
R,5,2837‖Austin
R,5,2842‖Constance
R,5,2843‖Arthur
R,5,2845‖William
R,5,2846‖Tammy
R,5,2849‖Lynn
R,5,2854‖Christopher
R,5,2857‖John
R,5,2860‖Katherine
R,5,2860‖Roger
R,5,2863‖Stuart
R,5,2864‖Mary
R,5,2865‖Walter
R,5,2868‖Amber
R,5,2869‖Helen
R,5,2871‖Michael
R,5,2876‖Brandon
R,5,2876‖James
R,5,2877‖Agnes
R,5,2882‖Ella
R,5,2889‖Estella
R,5,2893‖Gary
R,5,2893‖Marcus
R,5,2894‖Francisco
R,5,2897‖Evelyn
R,5,2898‖Karen
R,5,2898‖Joy
R,5,2899‖Duane
R,5,2900‖Amanda
R,5,2901‖James
R,5,2904‖Lydia
R,5,2906‖Alice
R,5,2907‖Elizabeth
R,5,2907‖Ruth
R,5,2910‖Yolanda
R,5,2913‖Ricky
R,5,2913‖Winifred
R,5,2916‖Jacqueline
R,5,2923‖Chau
R,5,2925‖John
R,5,2929‖John
R,5,2930‖Donald
R,5,2931‖David
R,5,2931‖Howard
R,5,2937‖Vicky
R,5,2937‖Ronald
R,5,2938‖Tonya
R,5,2941‖Amy
R,5,2954‖Harold
R,5,2960‖Jeremy
R,5,2961‖Rubin
R,5,2969‖Colleen
R,5,2972‖Charles
R,5,2973‖Laura
R,5,2974‖Loraine
R,5,2977‖Stanley
R,5,2978‖Patricia
R,5,2987‖Sheila
R,5,2990‖Margie
R,5,2990‖Karen
R,5,2991‖Rodney
R,5,2995‖Rosa
R,5,2996‖Lynette
S,0,1‖Scott
S,0,4‖Bussey
S,0,7‖Stclair
S,0,7‖Chase
S,0,10‖Krause
S,0,10‖Andrews
S,0,11‖Hayden
S,0,12‖Curry
S,0,14‖Smith
S,0,15‖Billman
S,0,23‖Frey
S,0,24‖Hernandez
S,0,25‖Mcmonagle
S,0,27‖Baber
S,0,27‖Hanner
S,0,32‖Mountain
S,0,33‖Yanez
S,0,35‖Hammack
S,0,36‖Collins
S,0,40‖Wand
S,0,44‖Robinson
S,0,50‖Meek
S,0,52‖Holland
S,0,53‖Thomason
S,0,58‖Glass
S,0,71‖Deacon
S,0,73‖Neighbors
S,0,74‖Laing
S,0,75‖Monroe
S,0,80‖Steward
S,0,82‖Lighty
S,0,83‖Sullivan
S,0,88‖Chojnacki
S,0,88‖Kotas
S,0,90‖Eldridge
S,0,90‖Boykin
S,0,91‖Montgomery
S,0,95‖Ruvalcaba
S,0,96‖Matos
S,0,100‖Mcgrath
S,0,104‖Mathews
S,0,105‖Franks
S,0,107‖Hutchinson
S,0,108‖Beck
S,0,111‖Edwards
S,0,114‖Roeder
S,0,119‖Flores
S,0,121‖Lee
S,0,126‖Baldwin
S,0,128‖Costanzo
S,0,128‖Pensinger
S,0,129‖Roberts
S,0,129‖Jackson
S,0,132‖Carroll
S,0,132‖Williams
S,0,133‖Hicks
S,0,139‖Kimble
S,0,140‖Sanchez
S,0,141‖Allen
S,0,143‖Torris
S,0,144‖Lemen
S,0,147‖Mason
S,0,152‖Chan
S,0,157‖Mickens
S,0,158‖Victor
S,0,159‖Lazarine
S,0,160‖Richmond
S,0,164‖Costello
S,0,165‖Huddleston
S,0,167‖Rushing
S,0,169‖Jose
S,0,169‖Weigand
S,0,176‖Marshall
S,0,178‖Stonerock
S,0,180‖Parker
S,0,180‖Smith
S,0,181‖Thompson
S,0,187‖Edmondson
S,0,189‖Gonzalez
S,0,190‖Davis
S,0,190‖Wolfe
S,0,196‖Torres
S,0,197‖Belisle
S,0,198‖Wiersema
S,0,205‖Knowles
S,0,207‖Green
S,0,207‖Gardea
S,0,211‖Troia
S,0,217‖Basye
S,0,217‖Morel
S,0,218‖Oneill
S,0,219‖Downey
S,0,226‖Rice
S,0,227‖Hurst
S,0,227‖Kinnard
S,0,227‖Trantham
S,0,228‖Jones
S,0,230‖Poland
S,0,232‖Tallman
S,0,236‖Moore
S,0,239‖Simmons
S,0,240‖Williams
S,0,246‖Winebarger
S,0,247‖Guevara
S,0,249‖Lee
S,0,253‖Vazquez
S,0,254‖Wilburn
S,0,259‖Torres
S,0,259‖Causey
S,0,263‖Cotten
S,0,267‖Garcia
S,0,268‖Devine
S,0,268‖Purdy
S,0,270‖Oneill
S,0,271‖Ness
S,0,271‖Swedlund
S,0,273‖Campbell
S,0,276‖Walley
S,0,277‖Johnson
S,0,281‖Merino
S,0,281‖Oglesby
S,0,285‖Wilson
S,0,290‖Mccabe
S,0,290‖Misfeldt
S,0,290‖Wiggins
S,0,300‖Simon
S,0,305‖Watson
S,0,311‖Johns
S,0,313‖Ewers
S,0,315‖Dietrick
S,0,316‖Bullock
S,0,317‖Grissinger
S,0,320‖Jones
S,0,323‖Maguire
S,0,327‖Garcia
S,0,329‖Larsen
S,0,330‖Escamilla
S,0,338‖Grabe
S,0,340‖Haslam
S,0,340‖Baker
S,0,344‖Mitchell
S,0,346‖Holmes
S,0,351‖Liebl
S,0,352‖Manning
S,0,355‖Johnson
S,0,358‖Brower
S,0,361‖Johnson
S,0,371‖Crout
S,0,372‖Smith
S,0,376‖Gordon
S,0,376‖Hail
S,0,378‖Gibson
S,0,378‖Nichols
S,0,380‖Hill
S,0,381‖Ruiz
S,0,384‖Burrell
S,0,385‖Watson
S,0,390‖Rainey
S,0,393‖Clayton
S,0,394‖Swanner
S,0,399‖Hilgert
S,0,399‖Polycarpe
S,0,402‖Reyolds
S,0,404‖Wilkerson
S,0,404‖Free
S,0,405‖Nielsen
S,0,410‖Brown
S,0,410‖Turner
S,0,412‖Leon
S,0,414‖Larsen
S,0,414‖Wickman
S,0,415‖Wilson
S,0,416‖Webster
S,0,417‖Wallace
S,0,424‖Brustmann
S,0,427‖Stanley
S,0,432‖Somerville
S,0,433‖Gilligan
S,0,433‖Stein
S,0,435‖Kendig
S,0,437‖Jones
S,0,437‖Obrien
S,0,442‖Modica
S,0,444‖Lucey
S,0,445‖Snyder
S,0,446‖Shultz
S,0,447‖Cleare
S,0,448‖Edwards
S,0,448‖Hubbard
S,0,449‖Herrera
S,0,450‖Smith
S,0,452‖Salmons
S,0,453‖Fassett
S,0,453‖Vierra
S,0,459‖Wilder
S,0,460‖Stern
S,0,461‖Fox
S,0,464‖Kleinpeter
S,0,464‖Ackerman
S,0,467‖Mccaskill
S,0,467‖Struthers
S,0,468‖Medas
S,0,468‖Molina
S,0,484‖Lambert
S,0,485‖Gillian
S,0,489‖Wiltshire
S,0,489‖Suarez
S,0,489‖Campbell
S,0,492‖Wallace
S,0,494‖Flores
S,0,495‖Rivera
S,0,498‖Holland
S,0,499‖Wilson
S,1,502‖Emrick
S,1,504‖Meeks
S,1,507‖Privateer
S,1,507‖Leppert
S,1,508‖Eslinger
S,1,508‖Maxwell
S,1,509‖Crews
S,1,509‖Terranova
S,1,514‖Roche
S,1,516‖Broome
S,1,517‖Matthews
S,1,519‖Piotrowski
S,1,524‖Carrillo
S,1,527‖Alarcon
S,1,531‖Goguen
S,1,532‖Gonzales
S,1,534‖Johnson
S,1,535‖Jones
S,1,538‖Mitchell
S,1,540‖Wilson
S,1,542‖Kovacs
S,1,543‖Pereda
S,1,544‖Hart
S,1,547‖Mcintyre
S,1,548‖Tran
S,1,554‖Jones
S,1,554‖Miller
S,1,557‖Johnson
S,1,561‖Newman
S,1,561‖Delaurentis
S,1,561‖Gibson
S,1,562‖Cook
S,1,565‖Hale
S,1,565‖Flachs
S,1,569‖Burnham
S,1,576‖Morris
S,1,578‖Newton
S,1,582‖Steele
S,1,583‖Pitcher
S,1,584‖Urbaniak
S,1,588‖Martin
S,1,593‖Robinson
S,1,596‖Carls
S,1,598‖Miera
S,1,599‖Blake
S,1,602‖Campbell
S,1,602‖Rhodes
S,1,607‖Main
S,1,607‖Wylie
S,1,609‖Rangel
S,1,610‖Gonzalez
S,1,611‖Fairman
S,1,611‖Colbert
S,1,613‖Rodriguez
S,1,614‖Farish
S,1,615‖Kirkland
S,1,617‖Waite
S,1,621‖Angel
S,1,622‖Blackwell
S,1,623‖Phelps
S,1,625‖Madigan
S,1,628‖Arp
S,1,629‖Hills
S,1,640‖Thompson
S,1,641‖Jones
S,1,642‖Hawks
S,1,643‖White
S,1,646‖Bishop
S,1,649‖Johnson
S,1,649‖Fine
S,1,649‖Hudson
S,1,650‖Kuster
S,1,658‖Naffziger
S,1,665‖Mccullough
S,1,666‖Farrer
S,1,667‖Mayer
S,1,668‖Bastien
S,1,669‖Flynn
S,1,670‖Thomas
S,1,670‖Mccoy
S,1,675‖Kennedy
S,1,676‖Ross
S,1,680‖Courtright
S,1,681‖Johnson
S,1,682‖Everson
S,1,686‖Pinkard
S,1,688‖Ohare
S,1,693‖Malinsky
S,1,694‖Chen
S,1,698‖Evans
S,1,699‖Phillips
S,1,699‖Myers
S,1,701‖Marshall
S,1,701‖Brett
S,1,702‖Pao
S,1,704‖Scott
S,1,707‖Perkins
S,1,708‖Coon
S,1,708‖Black
S,1,709‖Ackerman
S,1,711‖Davis
S,1,712‖Mozak
S,1,722‖Bellomy
S,1,730‖White
S,1,732‖Davis
S,1,733‖Barnes
S,1,736‖Gore
S,1,745‖Brandt
S,1,748‖Heling
S,1,749‖Rainey
S,1,761‖Stone
S,1,762‖Vaughn
S,1,763‖Oakley
S,1,763‖Trujillo
S,1,764‖Nighman
S,1,764‖Jameson
S,1,766‖Frost
S,1,767‖Anthony
S,1,768‖Moody
S,1,769‖Wilson
S,1,769‖Flick
S,1,777‖Brown
S,1,784‖Mcmanus
S,1,789‖Allen
S,1,790‖Cruz
S,1,801‖Jordan
S,1,803‖Black
S,1,805‖Robards
S,1,806‖Hall
S,1,806‖Yates
S,1,807‖Pierce
S,1,807‖Williams
S,1,808‖Henderson
S,1,808‖Berenguer
S,1,810‖Shea
S,1,812‖Surber
S,1,813‖Rosado
S,1,820‖Lee
S,1,820‖Sherrod
S,1,821‖Lance
S,1,823‖Romero
S,1,824‖Gibbons
S,1,835‖Cobb
S,1,839‖Flagge
S,1,841‖Gardenhire
S,1,841‖Dunham
S,1,843‖Smith
S,1,846‖Wilson
S,1,847‖Grim
S,1,848‖Krikorian
S,1,848‖Lashley
S,1,850‖Popovich
S,1,850‖Zuniga
S,1,851‖Vitale
S,1,862‖Mcgowen
S,1,862‖Marquez
S,1,870‖Stanford
S,1,877‖Merkle
S,1,880‖Dvorak
S,1,881‖Wingfield
S,1,881‖Moskowitz
S,1,885‖Burke
S,1,888‖Gonzalez
S,1,890‖Patterson
S,1,891‖Beckett
S,1,894‖Similien
S,1,899‖Byrne
S,1,900‖Dauzat
S,1,901‖Begay
S,1,903‖Trujillo
S,1,905‖Wood
S,1,906‖White
S,1,908‖Pereira
S,1,908‖Ulrich
S,1,912‖Campbell
S,1,913‖Merlino
S,1,914‖Fleming
S,1,918‖Harris
S,1,920‖Nadeau
S,1,920‖Hoff
S,1,921‖Daniels
S,1,921‖Belcher
S,1,922‖Davis
S,1,923‖Hull
S,1,924‖Pierce
S,1,926‖Franklin
S,1,926‖Hsu
S,1,929‖Meza
S,1,931‖Wimberly
S,1,932‖Jones
S,1,935‖Pare
S,1,936‖Page
S,1,936‖Elwell
S,1,940‖Brasil
S,1,940‖Johnson
S,1,941‖Musselwhite
S,1,942‖Vause
S,1,945‖Sharum
S,1,946‖Moore
S,1,947‖Zeinert
S,1,948‖Mitchell
S,1,948‖Conwell
S,1,950‖Sattler
S,1,951‖Barwick
S,1,953‖Dunn
S,1,955‖White
S,1,958‖Meyer
S,1,959‖Watson
S,1,959‖Mayor
S,1,961‖Ingram
S,1,962‖Sepulveda
S,1,966‖Schultz
S,1,967‖Hansen
S,1,971‖Stansell
S,1,972‖Badgley
S,1,973‖Garcia
S,1,978‖Minors
S,1,982‖Haven
S,1,984‖Smith
S,1,985‖Mahoney
S,1,985‖Black
S,1,986‖Mullen
S,1,987‖Logue
S,1,987‖Thompson
S,1,993‖Conley
S,1,994‖Rehkop
S,1,996‖Moore
S,3,1501‖Wilson
S,3,1505‖Givens
S,3,1505‖Murray
S,3,1511‖Kelly
S,3,1515‖Hamilton
S,3,1515‖Christopherso
S,3,1522‖Johnson
S,3,1522‖Sisk
S,3,1527‖Peterson
S,3,1528‖Andrews
S,3,1533‖Short
S,3,1535‖Landis
S,3,1536‖Voyles
S,3,1536‖Benton
S,3,1543‖Souders
S,3,1545‖Martinez
S,3,1547‖Davis
S,3,1550‖Allen
S,3,1553‖Harper
S,3,1556‖Gibson
S,3,1558‖Lopez
S,3,1564‖Moss
S,3,1566‖Curry
S,3,1570‖Sanders
S,3,1573‖Tamayo
S,3,1574‖Maxwell
S,3,1574‖Marshall
S,3,1581‖Beauchamp
S,3,1581‖Darnstaedt
S,3,1584‖Russell
S,3,1587‖Longoria
S,3,1588‖Mccarty
S,3,1589‖Espinoza
S,3,1591‖Washington
S,3,1591‖Piro
S,3,1595‖Seals
S,3,1596‖Williams
S,3,1597‖Whitman
S,3,1600‖Williams
S,3,1602‖Hatch
S,3,1605‖Banks
S,3,1608‖Gardner
S,3,1613‖Burchill
S,3,1615‖Baird
S,3,1616‖Rivera
S,3,1621‖Bell
S,3,1628‖Braun
S,3,1630‖Lizarraga
S,3,1630‖Wood
S,3,1632‖Lee
S,3,1633‖Speicher
S,3,1633‖Cofield
S,3,1636‖Burke
S,3,1638‖Jones
S,3,1638‖Parker
S,3,1641‖Adame
S,3,1643‖Arroyo
S,3,1645‖Devers
S,3,1648‖Russell
S,3,1648‖Barefield
S,3,1653‖Lambert
S,3,1654‖Crisp
S,3,1654‖Trudel
S,3,1655‖Brink
S,3,1656‖Howk
S,3,1658‖Rathbum
S,3,1659‖Griffin
S,3,1661‖Pinto
S,3,1662‖Vanstee
S,3,1668‖Sigler
S,3,1671‖Kosmowski
S,3,1672‖Michael
S,3,1674‖Swindell
S,3,1675‖Barrow
S,3,1676‖Thompson
S,3,1678‖Merchant
S,3,1679‖Page
S,3,1680‖Bradley
S,3,1681‖Shuford
S,3,1683‖Morse
S,3,1685‖Hammond
S,3,1686‖Joyner
S,3,1693‖Roades
S,3,1699‖Velasquez
S,3,1702‖Hughes
S,3,1706‖Hartford
S,3,1707‖Paull
S,3,1709‖Smith
S,3,1709‖Patterson
S,3,1713‖Lentz
S,3,1718‖Cronin
S,3,1719‖Dunkel
S,3,1724‖Oliver
S,3,1724‖Black
S,3,1732‖Valencia
S,3,1732‖Putnam
S,3,1734‖Cook
S,3,1736‖Carrell
S,3,1737‖Baisden
S,3,1741‖Lopes
S,3,1742‖Quintana
S,3,1747‖Romriell
S,3,1748‖Travis
S,3,1750‖Jennings
S,3,1752‖Wilburn
S,3,1753‖Bryant
S,3,1755‖Hatchett
S,3,1759‖Mccorry
S,3,1766‖Parrales
S,3,1771‖Vang
S,3,1771‖Miller
S,3,1772‖Robertson
S,3,1773‖Brockman
S,3,1777‖Summers
S,3,1779‖Cavanaugh
S,3,1779‖King
S,3,1782‖Brown
S,3,1785‖Mccain
S,3,1786‖Whatley
S,3,1790‖Conley
S,3,1790‖Ryan
S,3,1792‖Wood
S,3,1793‖Earnest
S,3,1795‖Jones
S,3,1795‖Doran
S,3,1796‖Opperman
S,3,1796‖Robinette
S,3,1799‖Greer
S,3,1805‖Hanson
S,3,1806‖Harris
S,3,1810‖Rahim
S,3,1810‖Bookhardt
S,3,1811‖Gayle
S,3,1812‖Donis
S,3,1812‖Morris
S,3,1814‖Littman
S,3,1814‖Brackins
S,3,1815‖Montgomery
S,3,1816‖Thornley
S,3,1819‖Leatherman
S,3,1822‖Jones
S,3,1829‖Smith
S,3,1829‖Espinoza
S,3,1830‖Estrella
S,3,1833‖Perez
S,3,1835‖Meads
S,3,1835‖Young
S,3,1836‖Garcia
S,3,1836‖Dobbins
S,3,1837‖Austell
S,3,1840‖Hutchinson
S,3,1842‖Hackett
S,3,1844‖Joseph
S,3,1845‖Torbert
S,3,1845‖Roberts
S,3,1846‖Groce
S,3,1846‖Walsh
S,3,1851‖Pearson
S,3,1857‖Shumaker
S,3,1864‖Lyman
S,3,1865‖Messenger
S,3,1867‖Rosiles
S,3,1869‖Helland
S,3,1873‖Santistevan
S,3,1875‖Gibbs
S,3,1880‖Agnew
S,3,1887‖Mcbride
S,3,1893‖Daugherty
S,3,1896‖Charles
S,3,1897‖Briley
S,3,1898‖Oneal
S,3,1900‖Paul
S,3,1907‖Knopp
S,3,1910‖Vandusen
S,3,1911‖White
S,3,1911‖Burton
S,3,1914‖Peloquin
S,3,1914‖Franklin
S,3,1920‖Queen
S,3,1921‖Dean
S,3,1923‖Walters
S,3,1925‖Johnson
S,3,1928‖Martin
S,3,1932‖Lauritzen
S,3,1940‖Roberson
S,3,1942‖Aleo
S,3,1943‖Reeves
S,3,1946‖Sturtevant
S,3,1949‖Robinette
S,3,1957‖Keeler
S,3,1967‖Skees
S,3,1968‖Mason
S,3,1968‖Byrne
S,3,1970‖Phillips
S,3,1973‖Mcclendon
S,3,1973‖Howard
S,3,1975‖Jones
S,3,1976‖Curtin
S,3,1977‖Johns
S,3,1977‖Smith
S,3,1980‖Degasperis
S,3,1986‖Beasley
S,3,1987‖Varner
S,3,1988‖Morrison
S,3,1988‖Dipasquale
S,3,1989‖Johnson
S,3,1990‖White
S,3,1991‖Frank
S,3,1994‖Allison
S,3,1996‖Robinson
S,4,2001‖Perez
S,4,2001‖Gandee
S,4,2003‖Redhead
S,4,2003‖Ayotte
S,4,2005‖Munnerlyn
S,4,2009‖Anwar
S,4,2013‖Barrett
S,4,2014‖Graham
S,4,2022‖Sanders
S,4,2024‖Lopez
S,4,2025‖Peltier
S,4,2026‖Vandiford
S,4,2029‖Jobson
S,4,2029‖Bowers
S,4,2034‖Archer
S,4,2036‖Witcher
S,4,2041‖Corf
S,4,2047‖Knowles
S,4,2048‖Ramsey
S,4,2049‖Siggins
S,4,2050‖Dupont
S,4,2059‖Keehn
S,4,2060‖Travis
S,4,2061‖Frank
S,4,2063‖Davis
S,4,2064‖Dates
S,4,2065‖Roley
S,4,2070‖Walker
S,4,2073‖Ransom
S,4,2076‖Garner
S,4,2078‖Moreno
S,4,2080‖Duke
S,4,2081‖Vanscooter
S,4,2083‖Parker
S,4,2084‖Jansen
S,4,2084‖Doughty
S,4,2090‖Pugh
S,4,2093‖Kimbrell
S,4,2093‖Maynard
S,4,2096‖Young
S,4,2097‖Meyers
S,4,2098‖Frey
S,4,2098‖Carter
S,4,2111‖Noyes
S,4,2111‖Passe
S,4,2112‖Hong
S,4,2116‖Ray
S,4,2119‖Figueroa
S,4,2119‖Woodyard
S,4,2122‖Kilgore
S,4,2125‖Kemppainen
S,4,2126‖Harrell
S,4,2127‖Coleman
S,4,2128‖Coyle
S,4,2128‖Hopper
S,4,2130‖Barron
S,4,2134‖Hall
S,4,2140‖Mays
S,4,2142‖Wark
S,4,2145‖Evans
S,4,2149‖Mcguire
S,4,2149‖Krieg
S,4,2151‖Egleston
S,4,2153‖Wright
S,4,2154‖Winchell
S,4,2157‖Verret
S,4,2162‖Tierney
S,4,2163‖Bishop
S,4,2163‖Pugmire
S,4,2166‖Mcneal
S,4,2168‖Moore
S,4,2172‖Estabrook
S,4,2176‖Wenzel
S,4,2176‖Gray
S,4,2185‖Manteca
S,4,2185‖Brister
S,4,2187‖Smith
S,4,2191‖Lanosga
S,4,2194‖Haggerty
S,4,2198‖Reach
S,4,2199‖Chambers
S,4,2200‖Evans
S,4,2200‖Dejohn
S,4,2202‖Arwood
S,4,2208‖Johnstonbaugh
S,4,2211‖Woody
S,4,2211‖Green
S,4,2212‖Fournier
S,4,2215‖Wisdom
S,4,2220‖Harmon
S,4,2222‖Ross
S,4,2224‖Salvador
S,4,2226‖Chambers
S,4,2228‖Twomey
S,4,2228‖Whatoname
S,4,2230‖Fontanella
S,4,2235‖Casillas
S,4,2237‖Fitzgerald
S,4,2237‖Luce
S,4,2240‖Brown
S,4,2240‖Kellam
S,4,2241‖Mortensen
S,4,2248‖Whetstone
S,4,2251‖Saunders
S,4,2254‖Whelan
S,4,2255‖King
S,4,2258‖Mercer
S,4,2258‖Andersson
S,4,2260‖Lowry
S,4,2266‖Ruiz
S,4,2267‖Bankhead
S,4,2271‖Shibuya
S,4,2271‖Terry
S,4,2272‖Blount
S,4,2277‖Mcneil
S,4,2282‖Diaz
S,4,2283‖East
S,4,2284‖Watson
S,4,2284‖Lacroix
S,4,2286‖Hopkins
S,4,2287‖Labranche
S,4,2290‖Frazier
S,4,2295‖Bailey
S,4,2297‖Laflore
S,4,2297‖Brown
S,4,2298‖Samples
S,4,2301‖Jennings
S,4,2302‖Ashburn
S,4,2306‖Sampson
S,4,2308‖Magana
S,4,2311‖Hodges
S,4,2312‖Osborne
S,4,2312‖Allen
S,4,2313‖Tomita
S,4,2314‖Rock
S,4,2314‖Huntington
S,4,2322‖Dudley
S,4,2328‖Mclaughlin
S,4,2330‖Nadeau
S,4,2333‖Shaw
S,4,2340‖Moore
S,4,2346‖Zappa
S,4,2346‖Anello
S,4,2350‖Todd
S,4,2355‖Carter
S,4,2356‖Young
S,4,2358‖Berrios
S,4,2362‖Stec
S,4,2367‖Mcintyre
S,4,2368‖Mack
S,4,2371‖Langley
S,4,2374‖Christopherso
S,4,2379‖Stewart
S,4,2381‖Chamberlain
S,4,2382‖Delorenzo
S,4,2384‖Harris
S,4,2386‖Busch
S,4,2387‖Murphy
S,4,2390‖Kinney
S,4,2391‖Burton
S,4,2392‖Pressley
S,4,2393‖Rayborn
S,4,2395‖Holmes
S,4,2396‖Willis
S,4,2403‖Woodall
S,4,2416‖Hebert
S,4,2418‖Wedderburn
S,4,2421‖Hampton
S,4,2425‖Haaf
S,4,2430‖Nelson
S,4,2431‖Oneal
S,4,2435‖Maguire
S,4,2435‖Macomber
S,4,2438‖Alvey
S,4,2441‖Blum
S,4,2444‖Dyas
S,4,2445‖Delarosa
S,4,2449‖Williams
S,4,2453‖Douglas
S,4,2454‖Hollandsworth
S,4,2455‖Aubuchon
S,4,2455‖Jenkins
S,4,2461‖Matthews
S,4,2464‖Frith
S,4,2465‖Thomas
S,4,2465‖Norris
S,4,2467‖Mclean
S,4,2468‖Shaw
S,4,2470‖Gilbert
S,4,2470‖Gonzalez
S,4,2472‖Degnan
S,4,2474‖Mcnolty
S,4,2474‖Pankratz
S,4,2475‖Gadd
S,4,2480‖Patrick
S,4,2481‖Duncan
S,4,2481‖Mccutcheon
S,4,2481‖Balde
S,4,2486‖Mcguire
S,4,2486‖Evans
S,4,2490‖Labbie
S,4,2492‖Russell
S,4,2493‖Thompson
S,4,2494‖Sloan
S,4,2494‖Duplessis
S,4,2494‖Huseth
S,4,2495‖Millsap
S,4,2499‖Thompson
S,5,2500‖Sorensen
S,5,2503‖Wolsted
S,5,2503‖Thompson
S,5,2504‖Marchand
S,5,2509‖Henry
S,5,2515‖Powell
S,5,2516‖Brunk
S,5,2519‖Rogers
S,5,2520‖Salinas
S,5,2521‖Mcgowan
S,5,2524‖Rowell
S,5,2529‖Herbert
S,5,2530‖Roush
S,5,2530‖Hill
S,5,2531‖Wright
S,5,2546‖Edison
S,5,2547‖Confalone
S,5,2547‖Rice
S,5,2560‖Rinehart
S,5,2563‖Buster
S,5,2565‖Mendoza
S,5,2566‖Hill
S,5,2569‖Coleman
S,5,2570‖Gordon
S,5,2575‖Lloyd
S,5,2577‖Barnes
S,5,2580‖Chase
S,5,2580‖Caruso
S,5,2584‖Hema
S,5,2586‖Tvedt
S,5,2587‖Jensen
S,5,2588‖Freeman
S,5,2593‖Olson
S,5,2594‖Schreffler
S,5,2595‖Connell
S,5,2597‖Chavis
S,5,2598‖Donley
S,5,2599‖Kelly
S,5,2600‖Nichols
S,5,2604‖Espino
S,5,2605‖Federico
S,5,2607‖Gerleman
S,5,2609‖Lyon
S,5,2610‖Grant
S,5,2615‖Brummell
S,5,2616‖Atkinson
S,5,2616‖Hobbs
S,5,2618‖Reeves
S,5,2618‖Colon
S,5,2621‖Jensen
S,5,2623‖Woolley
S,5,2623‖Vance
S,5,2623‖Spencer
S,5,2626‖Price
S,5,2626‖Portis
S,5,2627‖Ciaburri
S,5,2629‖Dominguez
S,5,2630‖Taylor
S,5,2630‖Stanley
S,5,2636‖Harris
S,5,2638‖Benton
S,5,2639‖Wright
S,5,2640‖Gardner
S,5,2645‖Willey
S,5,2648‖Shea
S,5,2649‖Penland
S,5,2649‖Garcia
S,5,2650‖Jensen
S,5,2652‖Quinn
S,5,2654‖Bernal
S,5,2655‖Labrum
S,5,2656‖Heslop
S,5,2656‖Jean
S,5,2660‖Buikema
S,5,2661‖Halvorson
S,5,2662‖Scott
S,5,2668‖Rogers
S,5,2671‖Carney
S,5,2672‖Odonnell
S,5,2677‖Gaskin
S,5,2677‖Hill
S,5,2679‖Fuqua
S,5,2680‖Marzett
S,5,2687‖Dias
S,5,2691‖Schafer
S,5,2693‖Richardson
S,5,2694‖Clifton
S,5,2694‖Mitchell
S,5,2694‖Holman
S,5,2694‖Hudson
S,5,2698‖Leonard
S,5,2700‖Emory
S,5,2701‖Hall
S,5,2701‖Greene
S,5,2701‖Harris
S,5,2703‖Fry
S,5,2704‖Marshall
S,5,2705‖Grimes
S,5,2705‖Brittain
S,5,2709‖Snyder
S,5,2710‖Deutsch
S,5,2712‖Kellar
S,5,2715‖Perry
S,5,2718‖Butler
S,5,2725‖Wagner
S,5,2726‖Atkins
S,5,2726‖Roberts
S,5,2727‖Jackson
S,5,2729‖Martin
S,5,2734‖Young
S,5,2736‖Feller
S,5,2738‖Eldred
S,5,2740‖Warren
S,5,2742‖Havercroft
S,5,2743‖Jimenez
S,5,2744‖Joseph
S,5,2744‖Miller
S,5,2755‖Vanwassenhove
S,5,2759‖Deshayes
S,5,2759‖Hayden
S,5,2759‖Kassner
S,5,2760‖Stone
S,5,2761‖Cross
S,5,2765‖Secrist
S,5,2771‖Steveson
S,5,2772‖Bolen
S,5,2774‖Coleman
S,5,2775‖Brewer
S,5,2778‖Magallan
S,5,2780‖Case
S,5,2784‖Underwood
S,5,2787‖Johnson
S,5,2791‖Kenon
S,5,2797‖Klyce
S,5,2798‖Corradino
S,5,2799‖Harris
S,5,2801‖Mares
S,5,2805‖Ott
S,5,2809‖Sanderlin
S,5,2810‖Hodgdon
S,5,2811‖Davis
S,5,2812‖Driver
S,5,2814‖Crabtree
S,5,2815‖Poteat
S,5,2820‖Shipley
S,5,2824‖Kimbrough
S,5,2825‖Mcguire
S,5,2827‖Greenspan
S,5,2828‖Lieb
S,5,2831‖Brown
S,5,2832‖Forbes
S,5,2834‖Cody
S,5,2836‖Smith
S,5,2837‖Harris
S,5,2840‖Watson
S,5,2841‖Marsaw
S,5,2842‖Barker
S,5,2843‖Lewis
S,5,2846‖Clantz
S,5,2848‖Abramowski
S,5,2850‖Durkin
S,5,2854‖Sonoski
S,5,2857‖Hanna
S,5,2859‖Godbee
S,5,2860‖Goodwyn
S,5,2866‖Mims
S,5,2868‖Castro
S,5,2869‖Smith
S,5,2875‖Pinkham
S,5,2878‖Jackson
S,5,2879‖Destephen
S,5,2880‖Upchurch
S,5,2882‖Bender
S,5,2883‖Cuomo
S,5,2884‖Provino
S,5,2886‖Bell
S,5,2888‖Bartkowiak
S,5,2890‖Mcgraw
S,5,2893‖Carr
S,5,2895‖Rees
S,5,2901‖Richert
S,5,2905‖Evans
S,5,2907‖Lavin
S,5,2913‖Morrone
S,5,2917‖Picken
S,5,2918‖Fogle
S,5,2919‖Fetzer
S,5,2920‖Davis
S,5,2921‖Jones
S,5,2921‖Andrews
S,5,2925‖Thomas
S,5,2926‖Ferretti
S,5,2927‖Green
S,5,2931‖Raymond
S,5,2935‖Mueller
S,5,2936‖Vallejos
S,5,2938‖Cookson
S,5,2945‖Watkins
S,5,2947‖Ramirez
S,5,2950‖Dunn
S,5,2950‖Wilkie
S,5,2958‖Cimini
S,5,2959‖Boudreau
S,5,2961‖Meade
S,5,2962‖Scott
S,5,2964‖Gladwin
S,5,2964‖Brown
S,5,2967‖Jenkins
S,5,2967‖Ingrum
S,5,2967‖Hugill
S,5,2968‖Estrada
S,5,2971‖Carter
S,5,2973‖Caya
S,5,2975‖Rice
S,5,2977‖Mickle
S,5,2978‖Benware
S,5,2978‖Buford
S,5,2981‖Johnson
S,5,2982‖Newberry
S,5,2983‖Monaghan
S,5,2986‖Mulvihill
