ID,count,nodeID
0,1,R0
1,1,R0
2,1,R0
3,1,R0
5,1,R0
8,1,R0
10,2,R0
11,1,R0
15,2,R0
17,1,R0
22,1,R0
24,1,R0
27,1,R0
29,1,R0
31,1,R0
32,2,R0
35,2,R0
40,1,R0
44,1,R0
47,1,R0
50,2,R0
51,1,R0
53,1,R0
59,1,R0
61,1,R0
65,2,R0
69,1,R0
70,1,R0
78,1,R0
85,1,R0
86,1,R0
88,1,R0
89,1,R0
90,1,R0
91,1,R0
94,1,R0
95,1,R0
97,1,R0
98,2,R0
100,1,R0
108,1,R0
112,1,R0
113,1,R0
114,1,R0
118,1,R0
120,1,R0
121,2,R0
123,1,R0
124,1,R0
125,2,R0
130,1,R0
131,2,R0
132,1,R0
136,1,R0
138,1,R0
139,1,R0
143,2,R0
149,2,R0
155,1,R0
157,1,R0
160,1,R0
164,3,R0
165,1,R0
167,1,R0
170,1,R0
171,2,R0
174,1,R0
176,1,R0
184,1,R0
189,1,R0
197,2,R0
201,1,R0
203,1,R0
204,1,R0
205,1,R0
213,1,R0
216,1,R0
217,2,R0
218,2,R0
222,1,R0
230,2,R0
232,1,R0
236,1,R0
244,1,R0
246,1,R0
248,1,R0
250,1,R0
256,2,R0
259,1,R0
262,1,R0
263,1,R0
265,2,R0
266,1,R0
267,1,R0
270,1,R0
272,2,R0
273,1,R0
276,2,R0
278,1,R0
279,1,R0
288,1,R0
290,1,R0
291,1,R0
300,1,R0
301,2,R0
305,1,R0
307,1,R0
309,1,R0
311,1,R0
314,1,R0
318,1,R0
320,1,R0
321,1,R0
322,1,R0
324,2,R0
335,1,R0
336,1,R0
340,1,R0
347,1,R0
351,1,R0
356,1,R0
359,1,R0
362,1,R0
364,1,R0
365,1,R0
374,1,R0
378,2,R0
379,2,R0
380,1,R0
384,1,R0
387,1,R0
395,2,R0
400,1,R0
405,1,R0
408,1,R0
409,1,R0
410,1,R0
412,2,R0
413,1,R0
415,1,R0
416,1,R0
417,2,R0
418,1,R0
419,1,R0
420,1,R0
421,2,R0
424,1,R0
425,1,R0
427,1,R0
429,1,R0
430,1,R0
431,1,R0
435,1,R0
436,1,R0
437,1,R0
439,1,R0
440,2,R0
441,1,R0
442,1,R0
446,1,R0
449,1,R0
451,1,R0
457,1,R0
458,1,R0
460,1,R0
462,2,R0
466,2,R0
468,2,R0
470,1,R0
473,1,R0
476,1,R0
477,3,R0
478,3,R0
481,1,R0
482,1,R0
483,1,R0
488,1,R0
489,1,R0
492,1,R0
494,1,R0
498,1,R0
1,1,S0
2,2,S0
6,1,S0
11,1,S0
17,1,S0
19,1,S0
21,1,S0
22,2,S0
23,1,S0
26,1,S0
27,1,S0
28,1,S0
30,1,S0
34,1,S0
40,1,S0
47,1,S0
48,1,S0
50,1,S0
54,2,S0
55,1,S0
57,2,S0
58,1,S0
59,1,S0
61,1,S0
62,1,S0
64,1,S0
65,1,S0
67,1,S0
68,2,S0
72,1,S0
75,2,S0
76,1,S0
77,1,S0
79,1,S0
80,1,S0
83,1,S0
84,1,S0
85,1,S0
90,1,S0
95,1,S0
98,1,S0
102,2,S0
105,1,S0
106,1,S0
112,1,S0
113,2,S0
120,1,S0
122,1,S0
125,1,S0
129,1,S0
130,1,S0
132,1,S0
138,1,S0
140,1,S0
143,1,S0
145,1,S0
148,1,S0
149,1,S0
151,1,S0
153,1,S0
155,1,S0
156,1,S0
158,1,S0
160,1,S0
162,1,S0
165,1,S0
168,1,S0
170,1,S0
172,1,S0
176,1,S0
177,2,S0
179,1,S0
185,1,S0
186,1,S0
188,1,S0
190,2,S0
198,1,S0
201,2,S0
203,1,S0
204,1,S0
208,1,S0
213,2,S0
220,1,S0
222,1,S0
223,1,S0
224,1,S0
228,1,S0
238,1,S0
239,1,S0
243,1,S0
252,1,S0
257,1,S0
259,1,S0
264,1,S0
268,1,S0
272,1,S0
276,1,S0
278,1,S0
279,1,S0
282,1,S0
283,1,S0
284,1,S0
292,1,S0
295,1,S0
299,2,S0
302,1,S0
305,1,S0
306,2,S0
311,1,S0
314,1,S0
317,1,S0
318,1,S0
322,1,S0
333,1,S0
340,1,S0
345,1,S0
346,1,S0
347,1,S0
348,1,S0
349,2,S0
350,1,S0
351,1,S0
353,1,S0
362,1,S0
364,1,S0
365,1,S0
366,1,S0
367,1,S0
369,1,S0
373,2,S0
374,1,S0
376,1,S0
379,2,S0
382,2,S0
383,1,S0
391,1,S0
392,1,S0
394,1,S0
395,2,S0
398,2,S0
403,1,S0
407,1,S0
408,1,S0
413,1,S0
418,2,S0
419,1,S0
424,1,S0
425,1,S0
431,1,S0
442,1,S0
445,1,S0
447,1,S0
450,1,S0
459,1,S0
460,1,S0
462,1,S0
463,1,S0
466,2,S0
471,1,S0
476,1,S0
477,1,S0
478,1,S0
480,1,S0
481,1,S0
482,2,S0
483,1,S0
485,1,S0
486,1,S0
487,1,S0
488,1,S0
490,1,S0
495,1,S0
498,1,S0
1,1,R1
2,1,R1
7,1,R1
12,1,R1
17,1,R1
18,1,R1
21,1,R1
22,1,R1
23,1,R1
24,1,R1
27,1,R1
29,1,R1
32,2,R1
33,1,R1
35,1,R1
36,1,R1
38,1,R1
42,1,R1
44,1,R1
52,1,R1
53,1,R1
54,1,R1
55,1,R1
57,1,R1
58,1,R1
60,1,R1
63,1,R1
64,2,R1
66,1,R1
71,1,R1
77,1,R1
82,1,R1
85,1,R1
92,1,R1
93,1,R1
97,1,R1
102,1,R1
104,1,R1
110,1,R1
111,1,R1
113,1,R1
114,2,R1
122,1,R1
123,1,R1
126,1,R1
128,1,R1
129,1,R1
130,2,R1
132,1,R1
133,1,R1
137,1,R1
138,1,R1
150,1,R1
151,2,R1
152,1,R1
153,2,R1
157,1,R1
158,1,R1
159,2,R1
161,1,R1
163,1,R1
165,2,R1
166,2,R1
167,1,R1
170,1,R1
171,1,R1
172,1,R1
173,1,R1
174,1,R1
177,1,R1
180,1,R1
188,2,R1
190,1,R1
193,1,R1
194,1,R1
202,1,R1
205,1,R1
206,1,R1
207,1,R1
208,1,R1
210,1,R1
212,1,R1
219,1,R1
224,1,R1
225,1,R1
226,1,R1
227,1,R1
228,1,R1
229,1,R1
232,1,R1
234,1,R1
235,2,R1
236,1,R1
239,1,R1
249,1,R1
251,1,R1
256,1,R1
259,1,R1
268,1,R1
272,1,R1
273,2,R1
275,1,R1
277,2,R1
278,1,R1
281,1,R1
286,1,R1
290,1,R1
295,1,R1
296,3,R1
297,1,R1
298,1,R1
299,1,R1
306,2,R1
311,1,R1
313,1,R1
318,1,R1
319,1,R1
320,2,R1
323,2,R1
325,1,R1
326,1,R1
327,1,R1
329,1,R1
330,1,R1
340,1,R1
342,2,R1
346,1,R1
347,1,R1
351,1,R1
352,2,R1
353,1,R1
354,1,R1
355,1,R1
367,1,R1
372,1,R1
377,1,R1
381,1,R1
382,1,R1
384,1,R1
388,1,R1
390,1,R1
393,1,R1
396,2,R1
398,1,R1
399,2,R1
401,1,R1
407,1,R1
414,2,R1
416,1,R1
419,1,R1
424,1,R1
430,1,R1
431,1,R1
435,1,R1
438,2,R1
439,1,R1
440,1,R1
442,1,R1
444,1,R1
446,2,R1
447,1,R1
450,1,R1
452,1,R1
455,1,R1
457,1,R1
459,1,R1
460,1,R1
461,1,R1
467,1,R1
469,1,R1
470,1,R1
471,1,R1
472,1,R1
476,1,R1
482,1,R1
483,1,R1
488,1,R1
489,1,R1
490,2,R1
493,1,R1
495,1,R1
4,2,S1
6,1,S1
7,1,S1
10,1,S1
16,1,S1
17,1,S1
18,1,S1
19,1,S1
23,1,S1
27,1,S1
29,2,S1
30,1,S1
36,1,S1
37,1,S1
38,1,S1
44,1,S1
45,1,S1
47,1,S1
51,1,S1
55,1,S1
58,1,S1
60,1,S1
66,1,S1
67,1,S1
68,1,S1
69,1,S1
71,1,S1
77,1,S1
78,1,S1
80,1,S1
82,1,S1
84,1,S1
85,1,S1
89,1,S1
92,1,S1
93,1,S1
94,1,S1
97,2,S1
102,1,S1
106,1,S1
113,2,S1
114,1,S1
117,1,S1
118,1,S1
120,2,S1
124,1,S1
125,1,S1
129,1,S1
130,1,S1
133,1,S1
138,1,S1
151,1,S1
153,1,S1
154,1,S1
159,2,S1
161,1,S1
163,1,S1
164,1,S1
165,2,S1
166,1,S1
169,1,S1
170,1,S1
171,3,S1
172,1,S1
180,1,S1
182,1,S1
184,1,S1
186,1,S1
188,1,S1
191,2,S1
193,1,S1
195,1,S1
196,1,S1
198,1,S1
200,1,S1
204,2,S1
211,1,S1
214,1,S1
215,1,S1
220,1,S1
223,1,S1
225,2,S1
226,1,S1
229,1,S1
230,1,S1
231,1,S1
232,1,S1
234,1,S1
235,1,S1
237,1,S1
238,1,S1
241,1,S1
243,1,S1
255,1,S1
258,2,S1
260,1,S1
265,2,S1
266,1,S1
270,1,S1
272,1,S1
273,2,S1
275,1,S1
276,1,S1
277,1,S1
278,1,S1
281,1,S1
282,2,S1
285,1,S1
287,1,S1
289,2,S1
296,2,S1
297,1,S1
303,2,S1
305,1,S1
307,2,S1
308,1,S1
309,1,S1
310,1,S1
312,1,S1
314,1,S1
322,1,S1
323,1,S1
324,2,S1
333,2,S1
336,1,S1
339,1,S1
340,1,S1
342,1,S1
354,1,S1
355,1,S1
356,1,S1
357,2,S1
360,1,S1
362,1,S1
369,1,S1
370,2,S1
378,2,S1
386,1,S1
387,1,S1
389,1,S1
396,1,S1
399,1,S1
400,1,S1
401,1,S1
406,1,S1
407,1,S1
408,1,S1
410,1,S1
411,1,S1
415,1,S1
417,1,S1
418,1,S1
421,1,S1
423,1,S1
424,1,S1
427,1,S1
431,1,S1
432,1,S1
438,1,S1
439,2,S1
440,1,S1
442,1,S1
443,1,S1
444,2,S1
446,1,S1
455,2,S1
456,2,S1
457,1,S1
461,1,S1
462,1,S1
464,1,S1
465,2,S1
466,1,S1
467,1,S1
470,1,S1
475,1,S1
478,1,S1
479,3,S1
485,1,S1
488,2,S1
495,1,S1
1,1,R2
2,1,R2
4,1,R2
6,1,R2
7,2,R2
8,1,R2
10,1,R2
11,1,R2
12,1,R2
14,2,R2
17,1,R2
19,3,R2
25,2,R2
27,1,R2
30,1,R2
36,1,R2
37,1,R2
38,1,R2
41,2,R2
43,2,R2
46,2,R2
48,1,R2
51,3,R2
53,1,R2
54,1,R2
56,1,R2
57,1,R2
67,1,R2
71,1,R2
74,1,R2
75,1,R2
77,1,R2
82,2,R2
84,1,R2
92,1,R2
93,1,R2
94,1,R2
95,1,R2
96,3,R2
101,1,R2
102,1,R2
106,1,R2
109,1,R2
110,1,R2
113,1,R2
117,2,R2
119,1,R2
120,1,R2
121,1,R2
123,1,R2
124,1,R2
126,1,R2
128,1,R2
134,2,R2
137,1,R2
140,2,R2
142,1,R2
143,1,R2
148,1,R2
154,1,R2
158,1,R2
160,1,R2
162,1,R2
163,1,R2
167,2,R2
169,1,R2
170,2,R2
172,1,R2
173,1,R2
176,1,R2
177,1,R2
178,2,R2
180,1,R2
182,1,R2
184,1,R2
186,2,R2
187,1,R2
190,1,R2
192,1,R2
198,2,R2
208,1,R2
220,1,R2
223,2,R2
225,1,R2
226,1,R2
228,1,R2
229,1,R2
233,1,R2
237,1,R2
238,1,R2
239,2,R2
244,1,R2
249,1,R2
251,1,R2
252,1,R2
253,1,R2
257,1,R2
259,2,R2
271,1,R2
275,1,R2
276,1,R2
278,1,R2
279,1,R2
282,1,R2
289,1,R2
292,1,R2
298,1,R2
299,1,R2
302,1,R2
303,1,R2
304,1,R2
305,1,R2
307,1,R2
308,1,R2
310,1,R2
313,2,R2
314,1,R2
315,1,R2
318,1,R2
321,1,R2
324,2,R2
328,1,R2
330,1,R2
332,1,R2
336,2,R2
339,1,R2
342,2,R2
344,1,R2
345,1,R2
346,1,R2
347,1,R2
348,1,R2
352,2,R2
358,1,R2
362,1,R2
366,2,R2
370,1,R2
373,1,R2
375,2,R2
376,2,R2
377,1,R2
378,1,R2
379,1,R2
381,1,R2
382,1,R2
386,1,R2
389,2,R2
390,2,R2
391,1,R2
392,1,R2
393,1,R2
395,2,R2
398,1,R2
399,1,R2
400,1,R2
402,1,R2
403,1,R2
410,1,R2
411,2,R2
414,1,R2
415,1,R2
416,1,R2
418,1,R2
421,2,R2
423,1,R2
424,1,R2
426,1,R2
428,1,R2
432,1,R2
435,1,R2
437,1,R2
438,1,R2
443,1,R2
444,2,R2
448,1,R2
451,1,R2
453,2,R2
456,1,R2
457,1,R2
459,3,R2
463,1,R2
468,1,R2
475,1,R2
480,1,R2
482,1,R2
484,1,R2
486,1,R2
1,1,S2
4,1,S2
7,2,S2
10,2,S2
11,1,S2
12,1,S2
14,1,S2
15,1,S2
23,1,S2
24,1,S2
25,1,S2
27,2,S2
32,1,S2
33,1,S2
35,1,S2
36,1,S2
40,1,S2
44,1,S2
50,1,S2
52,1,S2
53,1,S2
58,1,S2
71,1,S2
73,1,S2
74,1,S2
75,1,S2
80,1,S2
82,1,S2
83,1,S2
88,2,S2
90,2,S2
91,1,S2
95,1,S2
96,1,S2
100,1,S2
104,1,S2
105,1,S2
107,1,S2
108,1,S2
111,1,S2
114,1,S2
119,1,S2
121,1,S2
126,1,S2
128,2,S2
129,2,S2
132,2,S2
133,1,S2
139,1,S2
140,1,S2
141,1,S2
143,1,S2
144,1,S2
147,1,S2
152,1,S2
157,1,S2
158,1,S2
159,1,S2
160,1,S2
164,1,S2
165,1,S2
167,1,S2
169,2,S2
176,1,S2
178,1,S2
180,2,S2
181,1,S2
187,1,S2
189,1,S2
190,2,S2
196,1,S2
197,1,S2
198,1,S2
205,1,S2
207,2,S2
211,1,S2
217,2,S2
218,1,S2
219,1,S2
226,1,S2
227,3,S2
228,1,S2
230,1,S2
232,1,S2
236,1,S2
239,1,S2
240,1,S2
246,1,S2
247,1,S2
249,1,S2
253,1,S2
254,1,S2
259,2,S2
263,1,S2
267,1,S2
268,2,S2
270,1,S2
271,2,S2
273,1,S2
276,1,S2
277,1,S2
281,2,S2
285,1,S2
290,3,S2
300,1,S2
305,1,S2
311,1,S2
313,1,S2
315,1,S2
316,1,S2
317,1,S2
320,1,S2
323,1,S2
327,1,S2
329,1,S2
330,1,S2
338,1,S2
340,2,S2
344,1,S2
346,1,S2
351,1,S2
352,1,S2
355,1,S2
358,1,S2
361,1,S2
371,1,S2
372,1,S2
376,2,S2
378,2,S2
380,1,S2
381,1,S2
384,1,S2
385,1,S2
390,1,S2
393,1,S2
394,1,S2
399,2,S2
402,1,S2
404,2,S2
405,1,S2
410,2,S2
412,1,S2
414,2,S2
415,1,S2
416,1,S2
417,1,S2
424,1,S2
427,1,S2
432,1,S2
433,2,S2
435,1,S2
437,2,S2
442,1,S2
444,1,S2
445,1,S2
446,1,S2
447,1,S2
448,2,S2
449,1,S2
450,1,S2
452,1,S2
453,2,S2
459,1,S2
460,1,S2
461,1,S2
464,2,S2
467,2,S2
468,2,S2
484,1,S2
485,1,S2
489,3,S2
492,1,S2
494,1,S2
495,1,S2
498,1,S2
499,1,S2
6,1,R3
8,1,R3
11,1,R3
13,1,R3
17,1,R3
19,1,R3
21,2,R3
22,1,R3
27,1,R3
33,1,R3
34,1,R3
39,1,R3
40,2,R3
50,1,R3
58,1,R3
61,1,R3
65,1,R3
66,1,R3
68,1,R3
69,1,R3
73,1,R3
76,1,R3
80,2,R3
81,1,R3
83,1,R3
88,1,R3
90,1,R3
92,1,R3
93,1,R3
94,1,R3
96,1,R3
97,1,R3
98,1,R3
102,2,R3
105,2,R3
106,1,R3
107,1,R3
108,1,R3
115,1,R3
117,1,R3
119,1,R3
129,1,R3
135,1,R3
138,1,R3
139,1,R3
140,1,R3
141,2,R3
146,1,R3
149,1,R3
151,1,R3
154,1,R3
157,2,R3
158,1,R3
161,1,R3
164,1,R3
165,1,R3
168,1,R3
169,2,R3
172,1,R3
175,1,R3
179,1,R3
180,1,R3
183,1,R3
185,1,R3
186,1,R3
190,1,R3
191,1,R3
197,1,R3
198,2,R3
199,1,R3
200,1,R3
201,1,R3
204,2,R3
213,1,R3
214,1,R3
221,2,R3
222,1,R3
223,2,R3
226,1,R3
227,1,R3
231,1,R3
232,1,R3
240,1,R3
241,2,R3
243,2,R3
245,1,R3
247,1,R3
252,1,R3
255,1,R3
260,1,R3
261,1,R3
265,2,R3
266,1,R3
270,1,R3
273,1,R3
274,2,R3
276,1,R3
277,1,R3
281,1,R3
282,1,R3
283,1,R3
284,1,R3
285,1,R3
294,1,R3
301,1,R3
304,1,R3
305,1,R3
306,1,R3
311,1,R3
313,1,R3
314,2,R3
318,1,R3
325,1,R3
326,1,R3
333,1,R3
337,1,R3
340,1,R3
341,1,R3
343,1,R3
346,1,R3
348,1,R3
349,3,R3
350,1,R3
351,2,R3
360,1,R3
363,1,R3
367,1,R3
369,2,R3
374,1,R3
376,1,R3
379,1,R3
380,1,R3
388,1,R3
389,2,R3
391,1,R3
403,1,R3
404,1,R3
408,1,R3
416,1,R3
422,3,R3
423,1,R3
425,1,R3
433,1,R3
434,1,R3
438,1,R3
439,1,R3
444,1,R3
447,1,R3
450,1,R3
452,1,R3
454,1,R3
455,1,R3
456,1,R3
461,1,R3
466,1,R3
467,1,R3
477,1,R3
479,1,R3
481,1,R3
482,1,R3
483,1,R3
485,2,R3
487,1,R3
488,1,R3
489,1,R3
491,2,R3
494,1,R3
495,2,R3
497,1,R3
499,1,R3
8,1,S3
9,1,S3
10,1,S3
11,1,S3
14,1,S3
21,1,S3
22,2,S3
24,1,S3
30,1,S3
33,2,S3
35,1,S3
37,1,S3
40,1,S3
41,1,S3
43,2,S3
45,1,S3
46,3,S3
50,1,S3
51,2,S3
53,1,S3
54,1,S3
56,1,S3
57,1,S3
64,1,S3
65,1,S3
66,1,S3
70,1,S3
78,1,S3
82,1,S3
89,2,S3
93,3,S3
94,2,S3
96,1,S3
98,1,S3
99,1,S3
106,1,S3
110,1,S3
111,1,S3
114,1,S3
116,1,S3
118,1,S3
119,2,S3
121,1,S3
127,1,S3
128,2,S3
134,2,S3
135,1,S3
137,2,S3
138,1,S3
142,1,S3
143,1,S3
146,1,S3
149,1,S3
150,1,S3
153,1,S3
158,1,S3
160,1,S3
166,1,S3
169,1,S3
170,1,S3
172,1,S3
174,1,S3
175,1,S3
182,1,S3
184,1,S3
186,1,S3
193,1,S3
194,1,S3
195,1,S3
197,1,S3
201,1,S3
206,1,S3
212,1,S3
213,1,S3
216,1,S3
218,1,S3
221,1,S3
223,1,S3
224,1,S3
226,1,S3
229,1,S3
230,1,S3
231,1,S3
232,1,S3
235,1,S3
239,1,S3
240,1,S3
241,1,S3
243,1,S3
244,2,S3
246,1,S3
252,1,S3
256,1,S3
257,1,S3
261,1,S3
265,2,S3
267,1,S3
269,1,S3
270,1,S3
275,2,S3
276,1,S3
279,1,S3
280,1,S3
283,1,S3
286,1,S3
289,1,S3
294,1,S3
296,1,S3
298,1,S3
299,1,S3
300,1,S3
301,2,S3
304,1,S3
306,1,S3
308,1,S3
310,1,S3
311,1,S3
313,1,S3
314,2,S3
318,1,S3
320,1,S3
321,1,S3
324,1,S3
326,1,S3
328,1,S3
329,1,S3
336,2,S3
338,1,S3
342,2,S3
343,1,S3
348,1,S3
352,1,S3
353,1,S3
354,3,S3
355,1,S3
356,2,S3
359,1,S3
363,1,S3
367,1,S3
369,1,S3
374,1,S3
375,1,S3
377,2,S3
379,2,S3
380,1,S3
381,1,S3
384,1,S3
385,1,S3
388,1,S3
389,2,S3
391,1,S3
395,1,S3
396,1,S3
409,1,S3
416,1,S3
418,1,S3
419,1,S3
422,1,S3
428,1,S3
430,1,S3
431,2,S3
436,1,S3
438,1,S3
440,2,S3
441,1,S3
448,1,S3
449,1,S3
451,1,S3
452,1,S3
458,1,S3
459,1,S3
463,1,S3
467,1,S3
468,2,S3
469,1,S3
470,1,S3
472,1,S3
473,1,S3
477,1,S3
478,1,S3
480,2,S3
483,1,S3
491,1,S3
492,1,S3
3,1,R4
10,1,R4
16,1,R4
20,1,R4
21,1,R4
22,1,R4
23,1,R4
24,1,R4
28,1,R4
30,2,R4
33,1,R4
41,1,R4
43,1,R4
45,1,R4
47,1,R4
48,1,R4
49,1,R4
54,1,R4
55,1,R4
56,1,R4
57,2,R4
60,1,R4
66,1,R4
68,1,R4
71,2,R4
75,2,R4
78,2,R4
89,1,R4
94,1,R4
97,1,R4
99,1,R4
100,1,R4
106,1,R4
111,1,R4
113,1,R4
118,1,R4
127,1,R4
128,2,R4
129,2,R4
132,1,R4
139,1,R4
144,2,R4
147,2,R4
152,1,R4
153,1,R4
156,1,R4
159,1,R4
160,2,R4
172,1,R4
173,1,R4
175,1,R4
178,1,R4
180,1,R4
182,1,R4
184,1,R4
187,1,R4
188,1,R4
190,1,R4
191,1,R4
195,3,R4
196,1,R4
201,2,R4
206,1,R4
207,1,R4
211,2,R4
216,1,R4
218,1,R4
220,2,R4
227,2,R4
230,1,R4
232,1,R4
237,1,R4
239,1,R4
242,1,R4
243,1,R4
246,1,R4
252,1,R4
260,1,R4
261,2,R4
264,2,R4
267,1,R4
268,2,R4
269,1,R4
280,1,R4
282,1,R4
285,2,R4
287,1,R4
293,1,R4
295,1,R4
297,1,R4
299,1,R4
300,1,R4
306,1,R4
308,1,R4
315,1,R4
317,1,R4
322,1,R4
325,1,R4
326,1,R4
329,2,R4
332,1,R4
333,2,R4
338,1,R4
340,1,R4
346,1,R4
349,1,R4
353,1,R4
354,2,R4
355,1,R4
356,3,R4
357,1,R4
361,1,R4
362,1,R4
364,1,R4
366,1,R4
369,1,R4
370,1,R4
373,1,R4
374,1,R4
377,1,R4
378,1,R4
386,1,R4
387,1,R4
398,1,R4
399,1,R4
400,1,R4
406,1,R4
408,1,R4
412,1,R4
413,1,R4
414,1,R4
415,2,R4
418,1,R4
427,1,R4
431,1,R4
433,1,R4
440,1,R4
445,1,R4
446,1,R4
447,1,R4
448,1,R4
449,2,R4
451,1,R4
453,2,R4
463,1,R4
464,1,R4
465,2,R4
466,1,R4
467,2,R4
468,1,R4
469,1,R4
475,1,R4
479,1,R4
480,1,R4
483,1,R4
486,1,R4
491,1,R4
492,1,R4
494,1,R4
495,1,R4
496,1,R4
498,1,R4
0,2,S4
1,1,S4
2,1,S4
3,2,S4
8,1,S4
11,1,S4
12,1,S4
13,2,S4
16,1,S4
17,2,S4
19,1,S4
32,2,S4
33,1,S4
37,1,S4
38,1,S4
39,1,S4
41,1,S4
43,1,S4
47,1,S4
48,1,S4
50,1,S4
51,1,S4
55,1,S4
57,1,S4
60,1,S4
61,3,S4
71,1,S4
76,1,S4
78,1,S4
81,2,S4
85,1,S4
88,1,S4
89,1,S4
90,1,S4
92,2,S4
97,1,S4
100,1,S4
104,1,S4
108,1,S4
109,1,S4
110,1,S4
115,1,S4
121,1,S4
122,2,S4
123,1,S4
126,1,S4
132,1,S4
133,1,S4
136,1,S4
141,1,S4
144,1,S4
149,1,S4
151,2,S4
153,1,S4
157,1,S4
158,1,S4
159,1,S4
161,1,S4
167,2,S4
172,1,S4
173,2,S4
175,1,S4
178,2,S4
180,1,S4
183,1,S4
184,1,S4
186,1,S4
192,1,S4
195,1,S4
197,1,S4
201,1,S4
204,1,S4
206,1,S4
208,1,S4
216,1,S4
223,1,S4
227,1,S4
231,1,S4
232,1,S4
237,2,S4
242,1,S4
245,1,S4
248,1,S4
250,1,S4
251,1,S4
252,1,S4
256,1,S4
261,3,S4
262,1,S4
272,1,S4
273,1,S4
274,3,S4
277,1,S4
285,1,S4
286,1,S4
287,2,S4
293,1,S4
295,1,S4
297,1,S4
302,1,S4
306,1,S4
308,1,S4
313,1,S4
318,1,S4
321,1,S4
324,1,S4
326,2,S4
329,2,S4
330,1,S4
331,1,S4
334,1,S4
335,1,S4
337,1,S4
341,1,S4
347,1,S4
349,2,S4
351,1,S4
352,1,S4
355,1,S4
356,1,S4
362,1,S4
363,1,S4
364,1,S4
366,1,S4
368,1,S4
374,1,S4
377,1,S4
383,1,S4
384,1,S4
386,2,S4
387,1,S4
390,1,S4
393,2,S4
395,1,S4
396,1,S4
397,1,S4
398,1,S4
408,1,S4
410,1,S4
413,1,S4
414,2,S4
416,1,S4
421,2,S4
422,2,S4
423,1,S4
425,1,S4
429,1,S4
434,1,S4
435,1,S4
439,1,S4
440,1,S4
441,1,S4
447,1,S4
449,1,S4
451,1,S4
453,1,S4
454,1,S4
457,2,S4
460,1,S4
461,1,S4
466,1,S4
469,1,S4
470,1,S4
473,1,S4
474,1,S4
475,1,S4
476,1,S4
477,1,S4
480,1,S4
482,1,S4
483,1,S4
488,1,S4
490,1,S4
497,1,S4
0,1,R5
2,1,R5
4,2,R5
6,1,R5
9,1,R5
11,1,R5
12,2,R5
13,2,R5
16,1,R5
18,2,R5
23,1,R5
24,1,R5
26,1,R5
33,1,R5
35,1,R5
37,2,R5
38,1,R5
40,1,R5
41,1,R5
42,1,R5
45,1,R5
46,1,R5
47,1,R5
50,1,R5
55,2,R5
58,2,R5
61,2,R5
62,1,R5
66,1,R5
67,3,R5
68,1,R5
72,1,R5
76,1,R5
79,1,R5
80,1,R5
81,1,R5
83,1,R5
84,1,R5
85,1,R5
87,1,R5
88,2,R5
89,2,R5
90,2,R5
93,1,R5
103,1,R5
104,1,R5
105,1,R5
106,1,R5
108,1,R5
116,1,R5
119,2,R5
120,1,R5
122,2,R5
125,2,R5
132,1,R5
133,2,R5
145,1,R5
150,1,R5
151,1,R5
153,1,R5
158,1,R5
159,1,R5
169,1,R5
181,1,R5
186,1,R5
193,1,R5
196,1,R5
203,1,R5
204,1,R5
207,1,R5
209,1,R5
210,1,R5
213,1,R5
215,1,R5
218,1,R5
220,1,R5
222,1,R5
224,1,R5
225,1,R5
231,2,R5
237,1,R5
238,1,R5
240,1,R5
241,1,R5
244,1,R5
254,1,R5
257,1,R5
258,2,R5
261,1,R5
263,1,R5
267,1,R5
270,1,R5
271,1,R5
272,1,R5
274,1,R5
275,2,R5
277,1,R5
281,1,R5
283,1,R5
286,1,R5
287,2,R5
289,2,R5
290,1,R5
295,2,R5
296,1,R5
302,1,R5
303,1,R5
308,1,R5
310,2,R5
311,1,R5
312,1,R5
316,1,R5
317,1,R5
320,1,R5
329,1,R5
331,2,R5
334,1,R5
336,1,R5
338,1,R5
354,1,R5
355,2,R5
357,2,R5
361,1,R5
363,1,R5
367,1,R5
368,1,R5
369,1,R5
371,1,R5
372,1,R5
383,2,R5
384,1,R5
385,2,R5
386,1,R5
388,1,R5
393,2,R5
394,2,R5
396,1,R5
397,1,R5
401,1,R5
402,1,R5
404,1,R5
407,1,R5
410,2,R5
412,1,R5
418,1,R5
419,1,R5
420,1,R5
431,1,R5
432,1,R5
441,1,R5
442,1,R5
445,1,R5
447,1,R5
448,1,R5
449,1,R5
454,1,R5
457,1,R5
460,1,R5
461,1,R5
464,2,R5
465,1,R5
470,2,R5
473,1,R5
474,1,R5
479,1,R5
480,2,R5
485,1,R5
486,1,R5
488,1,R5
492,2,R5
2,1,S5
5,1,S5
6,1,S5
8,1,S5
12,2,S5
13,1,S5
15,1,S5
18,2,S5
19,1,S5
20,1,S5
21,2,S5
24,2,S5
25,1,S5
31,1,S5
32,1,S5
35,2,S5
38,1,S5
40,1,S5
41,2,S5
42,2,S5
49,1,S5
53,1,S5
55,1,S5
56,1,S5
58,1,S5
63,1,S5
65,1,S5
66,2,S5
67,2,S5
69,1,S5
71,1,S5
86,1,S5
87,1,S5
88,1,S5
94,1,S5
96,2,S5
97,1,S5
98,1,S5
101,1,S5
102,1,S5
103,1,S5
105,1,S5
106,1,S5
108,1,S5
117,2,S5
119,1,S5
123,2,S5
124,1,S5
125,2,S5
130,1,S5
131,2,S5
139,2,S5
140,1,S5
147,1,S5
150,1,S5
152,1,S5
154,1,S5
157,2,S5
160,1,S5
163,1,S5
164,2,S5
167,1,S5
170,1,S5
173,1,S5
174,1,S5
187,1,S5
188,1,S5
198,1,S5
199,1,S5
202,1,S5
203,1,S5
205,1,S5
207,1,S5
209,1,S5
210,2,S5
218,2,S5
220,2,S5
221,1,S5
222,2,S5
225,1,S5
233,1,S5
236,1,S5
239,1,S5
241,1,S5
244,1,S5
249,1,S5
251,1,S5
256,1,S5
259,1,S5
260,1,S5
263,1,S5
264,1,S5
266,1,S5
267,1,S5
272,1,S5
275,1,S5
277,1,S5
278,1,S5
288,1,S5
291,1,S5
295,2,S5
296,1,S5
298,1,S5
301,1,S5
304,1,S5
310,1,S5
311,1,S5
313,1,S5
315,1,S5
318,1,S5
319,1,S5
320,2,S5
325,3,S5
331,1,S5
332,2,S5
336,1,S5
342,1,S5
346,2,S5
347,1,S5
351,1,S5
352,1,S5
357,1,S5
361,1,S5
366,1,S5
367,1,S5
369,1,S5
372,1,S5
375,1,S5
388,2,S5
389,1,S5
390,1,S5
393,1,S5
399,1,S5
400,2,S5
401,1,S5
402,1,S5
403,1,S5
411,1,S5
412,3,S5
415,2,S5
416,1,S5
419,1,S5
420,2,S5
421,1,S5
426,1,S5
430,1,S5
435,1,S5
438,2,S5
444,1,S5
446,2,S5
447,1,S5
449,1,S5
451,1,S5
453,1,S5
454,1,S5
457,1,S5
459,1,S5
465,1,S5
470,1,S5
477,1,S5
481,1,S5
482,1,S5
483,1,S5
486,2,S5
491,2,S5
492,2,S5
493,1,S5
494,2,S5
495,1,S5
496,1,S5
