ID,Surname
0,Ann
1,Marlene
2,Mary
3,Christopher
5,Janet
8,Kimberly
10,John
10,Lorenza
11,Clarence
15,Rosemary
15,Thomas
17,Kennith
22,Brandon
24,Marjorie
27,Rita
29,Grace
31,Sara
32,Christine
32,Pauline
35,Darryl
35,Barbara
40,Damon
44,Antonette
47,Tonya
50,Sarah
50,Rita
51,John
53,John
59,Jeanette
61,Melanie
65,Terence
65,Arthur
69,Tommy
70,Rhonda
78,Carl
85,Michael
86,Edith
88,Mary
89,Theodore
90,Julie
91,Christopher
94,Omar
95,Irene
97,Carrie
98,Mindy
98,Sandy
100,James
108,Samuel
112,Stephanie
113,Heather
114,Bertha
118,Michael
120,Kim
121,Alejandro
121,Marian
123,Michael
124,John
125,Paulette
125,Richard
130,Tara
131,Crystal
131,Ella
132,Michael
136,Adrienne
138,Harry
139,Vicki
143,Steven
143,George
149,Rachel
149,Holly
155,Toni
157,Ella
160,Darryl
164,Denise
164,Sally
164,Christopher
165,Diane
167,Joseph
170,Ralph
171,James
171,Kimberly
174,Casey
176,Samuel
184,Harold
189,Sonia
197,Waylon
197,Ryan
201,Bonnie
203,Sally
204,William
205,Rochelle
213,Rodolfo
216,Jerry
217,Veronica
217,Suzanne
218,Gilberto
218,Peter
222,Nancy
230,Robert
230,Jolene
232,Jason
236,Esther
244,Nicholas
246,Maurice
248,Venessa
250,Donna
256,Roland
256,Carlos
259,Patrick
262,Edgar
263,Cheryl
265,Ruth
265,Kimberly
266,Karl
267,Mary
270,John
272,Mary
272,Dorothy
273,Ruth
276,Theodore
276,Ryan
278,Steven
279,Eric
288,Myrtle
290,Susan
291,Charolette
300,Kelvin
301,Adam
301,Pamela
305,Donna
307,Mark
309,Mary
311,Karen
314,Crista
318,Ronald
320,Mary
321,Laura
322,Johnny
324,Margaret
324,Dolores
335,Marta
336,Charles
340,Mary
347,Gary
351,Benjamin
356,Joshua
359,Geraldine
362,George
364,Mark
365,Charles
374,James
378,William
378,Marie
379,Roger
379,Jose
380,Tamica
384,Robert
387,Johnny
395,Wanda
395,Stacey
400,Neil
405,Robert
408,Michael
409,Gertrude
410,Amanda
412,Thomas
412,Andrea
413,Ardis
415,Jerry
416,Jessica
417,James
417,Frances
418,Frederick
419,Jesse
420,Peter
421,Mary
421,Heather
424,Jeff
425,Rex
427,Delilah
429,Mark
430,Ray
431,John
435,Forrest
436,Marjorie
437,Marie
439,Raymond
440,Alfred
440,Michael
441,Charmaine
442,Emma
446,Hugo
449,Dewitt
451,Joyce
457,Lori
458,Lester
460,Amber
462,Amanda
462,William
466,Marianela
466,Hilary
468,Todd
468,Shirley
470,Annie
473,Glen
476,Kimberly
477,William
477,Debra
477,Keith
478,Glen
478,Priscilla
478,Larry
481,Judy
482,Rodney
483,Anthony
488,Jeri
489,Ronnie
492,Wanda
494,Adela
498,Edwardo
501,Greg
503,Mary
504,Ronnie
511,Earl
523,Nereida
524,Leslie
531,Augustine
537,Sophie
540,Katherine
544,Steven
553,John
560,Shawna
562,David
566,Yvonne
566,Cristal
570,Mary
573,Marc
574,Carmen
574,Sue
576,Bettye
578,Kevin
580,Kristina
585,Barbara
586,Kirby
592,Kelly
593,Kimberly
593,Stephen
595,Betty
597,Krista
599,Jennifer
603,Carolyn
608,Nannie
624,Warren
625,Ronald
625,Sean
629,Kristin
632,Rebecca
636,Daniel
637,Gregory
637,Kimberly
644,Albertine
644,Matthew
646,Evelyn
647,Florine
648,Carmen
650,Anne
652,Nicholas
655,Carolyn
662,Darren
663,Olivia
675,Pat
681,Dorothy
686,Andrew
686,Rebecca
687,Courtney
688,Vicki
691,Shirley
697,Ronald
697,Keith
697,Melissa
705,James
709,Frankie
709,Lisa
718,Patricia
721,Joshua
723,Valerie
726,Evan
726,Laura
727,Milton
728,James
730,Virginia
735,Jim
736,David
737,William
741,Laurel
743,Mary
749,Joseph
751,Timothy
752,Diane
761,Lori
762,Justin
762,Katherine
766,Jose
767,Mildred
770,Joel
776,Christopher
783,Gertude
788,Edward
789,Jenny
793,Anthony
794,Pamela
798,Stewart
804,Brian
805,Carol
812,Debra
812,Rebecca
813,Robert
814,Susan
815,Michelle
821,Lashonda
831,Caroline
833,Daniel
834,Jackie
836,Michael
837,Daniel
841,Steven
861,Sherry
862,Margaret
865,Manuel
867,Juan
870,Bart
871,Stanley
871,Paul
871,Nellie
876,Mary
877,Patricia
878,Marcelino
879,Kimberly
881,Donald
883,Diana
886,Albert
889,Karl
897,Crystal
898,John
898,Mary
901,Joseph
904,Garland
905,Anthony
906,Thomas
909,Charles
910,Edna
911,James
911,Bill
911,Robert
914,Mary
915,Mervin
916,Theresa
917,Karen
920,Shu
920,Dennis
920,Lois
924,Elizabeth
925,Robert
925,Diane
926,Ronald
928,Joshua
931,Frances
931,Jessie
934,Mark
935,Steven
935,Deborah
936,Diana
938,Rosalind
938,Frances
940,Tami
944,Tammy
944,Henry
949,George
950,Whitney
950,Janel
953,Dennis
955,Randall
958,Faye
958,Sonja
972,Maggie
973,James
976,Santiago
980,David
983,William
984,Julie
986,Earl
997,Nina
1000,Troy
1001,Mike
1002,Jose
1007,Elizabeth
1009,Fay
1013,Ronald
1014,Henrietta
1017,Barbara
1018,Terry
1019,Morgan
1021,Sandra
1024,Daniel
1025,Earl
1026,Jesse
1028,Mike
1030,Tamara
1031,Milagros
1034,Irwin
1034,Maria
1035,Theodora
1042,Lori
1043,Louie
1043,Sherry
1045,Mark
1049,Micheal
1051,Dana
1052,Jeannette
1053,Catherine
1055,Charles
1055,Willie
1058,Arlene
1060,Wayne
1064,Carlos
1067,Carolyn
1067,Carolyn
1070,Stephanie
1072,Melissa
1073,Juan
1077,Deanna
1078,James
1080,Richard
1084,Phillip
1084,Denise
1086,George
1087,Emerald
1097,Leonard
1106,Megan
1110,Sergio
1114,Jessica
1115,Glenda
1116,Charlotte
1117,Andrea
1118,Stephen
1119,Matthew
1119,Murray
1122,Alana
1127,Lamont
1128,Anne
1129,William
1129,Jim
1132,Jimmie
1139,Lois
1139,Darryl
1140,Roderick
1146,Dylan
1146,Paul
1147,Minnie
1150,Daniel
1153,Pete
1155,Hazel
1156,Mary
1157,Steve
1158,Joseph
1159,Lena
1161,Curtis
1165,Felicia
1171,Brenda
1174,Rachelle
1178,Samuel
1180,Daniel
1182,Tanya
1183,Earl
1183,Rena
1184,Jack
1187,Christopher
1187,Katherine
1188,Tina
1189,Jose
1191,Virgie
1193,Richard
1193,Blanche
1197,Yun
1200,Melissa
1202,Myra
1202,Scott
1204,Roland
1207,Johnny
1208,Charlie
1209,Patricia
1212,Jorge
1212,Eva
1220,Keith
1220,Elizabeth
1222,Kimberly
1224,Joe
1234,Kyle
1235,Marissa
1236,Deborah
1238,John
1241,Diana
1243,Glen
1246,Rudy
1248,Vivian
1250,Richard
1253,Chris
1254,Vicky
1256,Sandra
1257,Donald
1258,Peggy
1262,Katie
1266,Brittany
1271,Jeremy
1272,John
1273,Robert
1278,Helen
1279,Shawna
1279,John
1280,Louis
1282,Brenda
1286,Josephine
1286,Kathy
1289,Dale
1295,Jon
1297,Ian
1306,Willie
1318,Carol
1323,Elvia
1324,Lawrence
1325,Dixie
1332,Joy
1333,Robert
1333,Walter
1336,Audrey
1338,Charles
1342,Tony
1343,Frank
1348,Shelley
1349,Nicholas
1349,Jacqueline
1350,Francisco
1351,Leon
1360,Thurman
1363,Abby
1367,Sam
1369,Nancy
1369,Ronald
1370,Mary
1375,Donald
1380,Cynthia
1381,Roscoe
1382,Mike
1383,Joseph
1386,Robert
1390,Patricia
1391,Billie
1392,Thomas
1394,Jennifer
1395,Mark
1398,Stacy
1407,Mary
1407,Brenda
1410,Lisa
1410,Graciela
1413,Lucy
1416,Karen
1419,William
1420,Kent
1422,Ernest
1422,Shauna
1426,Linda
1427,Edna
1429,Vicki
1431,Clarence
1431,Patricia
1434,Erik
1434,Steve
1436,Robert
1440,Grace
1442,Jennifer
1442,Max
1444,Lupita
1461,Debra
1462,Michael
1462,Jeanette
1464,Charles
1465,Donald
1467,Valeria
1471,Chad
1481,Clifford
1483,Latrice
1484,Roberta
1484,Brenda
1484,Richard
1494,Robert
1494,Stacey
1499,Bobby
1502,Kimberly
1503,Laura
1504,Deborah
1504,William
1505,Kendall
1509,Evelyn
1514,Mary
1517,Mark
1519,Joseph
1522,Alvin
1527,Monique
1531,Herman
1532,Robin
1535,Walter
1535,Mario
1536,Tracy
1537,Joseph
1543,Michael
1544,Christopher
1546,Jason
1547,Erin
1547,John
1551,Fred
1553,Matthew
1558,Stacy
1558,Adam
1559,Raymond
1559,Pamela
1560,Charles
1562,Ramiro
1562,Ariel
1562,Edwin
1570,Brooke
1571,Sally
1571,Jerry
1573,Steven
1581,Jason
1585,Stephanie
1588,James
1589,Crystal
1591,Ronald
1592,Christine
1594,Ana
1596,Eva
1600,Thomas
1601,Mark
1604,Timothy
1605,Jennifer
1607,Jeffrey
1609,Joyce
1611,Lewis
1613,Thomas
1613,Gordon
1616,Lisa
1622,Mary
1624,Kimberlie
1625,Katherine
1625,Patricia
1627,Monika
1628,Daniel
1630,Ann
1631,Kristin
1635,Rosa
1636,Ian
1637,Elizabeth
1638,Alan
1638,Amy
1640,Sharon
1643,Esther
1643,Michele
1644,Archie
1646,Althea
1647,Kristen
1650,Matthew
1652,Edward
1653,Janet
1657,Nicholas
1659,Linda
1665,Judy
1674,Milagros
1675,Rose
1677,Leah
1677,Nancy
1679,Jacob
1680,Robert
1683,Ruth
1686,John
1689,Jennifer
1698,Richard
1701,John
1706,Maureen
1709,James
1712,Steve
1715,Charlene
1716,Andrew
1716,Marie
1717,Wesley
1717,Vincent
1718,Paul
1719,Sarah
1722,Lonnie
1727,Rachel
1727,Victoria
1729,Josephine
1732,Ruby
1735,Jason
1736,Evelyn
1741,Joann
1742,George
1745,Marlon
1745,Richard
1748,Ethel
1750,James
1751,Stacey
1755,Dorothy
1757,Dana
1757,Enrique
1758,Tabitha
1759,Robert
1762,Lily
1763,Rebecca
1766,Mitchell
1771,Pedro
1772,Glen
1775,Blanca
1775,Eddie
1776,Mikel
1781,Marsha
1783,Mary
1784,Doris
1787,Paul
1792,David
1794,Kurtis
1794,Joseph
1796,Dianne
1797,Stuart
1799,Timothy
1803,Joshua
1803,Cynthia
1809,Marie
1826,Lauren
1828,Norman
1833,Jack
1836,Pamela
1836,William
1837,Gregory
1841,Edward
1842,Hollie
1842,Kathleen
1842,George
1843,Shari
1844,Janis
1845,Irma
1845,Patti
1846,Anna
1848,Christopher
1854,James
1855,Wilhelmina
1859,Robert
1863,Henrietta
1866,Jessica
1871,Candice
1871,Nina
1873,Leona
1874,Anne
1875,Althea
1877,Arthur
1878,Chris
1881,Pearl
1882,Michael
1884,Peter
1885,Anne
1888,Christopher
1888,Marilyn
1889,Joseph
1890,Lorraine
1891,Barbara
1893,John
1894,Stephen
1894,Kerri
1895,Michael
1898,Justin
1899,Felipe
1900,Mario
1904,Raymond
1904,Robert
1910,Katherine
1910,Hugh
1912,Albert
1916,Willie
1924,Laura
1928,David
1930,Edward
1932,Eugene
1937,Martha
1945,Paul
1945,Flora
1950,John
1951,Bruce
1954,Edwin
1957,Timothy
1964,Rose
1965,Ted
1970,Linda
1975,Kathy
1977,John
1978,Diana
1978,Cecile
1979,Wanda
1981,Krista
1981,Simona
1985,Roberto
1985,Sarah
1986,Kyle
1986,Kenneth
1988,Susan
1989,Nicole
1989,William
1991,Gene
1994,Judith
1997,Harlan
2000,Janet
2002,Terrell
2004,Mary
2004,Joelle
2005,David
2007,Angel
2012,Rebecca
2017,Ruth
2018,Anthony
2021,Michael
2028,Robert
2029,Michael
2031,Javier
2033,Olga
2035,Daniel
2036,Nelda
2036,Deborah
2037,John
2039,Andrew
2045,Betty
2047,Dennis
2048,Hal
2057,Scott
2059,Hattie
2059,James
2063,Christina
2065,George
2069,Samuel
2075,Marcus
2079,Barry
2079,Patrick
2085,Emil
2087,Lisa
2088,John
2094,Henry
2095,Jerry
2096,Michael
2096,Tania
2097,Lonnie
2099,Ron
2100,Fred
2102,John
2106,Carolyn
2108,Felipa
2113,Sylvia
2119,Tracy
2122,Michael
2122,Kenneth
2125,Jared
2135,Mark
2140,Timothy
2145,Donald
2147,Craig
2150,James
2153,Lenita
2155,Russell
2156,Becky
2156,John
2157,Lillian
2160,Mary
2162,Keith
2163,Peg
2164,Irene
2169,Stacy
2172,David
2173,Mildred
2178,Patrick
2181,William
2183,Emma
2184,Mary
2184,Daniel
2187,Ashley
2187,Daniel
2188,Selma
2197,Melba
2198,Elva
2199,Lillie
2203,Eleanor
2206,Tamika
2207,Ramona
2211,Rashida
2214,Theodore
2219,Zachary
2220,Patrick
2223,Larry
2224,Guadalupe
2225,Elvira
2229,Eugene
2231,Rene
2238,Adam
2245,Kerry
2246,Sam
2247,Tiffany
2248,Lucille
2249,William
2256,Francis
2258,William
2261,Larry
2264,Kate
2269,William
2271,Margarita
2272,Carl
2272,Caitlin
2273,Connie
2276,Kasey
2286,Eunice
2288,Gary
2292,Michael
2293,Pearl
2302,Edith
2304,Stanley
2304,Terrance
2305,Maria
2307,Stephen
2308,Edward
2309,Lucille
2312,Arthur
2313,Virginia
2314,Eric
2315,Patricia
2319,Linda
2330,Georgia
2331,Francis
2335,Vickie
2336,Jeffrey
2341,Judith
2341,Robby
2344,Kimberly
2346,Pamela
2349,Thomas
2351,Susan
2353,Timothy
2355,Samuel
2356,Melanie
2360,Brian
2362,Jennifer
2364,Jan
2368,Anthony
2370,Sarah
2375,Maxine
2376,Mark
2376,Alfred
2379,Chantelle
2380,Bob
2381,Ron
2381,Judy
2386,Ashley
2387,Shelia
2393,Aida
2399,Kelly
2404,Rose
2404,Amanda
2412,Amy
2413,Gena
2415,Bonnie
2420,Edgar
2425,Larry
2428,Bertha
2436,Rusty
2445,Iona
2447,Trudy
2449,Renita
2454,Velia
2456,Timothy
2458,Amanda
2462,David
2463,Allan
2465,Rene
2466,Terrence
2467,Emilio
2472,Mary
2473,Elaine
2474,Katrina
2475,Kevin
2475,Kevin
2477,Marcia
2479,Bernice
2481,Jenee
2486,Linda
2490,Timothy
2491,Norman
2494,Retha
2494,Joyce
2499,Tressa
2501,Carrie
2503,Joshua
2507,Hazel
2511,Shannon
2513,Julian
2513,Thuy
2516,Flo
2520,Janelle
2521,Larry
2522,Kim
2523,Jim
2524,Billye
2529,Shannon
2532,Rebecca
2533,Audrey
2535,Edward
2537,Glenda
2540,Robert
2540,Cheryl
2542,Keith
2543,Augustus
2546,Betty
2547,Shaquita
2552,Linda
2552,Minnie
2554,Conrad
2554,Andrea
2559,Michael
2560,Tasha
2563,Antonio
2572,Doris
2574,Nicole
2575,Edward
2576,Gidget
2580,Michael
2588,David
2594,Barbara
2594,Dennis
2597,Lynda
2605,William
2606,Gary
2611,Martha
2612,Elbert
2614,Carl
2614,Robert
2618,Eleanor
2618,William
2619,Richard
2623,Alicia
2626,Jeff
2633,David
2637,Jessica
2638,Dawn
2641,Bobbi
2646,Donald
2648,Ashley
2649,Lawrence
2650,Paul
2654,Kenneth
2654,Krystyna
2659,Harold
2662,Philip
2666,Yolanda
2675,Douglas
2677,Tracey
2678,Daniel
2679,Grace
2684,Cynthia
2687,Robert
2688,Velma
2689,Lahoma
2691,Kenneth
2696,Henry
2698,Timothy
2700,Paul
2701,Shannon
2705,Linda
2706,Ted
2707,Brenda
2707,Larry
2708,Donald
2712,Kenneth
2716,Pete
2717,Lori
2718,James
2722,James
2723,Royce
2725,Steven
2726,Mark
2726,Tina
2727,Sarah
2733,Vickie
2749,Linda
2756,William
2756,Earl
2761,Susan
2764,Deshawn
2765,Kenneth
2768,Sharon
2770,Eddie
2786,Armando
2786,Renae
2787,Walter
2792,Leda
2793,Melody
2795,Josephine
2797,Robin
2798,Greta
2798,Patricia
2800,Joseph
2802,Louis
2807,Edwin
2807,Earnest
2810,Lynn
2811,Augustine
2812,Erika
2815,Wayne
2817,Elizabeth
2822,Garret
2824,Cathi
2825,Lizzie
2826,Walter
2828,Caleb
2829,Miranda
2829,Eileen
2831,Beulah
2835,Diane
2835,Kurt
2838,Abby
2839,Lawrence
2839,Jeffry
2840,Donald
2840,Richard
2841,John
2842,Leona
2843,Jeremy
2843,Lloyd
2848,Martha
2849,Thomas
2851,Barbara
2851,James
2852,Tabitha
2854,Kenny
2858,Brandon
2864,Amy
2865,Carolyn
2867,Jena
2868,Anthony
2868,Shalonda
2876,Kathryn
2880,Glenn
2883,Dora
2884,Bryan
2886,Sara
2888,Wendy
2891,Joe
2892,Marie
2895,Kenneth
2896,Luke
2905,Teresa
2909,Helen
2909,Helena
2910,David
2915,Willa
2920,David
2921,Elizabeth
2922,Daryl
2925,Dennis
2925,Nerissa
2926,Jesse
2926,Richard
2928,Maria
2930,Patrick
2932,Tracey
2934,Shane
2934,Freida
2937,Kathleen
2944,Douglas
2946,April
2949,Tanya
2950,Jeniffer
2951,David
2951,Ashley
2957,Joanna
2958,Erlinda
2960,Trevor
2965,Bertha
2967,Shannon
2968,Eric
2970,Liane
2975,Lisa
2977,Kathleen
2980,Sue
2981,Wanda
2983,Kevin
2983,Robert
2987,Candace
2990,Enda
2991,Cliff
2999,Josh
