table,sendTo,payload
R,4,668‖Robin
R,4,669‖Elizabeth
R,4,673‖Leo
R,4,673‖Michael
R,4,682‖Anne
R,4,682‖Gracie
R,4,682‖Jennie
R,4,688‖Roderick
R,4,690‖David
R,4,692‖Melia
R,4,693‖Bruce
R,4,693‖Carolyn
R,4,697‖Julian
R,4,698‖Jeannie
R,4,700‖Wes
R,4,702‖Kenneth
R,4,702‖Jorge
R,4,703‖Frank
R,4,704‖Loretta
R,4,707‖Hattie
R,4,710‖Karen
R,4,715‖David
R,4,715‖Anthony
R,4,719‖Alba
R,4,721‖Judy
R,4,722‖Curtis
R,4,724‖John
R,4,726‖Joyce
R,4,726‖Carrie
R,4,731‖Hillary
R,4,732‖Lori
R,4,733‖Veronica
R,4,736‖Mark
R,4,737‖Claudia
R,4,738‖Sidney
R,4,742‖Matthew
R,4,744‖David
R,4,744‖Cheri
R,4,750‖Shawn
R,4,751‖Laura
R,4,751‖Beth
R,4,752‖Stephanie
R,4,753‖Tessa
R,4,754‖Ted
R,4,756‖Sara
R,4,760‖Frank
R,4,761‖Lazaro
R,4,761‖Shirlee
R,4,764‖Jennifer
R,4,767‖Thomas
R,4,769‖Kathryn
R,4,773‖Demetrius
R,4,777‖Daniel
R,4,781‖Mary
R,4,783‖Bryan
R,4,788‖Judith
R,4,793‖Lee
R,4,798‖Corey
R,4,800‖Erika
R,4,803‖Brittany
R,4,806‖Randall
R,4,808‖Robert
R,4,810‖Beatrice
R,4,811‖Tracy
R,4,812‖Bernice
R,4,816‖Sheryl
R,4,819‖Delmar
R,4,822‖Gary
R,4,825‖Bobby
R,4,830‖Scott
R,4,831‖Sharon
R,4,831‖Bryan
R,4,832‖Christine
R,4,833‖Beverly
S,4,668‖Borman
S,4,676‖Belcher
S,4,678‖Clifford
S,4,679‖Muzzarelli
S,4,687‖Josefy
S,4,691‖Fowler
S,4,692‖Coffield
S,4,693‖Seiersen
S,4,694‖Barker
S,4,698‖Silva
S,4,702‖Lightfoot
S,4,706‖Welch
S,4,709‖Johnson
S,4,709‖Bryant
S,4,711‖Wade
S,4,718‖Michelson
S,4,722‖Smith
S,4,728‖Turner
S,4,728‖Kilker
S,4,731‖Shaver
S,4,732‖Skidmore
S,4,742‖Gunther
S,4,744‖Brandly
S,4,747‖Pennington
S,4,751‖Hawkins
S,4,752‖Carter
S,4,752‖Hawes
S,4,758‖Roscoe
S,4,765‖Perez
S,4,767‖Castle
S,4,768‖Carideo
S,4,770‖Stewart
S,4,775‖Cason
S,4,779‖Lane
S,4,781‖Kirkland
S,4,793‖Brewster
S,4,797‖Russell
S,4,797‖Wisman
S,4,802‖Prillaman
S,4,805‖Walburn
S,4,805‖Starr
S,4,806‖Miller
S,4,806‖Nunez
S,4,807‖Scott
S,4,808‖Sanchez
S,4,809‖Canipe
S,4,811‖Rice
S,4,814‖Fitts
S,4,814‖Gauger
S,4,814‖Dale
S,4,815‖Mcwilliams
S,4,817‖Leo
S,4,818‖Mills
S,4,820‖Lewis
S,4,821‖Delatorre
S,4,822‖Reynolds
S,4,824‖Wolfe
S,4,826‖King
S,4,827‖Navarro
S,4,830‖Purpura
R,4,667‖Earl
R,4,670‖Hollis
R,4,670‖Ross
R,4,674‖Devin
R,4,675‖Louis
R,4,675‖Fonda
R,4,677‖Jerry
R,4,680‖Richard
R,4,687‖Christina
R,4,687‖Shannon
R,4,689‖Shane
R,4,692‖Cora
R,4,692‖Ruby
R,4,695‖Nellie
R,4,698‖Young
R,4,700‖John
R,4,703‖Gerald
R,4,704‖Lupe
R,4,705‖Margaret
R,4,711‖Marian
R,4,713‖Carrie
R,4,713‖Peter
R,4,716‖Carlos
R,4,723‖Robert
R,4,723‖Donna
R,4,724‖Bruce
R,4,727‖Gail
R,4,728‖William
R,4,734‖Theresa
R,4,738‖Joseph
R,4,741‖George
R,4,742‖Grace
R,4,744‖Donna
R,4,747‖William
R,4,751‖Randolph
R,4,752‖Charles
R,4,755‖June
R,4,758‖Gloria
R,4,759‖Cynthia
R,4,765‖Roni
R,4,766‖Josh
R,4,775‖Sally
R,4,775‖Rosalie
R,4,779‖Anthony
R,4,784‖Annamarie
R,4,789‖Yvette
R,4,795‖Bunny
R,4,799‖Kenneth
R,4,806‖Marie
R,4,811‖Alexander
R,4,813‖Mary
R,4,814‖Thomas
R,4,815‖Josephine
R,4,817‖Stephen
R,4,817‖Elsie
R,4,818‖Doris
R,4,819‖John
R,4,821‖Gene
R,4,825‖Chris
R,4,825‖Juan
R,4,827‖Samantha
R,4,832‖Robert
R,4,833‖Marshall
R,4,833‖John
S,4,667‖Naumann
S,4,670‖Myers
S,4,673‖Dohrman
S,4,673‖Miller
S,4,673‖Ringrose
S,4,674‖Mcdermott
S,4,678‖Druetta
S,4,682‖Keefer
S,4,682‖Wassermann
S,4,684‖Robles
S,4,684‖Buntrock
S,4,685‖Borst
S,4,685‖Pearce
S,4,687‖Clark
S,4,692‖Stone
S,4,692‖Carter
S,4,696‖Bush
S,4,700‖Stones
S,4,703‖Natale
S,4,704‖Lundgren
S,4,707‖Montgomery
S,4,708‖Collins
S,4,714‖Dunkan
S,4,717‖Sok
S,4,718‖Pettigrew
S,4,719‖Greco
S,4,720‖Serrano
S,4,726‖Jung
S,4,727‖Williams
S,4,729‖Foster
S,4,731‖Haine
S,4,732‖Defranco
S,4,732‖Webb
S,4,735‖Mckenize
S,4,738‖Tamburri
S,4,738‖Smithson
S,4,739‖Chapman
S,4,742‖Johnson
S,4,748‖Warnke
S,4,752‖Howe
S,4,753‖Watson
S,4,754‖Ortiz
S,4,757‖Merrick
S,4,760‖Nathanson
S,4,761‖Olsen
S,4,767‖Tuinstra
S,4,767‖Holderman
S,4,768‖Stribley
S,4,769‖Taylor
S,4,772‖Downing
S,4,773‖Aycock
S,4,775‖Bahl
S,4,776‖Mathews
S,4,777‖Sanchez
S,4,782‖West
S,4,785‖Vanwassenhove
S,4,788‖Cheesman
S,4,796‖Maynard
S,4,797‖Fast
S,4,798‖Girard
S,4,798‖Varner
S,4,802‖Pierce
S,4,802‖Buckner
S,4,803‖Roberts
S,4,808‖Jones
S,4,812‖Flowers
S,4,813‖Hernandez
S,4,816‖Connell
S,4,817‖Lehrke
S,4,818‖Tompkins
S,4,824‖Girard
S,4,827‖Sanderson
S,4,827‖Harris
S,4,829‖Thompson
S,4,832‖Brooks
S,4,833‖Halpern
R,4,671‖Carlos
R,4,673‖Michael
R,4,674‖Anita
R,4,676‖Isreal
R,4,681‖Henrietta
R,4,681‖Ana
R,4,684‖Sally
R,4,690‖Constance
R,4,694‖Adalberto
R,4,696‖Lyle
R,4,697‖Brian
R,4,699‖Albert
R,4,699‖Maria
R,4,701‖Terri
R,4,702‖Cindy
R,4,705‖Christa
R,4,706‖Mary
R,4,706‖Stanley
R,4,706‖Angela
R,4,709‖Jane
R,4,710‖Daniel
R,4,713‖Timothy
R,4,715‖Raymond
R,4,716‖Lillian
R,4,718‖Janet
R,4,719‖Cory
R,4,725‖Kyle
R,4,726‖Linda
R,4,727‖Randy
R,4,728‖Mary
R,4,729‖Edward
R,4,734‖Florence
R,4,741‖Monica
R,4,746‖Tony
R,4,747‖Sally
R,4,748‖Adam
R,4,750‖Addie
R,4,752‖Amanda
R,4,758‖Kaye
R,4,763‖Roberta
R,4,769‖Anita
R,4,771‖James
R,4,772‖Duane
R,4,773‖Dorothy
R,4,774‖Barbara
R,4,775‖Martha
R,4,778‖Dorothy
R,4,778‖Christopher
R,4,780‖Michael
R,4,785‖Edna
R,4,786‖William
R,4,791‖Beverly
R,4,792‖Raymond
R,4,797‖Tammy
R,4,798‖David
R,4,798‖Allison
R,4,803‖Sun
R,4,804‖Floyd
R,4,808‖Ronald
R,4,809‖Samantha
R,4,812‖Maxine
R,4,813‖Calvin
R,4,814‖Scottie
R,4,816‖Fannie
R,4,818‖Jackie
R,4,819‖Armando
R,4,821‖Matthew
R,4,823‖Ronald
R,4,824‖Mary
R,4,828‖Gregory
R,4,828‖Jenell
R,4,829‖Edward
R,4,832‖Francine
S,4,669‖Baker
S,4,672‖Baird
S,4,674‖Slattery
S,4,678‖Levine
S,4,680‖Winters
S,4,681‖Leland
S,4,681‖Johnson
S,4,684‖Moody
S,4,687‖Warren
S,4,688‖Kaizer
S,4,690‖Ray
S,4,693‖Cassidy
S,4,697‖Race
S,4,697‖Bell
S,4,698‖Richardson
S,4,699‖Snapp
S,4,701‖Smith
S,4,709‖Galvez
S,4,713‖Fernandez
S,4,715‖Durtsche
S,4,716‖Graves
S,4,721‖Weir
S,4,723‖Chambers
S,4,724‖Barrickman
S,4,730‖Harmon
S,4,732‖Stringham
S,4,738‖Earl
S,4,741‖Garcia
S,4,742‖Russell
S,4,743‖Harvey
S,4,744‖Roy
S,4,744‖Rich
S,4,745‖Kennedy
S,4,747‖Alvis
S,4,751‖Milligan
S,4,756‖Hoff
S,4,759‖Ryan
S,4,761‖Wilson
S,4,761‖Self
S,4,762‖Emrich
S,4,771‖Rosenfeld
S,4,773‖Duncan
S,4,775‖Thomas
S,4,783‖Noland
S,4,785‖Brus
S,4,787‖Gonzales
S,4,789‖Fine
S,4,792‖Trainor
S,4,796‖Espinosa
S,4,799‖Poisson
S,4,801‖Bastianelli
S,4,806‖Bishop
S,4,810‖Lofty
S,4,816‖Freeman
S,4,817‖Alberding
S,4,822‖Dickerson
S,4,825‖Jamili
S,4,828‖Pulis
S,4,828‖Childers
S,4,830‖Diehl
S,4,832‖Messner
S,4,832‖Williams
R,4,667‖Keiko
R,4,671‖Norma
R,4,673‖Robert
R,4,674‖Betty
R,4,675‖Gordon
R,4,681‖Patsy
R,4,684‖Lois
R,4,686‖Marie
R,4,691‖Janet
R,4,695‖Ryan
R,4,698‖Donald
R,4,701‖Michael
R,4,701‖Kelly
R,4,701‖Marcella
R,4,707‖Melinda
R,4,709‖Maria
R,4,711‖Mark
R,4,715‖Delbert
R,4,717‖David
R,4,718‖Nell
R,4,718‖Oscar
R,4,722‖Eugene
R,4,723‖Minh
R,4,730‖Stanley
R,4,730‖Sarah
R,4,732‖Mai
R,4,736‖George
R,4,739‖Maria
R,4,740‖Arthur
R,4,742‖Robert
R,4,743‖Garry
R,4,743‖Ruth
R,4,746‖Jessica
R,4,749‖Jesse
R,4,750‖Jimmy
R,4,752‖Terry
R,4,753‖Jean
R,4,756‖Kimberly
R,4,756‖Sherie
R,4,757‖Kathryn
R,4,759‖Sammy
R,4,760‖Jason
R,4,762‖Nick
R,4,763‖Donald
R,4,763‖Leo
R,4,766‖Jacob
R,4,766‖Inocencia
R,4,766‖Evelyn
R,4,768‖Sandra
R,4,774‖Max
R,4,776‖Deirdre
R,4,783‖Roy
R,4,783‖Martha
R,4,785‖John
R,4,785‖Ellen
R,4,787‖Nancy
R,4,790‖Shawn
R,4,793‖David
R,4,794‖Jimmy
R,4,795‖Janice
R,4,796‖Carol
R,4,796‖Obdulia
R,4,798‖Linda
R,4,802‖Danielle
R,4,802‖Lynda
R,4,802‖Patricia
R,4,803‖Stuart
R,4,805‖Gerard
R,4,805‖Martha
R,4,806‖Amber
R,4,813‖Shannon
R,4,814‖Jeffrey
R,4,821‖Bruce
R,4,822‖Jane
R,4,824‖Daniel
R,4,824‖Edward
R,4,826‖Rachelle
S,4,667‖Holley
S,4,668‖Polak
S,4,671‖Stewart
S,4,675‖Maher
S,4,675‖Felps
S,4,676‖Mitchell
S,4,680‖Fisher
S,4,682‖Carmack
S,4,682‖Fischer
S,4,683‖Carbajal
S,4,684‖Westover
S,4,689‖Dey
S,4,690‖Sheffield
S,4,691‖Luna
S,4,691‖Kunz
S,4,692‖Burnett
S,4,694‖Mckenzie
S,4,700‖Remmers
S,4,701‖Ayer
S,4,702‖Burkins
S,4,704‖Roberson
S,4,705‖Moor
S,4,705‖Ramos
S,4,705‖Westendorf
S,4,710‖Joubert
S,4,711‖Gray
S,4,713‖Wolley
S,4,713‖Reed
S,4,715‖Rork
S,4,718‖Stromain
S,4,720‖Goulette
S,4,723‖Gustafson
S,4,725‖Spicer
S,4,726‖Townsend
S,4,729‖Zeller
S,4,733‖Snow
S,4,735‖Bourland
S,4,736‖Lacy
S,4,739‖Scorgie
S,4,740‖Silva
S,4,741‖Kreps
S,4,743‖Goodwin
S,4,746‖Norberg
S,4,747‖Maleh
S,4,749‖Wentz
S,4,750‖Peak
S,4,751‖Phillips
S,4,751‖Roberts
S,4,758‖Smith
S,4,759‖Rosselle
S,4,762‖Macarthur
S,4,763‖Harris
S,4,764‖Castillo
S,4,766‖Upshaw
S,4,766‖Phelps
S,4,766‖Elletson
S,4,767‖Merten
S,4,774‖Howard
S,4,778‖Morgan
S,4,779‖Matheney
S,4,780‖Steib
S,4,783‖Cradle
S,4,794‖Joseph
S,4,795‖Ford
S,4,798‖Colon
S,4,800‖Harling
S,4,811‖Mosqueda
S,4,818‖Cota
S,4,819‖Cooks
S,4,820‖Simmons
S,4,821‖Gagliardi
S,4,823‖Kellogg
S,4,824‖Lawrence
S,4,826‖Moody
S,4,830‖Graban
S,4,831‖Angelocci
R,4,668‖Laura
R,4,671‖Irma
R,4,672‖Cathy
R,4,678‖John
R,4,678‖Mary
R,4,680‖Annette
R,4,680‖Debra
R,4,684‖Paul
R,4,685‖Jason
R,4,688‖Sherri
R,4,691‖Hazel
R,4,693‖Marion
R,4,694‖Marlene
R,4,699‖Helen
R,4,700‖Jeanette
R,4,700‖Karen
R,4,704‖Donald
R,4,705‖Carroll
R,4,710‖William
R,4,711‖Doris
R,4,712‖Rose
R,4,714‖Richard
R,4,720‖Tonia
R,4,720‖Mary
R,4,729‖Isabel
R,4,731‖Stephanie
R,4,735‖Paulette
R,4,735‖Sandra
R,4,739‖Mary
R,4,739‖Brian
R,4,745‖George
R,4,747‖Nikki
R,4,758‖Gary
R,4,762‖Debbie
R,4,762‖Whitney
R,4,764‖Ryan
R,4,767‖Virginia
R,4,767‖Philip
R,4,768‖Marguerite
R,4,768‖James
R,4,779‖Dennis
R,4,779‖Tom
R,4,780‖Colleen
R,4,782‖Mario
R,4,788‖Robin
R,4,789‖Nicholas
R,4,794‖Harry
R,4,796‖Shelly
R,4,801‖John
R,4,803‖Steven
R,4,805‖Theda
R,4,806‖Lori
R,4,807‖Scott
R,4,807‖Royce
R,4,807‖Mary
R,4,810‖Laurie
R,4,811‖Ali
R,4,818‖Jeffrey
R,4,823‖Damian
R,4,826‖Thelma
R,4,827‖Louis
R,4,828‖Genevieve
R,4,828‖Ernesto
R,4,830‖Shelton
S,4,670‖Kinroth
S,4,671‖Henry
S,4,674‖Bentley
S,4,677‖Simms
S,4,681‖Moss
S,4,681‖Lynn
S,4,685‖Pedroza
S,4,690‖Rinderer
S,4,693‖Sugar
S,4,695‖Woodyard
S,4,695‖Clark
S,4,699‖Rodriguez
S,4,699‖Gil
S,4,700‖Marshall
S,4,701‖Elliott
S,4,703‖Smith
S,4,706‖Kennedy
S,4,710‖Mcfarlane
S,4,711‖Traub
S,4,712‖Taylor
S,4,715‖Putnam
S,4,716‖Nolen
S,4,717‖Eichenberger
S,4,720‖Taylor
S,4,721‖Wolfe
S,4,722‖Roach
S,4,723‖Pass
S,4,724‖Crespo
S,4,726‖Shipman
S,4,727‖Green
S,4,729‖Archie
S,4,729‖Helms
S,4,734‖Pyle
S,4,735‖Schachter
S,4,736‖Sewell
S,4,750‖Haller
S,4,752‖Mccoy
S,4,753‖Gerecke
S,4,756‖Wilhelm
S,4,756‖Sanchirico
S,4,758‖Mcfadden
S,4,760‖Booze
S,4,762‖Joyner
S,4,763‖Reynolds
S,4,763‖Mccreary
S,4,764‖Young
S,4,765‖Daniel
S,4,769‖Munro
S,4,778‖Croft
S,4,779‖Hamilton
S,4,783‖Roberts
S,4,785‖Phillips
S,4,788‖Moore
S,4,789‖Mounsey
S,4,793‖Hummingbird
S,4,793‖Roy
S,4,794‖Burke
S,4,796‖Graham
S,4,796‖Waren
S,4,803‖Wells
S,4,803‖Pacheco
S,4,805‖Boyle
S,4,807‖Barela
S,4,807‖Clark
S,4,810‖Weingard
S,4,812‖Cullum
S,4,813‖Mckee
S,4,819‖Bailey
S,4,821‖Lynch
S,4,823‖Brown
S,4,824‖Hanna
S,4,825‖Lockett
S,4,825‖Erickson
S,4,828‖Bothwell
S,4,833‖Okumura
