ID,Name,Surname
2001,Vivian,Conrad
2001,Vivian,Perez
2001,Vivian,Gandee
2001,Ronald,Conrad
2001,Ronald,Perez
2001,Ronald,Gandee
2001,Jose,Conrad
2001,Jose,Perez
2001,Jose,Gandee
2003,Deborah,Oliver
2003,Deborah,Redhead
2003,Deborah,Ayotte
2003,Deborah,Battista
2003,Maria,Oliver
2003,Maria,Redhead
2003,Maria,Ayotte
2003,Maria,Battista
2003,Alan,Oliver
2003,Alan,Redhead
2003,Alan,Ayotte
2003,Alan,Battista
2003,Ann,Oliver
2003,Ann,Redhead
2003,Ann,Ayotte
2003,Ann,Battista
2004,Terri,Burns
2004,Terri,Schwing
2004,Terri,Rickman
2004,Mary,Burns
2004,Mary,Schwing
2004,Mary,Rickman
2004,Joelle,Burns
2004,Joelle,Schwing
2004,Joelle,Rickman
2009,Loan,Grantham
2009,Loan,Anwar
2009,Loan,Mitchell
2009,Erica,Grantham
2009,Erica,Anwar
2009,Erica,Mitchell
2009,Bernice,Grantham
2009,Bernice,Anwar
2009,Bernice,Mitchell
2012,Steven,Amisano
2012,Steven,Smith
2012,Steven,Hunter
2012,Steven,Pegues
2012,Rebecca,Amisano
2012,Rebecca,Smith
2012,Rebecca,Hunter
2012,Rebecca,Pegues
2012,Daniel,Amisano
2012,Daniel,Smith
2012,Daniel,Hunter
2012,Daniel,Pegues
2012,Elizabeth,Amisano
2012,Elizabeth,Smith
2012,Elizabeth,Hunter
2012,Elizabeth,Pegues
2015,Patrice,Welch
2015,Patrice,Patel
2015,Patrice,Sealock
2015,Mary,Welch
2015,Mary,Patel
2015,Mary,Sealock
2015,Jessica,Welch
2015,Jessica,Patel
2015,Jessica,Sealock
2016,Jeffrey,Robertson
2016,Jeffrey,Aldrich
2016,Kristen,Robertson
2016,Kristen,Aldrich
2018,Mary,Raymo
2018,Mary,Honeycutt
2018,Mary,Barnes
2018,Mary,Thomas
2018,Frank,Raymo
2018,Frank,Honeycutt
2018,Frank,Barnes
2018,Frank,Thomas
2018,Anthony,Raymo
2018,Anthony,Honeycutt
2018,Anthony,Barnes
2018,Anthony,Thomas
2018,Lara,Raymo
2018,Lara,Honeycutt
2018,Lara,Barnes
2018,Lara,Thomas
2019,Isabel,Kelling
2020,Judith,Dobransky
2020,Judith,Gibson
2020,Jack,Dobransky
2020,Jack,Gibson
2021,Jason,Stargell
2021,Jason,Johnson
2021,Jason,Rockwood
2021,Jason,Lawson
2021,Michael,Stargell
2021,Michael,Johnson
2021,Michael,Rockwood
2021,Michael,Lawson
2021,Rebecca,Stargell
2021,Rebecca,Johnson
2021,Rebecca,Rockwood
2021,Rebecca,Lawson
2021,Jason,Stargell
2021,Jason,Johnson
2021,Jason,Rockwood
2021,Jason,Lawson
2025,Brian,Conway
2025,Brian,Peltier
2025,Brian,Martin
2025,Robert,Conway
2025,Robert,Peltier
2025,Robert,Martin
2025,Edwin,Conway
2025,Edwin,Peltier
2025,Edwin,Martin
2026,Michael,Vandiford
2026,Michael,Neel
2026,Mary,Vandiford
2026,Mary,Neel
2029,Leo,Cecchini
2029,Leo,Jobson
2029,Leo,Bowers
2029,Leo,Mcwilliams
2029,Michael,Cecchini
2029,Michael,Jobson
2029,Michael,Bowers
2029,Michael,Mcwilliams
2029,Danny,Cecchini
2029,Danny,Jobson
2029,Danny,Bowers
2029,Danny,Mcwilliams
2029,Tamika,Cecchini
2029,Tamika,Jobson
2029,Tamika,Bowers
2029,Tamika,Mcwilliams
2032,Violet,Nemerofsky
2032,Violet,Atkinson
2032,Violet,Simmons
2032,Lisa,Nemerofsky
2032,Lisa,Atkinson
2032,Lisa,Simmons
2032,Kathy,Nemerofsky
2032,Kathy,Atkinson
2032,Kathy,Simmons
2033,Mary,Hall
2033,Mary,Gregorio
2033,Olga,Hall
2033,Olga,Gregorio
2034,Jim,Smith
2034,Jim,Phillips
2034,Jim,Archer
2034,Jim,Miller
2034,Beatrice,Smith
2034,Beatrice,Phillips
2034,Beatrice,Archer
2034,Beatrice,Miller
2034,Terrence,Smith
2034,Terrence,Phillips
2034,Terrence,Archer
2034,Terrence,Miller
2034,Mark,Smith
2034,Mark,Phillips
2034,Mark,Archer
2034,Mark,Miller
2038,Yong,Dewees
2038,Yong,Dudley
2038,Richelle,Dewees
2038,Richelle,Dudley
2040,Marlene,King
2040,Marlene,Dias
2040,Marlene,Lindsey
2040,Sharlene,King
2040,Sharlene,Dias
2040,Sharlene,Lindsey
2040,Cecilia,King
2040,Cecilia,Dias
2040,Cecilia,Lindsey
2041,Racquel,Wilson
2041,Racquel,Surdam
2041,Racquel,Corf
2041,Karen,Wilson
2041,Karen,Surdam
2041,Karen,Corf
2041,Nakisha,Wilson
2041,Nakisha,Surdam
2041,Nakisha,Corf
2044,Hallie,Mcentire
2044,Hallie,Pitts
2044,Francis,Mcentire
2044,Francis,Pitts
2046,Elizabeth,Ngo
2046,Elizabeth,Eland
2046,Elizabeth,Wright
2046,Annette,Ngo
2046,Annette,Eland
2046,Annette,Wright
2046,Debra,Ngo
2046,Debra,Eland
2046,Debra,Wright
2047,Bernard,Perez
2047,Bernard,Richardson
2047,Bernard,Johnson
2047,Bernard,Knowles
2047,Dennis,Perez
2047,Dennis,Richardson
2047,Dennis,Johnson
2047,Dennis,Knowles
2047,Amber,Perez
2047,Amber,Richardson
2047,Amber,Johnson
2047,Amber,Knowles
2047,Irena,Perez
2047,Irena,Richardson
2047,Irena,Johnson
2047,Irena,Knowles
2049,David,Siggins
2049,David,Melton
2049,James,Siggins
2049,James,Melton
2051,Norman,Kidd
2051,Norman,Case
2051,Richard,Kidd
2051,Richard,Case
2053,Brooke,Greene
2053,Brooke,Sanmiguel
2053,Brooke,Kirchausen
2053,Oliver,Greene
2053,Oliver,Sanmiguel
2053,Oliver,Kirchausen
2053,Bernard,Greene
2053,Bernard,Sanmiguel
2053,Bernard,Kirchausen
2058,Claudia,Johnson
2058,Claudia,Pollock
2058,Patricia,Johnson
2058,Patricia,Pollock
2060,James,Travis
2065,Jon,Appleton
2065,Jon,Roley
2065,Jon,Xie
2065,Jon,Thomes
2065,George,Appleton
2065,George,Roley
2065,George,Xie
2065,George,Thomes
2065,Margaret,Appleton
2065,Margaret,Roley
2065,Margaret,Xie
2065,Margaret,Thomes
2065,Jason,Appleton
2065,Jason,Roley
2065,Jason,Xie
2065,Jason,Thomes
2066,Lorena,Brown
2072,Edward,Hebert
2072,Edward,Ansell
2072,Edward,Temple
2072,Ramona,Hebert
2072,Ramona,Ansell
2072,Ramona,Temple
2072,Cassandra,Hebert
2072,Cassandra,Ansell
2072,Cassandra,Temple
2076,Suzan,Heft
2076,Suzan,Garner
2076,Marcelina,Heft
2076,Marcelina,Garner
2079,Megan,Gable
2079,Megan,Leahy
2079,Megan,Reddicks
2079,Megan,Long
2079,Steven,Gable
2079,Steven,Leahy
2079,Steven,Reddicks
2079,Steven,Long
2079,Barry,Gable
2079,Barry,Leahy
2079,Barry,Reddicks
2079,Barry,Long
2079,Patrick,Gable
2079,Patrick,Leahy
2079,Patrick,Reddicks
2079,Patrick,Long
2080,Daniel,Duke
2084,David,Kenely
2084,David,Jansen
2084,David,Doughty
2084,David,Connolly
2084,Holly,Kenely
2084,Holly,Jansen
2084,Holly,Doughty
2084,Holly,Connolly
2084,Jason,Kenely
2084,Jason,Jansen
2084,Jason,Doughty
2084,Jason,Connolly
2084,Phillip,Kenely
2084,Phillip,Jansen
2084,Phillip,Doughty
2084,Phillip,Connolly
2085,Laura,Richards
2085,Laura,Manning
2085,Laura,Ricks
2085,Laura,Arnold
2085,Emil,Richards
2085,Emil,Manning
2085,Emil,Ricks
2085,Emil,Arnold
2085,James,Richards
2085,James,Manning
2085,James,Ricks
2085,James,Arnold
2085,Edward,Richards
2085,Edward,Manning
2085,Edward,Ricks
2085,Edward,Arnold
2087,Gavin,Hollinger
2087,Gavin,Chandler
2087,Gavin,Hernandez
2087,Gavin,Irwin
2087,Lisa,Hollinger
2087,Lisa,Chandler
2087,Lisa,Hernandez
2087,Lisa,Irwin
2087,Camille,Hollinger
2087,Camille,Chandler
2087,Camille,Hernandez
2087,Camille,Irwin
2087,Vance,Hollinger
2087,Vance,Chandler
2087,Vance,Hernandez
2087,Vance,Irwin
2090,Mary,Harris
2090,Mary,Pugh
2090,Donna,Harris
2090,Donna,Pugh
2091,Michele,Parker
2091,Michele,Chaffin
2091,Michele,Murphy
2091,Rose,Parker
2091,Rose,Chaffin
2091,Rose,Murphy
2091,Cary,Parker
2091,Cary,Chaffin
2091,Cary,Murphy
2093,Frieda,Ball
2093,Frieda,Kimbrell
2093,Frieda,Maynard
2093,Cheryl,Ball
2093,Cheryl,Kimbrell
2093,Cheryl,Maynard
2093,Jesse,Ball
2093,Jesse,Kimbrell
2093,Jesse,Maynard
2097,Patricia,Hinds
2097,Patricia,Meyers
2097,Patricia,Sullivan
2097,Patricia,Marin
2097,Jeffrey,Hinds
2097,Jeffrey,Meyers
2097,Jeffrey,Sullivan
2097,Jeffrey,Marin
2097,Lonnie,Hinds
2097,Lonnie,Meyers
2097,Lonnie,Sullivan
2097,Lonnie,Marin
2097,Rose,Hinds
2097,Rose,Meyers
2097,Rose,Sullivan
2097,Rose,Marin
2098,Barbara,Parish
2098,Barbara,Frey
2098,Barbara,Carter
2098,Barbara,Burchfield
2098,Faustino,Parish
2098,Faustino,Frey
2098,Faustino,Carter
2098,Faustino,Burchfield
2098,Virginia,Parish
2098,Virginia,Frey
2098,Virginia,Carter
2098,Virginia,Burchfield
2098,Robin,Parish
2098,Robin,Frey
2098,Robin,Carter
2098,Robin,Burchfield
2102,Minnie,Eubank
2102,Minnie,Elrod
2102,Minnie,Clyde
2102,Minnie,Camden
2102,John,Eubank
2102,John,Elrod
2102,John,Clyde
2102,John,Camden
2102,Anthony,Eubank
2102,Anthony,Elrod
2102,Anthony,Clyde
2102,Anthony,Camden
2102,Christina,Eubank
2102,Christina,Elrod
2102,Christina,Clyde
2102,Christina,Camden
2103,Fidel,Jones
2105,Sharon,Kivett
2105,Sharon,Ingersoll
2105,Sharon,Soderquist
2105,Jason,Kivett
2105,Jason,Ingersoll
2105,Jason,Soderquist
2105,Walter,Kivett
2105,Walter,Ingersoll
2105,Walter,Soderquist
2109,Donna,Farley
2112,Fern,Lester
2112,Fern,Hong
2112,Fern,Bookman
2112,Fern,Johnson
2112,Michelle,Lester
2112,Michelle,Hong
2112,Michelle,Bookman
2112,Michelle,Johnson
2112,Nancy,Lester
2112,Nancy,Hong
2112,Nancy,Bookman
2112,Nancy,Johnson
2112,Irena,Lester
2112,Irena,Hong
2112,Irena,Bookman
2112,Irena,Johnson
2117,Eileen,Reyes
2117,Eileen,Dunigan
2117,John,Reyes
2117,John,Dunigan
2120,Denise,Parson
2121,Greg,Daniels
2121,Greg,Bender
2121,Donald,Daniels
2121,Donald,Bender
2122,Tammy,Gregg
2122,Tammy,Donaldson
2122,Tammy,Kilgore
2122,Tammy,Green
2122,Michael,Gregg
2122,Michael,Donaldson
2122,Michael,Kilgore
2122,Michael,Green
2122,Kenneth,Gregg
2122,Kenneth,Donaldson
2122,Kenneth,Kilgore
2122,Kenneth,Green
2122,Georgia,Gregg
2122,Georgia,Donaldson
2122,Georgia,Kilgore
2122,Georgia,Green
2127,Rebecca,Walsh
2127,Rebecca,Coleman
2127,Marisela,Walsh
2127,Marisela,Coleman
2129,Kevin,Stinnett
2129,Kevin,Moore
2129,Christie,Stinnett
2129,Christie,Moore
2131,Constance,Mason
2132,Margaret,Byard
2132,Margaret,Steed
2132,Margaret,Patrick
2132,Greta,Byard
2132,Greta,Steed
2132,Greta,Patrick
2132,Joan,Byard
2132,Joan,Steed
2132,Joan,Patrick
2133,Wanda,Hughey
2134,Robert,Winters
2134,Robert,Overall
2134,Robert,Smith
2134,Robert,Hall
2134,Shauna,Winters
2134,Shauna,Overall
2134,Shauna,Smith
2134,Shauna,Hall
2134,Penny,Winters
2134,Penny,Overall
2134,Penny,Smith
2134,Penny,Hall
2134,Velma,Winters
2134,Velma,Overall
2134,Velma,Smith
2134,Velma,Hall
2137,Roscoe,Manley
2137,Roscoe,Ruiz
2137,Matthew,Manley
2137,Matthew,Ruiz
2141,Jodie,Jordan
2146,Amanda,Becerra
2146,Amanda,King
2146,Amanda,Wallace
2146,Amanda,Baldridge
2146,Matthew,Becerra
2146,Matthew,King
2146,Matthew,Wallace
2146,Matthew,Baldridge
2146,Scott,Becerra
2146,Scott,King
2146,Scott,Wallace
2146,Scott,Baldridge
2146,Georgia,Becerra
2146,Georgia,King
2146,Georgia,Wallace
2146,Georgia,Baldridge
2147,Candace,Murphy
2147,Candace,Mingus
2147,Candace,Foster
2147,Candace,Rios
2147,Craig,Murphy
2147,Craig,Mingus
2147,Craig,Foster
2147,Craig,Rios
2147,Mary,Murphy
2147,Mary,Mingus
2147,Mary,Foster
2147,Mary,Rios
2147,Briana,Murphy
2147,Briana,Mingus
2147,Briana,Foster
2147,Briana,Rios
2149,Terry,Mcguire
2149,Terry,Krieg
2149,Terry,Frank
2149,Terry,Crafford
2149,Joanne,Mcguire
2149,Joanne,Krieg
2149,Joanne,Frank
2149,Joanne,Crafford
2149,Gene,Mcguire
2149,Gene,Krieg
2149,Gene,Frank
2149,Gene,Crafford
2149,Lorenzo,Mcguire
2149,Lorenzo,Krieg
2149,Lorenzo,Frank
2149,Lorenzo,Crafford
2152,Glenn,Marquez
2152,Glenn,Brooks
2152,Gayle,Marquez
2152,Gayle,Brooks
2154,Wayne,Benge
2154,Wayne,Winchell
2154,Wayne,Mendoza
2154,Wayne,Cheatom
2154,Linda,Benge
2154,Linda,Winchell
2154,Linda,Mendoza
2154,Linda,Cheatom
2154,Charles,Benge
2154,Charles,Winchell
2154,Charles,Mendoza
2154,Charles,Cheatom
2154,Wayne,Benge
2154,Wayne,Winchell
2154,Wayne,Mendoza
2154,Wayne,Cheatom
2155,Eleanor,Bell
2155,Eleanor,Tracy
2155,Eleanor,Barks
2155,Russell,Bell
2155,Russell,Tracy
2155,Russell,Barks
2155,Carrie,Bell
2155,Carrie,Tracy
2155,Carrie,Barks
2157,Scott,Fowler
2157,Scott,Verret
2157,Scott,Delamora
2157,Scott,Riley
2157,Lillian,Fowler
2157,Lillian,Verret
2157,Lillian,Delamora
2157,Lillian,Riley
2157,Brigitte,Fowler
2157,Brigitte,Verret
2157,Brigitte,Delamora
2157,Brigitte,Riley
2157,Emily,Fowler
2157,Emily,Verret
2157,Emily,Delamora
2157,Emily,Riley
2158,Eduardo,Dunkel
2158,Eduardo,Williams
2158,Eduardo,Plienis
2158,Lauren,Dunkel
2158,Lauren,Williams
2158,Lauren,Plienis
2158,Charles,Dunkel
2158,Charles,Williams
2158,Charles,Plienis
2166,Morgan,Mcneal
2166,Morgan,Porter
2166,Donald,Mcneal
2166,Donald,Porter
2168,Robert,Sims
2168,Robert,Cox
2168,Robert,Jimenez
2168,Robert,Moore
2168,Tamara,Sims
2168,Tamara,Cox
2168,Tamara,Jimenez
2168,Tamara,Moore
2168,Violet,Sims
2168,Violet,Cox
2168,Violet,Jimenez
2168,Violet,Moore
2168,Daniel,Sims
2168,Daniel,Cox
2168,Daniel,Jimenez
2168,Daniel,Moore
2177,Minh,Mcintosh
2177,Minh,Williams
2177,Minh,Ratliff
2177,Minh,Otto
2177,Jerry,Mcintosh
2177,Jerry,Williams
2177,Jerry,Ratliff
2177,Jerry,Otto
2177,Carlos,Mcintosh
2177,Carlos,Williams
2177,Carlos,Ratliff
2177,Carlos,Otto
2177,John,Mcintosh
2177,John,Williams
2177,John,Ratliff
2177,John,Otto
2179,Mary,Jorge
2179,Mary,Mizutani
2179,Charles,Jorge
2179,Charles,Mizutani
2180,Nicole,Hooks
2180,Nicole,Jordan
2180,Nicole,Smith
2180,Katherine,Hooks
2180,Katherine,Jordan
2180,Katherine,Smith
2180,Clayton,Hooks
2180,Clayton,Jordan
2180,Clayton,Smith
2181,Patricia,Mccurdy
2181,Patricia,Hernandez
2181,Patricia,Dougal
2181,William,Mccurdy
2181,William,Hernandez
2181,William,Dougal
2181,Hans,Mccurdy
2181,Hans,Hernandez
2181,Hans,Dougal
2182,Kenneth,Josilowsky
2182,Kenneth,Ward
2182,Kenneth,Hartz
2182,Kenneth,Stone
2182,James,Josilowsky
2182,James,Ward
2182,James,Hartz
2182,James,Stone
2182,Ana,Josilowsky
2182,Ana,Ward
2182,Ana,Hartz
2182,Ana,Stone
2182,Lucille,Josilowsky
2182,Lucille,Ward
2182,Lucille,Hartz
2182,Lucille,Stone
2191,Keith,Lanosga
2191,Keith,Harris
2191,Keith,Merchant
2191,Keith,Martin
2191,Janet,Lanosga
2191,Janet,Harris
2191,Janet,Merchant
2191,Janet,Martin
2191,Lucy,Lanosga
2191,Lucy,Harris
2191,Lucy,Merchant
2191,Lucy,Martin
2191,Jessie,Lanosga
2191,Jessie,Harris
2191,Jessie,Merchant
2191,Jessie,Martin
2192,Kevin,Ramos
2192,Kevin,Merryman
2192,Arthur,Ramos
2192,Arthur,Merryman
2196,Jennifer,Knox
2200,Bobbie,Evans
2200,Bobbie,Dejohn
2200,Bobbie,Dathe
2200,John,Evans
2200,John,Dejohn
2200,John,Dathe
2200,Corinne,Evans
2200,Corinne,Dejohn
2200,Corinne,Dathe
2201,Cornelia,Smith
2201,Cornelia,Lee
2201,Bertha,Smith
2201,Bertha,Lee
2202,Daniel,Silva
2202,Daniel,Arwood
2202,Daniel,Cruz
2202,Linda,Silva
2202,Linda,Arwood
2202,Linda,Cruz
2202,Cristi,Silva
2202,Cristi,Arwood
2202,Cristi,Cruz
2204,Calvin,Nation
2204,Calvin,Wing
2204,Calvin,Melton
2204,Clarence,Nation
2204,Clarence,Wing
2204,Clarence,Melton
2204,Judith,Nation
2204,Judith,Wing
2204,Judith,Melton
2205,Janet,Cuadras
2206,Stephanie,Simpson
2206,Stephanie,Ingram
2206,Stephanie,Haitz
2206,Tamika,Simpson
2206,Tamika,Ingram
2206,Tamika,Haitz
2206,Carmela,Simpson
2206,Carmela,Ingram
2206,Carmela,Haitz
2207,Rebecca,Werner
2207,Rebecca,Robinson
2207,Rebecca,Blake
2207,Rebecca,Rogan
2207,Ramona,Werner
2207,Ramona,Robinson
2207,Ramona,Blake
2207,Ramona,Rogan
2207,Karen,Werner
2207,Karen,Robinson
2207,Karen,Blake
2207,Karen,Rogan
2207,Jeanine,Werner
2207,Jeanine,Robinson
2207,Jeanine,Blake
2207,Jeanine,Rogan
2208,John,Mancine
2208,John,Oday
2208,John,Johnstonbaugh
2208,Maria,Mancine
2208,Maria,Oday
2208,Maria,Johnstonbaugh
2208,Larry,Mancine
2208,Larry,Oday
2208,Larry,Johnstonbaugh
2210,Charles,Williams
2213,Leonard,Hansberry
2213,Leonard,Jeffries
2213,Leonard,Bolden
2213,Joe,Hansberry
2213,Joe,Jeffries
2213,Joe,Bolden
2213,Russell,Hansberry
2213,Russell,Jeffries
2213,Russell,Bolden
2217,Theodore,Cahoon
2217,Theodore,Ford
2217,Theodore,Gray
2217,Danielle,Cahoon
2217,Danielle,Ford
2217,Danielle,Gray
2217,Tabitha,Cahoon
2217,Tabitha,Ford
2217,Tabitha,Gray
2220,Dawn,Harmon
2220,Dawn,Levy
2220,Dawn,Hayes
2220,Patrick,Harmon
2220,Patrick,Levy
2220,Patrick,Hayes
2220,Daniel,Harmon
2220,Daniel,Levy
2220,Daniel,Hayes
2221,Crystal,Harris
2227,Ralph,Jarrard
2227,Ralph,Zecca
2227,Vernon,Jarrard
2227,Vernon,Zecca
2230,Kevin,Rodriguez
2230,Kevin,Hernandez
2230,Kevin,Fontanella
2230,Ana,Rodriguez
2230,Ana,Hernandez
2230,Ana,Fontanella
2230,Betty,Rodriguez
2230,Betty,Hernandez
2230,Betty,Fontanella
2232,Michael,Brown
2232,Michael,Clark
2232,Michael,Bolding
2232,Leon,Brown
2232,Leon,Clark
2232,Leon,Bolding
2232,Lisa,Brown
2232,Lisa,Clark
2232,Lisa,Bolding
2234,Ramona,Morris
2234,Ramona,Barrette
2234,Sean,Morris
2234,Sean,Barrette
2236,Joanna,Perry
2236,Joanna,Taylor
2236,Carlos,Perry
2236,Carlos,Taylor
2237,Crystal,Ogden
2237,Crystal,Fitzgerald
2237,Crystal,Luce
2237,Crystal,Graham
2237,Thomas,Ogden
2237,Thomas,Fitzgerald
2237,Thomas,Luce
2237,Thomas,Graham
2237,Audrey,Ogden
2237,Audrey,Fitzgerald
2237,Audrey,Luce
2237,Audrey,Graham
2237,Kay,Ogden
2237,Kay,Fitzgerald
2237,Kay,Luce
2237,Kay,Graham
2239,Michael,Sola
2239,Michael,Aaron
2239,Michael,Todd
2239,Michael,Bowen
2239,Scott,Sola
2239,Scott,Aaron
2239,Scott,Todd
2239,Scott,Bowen
2239,Tiffany,Sola
2239,Tiffany,Aaron
2239,Tiffany,Todd
2239,Tiffany,Bowen
2239,Patricia,Sola
2239,Patricia,Aaron
2239,Patricia,Todd
2239,Patricia,Bowen
2241,Truman,Mortensen
2242,Pat,Guardado
2244,Nathan,Shreve
2246,Steven,Chen
2246,Steven,Kreidel
2246,Steven,Zimmerman
2246,Sam,Chen
2246,Sam,Kreidel
2246,Sam,Zimmerman
2246,Marjorie,Chen
2246,Marjorie,Kreidel
2246,Marjorie,Zimmerman
2251,Danielle,Cabanilla
2251,Danielle,Broenneke
2251,Danielle,Saunders
2251,Danielle,Ely
2251,Lyle,Cabanilla
2251,Lyle,Broenneke
2251,Lyle,Saunders
2251,Lyle,Ely
2251,Tommy,Cabanilla
2251,Tommy,Broenneke
2251,Tommy,Saunders
2251,Tommy,Ely
2251,Kelly,Cabanilla
2251,Kelly,Broenneke
2251,Kelly,Saunders
2251,Kelly,Ely
2262,Marva,Darnley
2262,Marva,Gill
2262,Christopher,Darnley
2262,Christopher,Gill
2263,Geralyn,Sadler
2263,Geralyn,Friedman
2263,Guy,Sadler
2263,Guy,Friedman
2265,Harold,Friend
2265,Harold,Taylor
2265,Harold,Lowery
2265,Harold,Lake
2265,Erin,Friend
2265,Erin,Taylor
2265,Erin,Lowery
2265,Erin,Lake
2265,Mary,Friend
2265,Mary,Taylor
2265,Mary,Lowery
2265,Mary,Lake
2265,Mike,Friend
2265,Mike,Taylor
2265,Mike,Lowery
2265,Mike,Lake
2266,Linda,Erickson
2266,Linda,Higgin
2266,Linda,Ruiz
2266,Linda,Richardson
2266,Gerald,Erickson
2266,Gerald,Higgin
2266,Gerald,Ruiz
2266,Gerald,Richardson
2266,James,Erickson
2266,James,Higgin
2266,James,Ruiz
2266,James,Richardson
2266,Crystal,Erickson
2266,Crystal,Higgin
2266,Crystal,Ruiz
2266,Crystal,Richardson
2267,Johnny,Beckstead
2267,Johnny,Bankhead
2267,Johnny,Cloutier
2267,Johnny,Brown
2267,George,Beckstead
2267,George,Bankhead
2267,George,Cloutier
2267,George,Brown
2267,Samuel,Beckstead
2267,Samuel,Bankhead
2267,Samuel,Cloutier
2267,Samuel,Brown
2267,Sharon,Beckstead
2267,Sharon,Bankhead
2267,Sharon,Cloutier
2267,Sharon,Brown
2268,Kathleen,White
2268,Kathleen,Meyers
2268,Charles,White
2268,Charles,Meyers
2270,Eugene,Tapia
2270,Eugene,Trowbridge
2270,Eugene,Urbanek
2270,Connie,Tapia
2270,Connie,Trowbridge
2270,Connie,Urbanek
2270,David,Tapia
2270,David,Trowbridge
2270,David,Urbanek
2271,Leon,Huseby
2271,Leon,Shibuya
2271,Leon,Terry
2271,Leon,Cummins
2271,Margarita,Huseby
2271,Margarita,Shibuya
2271,Margarita,Terry
2271,Margarita,Cummins
2271,Sue,Huseby
2271,Sue,Shibuya
2271,Sue,Terry
2271,Sue,Cummins
2271,Leah,Huseby
2271,Leah,Shibuya
2271,Leah,Terry
2271,Leah,Cummins
2274,Damien,Falconio
2274,Damien,Roberts
2274,Damien,Newton
2274,Damien,Tierney
2274,Gina,Falconio
2274,Gina,Roberts
2274,Gina,Newton
2274,Gina,Tierney
2274,Dorthy,Falconio
2274,Dorthy,Roberts
2274,Dorthy,Newton
2274,Dorthy,Tierney
2274,Mildred,Falconio
2274,Mildred,Roberts
2274,Mildred,Newton
2274,Mildred,Tierney
2277,Brian,Casparian
2277,Brian,Mcneil
2277,Ray,Casparian
2277,Ray,Mcneil
2278,Larry,Austin
2278,Larry,Stewart
2278,Jonathan,Austin
2278,Jonathan,Stewart
2279,Natalie,Steele
2279,Natalie,Wagner
2279,Natalie,Douglas
2279,Faye,Steele
2279,Faye,Wagner
2279,Faye,Douglas
2279,Christopher,Steele
2279,Christopher,Wagner
2279,Christopher,Douglas
2280,Elvina,Sylvia
2280,Elvina,Fortner
2280,Oscar,Sylvia
2280,Oscar,Fortner
2281,Omar,Eberheart
2281,Omar,Riederer
2281,Omar,Hernandez
2281,Omar,Salmons
2281,Laura,Eberheart
2281,Laura,Riederer
2281,Laura,Hernandez
2281,Laura,Salmons
2281,Ellen,Eberheart
2281,Ellen,Riederer
2281,Ellen,Hernandez
2281,Ellen,Salmons
2281,Carl,Eberheart
2281,Carl,Riederer
2281,Carl,Hernandez
2281,Carl,Salmons
2282,David,Bozek
2282,David,Carver
2282,David,Ford
2282,David,Diaz
2282,Ginny,Bozek
2282,Ginny,Carver
2282,Ginny,Ford
2282,Ginny,Diaz
2282,Mae,Bozek
2282,Mae,Carver
2282,Mae,Ford
2282,Mae,Diaz
2282,Nancy,Bozek
2282,Nancy,Carver
2282,Nancy,Ford
2282,Nancy,Diaz
2285,Jeanne,Lott
2285,Jeanne,Norton
2285,Jeanne,Moore
2285,Jeanne,Sonoda
2285,Kathy,Lott
2285,Kathy,Norton
2285,Kathy,Moore
2285,Kathy,Sonoda
2285,Mary,Lott
2285,Mary,Norton
2285,Mary,Moore
2285,Mary,Sonoda
2285,Angela,Lott
2285,Angela,Norton
2285,Angela,Moore
2285,Angela,Sonoda
2287,Laura,Schneeman
2287,Laura,Thornton
2287,Laura,Labranche
2287,Rose,Schneeman
2287,Rose,Thornton
2287,Rose,Labranche
2287,Mark,Schneeman
2287,Mark,Thornton
2287,Mark,Labranche
2291,Sharon,Rivas
2291,Sharon,Johnson
2291,Randall,Rivas
2291,Randall,Johnson
2292,Keven,Evans
2292,Keven,Hirkaler
2292,Keven,Earheart
2292,Keven,Metzler
2292,Michael,Evans
2292,Michael,Hirkaler
2292,Michael,Earheart
2292,Michael,Metzler
2292,Alice,Evans
2292,Alice,Hirkaler
2292,Alice,Earheart
2292,Alice,Metzler
2292,Eric,Evans
2292,Eric,Hirkaler
2292,Eric,Earheart
2292,Eric,Metzler
2295,Louise,Yoder
2295,Louise,Mullis
2295,Louise,Bailey
2295,Christina,Yoder
2295,Christina,Mullis
2295,Christina,Bailey
2295,Billy,Yoder
2295,Billy,Mullis
2295,Billy,Bailey
2297,Marie,Ransom
2297,Marie,Laflore
2297,Marie,Brown
2297,Marie,Creighton
2297,Michele,Ransom
2297,Michele,Laflore
2297,Michele,Brown
2297,Michele,Creighton
2297,Esther,Ransom
2297,Esther,Laflore
2297,Esther,Brown
2297,Esther,Creighton
2297,John,Ransom
2297,John,Laflore
2297,John,Brown
2297,John,Creighton
2298,Edith,Murrah
2298,Edith,Samples
2298,Edith,Delgado
2298,Sheri,Murrah
2298,Sheri,Samples
2298,Sheri,Delgado
2298,Marcia,Murrah
2298,Marcia,Samples
2298,Marcia,Delgado
2304,Alice,Rainey
2304,Alice,Rivera
2304,Alice,Mentz
2304,Alice,Habib
2304,Stanley,Rainey
2304,Stanley,Rivera
2304,Stanley,Mentz
2304,Stanley,Habib
2304,Terrance,Rainey
2304,Terrance,Rivera
2304,Terrance,Mentz
2304,Terrance,Habib
2304,Robert,Rainey
2304,Robert,Rivera
2304,Robert,Mentz
2304,Robert,Habib
2307,Leroy,Mcvicker
2307,Leroy,Brandon
2307,Leroy,Garcia
2307,Stephen,Mcvicker
2307,Stephen,Brandon
2307,Stephen,Garcia
2307,Evelyn,Mcvicker
2307,Evelyn,Brandon
2307,Evelyn,Garcia
2309,Edna,Killeagle
2309,Edna,Guignard
2309,Edna,Vaccaro
2309,Edna,Ortega
2309,Lucille,Killeagle
2309,Lucille,Guignard
2309,Lucille,Vaccaro
2309,Lucille,Ortega
2309,Terri,Killeagle
2309,Terri,Guignard
2309,Terri,Vaccaro
2309,Terri,Ortega
2309,John,Killeagle
2309,John,Guignard
2309,John,Vaccaro
2309,John,Ortega
2314,Sammy,Mixon
2314,Sammy,Rock
2314,Sammy,Huntington
2314,Sammy,Bynum
2314,Ruth,Mixon
2314,Ruth,Rock
2314,Ruth,Huntington
2314,Ruth,Bynum
2314,Eric,Mixon
2314,Eric,Rock
2314,Eric,Huntington
2314,Eric,Bynum
2314,Mary,Mixon
2314,Mary,Rock
2314,Mary,Huntington
2314,Mary,Bynum
2316,Deborah,Mills
2319,Juan,Martin
2319,Juan,Nicholson
2319,Juan,Gunning
2319,Linda,Martin
2319,Linda,Nicholson
2319,Linda,Gunning
2319,Alexander,Martin
2319,Alexander,Nicholson
2319,Alexander,Gunning
2320,Gene,Banks
2322,Stacey,Galarza
2322,Stacey,Dudley
2322,Stacey,Kimball
2322,Stacey,Jones
2322,Elijah,Galarza
2322,Elijah,Dudley
2322,Elijah,Kimball
2322,Elijah,Jones
2322,Louis,Galarza
2322,Louis,Dudley
2322,Louis,Kimball
2322,Louis,Jones
2322,Darcy,Galarza
2322,Darcy,Dudley
2322,Darcy,Kimball
2322,Darcy,Jones
2325,Mary,Loffelbein
2325,Mary,Mellinger
2325,Matthew,Loffelbein
2325,Matthew,Mellinger
2326,Donald,Moran
2328,Susan,Catlett
2328,Susan,Holbrook
2328,Susan,Mclaughlin
2328,Susan,Draper
2328,Helen,Catlett
2328,Helen,Holbrook
2328,Helen,Mclaughlin
2328,Helen,Draper
2328,Danielle,Catlett
2328,Danielle,Holbrook
2328,Danielle,Mclaughlin
2328,Danielle,Draper
2328,Roger,Catlett
2328,Roger,Holbrook
2328,Roger,Mclaughlin
2328,Roger,Draper
2333,Allie,Thompson
2333,Allie,Hou
2333,Allie,Mast
2333,Allie,Shaw
2333,Tanisha,Thompson
2333,Tanisha,Hou
2333,Tanisha,Mast
2333,Tanisha,Shaw
2333,Kenneth,Thompson
2333,Kenneth,Hou
2333,Kenneth,Mast
2333,Kenneth,Shaw
2333,Jason,Thompson
2333,Jason,Hou
2333,Jason,Mast
2333,Jason,Shaw
2336,Pauline,Lopez
2336,Pauline,Mireles
2336,Pauline,Mervyn
2336,Patrick,Lopez
2336,Patrick,Mireles
2336,Patrick,Mervyn
2336,Jeffrey,Lopez
2336,Jeffrey,Mireles
2336,Jeffrey,Mervyn
2337,Herschel,Tran
2337,Herschel,Wright
2337,Herschel,Seifert
2337,Nathaniel,Tran
2337,Nathaniel,Wright
2337,Nathaniel,Seifert
2337,Robert,Tran
2337,Robert,Wright
2337,Robert,Seifert
2338,Elizabeth,Esposito
2338,Elizabeth,Powell
2338,Elizabeth,Starkey
2338,Shane,Esposito
2338,Shane,Powell
2338,Shane,Starkey
2338,Julia,Esposito
2338,Julia,Powell
2338,Julia,Starkey
2343,Fred,Garcia
2344,Katrina,Stollings
2344,Katrina,Jones
2344,Kimberly,Stollings
2344,Kimberly,Jones
2345,Sybil,Sayegh
2345,Sybil,Bryson
2345,Sybil,Paxman
2345,Sybil,Fox
2345,Roberta,Sayegh
2345,Roberta,Bryson
2345,Roberta,Paxman
2345,Roberta,Fox
2345,Connie,Sayegh
2345,Connie,Bryson
2345,Connie,Paxman
2345,Connie,Fox
2345,Connie,Sayegh
2345,Connie,Bryson
2345,Connie,Paxman
2345,Connie,Fox
2352,Raquel,Hernandez
2352,Raquel,Johnson
2352,Raquel,Deguire
2352,Geraldine,Hernandez
2352,Geraldine,Johnson
2352,Geraldine,Deguire
2352,Sarah,Hernandez
2352,Sarah,Johnson
2352,Sarah,Deguire
2358,Natasha,Baker
2358,Natasha,Berrios
2358,Natasha,Johnson
2358,Magdalena,Baker
2358,Magdalena,Berrios
2358,Magdalena,Johnson
2358,Frances,Baker
2358,Frances,Berrios
2358,Frances,Johnson
2362,Manuel,Stec
2362,Manuel,Hill
2362,Manuel,Thompson
2362,Jennifer,Stec
2362,Jennifer,Hill
2362,Jennifer,Thompson
2362,Mary,Stec
2362,Mary,Hill
2362,Mary,Thompson
2364,Elizabeth,Metzler
2364,Elizabeth,Mccarville
2364,Elizabeth,Baskin
2364,Elizabeth,Patton
2364,Jan,Metzler
2364,Jan,Mccarville
2364,Jan,Baskin
2364,Jan,Patton
2364,Carrie,Metzler
2364,Carrie,Mccarville
2364,Carrie,Baskin
2364,Carrie,Patton
2364,Kathy,Metzler
2364,Kathy,Mccarville
2364,Kathy,Baskin
2364,Kathy,Patton
2366,Laura,Bonner
2366,Laura,Londono
2366,Laura,Dequattro
2366,Laura,Brown
2366,James,Bonner
2366,James,Londono
2366,James,Dequattro
2366,James,Brown
2366,Joseph,Bonner
2366,Joseph,Londono
2366,Joseph,Dequattro
2366,Joseph,Brown
2366,Leona,Bonner
2366,Leona,Londono
2366,Leona,Dequattro
2366,Leona,Brown
2368,Imogene,Grissom
2368,Imogene,Mack
2368,Imogene,Anderson
2368,Anthony,Grissom
2368,Anthony,Mack
2368,Anthony,Anderson
2368,Edmund,Grissom
2368,Edmund,Mack
2368,Edmund,Anderson
2371,Elizabeth,Templeton
2371,Elizabeth,Gage
2371,Elizabeth,Langley
2371,Brad,Templeton
2371,Brad,Gage
2371,Brad,Langley
2371,Becky,Templeton
2371,Becky,Gage
2371,Becky,Langley
2373,John,Ramer
2373,John,Bowden
2373,John,Ramirez
2373,John,Zimmerman
2373,Michelle,Ramer
2373,Michelle,Bowden
2373,Michelle,Ramirez
2373,Michelle,Zimmerman
2373,Laura,Ramer
2373,Laura,Bowden
2373,Laura,Ramirez
2373,Laura,Zimmerman
2373,Andre,Ramer
2373,Andre,Bowden
2373,Andre,Ramirez
2373,Andre,Zimmerman
2374,Belinda,Christopherso
2374,Belinda,Ross
2374,Jillian,Christopherso
2374,Jillian,Ross
2377,Gloria,Congrove
2377,Gloria,Wadas
2377,Gloria,Curl
2377,Constance,Congrove
2377,Constance,Wadas
2377,Constance,Curl
2377,Norman,Congrove
2377,Norman,Wadas
2377,Norman,Curl
2378,Mark,York
2378,Mark,Jennings
2378,Mark,Wheat
2378,Mark,Rister
2378,Shirley,York
2378,Shirley,Jennings
2378,Shirley,Wheat
2378,Shirley,Rister
2378,William,York
2378,William,Jennings
2378,William,Wheat
2378,William,Rister
2378,Cedric,York
2378,Cedric,Jennings
2378,Cedric,Wheat
2378,Cedric,Rister
2380,Donald,Perras
2380,Donald,Clauson
2380,Donald,Vickers
2380,Bob,Perras
2380,Bob,Clauson
2380,Bob,Vickers
2380,Pamela,Perras
2380,Pamela,Clauson
2380,Pamela,Vickers
2384,John,Harris
2384,John,Ramage
2384,John,Hughes
2384,Charles,Harris
2384,Charles,Ramage
2384,Charles,Hughes
2384,Hazel,Harris
2384,Hazel,Ramage
2384,Hazel,Hughes
2391,David,Mcgeever
2391,David,Riina
2391,David,Burton
2391,David,Honeycutt
2391,John,Mcgeever
2391,John,Riina
2391,John,Burton
2391,John,Honeycutt
2391,Andy,Mcgeever
2391,Andy,Riina
2391,Andy,Burton
2391,Andy,Honeycutt
2391,Floyd,Mcgeever
2391,Floyd,Riina
2391,Floyd,Burton
2391,Floyd,Honeycutt
2392,Joey,Brock
2392,Joey,Castillo
2392,Joey,Mccrae
2392,Joey,Pressley
2392,Gayle,Brock
2392,Gayle,Castillo
2392,Gayle,Mccrae
2392,Gayle,Pressley
2392,Mary,Brock
2392,Mary,Castillo
2392,Mary,Mccrae
2392,Mary,Pressley
2392,Geraldine,Brock
2392,Geraldine,Castillo
2392,Geraldine,Mccrae
2392,Geraldine,Pressley
2394,Phyllis,Seabolt
2394,Phyllis,Kirby
2394,Marsha,Seabolt
2394,Marsha,Kirby
2396,Carmen,Sartain
2396,Carmen,Willis
2396,Carmen,Johnson
2396,Lamar,Sartain
2396,Lamar,Willis
2396,Lamar,Johnson
2396,Laura,Sartain
2396,Laura,Willis
2396,Laura,Johnson
2398,Lance,Dupre
2398,Lance,Thomas
2398,Lance,Butz
2398,Barbara,Dupre
2398,Barbara,Thomas
2398,Barbara,Butz
2398,Kelly,Dupre
2398,Kelly,Thomas
2398,Kelly,Butz
2400,Andrew,Taegel
2403,Wendy,Moore
2403,Wendy,Meyer
2403,Wendy,Woodall
2403,Wendy,Clark
2403,Gabriel,Moore
2403,Gabriel,Meyer
2403,Gabriel,Woodall
2403,Gabriel,Clark
2403,Richard,Moore
2403,Richard,Meyer
2403,Richard,Woodall
2403,Richard,Clark
2403,Carolyn,Moore
2403,Carolyn,Meyer
2403,Carolyn,Woodall
2403,Carolyn,Clark
2404,Marianne,Neidecker
2404,Marianne,Duke
2404,Marianne,Fowler
2404,Marianne,Calvo
2404,Ida,Neidecker
2404,Ida,Duke
2404,Ida,Fowler
2404,Ida,Calvo
2404,Rose,Neidecker
2404,Rose,Duke
2404,Rose,Fowler
2404,Rose,Calvo
2404,Amanda,Neidecker
2404,Amanda,Duke
2404,Amanda,Fowler
2404,Amanda,Calvo
2405,Michael,Baker
2405,Michael,Holzinger
2405,Michael,Minier
2405,Michael,Kelley
2405,Milton,Baker
2405,Milton,Holzinger
2405,Milton,Minier
2405,Milton,Kelley
2405,Pamela,Baker
2405,Pamela,Holzinger
2405,Pamela,Minier
2405,Pamela,Kelley
2405,Betty,Baker
2405,Betty,Holzinger
2405,Betty,Minier
2405,Betty,Kelley
2407,Judy,Snider
2407,Judy,Johnson
2407,Charles,Snider
2407,Charles,Johnson
2412,Ellen,Mejia
2412,Ellen,Lozoya
2412,Ellen,Verstraete
2412,Amy,Mejia
2412,Amy,Lozoya
2412,Amy,Verstraete
2412,Tom,Mejia
2412,Tom,Lozoya
2412,Tom,Verstraete
2415,Sharon,Silva
2415,Sharon,West
2415,Sharon,Oneal
2415,Sharon,Schappert
2415,Jo,Silva
2415,Jo,West
2415,Jo,Oneal
2415,Jo,Schappert
2415,Bonnie,Silva
2415,Bonnie,West
2415,Bonnie,Oneal
2415,Bonnie,Schappert
2415,Darlene,Silva
2415,Darlene,West
2415,Darlene,Oneal
2415,Darlene,Schappert
2419,Anna,Vessey
2419,Anna,Woodley
2419,Anna,Stout
2419,Anna,Pickard
2419,Twila,Vessey
2419,Twila,Woodley
2419,Twila,Stout
2419,Twila,Pickard
2419,Jennifer,Vessey
2419,Jennifer,Woodley
2419,Jennifer,Stout
2419,Jennifer,Pickard
2419,Patricia,Vessey
2419,Patricia,Woodley
2419,Patricia,Stout
2419,Patricia,Pickard
2421,Claudia,Fleming
2421,Claudia,Downes
2421,Claudia,Oneill
2421,Claudia,Hampton
2421,Hazel,Fleming
2421,Hazel,Downes
2421,Hazel,Oneill
2421,Hazel,Hampton
2421,Laura,Fleming
2421,Laura,Downes
2421,Laura,Oneill
2421,Laura,Hampton
2421,Gwendolyn,Fleming
2421,Gwendolyn,Downes
2421,Gwendolyn,Oneill
2421,Gwendolyn,Hampton
2423,Marvin,Brewer
2423,Marvin,Ballard
2423,Marvin,Buchanan
2423,Marvin,Johnson
2423,Curtis,Brewer
2423,Curtis,Ballard
2423,Curtis,Buchanan
2423,Curtis,Johnson
2423,Shaun,Brewer
2423,Shaun,Ballard
2423,Shaun,Buchanan
2423,Shaun,Johnson
2423,Pedro,Brewer
2423,Pedro,Ballard
2423,Pedro,Buchanan
2423,Pedro,Johnson
2432,Patricia,Holmes
2433,Nicole,Sowl
2433,Nicole,Evans
2433,Nicole,Evans
2433,Nancy,Sowl
2433,Nancy,Evans
2433,Nancy,Evans
2433,Bessie,Sowl
2433,Bessie,Evans
2433,Bessie,Evans
2435,Kevin,Rafferty
2435,Kevin,Maguire
2435,Kevin,Macomber
2435,Kevin,Johnson
2435,Teddy,Rafferty
2435,Teddy,Maguire
2435,Teddy,Macomber
2435,Teddy,Johnson
2435,Brian,Rafferty
2435,Brian,Maguire
2435,Brian,Macomber
2435,Brian,Johnson
2435,Alan,Rafferty
2435,Alan,Maguire
2435,Alan,Macomber
2435,Alan,Johnson
2436,Kenneth,Fischer
2436,Kenneth,Harper
2436,Kenneth,Goins
2436,Kenneth,Distasio
2436,Rusty,Fischer
2436,Rusty,Harper
2436,Rusty,Goins
2436,Rusty,Distasio
2436,Gayle,Fischer
2436,Gayle,Harper
2436,Gayle,Goins
2436,Gayle,Distasio
2436,Toni,Fischer
2436,Toni,Harper
2436,Toni,Goins
2436,Toni,Distasio
2438,Herman,Reed
2438,Herman,Alvey
2438,Herman,Gay
2438,Paul,Reed
2438,Paul,Alvey
2438,Paul,Gay
2438,Betty,Reed
2438,Betty,Alvey
2438,Betty,Gay
2439,Ryan,Brown
2440,Violet,Farrer
2444,Jeffrey,Martinez
2444,Jeffrey,Dyas
2444,Vaughn,Martinez
2444,Vaughn,Dyas
2445,Kenneth,Walker
2445,Kenneth,Bailey
2445,Kenneth,Delarosa
2445,Kenneth,Mcdaniel
2445,Iona,Walker
2445,Iona,Bailey
2445,Iona,Delarosa
2445,Iona,Mcdaniel
2445,William,Walker
2445,William,Bailey
2445,William,Delarosa
2445,William,Mcdaniel
2445,Edwin,Walker
2445,Edwin,Bailey
2445,Edwin,Delarosa
2445,Edwin,Mcdaniel
2446,Carolyn,Cornell
2446,Carolyn,Wenthold
2446,Carolyn,Schofield
2446,Clarence,Cornell
2446,Clarence,Wenthold
2446,Clarence,Schofield
2446,Thomas,Cornell
2446,Thomas,Wenthold
2446,Thomas,Schofield
2450,Todd,Grimm
2450,Todd,Turner
2450,Todd,Nolan
2450,Agustin,Grimm
2450,Agustin,Turner
2450,Agustin,Nolan
2450,Howard,Grimm
2450,Howard,Turner
2450,Howard,Nolan
2464,Katrina,Colunga
2464,Katrina,Frith
2464,Katrina,Gilbert
2464,Katrina,Sneeden
2464,Jennifer,Colunga
2464,Jennifer,Frith
2464,Jennifer,Gilbert
2464,Jennifer,Sneeden
2464,Mark,Colunga
2464,Mark,Frith
2464,Mark,Gilbert
2464,Mark,Sneeden
2464,Lucia,Colunga
2464,Lucia,Frith
2464,Lucia,Gilbert
2464,Lucia,Sneeden
2465,Janice,Vasquez
2465,Janice,Thomas
2465,Janice,Norris
2465,Janice,Greene
2465,Rene,Vasquez
2465,Rene,Thomas
2465,Rene,Norris
2465,Rene,Greene
2465,Peter,Vasquez
2465,Peter,Thomas
2465,Peter,Norris
2465,Peter,Greene
2465,Ulysses,Vasquez
2465,Ulysses,Thomas
2465,Ulysses,Norris
2465,Ulysses,Greene
2469,Leigh,West
2469,Leigh,Mora
2469,Leigh,Thomas
2469,Derrick,West
2469,Derrick,Mora
2469,Derrick,Thomas
2469,Norma,West
2469,Norma,Mora
2469,Norma,Thomas
2470,Jessica,Rossano
2470,Jessica,Gilbert
2470,Jessica,Gonzalez
2470,Stanley,Rossano
2470,Stanley,Gilbert
2470,Stanley,Gonzalez
2470,Sue,Rossano
2470,Sue,Gilbert
2470,Sue,Gonzalez
2471,Denise,Meyers
2471,Denise,Levenstein
2471,Denise,Herrera
2471,Karen,Meyers
2471,Karen,Levenstein
2471,Karen,Herrera
2471,Norman,Meyers
2471,Norman,Levenstein
2471,Norman,Herrera
2481,Patricia,Caraballo
2481,Patricia,Duncan
2481,Patricia,Mccutcheon
2481,Patricia,Balde
2481,Joseph,Caraballo
2481,Joseph,Duncan
2481,Joseph,Mccutcheon
2481,Joseph,Balde
2481,Jenee,Caraballo
2481,Jenee,Duncan
2481,Jenee,Mccutcheon
2481,Jenee,Balde
2481,Teresa,Caraballo
2481,Teresa,Duncan
2481,Teresa,Mccutcheon
2481,Teresa,Balde
2482,Margot,Bova
2483,Patricia,Kanzenbach
2485,Michele,Watkins
2485,Michele,Ramirez
2485,William,Watkins
2485,William,Ramirez
2486,Daniel,Jastrebski
2486,Daniel,Mcguire
2486,Daniel,Evans
2486,Daniel,Standley
2486,Mary,Jastrebski
2486,Mary,Mcguire
2486,Mary,Evans
2486,Mary,Standley
2486,Linda,Jastrebski
2486,Linda,Mcguire
2486,Linda,Evans
2486,Linda,Standley
2486,Cedric,Jastrebski
2486,Cedric,Mcguire
2486,Cedric,Evans
2486,Cedric,Standley
2489,Brenda,Shuler
2489,Brenda,Seaman
2489,Elizabeth,Shuler
2489,Elizabeth,Seaman
2490,Beverly,Bush
2490,Beverly,Kearns
2490,Beverly,Labbie
2490,Beverly,Rodriguez
2490,Alexander,Bush
2490,Alexander,Kearns
2490,Alexander,Labbie
2490,Alexander,Rodriguez
2490,Timothy,Bush
2490,Timothy,Kearns
2490,Timothy,Labbie
2490,Timothy,Rodriguez
2490,Ann,Bush
2490,Ann,Kearns
2490,Ann,Labbie
2490,Ann,Rodriguez
2493,Tiffany,Moon
2493,Tiffany,Poplin
2493,Tiffany,Thompson
2493,David,Moon
2493,David,Poplin
2493,David,Thompson
2493,Shani,Moon
2493,Shani,Poplin
2493,Shani,Thompson
2495,Kenneth,Millsap
2495,Kenneth,Silverthorn
2495,Kenneth,Tomita
2495,Betty,Millsap
2495,Betty,Silverthorn
2495,Betty,Tomita
2495,Eddie,Millsap
2495,Eddie,Silverthorn
2495,Eddie,Tomita
2007,Angel,Russell
2007,Angel,Bumgarner
2007,Violet,Russell
2007,Violet,Bumgarner
2023,Emily,Geoghegan
2023,Emily,Morris
2023,Emily,Santos
2023,Florence,Geoghegan
2023,Florence,Morris
2023,Florence,Santos
2023,Perry,Geoghegan
2023,Perry,Morris
2023,Perry,Santos
2030,Daryl,Mance
2036,Nelda,Mcmahon
2036,Nelda,Scott
2036,Nelda,Witcher
2036,Deborah,Mcmahon
2036,Deborah,Scott
2036,Deborah,Witcher
2036,Erwin,Mcmahon
2036,Erwin,Scott
2036,Erwin,Witcher
2039,Andrew,Dombeck
2039,Andrew,Long
2039,Tatiana,Dombeck
2039,Tatiana,Long
2043,Fred,Leary
2043,Fred,Brown
2043,Fred,Maynard
2043,George,Leary
2043,George,Brown
2043,George,Maynard
2043,Fannie,Leary
2043,Fannie,Brown
2043,Fannie,Maynard
2045,Betty,Ruda
2045,Betty,Hornbrook
2045,Betty,Osborne
2045,Gail,Ruda
2045,Gail,Hornbrook
2045,Gail,Osborne
2045,Samantha,Ruda
2045,Samantha,Hornbrook
2045,Samantha,Osborne
2059,Hattie,Richard
2059,Hattie,Powell
2059,Hattie,Keehn
2059,Hattie,Barton
2059,James,Richard
2059,James,Powell
2059,James,Keehn
2059,James,Barton
2059,Dorothy,Richard
2059,Dorothy,Powell
2059,Dorothy,Keehn
2059,Dorothy,Barton
2059,Wayne,Richard
2059,Wayne,Powell
2059,Wayne,Keehn
2059,Wayne,Barton
2062,Steven,Stuckey
2082,Chad,Scaglione
2083,Gerald,Kjar
2083,Gerald,Parker
2083,Gerald,Mathews
2083,Phyllis,Kjar
2083,Phyllis,Parker
2083,Phyllis,Mathews
2083,Mitchell,Kjar
2083,Mitchell,Parker
2083,Mitchell,Mathews
2088,John,Moore
2089,Ronald,Buffalo
2089,Ronald,Stephens
2089,Ronald,Cousins
2089,Ronald,Sease
2089,Robert,Buffalo
2089,Robert,Stephens
2089,Robert,Cousins
2089,Robert,Sease
2089,William,Buffalo
2089,William,Stephens
2089,William,Cousins
2089,William,Sease
2089,John,Buffalo
2089,John,Stephens
2089,John,Cousins
2089,John,Sease
2095,Jerry,Johnson
2095,Jerry,Larkin
2095,Jerry,Giles
2095,Jerry,Johnson
2095,Rosa,Johnson
2095,Rosa,Larkin
2095,Rosa,Giles
2095,Rosa,Johnson
2095,Calvin,Johnson
2095,Calvin,Larkin
2095,Calvin,Giles
2095,Calvin,Johnson
2095,Mary,Johnson
2095,Mary,Larkin
2095,Mary,Giles
2095,Mary,Johnson
2099,Ron,Gentry
2099,Ron,Hippen
2099,Cory,Gentry
2099,Cory,Hippen
2101,Matt,Harris
2101,Matt,Morely
2101,Matt,Benner
2101,Michael,Harris
2101,Michael,Morely
2101,Michael,Benner
2101,Max,Harris
2101,Max,Morely
2101,Max,Benner
2106,Carolyn,Nilsen
2106,Carolyn,Keith
2106,Carolyn,Aldana
2106,Carolyn,Fortier
2106,Emory,Nilsen
2106,Emory,Keith
2106,Emory,Aldana
2106,Emory,Fortier
2106,Donna,Nilsen
2106,Donna,Keith
2106,Donna,Aldana
2106,Donna,Fortier
2106,Vernon,Nilsen
2106,Vernon,Keith
2106,Vernon,Aldana
2106,Vernon,Fortier
2108,Felipa,Muniz
2108,Felipa,Garcia
2108,Felipa,Greene
2108,Felipa,Bales
2108,Geneva,Muniz
2108,Geneva,Garcia
2108,Geneva,Greene
2108,Geneva,Bales
2108,Robert,Muniz
2108,Robert,Garcia
2108,Robert,Greene
2108,Robert,Bales
2108,Shirley,Muniz
2108,Shirley,Garcia
2108,Shirley,Greene
2108,Shirley,Bales
2111,Lana,Enright
2111,Lana,Moore
2111,Lana,Noyes
2111,Lana,Passe
2111,Patti,Enright
2111,Patti,Moore
2111,Patti,Noyes
2111,Patti,Passe
2111,Jesse,Enright
2111,Jesse,Moore
2111,Jesse,Noyes
2111,Jesse,Passe
2111,John,Enright
2111,John,Moore
2111,John,Noyes
2111,John,Passe
2114,Kevin,Brown
2114,Kevin,Smith
2114,Kevin,Alston
2114,Kevin,Borrelli
2114,Howard,Brown
2114,Howard,Smith
2114,Howard,Alston
2114,Howard,Borrelli
2114,Meredith,Brown
2114,Meredith,Smith
2114,Meredith,Alston
2114,Meredith,Borrelli
2114,Juan,Brown
2114,Juan,Smith
2114,Juan,Alston
2114,Juan,Borrelli
2115,Pam,Sparks
2115,Pam,Manzo
2115,Pam,Sysyn
2115,Jacqueline,Sparks
2115,Jacqueline,Manzo
2115,Jacqueline,Sysyn
2115,Sheryl,Sparks
2115,Sheryl,Manzo
2115,Sheryl,Sysyn
2128,Alberto,Fontenette
2128,Alberto,Cardozo
2128,Alberto,Coyle
2128,Alberto,Hopper
2128,Mary,Fontenette
2128,Mary,Cardozo
2128,Mary,Coyle
2128,Mary,Hopper
2128,Roger,Fontenette
2128,Roger,Cardozo
2128,Roger,Coyle
2128,Roger,Hopper
2128,Carlos,Fontenette
2128,Carlos,Cardozo
2128,Carlos,Coyle
2128,Carlos,Hopper
2130,William,Hancock
2130,William,Singh
2130,William,Barron
2130,William,Brenner
2130,Jessica,Hancock
2130,Jessica,Singh
2130,Jessica,Barron
2130,Jessica,Brenner
2130,John,Hancock
2130,John,Singh
2130,John,Barron
2130,John,Brenner
2130,Ricardo,Hancock
2130,Ricardo,Singh
2130,Ricardo,Barron
2130,Ricardo,Brenner
2135,Mark,Wilson
2138,Jack,Cloutier
2138,Jack,Winfrey
2138,Jack,Horne
2138,Robert,Cloutier
2138,Robert,Winfrey
2138,Robert,Horne
2138,Justin,Cloutier
2138,Justin,Winfrey
2138,Justin,Horne
2144,Mary,Villalobos
2144,Mary,Walp
2144,Robert,Villalobos
2144,Robert,Walp
2148,Brittany,Horst
2148,Brittany,Martin
2148,Brittany,Redfox
2148,Christopher,Horst
2148,Christopher,Martin
2148,Christopher,Redfox
2148,Edwina,Horst
2148,Edwina,Martin
2148,Edwina,Redfox
2150,James,Kilgore
2150,James,Jenkins
2150,James,Morriss
2150,Wendell,Kilgore
2150,Wendell,Jenkins
2150,Wendell,Morriss
2150,Dana,Kilgore
2150,Dana,Jenkins
2150,Dana,Morriss
2151,Dwight,Shell
2151,Dwight,Gary
2151,Dwight,Dobbs
2151,Dwight,Egleston
2151,James,Shell
2151,James,Gary
2151,James,Dobbs
2151,James,Egleston
2151,James,Shell
2151,James,Gary
2151,James,Dobbs
2151,James,Egleston
2151,Dawn,Shell
2151,Dawn,Gary
2151,Dawn,Dobbs
2151,Dawn,Egleston
2153,Lenita,Botkin
2153,Lenita,Miller
2153,Lenita,Carrillo
2153,Lenita,Wright
2153,Jerome,Botkin
2153,Jerome,Miller
2153,Jerome,Carrillo
2153,Jerome,Wright
2153,Simone,Botkin
2153,Simone,Miller
2153,Simone,Carrillo
2153,Simone,Wright
2153,Timothy,Botkin
2153,Timothy,Miller
2153,Timothy,Carrillo
2153,Timothy,Wright
2156,Becky,Anderson
2156,Becky,Stovall
2156,Becky,Foulks
2156,Becky,Parker
2156,John,Anderson
2156,John,Stovall
2156,John,Foulks
2156,John,Parker
2156,Iris,Anderson
2156,Iris,Stovall
2156,Iris,Foulks
2156,Iris,Parker
2156,Dixie,Anderson
2156,Dixie,Stovall
2156,Dixie,Foulks
2156,Dixie,Parker
2161,William,Lundberg
2161,William,Basel
2161,William,Tederous
2161,Henry,Lundberg
2161,Henry,Basel
2161,Henry,Tederous
2161,Lucinda,Lundberg
2161,Lucinda,Basel
2161,Lucinda,Tederous
2163,Peg,Barnhart
2163,Peg,Bishop
2163,Peg,Pugmire
2163,Daniel,Barnhart
2163,Daniel,Bishop
2163,Daniel,Pugmire
2163,Laura,Barnhart
2163,Laura,Bishop
2163,Laura,Pugmire
2164,Irene,Bragg
2165,Annette,Elletson
2165,Annette,Mischler
2165,Annette,Muise
2165,James,Elletson
2165,James,Mischler
2165,James,Muise
2165,Eric,Elletson
2165,Eric,Mischler
2165,Eric,Muise
2169,Stacy,Jackson
2171,James,Gamboa
2178,Patrick,Noble
2178,Patrick,West
2178,Patrick,Albin
2178,Alonzo,Noble
2178,Alonzo,West
2178,Alonzo,Albin
2178,William,Noble
2178,William,West
2178,William,Albin
2183,Emma,Stewart
2183,Emma,Murphy
2183,Emma,Hoskin
2183,James,Stewart
2183,James,Murphy
2183,James,Hoskin
2183,Chong,Stewart
2183,Chong,Murphy
2183,Chong,Hoskin
2184,Mary,Creed
2184,Mary,Daniels
2184,Mary,Tusa
2184,Mary,Janousek
2184,Daniel,Creed
2184,Daniel,Daniels
2184,Daniel,Tusa
2184,Daniel,Janousek
2184,Kirk,Creed
2184,Kirk,Daniels
2184,Kirk,Tusa
2184,Kirk,Janousek
2184,Jamie,Creed
2184,Jamie,Daniels
2184,Jamie,Tusa
2184,Jamie,Janousek
2185,Andrew,Payson
2185,Andrew,Manteca
2185,Andrew,Brister
2185,Andrew,Weber
2185,Linda,Payson
2185,Linda,Manteca
2185,Linda,Brister
2185,Linda,Weber
2185,Alan,Payson
2185,Alan,Manteca
2185,Alan,Brister
2185,Alan,Weber
2185,Tanya,Payson
2185,Tanya,Manteca
2185,Tanya,Brister
2185,Tanya,Weber
2188,Selma,Glenn
2188,Selma,Szabat
2188,Melissa,Glenn
2188,Melissa,Szabat
2216,Deirdre,Markell
2218,Claude,Garafalo
2219,Zachary,Owen
2219,Zachary,Mcquay
2219,Zachary,Shelby
2219,Zachary,Baker
2219,Brenda,Owen
2219,Brenda,Mcquay
2219,Brenda,Shelby
2219,Brenda,Baker
2219,Phyllis,Owen
2219,Phyllis,Mcquay
2219,Phyllis,Shelby
2219,Phyllis,Baker
2219,Hazel,Owen
2219,Hazel,Mcquay
2219,Hazel,Shelby
2219,Hazel,Baker
2231,Rene,Tillman
2231,Rene,David
2231,Lillie,Tillman
2231,Lillie,David
2240,Lawrence,Candelaria
2240,Lawrence,Hatley
2240,Lawrence,Brown
2240,Lawrence,Kellam
2240,Debra,Candelaria
2240,Debra,Hatley
2240,Debra,Brown
2240,Debra,Kellam
2240,Jane,Candelaria
2240,Jane,Hatley
2240,Jane,Brown
2240,Jane,Kellam
2240,Judith,Candelaria
2240,Judith,Hatley
2240,Judith,Brown
2240,Judith,Kellam
2243,Dorothy,Sherrill
2243,Dorothy,Lee
2243,Dorothy,Harris
2243,Dorothy,Senn
2243,Dana,Sherrill
2243,Dana,Lee
2243,Dana,Harris
2243,Dana,Senn
2243,Anna,Sherrill
2243,Anna,Lee
2243,Anna,Harris
2243,Anna,Senn
2243,Marjorie,Sherrill
2243,Marjorie,Lee
2243,Marjorie,Harris
2243,Marjorie,Senn
2258,William,Thomas
2258,William,Watland
2258,William,Mercer
2258,William,Andersson
2258,Rocco,Thomas
2258,Rocco,Watland
2258,Rocco,Mercer
2258,Rocco,Andersson
2258,Rick,Thomas
2258,Rick,Watland
2258,Rick,Mercer
2258,Rick,Andersson
2258,Nora,Thomas
2258,Nora,Watland
2258,Nora,Mercer
2258,Nora,Andersson
2276,Kasey,Pein
2276,Kasey,Harris
2276,Kasey,Daigle
2276,Kasey,Suh
2276,Evelyn,Pein
2276,Evelyn,Harris
2276,Evelyn,Daigle
2276,Evelyn,Suh
2276,Becky,Pein
2276,Becky,Harris
2276,Becky,Daigle
2276,Becky,Suh
2276,Rosemary,Pein
2276,Rosemary,Harris
2276,Rosemary,Daigle
2276,Rosemary,Suh
2296,Suzanne,Sanders
2300,Heather,Destefano
2327,Evelyn,Fleishman
2327,Evelyn,Roberts
2327,Sheila,Fleishman
2327,Sheila,Roberts
2330,Georgia,Garcia
2330,Georgia,Nadeau
2330,Georgia,Rodriquez
2330,Sarah,Garcia
2330,Sarah,Nadeau
2330,Sarah,Rodriquez
2330,Madeline,Garcia
2330,Madeline,Nadeau
2330,Madeline,Rodriquez
2331,Francis,Charley
2331,Francis,Bennington
2331,Francis,Nunez
2331,Deborah,Charley
2331,Deborah,Bennington
2331,Deborah,Nunez
2331,John,Charley
2331,John,Bennington
2331,John,Nunez
2332,Cynthia,Brown
2332,Cynthia,Smiley
2332,Cynthia,Keirnan
2332,Gerald,Brown
2332,Gerald,Smiley
2332,Gerald,Keirnan
2332,Mary,Brown
2332,Mary,Smiley
2332,Mary,Keirnan
2341,Judith,Barrett
2341,Judith,Burbach
2341,Judith,Hinton
2341,Judith,Curry
2341,Robby,Barrett
2341,Robby,Burbach
2341,Robby,Hinton
2341,Robby,Curry
2341,Rachel,Barrett
2341,Rachel,Burbach
2341,Rachel,Hinton
2341,Rachel,Curry
2341,Edna,Barrett
2341,Edna,Burbach
2341,Edna,Hinton
2341,Edna,Curry
2342,Gilbert,Torres
2350,Kathryn,Strickland
2350,Kathryn,Todd
2350,Kathryn,Tweedy
2350,Edmund,Strickland
2350,Edmund,Todd
2350,Edmund,Tweedy
2350,Bryce,Strickland
2350,Bryce,Todd
2350,Bryce,Tweedy
2351,Susan,Mcwayne
2354,Julie,Mieszala
2354,Julie,Murphy
2354,Rachel,Mieszala
2354,Rachel,Murphy
2361,Vernon,Hall
2361,Vernon,Metoyer
2361,Vernon,Brackett
2361,Daniel,Hall
2361,Daniel,Metoyer
2361,Daniel,Brackett
2361,Pablo,Hall
2361,Pablo,Metoyer
2361,Pablo,Brackett
2363,Doris,Atkinson
2363,Doris,Stewart
2363,Dolores,Atkinson
2363,Dolores,Stewart
2365,Justin,Moore
2365,Justin,Uribe
2365,Justin,Renshaw
2365,Janet,Moore
2365,Janet,Uribe
2365,Janet,Renshaw
2365,Stephen,Moore
2365,Stephen,Uribe
2365,Stephen,Renshaw
2369,Anna,Gressler
2369,Anna,Jefferis
2369,Anna,Bathke
2369,Anna,Robison
2369,Alana,Gressler
2369,Alana,Jefferis
2369,Alana,Bathke
2369,Alana,Robison
2369,Steven,Gressler
2369,Steven,Jefferis
2369,Steven,Bathke
2369,Steven,Robison
2369,Robert,Gressler
2369,Robert,Jefferis
2369,Robert,Bathke
2369,Robert,Robison
2372,Brandee,Meeter
2372,Brandee,Viggiano
2372,Richard,Meeter
2372,Richard,Viggiano
2375,Maxine,Hsieh
2375,Maxine,Scott
2375,Charles,Hsieh
2375,Charles,Scott
2383,Tammy,Holloway
2383,Tammy,Merrell
2383,Tammy,Hernandez
2383,Tammy,Fallis
2383,Marcus,Holloway
2383,Marcus,Merrell
2383,Marcus,Hernandez
2383,Marcus,Fallis
2383,Jesus,Holloway
2383,Jesus,Merrell
2383,Jesus,Hernandez
2383,Jesus,Fallis
2383,Mary,Holloway
2383,Mary,Merrell
2383,Mary,Hernandez
2383,Mary,Fallis
2385,Jeffrey,Hunt
2393,Aida,Hostetler
2393,Aida,Rayborn
2393,Edwin,Hostetler
2393,Edwin,Rayborn
2395,Josef,Hall
2395,Josef,Edwards
2395,Josef,Holmes
2395,Josef,Pryor
2395,Christal,Hall
2395,Christal,Edwards
2395,Christal,Holmes
2395,Christal,Pryor
2395,John,Hall
2395,John,Edwards
2395,John,Holmes
2395,John,Pryor
2395,Laurie,Hall
2395,Laurie,Edwards
2395,Laurie,Holmes
2395,Laurie,Pryor
2447,Trudy,Massie
2447,Trudy,Dorsey
2447,Terry,Massie
2447,Terry,Dorsey
2451,Joe,Bradley
2451,Joe,Wilson
2451,Joe,Hancock
2451,Joe,Fields
2451,Dianne,Bradley
2451,Dianne,Wilson
2451,Dianne,Hancock
2451,Dianne,Fields
2451,Kim,Bradley
2451,Kim,Wilson
2451,Kim,Hancock
2451,Kim,Fields
2451,Wesley,Bradley
2451,Wesley,Wilson
2451,Wesley,Hancock
2451,Wesley,Fields
2453,Kathryn,Fontenot
2453,Kathryn,Douglas
2453,Kathryn,Lerner
2453,Maria,Fontenot
2453,Maria,Douglas
2453,Maria,Lerner
2453,Eva,Fontenot
2453,Eva,Douglas
2453,Eva,Lerner
2454,Velia,Green
2454,Velia,Hollandsworth
2454,Charles,Green
2454,Charles,Hollandsworth
2456,Timothy,Fulton
2456,Timothy,Elkins
2456,Mae,Fulton
2456,Mae,Elkins
2466,Terrence,Mauro
2466,Terrence,Walters
2466,Terrence,Ivey
2466,Terrence,Spirer
2466,Vada,Mauro
2466,Vada,Walters
2466,Vada,Ivey
2466,Vada,Spirer
2466,Angela,Mauro
2466,Angela,Walters
2466,Angela,Ivey
2466,Angela,Spirer
2466,Rodolfo,Mauro
2466,Rodolfo,Walters
2466,Rodolfo,Ivey
2466,Rodolfo,Spirer
2467,Emilio,Cummings
2467,Emilio,Mckenna
2467,Emilio,Mclean
2467,Emilio,Hook
2467,Ross,Cummings
2467,Ross,Mckenna
2467,Ross,Mclean
2467,Ross,Hook
2467,Anthony,Cummings
2467,Anthony,Mckenna
2467,Anthony,Mclean
2467,Anthony,Hook
2467,Derek,Cummings
2467,Derek,Mckenna
2467,Derek,Mclean
2467,Derek,Hook
2474,Katrina,Yeates
2474,Katrina,Mcnolty
2474,Katrina,Pankratz
2474,Richard,Yeates
2474,Richard,Mcnolty
2474,Richard,Pankratz
2474,Ruby,Yeates
2474,Ruby,Mcnolty
2474,Ruby,Pankratz
2475,Kevin,Hunt
2475,Kevin,Gadd
2475,Kevin,Richardson
2475,Kevin,Hunt
2475,Kevin,Gadd
2475,Kevin,Richardson
2475,Tammy,Hunt
2475,Tammy,Gadd
2475,Tammy,Richardson
2476,Jeffrey,Copeland
2476,Jeffrey,Sauvageau
2476,Jeffrey,Moseley
2476,James,Copeland
2476,James,Sauvageau
2476,James,Moseley
2476,Helen,Copeland
2476,Helen,Sauvageau
2476,Helen,Moseley
2477,Marcia,Polanco
2477,Marcia,Whitten
2477,Marcia,Huggins
2477,Marcia,Robinson
2477,Evelyn,Polanco
2477,Evelyn,Whitten
2477,Evelyn,Huggins
2477,Evelyn,Robinson
2477,Phillip,Polanco
2477,Phillip,Whitten
2477,Phillip,Huggins
2477,Phillip,Robinson
2477,John,Polanco
2477,John,Whitten
2477,John,Huggins
2477,John,Robinson
2478,Cathy,Wall
2478,Cathy,Elie
2478,Cathy,Wright
2478,Cathy,Beaver
2478,Stanley,Wall
2478,Stanley,Elie
2478,Stanley,Wright
2478,Stanley,Beaver
2478,Christine,Wall
2478,Christine,Elie
2478,Christine,Wright
2478,Christine,Beaver
2478,James,Wall
2478,James,Elie
2478,James,Wright
2478,James,Beaver
2491,Norman,Erdman
2491,Norman,Winebrenner
2491,Norman,Hall
2491,Norman,Arendt
2491,Tracee,Erdman
2491,Tracee,Winebrenner
2491,Tracee,Hall
2491,Tracee,Arendt
2491,Betsy,Erdman
2491,Betsy,Winebrenner
2491,Betsy,Hall
2491,Betsy,Arendt
2491,Miguel,Erdman
2491,Miguel,Winebrenner
2491,Miguel,Hall
2491,Miguel,Arendt
2494,Retha,Hawks
2494,Retha,Sloan
2494,Retha,Duplessis
2494,Retha,Huseth
2494,Joyce,Hawks
2494,Joyce,Sloan
2494,Joyce,Duplessis
2494,Joyce,Huseth
2494,Gwendolyn,Hawks
2494,Gwendolyn,Sloan
2494,Gwendolyn,Duplessis
2494,Gwendolyn,Huseth
2494,Lavonda,Hawks
2494,Lavonda,Sloan
2494,Lavonda,Duplessis
2494,Lavonda,Huseth
2497,Gregory,Nichell
2497,Gregory,Squires
2497,Richard,Nichell
2497,Richard,Squires
2000,Janet,Smith
2000,Janet,Barbeau
2000,Susan,Smith
2000,Susan,Barbeau
2002,Terrell,Brooks
2002,Terrell,Barrett
2002,Terrell,Gray
2002,Terrell,Hickman
2002,Johnathan,Brooks
2002,Johnathan,Barrett
2002,Johnathan,Gray
2002,Johnathan,Hickman
2002,Charles,Brooks
2002,Charles,Barrett
2002,Charles,Gray
2002,Charles,Hickman
2002,Gary,Brooks
2002,Gary,Barrett
2002,Gary,Gray
2002,Gary,Hickman
2005,David,Silva
2005,David,Moran
2005,David,Munnerlyn
2005,David,Marier
2005,Mark,Silva
2005,Mark,Moran
2005,Mark,Munnerlyn
2005,Mark,Marier
2005,Raymond,Silva
2005,Raymond,Moran
2005,Raymond,Munnerlyn
2005,Raymond,Marier
2005,Floyd,Silva
2005,Floyd,Moran
2005,Floyd,Munnerlyn
2005,Floyd,Marier
2017,Ruth,Smalls
2017,Ruth,Herrington
2017,Kathleen,Smalls
2017,Kathleen,Herrington
2028,Robert,Clement
2028,Robert,Jamieson
2028,Lana,Clement
2028,Lana,Jamieson
2031,Javier,Lynch
2031,Javier,Moers
2031,Javier,Turner
2031,Javier,Morgan
2031,Mary,Lynch
2031,Mary,Moers
2031,Mary,Turner
2031,Mary,Morgan
2031,Neil,Lynch
2031,Neil,Moers
2031,Neil,Turner
2031,Neil,Morgan
2031,Betty,Lynch
2031,Betty,Moers
2031,Betty,Turner
2031,Betty,Morgan
2035,Daniel,Wilder
2035,Daniel,Hall
2035,Daniel,Miller
2035,Bonnie,Wilder
2035,Bonnie,Hall
2035,Bonnie,Miller
2035,James,Wilder
2035,James,Hall
2035,James,Miller
2037,John,Miles
2037,John,Mellow
2037,Guadalupe,Miles
2037,Guadalupe,Mellow
2048,Hal,Schulze
2048,Hal,Ramsey
2048,Hal,Gladney
2048,Wendy,Schulze
2048,Wendy,Ramsey
2048,Wendy,Gladney
2048,Cheryl,Schulze
2048,Cheryl,Ramsey
2048,Cheryl,Gladney
2057,Scott,Simmons
2063,Christina,Mcgarry
2063,Christina,Davis
2063,Christina,Briones
2063,Sandra,Mcgarry
2063,Sandra,Davis
2063,Sandra,Briones
2063,James,Mcgarry
2063,James,Davis
2063,James,Briones
2069,Samuel,Sheline
2069,Samuel,Rizo
2069,Linda,Sheline
2069,Linda,Rizo
2075,Marcus,Buckner
2075,Marcus,Lewis
2075,Rose,Buckner
2075,Rose,Lewis
2094,Henry,Commander
2094,Henry,Zeringue
2094,Henry,Jackson
2094,Henry,Spiers
2094,Sandra,Commander
2094,Sandra,Zeringue
2094,Sandra,Jackson
2094,Sandra,Spiers
2094,Opal,Commander
2094,Opal,Zeringue
2094,Opal,Jackson
2094,Opal,Spiers
2094,Ernest,Commander
2094,Ernest,Zeringue
2094,Ernest,Jackson
2094,Ernest,Spiers
2096,Michael,Stewart
2096,Michael,Young
2096,Tania,Stewart
2096,Tania,Young
2100,Fred,Perez
2100,Fred,Gordon
2100,Fred,Johnson
2100,Fred,Willard
2100,Noah,Perez
2100,Noah,Gordon
2100,Noah,Johnson
2100,Noah,Willard
2100,Louise,Perez
2100,Louise,Gordon
2100,Louise,Johnson
2100,Louise,Willard
2100,Phyllis,Perez
2100,Phyllis,Gordon
2100,Phyllis,Johnson
2100,Phyllis,Willard
2113,Sylvia,Bustamante
2113,Sylvia,Carlson
2113,Sylvia,Schubert
2113,Darrell,Bustamante
2113,Darrell,Carlson
2113,Darrell,Schubert
2113,Suzanne,Bustamante
2113,Suzanne,Carlson
2113,Suzanne,Schubert
2119,Tracy,Figueroa
2119,Tracy,Woodyard
2119,Joseph,Figueroa
2119,Joseph,Woodyard
2125,Jared,Lowe
2125,Jared,Kemppainen
2125,Deanna,Lowe
2125,Deanna,Kemppainen
2140,Timothy,Lunstrum
2140,Timothy,Mays
2140,Timothy,Crume
2140,Thomas,Lunstrum
2140,Thomas,Mays
2140,Thomas,Crume
2140,Rory,Lunstrum
2140,Rory,Mays
2140,Rory,Crume
2145,Donald,Evans
2145,Donald,Pille
2145,Brandon,Evans
2145,Brandon,Pille
2160,Mary,Gonzales
2160,Mary,Ray
2160,Neal,Gonzales
2160,Neal,Ray
2162,Keith,Ritchie
2162,Keith,Tierney
2162,Louise,Ritchie
2162,Louise,Tierney
2172,David,Estabrook
2173,Mildred,Kunkel
2173,Mildred,Haley
2173,Mildred,Ratcliff
2173,Anna,Kunkel
2173,Anna,Haley
2173,Anna,Ratcliff
2173,Florine,Kunkel
2173,Florine,Haley
2173,Florine,Ratcliff
2187,Ashley,Boos
2187,Ashley,Smith
2187,Daniel,Boos
2187,Daniel,Smith
2197,Melba,Dejesus
2198,Elva,Reach
2198,Elva,Sansone
2198,Elva,Lopez
2198,Elva,Moss
2198,Sara,Reach
2198,Sara,Sansone
2198,Sara,Lopez
2198,Sara,Moss
2198,Donald,Reach
2198,Donald,Sansone
2198,Donald,Lopez
2198,Donald,Moss
2198,Edwin,Reach
2198,Edwin,Sansone
2198,Edwin,Lopez
2198,Edwin,Moss
2199,Lillie,Chambers
2203,Eleanor,Bertrand
2211,Rashida,Dougherty
2211,Rashida,Woody
2211,Rashida,Green
2211,Jessie,Dougherty
2211,Jessie,Woody
2211,Jessie,Green
2211,Ward,Dougherty
2211,Ward,Woody
2211,Ward,Green
2214,Theodore,Barker
2223,Larry,Swindle
2223,Larry,Dorval
2223,Larry,Stillings
2223,Vance,Swindle
2223,Vance,Dorval
2223,Vance,Stillings
2223,Sarah,Swindle
2223,Sarah,Dorval
2223,Sarah,Stillings
2224,Guadalupe,Krein
2224,Guadalupe,Marx
2224,Guadalupe,Shannon
2224,Guadalupe,Salvador
2224,Noah,Krein
2224,Noah,Marx
2224,Noah,Shannon
2224,Noah,Salvador
2224,Jennifer,Krein
2224,Jennifer,Marx
2224,Jennifer,Shannon
2224,Jennifer,Salvador
2224,Mary,Krein
2224,Mary,Marx
2224,Mary,Shannon
2224,Mary,Salvador
2225,Elvira,Johnson
2229,Eugene,Malinowski
2229,Eugene,Guzowski
2229,Angela,Malinowski
2229,Angela,Guzowski
2238,Adam,Hernandez
2245,Kerry,Granata
2245,Kerry,Margulis
2245,Kerry,Vanpelt
2245,Loraine,Granata
2245,Loraine,Margulis
2245,Loraine,Vanpelt
2245,Patricia,Granata
2245,Patricia,Margulis
2245,Patricia,Vanpelt
2247,Tiffany,Champagne
2248,Lucille,Mckoy
2248,Lucille,Hardman
2248,Lucille,Macmillan
2248,Lucille,Whetstone
2248,Kevin,Mckoy
2248,Kevin,Hardman
2248,Kevin,Macmillan
2248,Kevin,Whetstone
2248,Christopher,Mckoy
2248,Christopher,Hardman
2248,Christopher,Macmillan
2248,Christopher,Whetstone
2248,Tonya,Mckoy
2248,Tonya,Hardman
2248,Tonya,Macmillan
2248,Tonya,Whetstone
2249,William,Milhorn
2249,William,Krammes
2249,William,Moore
2249,Vincent,Milhorn
2249,Vincent,Krammes
2249,Vincent,Moore
2249,Lillian,Milhorn
2249,Lillian,Krammes
2249,Lillian,Moore
2256,Francis,Vanwinkle
2261,Larry,Self
2261,Larry,Youngman
2261,Larry,Self
2261,Larry,Youngman
2264,Kate,Parrish
2264,Kate,Goodlett
2264,Kate,Oneill
2264,Monica,Parrish
2264,Monica,Goodlett
2264,Monica,Oneill
2264,Erika,Parrish
2264,Erika,Goodlett
2264,Erika,Oneill
2269,William,Peterson
2269,William,Everson
2269,Wendell,Peterson
2269,Wendell,Everson
2272,Carl,Owens
2272,Carl,Beebee
2272,Carl,Blount
2272,Caitlin,Owens
2272,Caitlin,Beebee
2272,Caitlin,Blount
2272,Lindsay,Owens
2272,Lindsay,Beebee
2272,Lindsay,Blount
2273,Connie,Wilson
2273,Connie,Lambert
2273,Connie,Lu
2273,Carl,Wilson
2273,Carl,Lambert
2273,Carl,Lu
2273,Dale,Wilson
2273,Dale,Lambert
2273,Dale,Lu
2286,Eunice,Fala
2286,Eunice,Hopkins
2286,Deborah,Fala
2286,Deborah,Hopkins
2288,Gary,Chavez
2293,Pearl,Dugan
2302,Edith,Donnelson
2302,Edith,Ashburn
2302,Edith,Waggoner
2302,Edith,Card
2302,Courtney,Donnelson
2302,Courtney,Ashburn
2302,Courtney,Waggoner
2302,Courtney,Card
2302,Omar,Donnelson
2302,Omar,Ashburn
2302,Omar,Waggoner
2302,Omar,Card
2302,Charles,Donnelson
2302,Charles,Ashburn
2302,Charles,Waggoner
2302,Charles,Card
2305,Maria,Tartaglia
2305,Maria,Huber
2305,Maria,Overton
2305,Marta,Tartaglia
2305,Marta,Huber
2305,Marta,Overton
2305,Jason,Tartaglia
2305,Jason,Huber
2305,Jason,Overton
2308,Edward,Powell
2308,Edward,Marshall
2308,Edward,Magana
2308,George,Powell
2308,George,Marshall
2308,George,Magana
2308,Lila,Powell
2308,Lila,Marshall
2308,Lila,Magana
2312,Arthur,Furman
2312,Arthur,Osborne
2312,Arthur,Allen
2312,Arthur,Davidson
2312,William,Furman
2312,William,Osborne
2312,William,Allen
2312,William,Davidson
2312,Diana,Furman
2312,Diana,Osborne
2312,Diana,Allen
2312,Diana,Davidson
2312,Elizabeth,Furman
2312,Elizabeth,Osborne
2312,Elizabeth,Allen
2312,Elizabeth,Davidson
2313,Virginia,Lester
2313,Virginia,Tomita
2313,Scarlett,Lester
2313,Scarlett,Tomita
2315,Patricia,Mcchesney
2335,Vickie,Ortega
2335,Vickie,Ibanez
2335,Vickie,Butler
2335,Irving,Ortega
2335,Irving,Ibanez
2335,Irving,Butler
2335,Jose,Ortega
2335,Jose,Ibanez
2335,Jose,Butler
2346,Pamela,Zappa
2346,Pamela,Anello
2346,Adelaide,Zappa
2346,Adelaide,Anello
2349,Thomas,Rogge
2349,Thomas,Mcgurk
2349,Thomas,Mclaughlin
2349,Thomas,Forster
2349,Steven,Rogge
2349,Steven,Mcgurk
2349,Steven,Mclaughlin
2349,Steven,Forster
2349,Albert,Rogge
2349,Albert,Mcgurk
2349,Albert,Mclaughlin
2349,Albert,Forster
2349,John,Rogge
2349,John,Mcgurk
2349,John,Mclaughlin
2349,John,Forster
2353,Timothy,Jones
2353,Timothy,Ireland
2353,Sandra,Jones
2353,Sandra,Ireland
2355,Samuel,Litchford
2355,Samuel,Carter
2355,Samuel,White
2355,Samuel,Campion
2355,Berta,Litchford
2355,Berta,Carter
2355,Berta,White
2355,Berta,Campion
2355,Alexander,Litchford
2355,Alexander,Carter
2355,Alexander,White
2355,Alexander,Campion
2355,Carol,Litchford
2355,Carol,Carter
2355,Carol,White
2355,Carol,Campion
2356,Melanie,Phillips
2356,Melanie,Lafontaine
2356,Melanie,Evans
2356,Melanie,Young
2356,Robert,Phillips
2356,Robert,Lafontaine
2356,Robert,Evans
2356,Robert,Young
2356,Lisa,Phillips
2356,Lisa,Lafontaine
2356,Lisa,Evans
2356,Lisa,Young
2356,Denise,Phillips
2356,Denise,Lafontaine
2356,Denise,Evans
2356,Denise,Young
2360,Brian,Graham
2370,Sarah,Kowalski
2370,Sarah,Wade
2370,Sarah,Marshall
2370,Mary,Kowalski
2370,Mary,Wade
2370,Mary,Marshall
2370,David,Kowalski
2370,David,Wade
2370,David,Marshall
2376,Mark,Crane
2376,Mark,Davis
2376,Mark,Naquin
2376,Mark,Walquist
2376,Alfred,Crane
2376,Alfred,Davis
2376,Alfred,Naquin
2376,Alfred,Walquist
2376,Cathy,Crane
2376,Cathy,Davis
2376,Cathy,Naquin
2376,Cathy,Walquist
2376,Dorothy,Crane
2376,Dorothy,Davis
2376,Dorothy,Naquin
2376,Dorothy,Walquist
2379,Chantelle,Stewart
2379,Chantelle,Jones
2379,David,Stewart
2379,David,Jones
2381,Ron,Chamberlain
2381,Ron,Anderson
2381,Judy,Chamberlain
2381,Judy,Anderson
2386,Ashley,Guerette
2386,Ashley,Busch
2386,Ashley,Burgess
2386,Joy,Guerette
2386,Joy,Busch
2386,Joy,Burgess
2386,Roger,Guerette
2386,Roger,Busch
2386,Roger,Burgess
2387,Shelia,Richardson
2387,Shelia,Murphy
2387,Shelia,Casey
2387,Shelia,Mitchell
2387,Lori,Richardson
2387,Lori,Murphy
2387,Lori,Casey
2387,Lori,Mitchell
2387,Victoria,Richardson
2387,Victoria,Murphy
2387,Victoria,Casey
2387,Victoria,Mitchell
2387,Tammy,Richardson
2387,Tammy,Murphy
2387,Tammy,Casey
2387,Tammy,Mitchell
2399,Kelly,Jones
2413,Gena,Toney
2420,Edgar,Martinetto
2420,Edgar,Chan
2420,Nancy,Martinetto
2420,Nancy,Chan
2425,Larry,Haaf
2425,Larry,Neil
2425,Larry,Giles
2425,John,Haaf
2425,John,Neil
2425,John,Giles
2425,Bertie,Haaf
2425,Bertie,Neil
2425,Bertie,Giles
2428,Bertha,Lee
2449,Renita,Cooksey
2449,Renita,Williams
2449,Tonia,Cooksey
2449,Tonia,Williams
2458,Amanda,Gil
2458,Amanda,Wright
2458,Anthony,Gil
2458,Anthony,Wright
2462,David,Taylor
2462,David,Hawley
2462,Marcella,Taylor
2462,Marcella,Hawley
2463,Allan,Torres
2463,Allan,Iannone
2463,Betty,Torres
2463,Betty,Iannone
2472,Mary,Smith
2472,Mary,Degnan
2472,Mary,Gonzalez
2472,Merri,Smith
2472,Merri,Degnan
2472,Merri,Gonzalez
2472,Johnnie,Smith
2472,Johnnie,Degnan
2472,Johnnie,Gonzalez
2473,Elaine,Johnson
2473,Elaine,Owston
2473,Elaine,Wood
2473,Bambi,Johnson
2473,Bambi,Owston
2473,Bambi,Wood
2473,Kay,Johnson
2473,Kay,Owston
2473,Kay,Wood
2479,Bernice,Holt
2479,Bernice,Fabian
2479,Deborah,Holt
2479,Deborah,Fabian
2499,Tressa,Molder
2499,Tressa,Thompson
2499,Tressa,Sampson
2499,Brenda,Molder
2499,Brenda,Thompson
2499,Brenda,Sampson
2499,Angelina,Molder
2499,Angelina,Thompson
2499,Angelina,Sampson
2008,Maryann,Wascher
2008,Maryann,Spells
2008,Maryann,Kirk
2008,Maryann,Donovan
2008,Richard,Wascher
2008,Richard,Spells
2008,Richard,Kirk
2008,Richard,Donovan
2008,Michael,Wascher
2008,Michael,Spells
2008,Michael,Kirk
2008,Michael,Donovan
2008,Lloyd,Wascher
2008,Lloyd,Spells
2008,Lloyd,Kirk
2008,Lloyd,Donovan
2011,Ramona,Smith
2013,Elena,Reynolds
2013,Elena,Barrett
2013,Andrew,Reynolds
2013,Andrew,Barrett
2055,Kevin,Marcus
2055,Kevin,Smith
2055,Kevin,Casillas
2055,Kevin,Poole
2055,Sandra,Marcus
2055,Sandra,Smith
2055,Sandra,Casillas
2055,Sandra,Poole
2055,Teresa,Marcus
2055,Teresa,Smith
2055,Teresa,Casillas
2055,Teresa,Poole
2055,Megan,Marcus
2055,Megan,Smith
2055,Megan,Casillas
2055,Megan,Poole
2073,Vikki,Marsh
2073,Vikki,Ransom
2073,Jose,Marsh
2073,Jose,Ransom
2074,George,Atchley
2086,Richard,Graham
2104,Helen,Robinson
2110,James,Miller
2139,Blanche,Worsham
2139,Blanche,Plackett
2139,Robert,Worsham
2139,Robert,Plackett
2142,Sandra,Holt
2142,Sandra,Heltzel
2142,Sandra,Moten
2142,Sandra,Wark
2142,Ruth,Holt
2142,Ruth,Heltzel
2142,Ruth,Moten
2142,Ruth,Wark
2142,Diane,Holt
2142,Diane,Heltzel
2142,Diane,Moten
2142,Diane,Wark
2142,Ana,Holt
2142,Ana,Heltzel
2142,Ana,Moten
2142,Ana,Wark
2170,Tricia,Eager
2170,Tricia,Torres
2170,Tricia,Garza
2170,Tricia,Shelton
2170,Gerald,Eager
2170,Gerald,Torres
2170,Gerald,Garza
2170,Gerald,Shelton
2170,Adam,Eager
2170,Adam,Torres
2170,Adam,Garza
2170,Adam,Shelton
2170,Bradley,Eager
2170,Bradley,Torres
2170,Bradley,Garza
2170,Bradley,Shelton
2212,Vanessa,Moore
2212,Vanessa,Fournier
2212,Vanessa,Ellis
2212,Vanessa,Graves
2212,Frances,Moore
2212,Frances,Fournier
2212,Frances,Ellis
2212,Frances,Graves
2212,Robert,Moore
2212,Robert,Fournier
2212,Robert,Ellis
2212,Robert,Graves
2212,Carol,Moore
2212,Carol,Fournier
2212,Carol,Ellis
2212,Carol,Graves
2233,Rhonda,Birdsong
2233,Rhonda,Shaffer
2233,Rhonda,Jones
2233,Karina,Birdsong
2233,Karina,Shaffer
2233,Karina,Jones
2233,Christopher,Birdsong
2233,Christopher,Shaffer
2233,Christopher,Jones
2235,Jeffrey,Tewksbury
2235,Jeffrey,Pruett
2235,Jeffrey,Casillas
2235,Anna,Tewksbury
2235,Anna,Pruett
2235,Anna,Casillas
2235,Joyce,Tewksbury
2235,Joyce,Pruett
2235,Joyce,Casillas
2250,Bryan,Espinoza
2250,Bryan,Dambrosio
2250,Gladys,Espinoza
2250,Gladys,Dambrosio
2275,Arlene,Brown
2275,Arlene,Hunter
2275,Arthur,Brown
2275,Arthur,Hunter
2321,Richard,Free
2324,Jennifer,Smith
2340,Alexandra,Bartsch
2340,Alexandra,Boddie
2340,Alexandra,Moore
2340,Alexandra,Quach
2340,Valentine,Bartsch
2340,Valentine,Boddie
2340,Valentine,Moore
2340,Valentine,Quach
2340,Georgette,Bartsch
2340,Georgette,Boddie
2340,Georgette,Moore
2340,Georgette,Quach
2340,Johnny,Bartsch
2340,Johnny,Boddie
2340,Johnny,Moore
2340,Johnny,Quach
2347,Arthur,Martin
2359,Richard,Yang
2397,Alvin,Anderson
2397,Alvin,Singh
2397,Carl,Anderson
2397,Carl,Singh
2402,Jessica,Gransberry
2402,Jessica,Fowler
2402,Johnny,Gransberry
2402,Johnny,Fowler
2410,Clarence,Fields
2410,Clarence,Wolf
2410,Clarence,Pelc
2410,Doris,Fields
2410,Doris,Wolf
2410,Doris,Pelc
2410,Harold,Fields
2410,Harold,Wolf
2410,Harold,Pelc
2414,Charles,Jones
2417,Maria,Landry
2417,Maria,Oneil
2417,Julia,Landry
2417,Julia,Oneil
2431,Josephine,Berryhill
2431,Josephine,Copeland
2431,Josephine,Oneal
2431,Lorraine,Berryhill
2431,Lorraine,Copeland
2431,Lorraine,Oneal
2431,Homer,Berryhill
2431,Homer,Copeland
2431,Homer,Oneal
2434,Mary,Gagner
2434,Mary,Morales
2434,Mary,Cosme
2434,Gabriel,Gagner
2434,Gabriel,Morales
2434,Gabriel,Cosme
2434,Lori,Gagner
2434,Lori,Morales
2434,Lori,Cosme
2437,Lindsey,Alvarez
2437,Lindsey,Ioele
2437,Mark,Alvarez
2437,Mark,Ioele
2448,Ronald,Hull
2448,Ronald,Hurt
2448,Michael,Hull
2448,Michael,Hurt
2452,Anne,Sykes
2452,Anne,Baur
2452,Anne,Nixon
2452,Anne,Pooler
2452,Charles,Sykes
2452,Charles,Baur
2452,Charles,Nixon
2452,Charles,Pooler
2452,Mario,Sykes
2452,Mario,Baur
2452,Mario,Nixon
2452,Mario,Pooler
2452,Cathy,Sykes
2452,Cathy,Baur
2452,Cathy,Nixon
2452,Cathy,Pooler
2455,Kim,Brown
2455,Kim,Aubuchon
2455,Kim,Jenkins
2455,Charles,Brown
2455,Charles,Aubuchon
2455,Charles,Jenkins
2455,Kenneth,Brown
2455,Kenneth,Aubuchon
2455,Kenneth,Jenkins
2459,Jenny,Collom
2459,Jenny,Mitchell
2459,Jenny,Le
2459,Janelle,Collom
2459,Janelle,Mitchell
2459,Janelle,Le
2459,Alma,Collom
2459,Alma,Mitchell
2459,Alma,Le
2468,Miranda,Roberts
2468,Miranda,Shaw
2468,Miranda,Nance
2468,Miranda,Garcia
2468,Vernon,Roberts
2468,Vernon,Shaw
2468,Vernon,Nance
2468,Vernon,Garcia
2468,Adam,Roberts
2468,Adam,Shaw
2468,Adam,Nance
2468,Adam,Garcia
2468,Eileen,Roberts
2468,Eileen,Shaw
2468,Eileen,Nance
2468,Eileen,Garcia
2488,Martin,Harris
2488,Martin,Huntington
2488,Judy,Harris
2488,Judy,Huntington
2492,Timothy,Campos
2492,Timothy,Russell
2492,Michelle,Campos
2492,Michelle,Russell
2006,Francisco,Joyce
2006,Francisco,Littlejohn
2006,Francisco,Lasher
2006,Francisco,Cordova
2006,Mark,Joyce
2006,Mark,Littlejohn
2006,Mark,Lasher
2006,Mark,Cordova
2006,David,Joyce
2006,David,Littlejohn
2006,David,Lasher
2006,David,Cordova
2006,Ronald,Joyce
2006,Ronald,Littlejohn
2006,Ronald,Lasher
2006,Ronald,Cordova
2014,Alicia,Graham
2014,Alicia,Drake
2014,Alicia,Alston
2014,Alicia,Stremming
2014,Vergie,Graham
2014,Vergie,Drake
2014,Vergie,Alston
2014,Vergie,Stremming
2014,Michelle,Graham
2014,Michelle,Drake
2014,Michelle,Alston
2014,Michelle,Stremming
2014,William,Graham
2014,William,Drake
2014,William,Alston
2014,William,Stremming
2022,Blanca,Sanders
2024,Mathew,Mann
2024,Mathew,Lopez
2024,Maria,Mann
2024,Maria,Lopez
2056,Karly,Josephson
2056,Karly,Mcclure
2056,Karly,Reid
2056,Pam,Josephson
2056,Pam,Mcclure
2056,Pam,Reid
2056,Robin,Josephson
2056,Robin,Mcclure
2056,Robin,Reid
2068,Ethel,Blake
2070,Maria,Walker
2070,Maria,Turnbull
2070,Emma,Walker
2070,Emma,Turnbull
2116,James,Copley
2116,James,Anderson
2116,James,Ray
2116,James,Horsley
2116,Steven,Copley
2116,Steven,Anderson
2116,Steven,Ray
2116,Steven,Horsley
2116,Otto,Copley
2116,Otto,Anderson
2116,Otto,Ray
2116,Otto,Horsley
2116,Marc,Copley
2116,Marc,Anderson
2116,Marc,Ray
2116,Marc,Horsley
2118,Vincent,Williams
2118,Vincent,Avino
2118,Vincent,Steiger
2118,Alice,Williams
2118,Alice,Avino
2118,Alice,Steiger
2118,Lauren,Williams
2118,Lauren,Avino
2118,Lauren,Steiger
2175,Willie,Reed
2175,Willie,Minor
2175,Willie,Morrow
2175,Joseph,Reed
2175,Joseph,Minor
2175,Joseph,Morrow
2175,Douglas,Reed
2175,Douglas,Minor
2175,Douglas,Morrow
2189,Maria,Jacob
2189,Maria,Booton
2189,Donna,Jacob
2189,Donna,Booton
2194,Johnny,Bustamente
2194,Johnny,Haggerty
2194,Johnny,Guereca
2194,Amy,Bustamente
2194,Amy,Haggerty
2194,Amy,Guereca
2194,Justin,Bustamente
2194,Justin,Haggerty
2194,Justin,Guereca
2209,Lucile,Park
2209,Lucile,Reese
2209,Kathryn,Park
2209,Kathryn,Reese
2222,Gregory,Ross
2222,Gregory,Spencer
2222,Edith,Ross
2222,Edith,Spencer
2226,Ella,Chambers
2228,Beverly,Brown
2228,Beverly,Twomey
2228,Beverly,Whatoname
2228,Beverly,Wilson
2228,Christopher,Brown
2228,Christopher,Twomey
2228,Christopher,Whatoname
2228,Christopher,Wilson
2228,Norberto,Brown
2228,Norberto,Twomey
2228,Norberto,Whatoname
2228,Norberto,Wilson
2228,Henry,Brown
2228,Henry,Twomey
2228,Henry,Whatoname
2228,Henry,Wilson
2255,Barbara,King
2255,Barbara,Radloff
2255,Tracy,King
2255,Tracy,Radloff
2259,James,Jones
2259,James,Nevills
2259,James,Wortham
2259,Leah,Jones
2259,Leah,Nevills
2259,Leah,Wortham
2259,Deanna,Jones
2259,Deanna,Nevills
2259,Deanna,Wortham
2260,Patricia,Lowry
2260,Patricia,Macias
2260,Patricia,Westrom
2260,Geraldine,Lowry
2260,Geraldine,Macias
2260,Geraldine,Westrom
2260,Susie,Lowry
2260,Susie,Macias
2260,Susie,Westrom
2284,Willard,Vanhouten
2284,Willard,Watson
2284,Willard,Lacroix
2284,Millie,Vanhouten
2284,Millie,Watson
2284,Millie,Lacroix
2284,Millie,Vanhouten
2284,Millie,Watson
2284,Millie,Lacroix
2289,James,Cantu
2289,James,Speed
2289,Leslie,Cantu
2289,Leslie,Speed
2303,Kathy,Barrow
2303,Kathy,Mays
2303,Bridget,Barrow
2303,Bridget,Mays
2306,Martha,Sampson
2310,Nelson,Kitterman
2329,Alfred,Williams
2329,Alfred,Stewart
2329,Mary,Williams
2329,Mary,Stewart
2334,Jenelle,Young
2339,Jackson,Coburn
2367,Thomas,Mcintyre
2390,Judy,Girard
2390,Judy,Fowler
2390,Judy,Kinney
2390,Judy,Duran
2390,Alice,Girard
2390,Alice,Fowler
2390,Alice,Kinney
2390,Alice,Duran
2390,Dolly,Girard
2390,Dolly,Fowler
2390,Dolly,Kinney
2390,Dolly,Duran
2390,Pamela,Girard
2390,Pamela,Fowler
2390,Pamela,Kinney
2390,Pamela,Duran
2401,Raymond,Rodriguez
2401,Raymond,Bell
2401,Clement,Rodriguez
2401,Clement,Bell
2406,Mary,Boyd
2406,Mary,Heilman
2406,Mary,Mack
2406,Rhoda,Boyd
2406,Rhoda,Heilman
2406,Rhoda,Mack
2406,David,Boyd
2406,David,Heilman
2406,David,Mack
2408,Ronald,Baez
2411,Anthony,Hill
2426,Victor,Harding
2426,Victor,Miller
2426,Victor,Stokes
2426,James,Harding
2426,James,Miller
2426,James,Stokes
2426,Larry,Harding
2426,Larry,Miller
2426,Larry,Stokes
2427,Paulette,Humphreys
2429,Virginia,Campos
2429,Virginia,Mcdonald
2429,Michelle,Campos
2429,Michelle,Mcdonald
2430,Rose,Nelson
2460,Robert,Horton
2484,Charles,Randrup
2484,Charles,Gilbert
2484,Robert,Randrup
2484,Robert,Gilbert
2010,Nick,Hornbeck
2027,Larry,Whiting
2052,Cassandra,Jones
2124,Chelsea,Wright
2167,Donna,Page
2174,Sandra,Torres
2174,Sandra,Barajas
2174,Leonard,Torres
2174,Leonard,Barajas
2283,James,Kenney
2283,James,East
2283,Rosie,Kenney
2283,Rosie,East
2294,Brian,Harris
2294,Brian,Kohler
2294,Brian,Rodriguez
2294,Kevin,Harris
2294,Kevin,Kohler
2294,Kevin,Rodriguez
2294,Earl,Harris
2294,Earl,Kohler
2294,Earl,Rodriguez
2299,Lavonne,Noble
2299,Lavonne,Corey
2299,Terrance,Noble
2299,Terrance,Corey
2311,Mary,Ingle
2311,Mary,Hodges
2311,Mary,Fisher
2311,Eric,Ingle
2311,Eric,Hodges
2311,Eric,Fisher
2311,Mary,Ingle
2311,Mary,Hodges
2311,Mary,Fisher
2317,Kim,Caesar
2318,Michael,Jones
2348,Christina,Lopez
2388,Jerry,Feuerborn
2389,Julie,Johns
2389,Julie,King
2389,Mildred,Johns
2389,Mildred,King
2409,Mabel,Wilson
2422,Phillip,Whitfield
2442,Larry,Harvey
2442,Larry,Slater
2442,Philip,Harvey
2442,Philip,Slater
2443,Michele,Lee
2480,Brett,Estes
2480,Brett,Patrick
2480,Brett,Scott
2480,Brett,Humphery
2480,Hector,Estes
2480,Hector,Patrick
2480,Hector,Scott
2480,Hector,Humphery
2480,Joseph,Estes
2480,Joseph,Patrick
2480,Joseph,Scott
2480,Joseph,Humphery
2480,Michael,Estes
2480,Michael,Patrick
2480,Michael,Scott
2480,Michael,Humphery
2498,William,George
2067,Sarah,Means
2067,Sarah,Nguyen
2067,Hector,Means
2067,Hector,Nguyen
2077,Charity,Shea
2077,Charity,Carney
2077,Susan,Shea
2077,Susan,Carney
2123,William,Cirrincione
2176,Anne,Wenzel
2176,Anne,Gray
2176,Anne,Millican
2176,Sharon,Wenzel
2176,Sharon,Gray
2176,Sharon,Millican
2176,Sara,Wenzel
2176,Sara,Gray
2176,Sara,Millican
2190,Christopher,Smiley
2195,Stephen,Rilley
2215,Humberto,Wisdom
2253,Joseph,Schultz
2254,Julio,Whelan
2257,Karen,Wood
2301,Harry,Jennings
2323,Richard,Bertrand
2416,Lakendra,Hebert
2424,Corey,Rice
2424,Corey,Goff
2424,Charlene,Rice
2424,Charlene,Goff
2457,Ronald,Pollak
2461,Michael,Matthews
2461,Michael,Reid
2461,Michael,Garcia
2461,Patricia,Matthews
2461,Patricia,Reid
2461,Patricia,Garcia
2461,John,Matthews
2461,John,Reid
2461,John,Garcia
2487,Andrew,Luke
2496,Janyce,Ohara
2050,Norman,Dupont
2061,Leah,Frank
2064,Scott,Dates
2064,Scott,Farrar
2064,David,Dates
2064,David,Farrar
2078,Beau,Moreno
2081,Patricia,Vanscooter
2126,Martha,Harrell
2126,Martha,Hampton
2126,Kyle,Harrell
2126,Kyle,Hampton
2290,Jay,Frazier
2382,Bruce,Delorenzo
2418,Gladys,Wedderburn
2441,James,Blum
2042,Thomas,Rhodes
2071,Michel,Barnes
2092,Ryan,Degasparre
2107,Albert,Warner
2136,Leopoldo,Brown
2143,Leigh,Bosch
2159,John,Tomlinson
2186,Kimberly,Wilson
2252,Mary,Allen
2252,Mary,Wilson
2252,Howard,Allen
2252,Howard,Wilson
2357,Marilyn,Wagner
2054,Edmund,Griffies
2193,Janetta,Berkowitz
