table,sendTo,payload
R,0,4‖Michael
R,0,7‖Charles
R,0,8‖Kimberly
R,0,9‖Julie
R,0,16‖Jimmy
R,0,18‖William
R,0,23‖Arthur
R,0,23‖Lisa
R,0,24‖Robert
R,0,26‖Michael
R,0,26‖Michael
R,0,27‖Anthony
R,0,31‖Angela
R,0,32‖Howard
R,0,33‖Nicholas
R,0,34‖Tania
R,0,35‖Ashley
R,0,36‖Melinda
R,0,38‖Robert
R,0,42‖James
R,0,43‖Kirk
R,0,44‖James
R,0,45‖Keith
R,0,46‖Donald
R,0,47‖Michael
R,0,50‖Jamal
R,0,50‖Thomas
R,0,50‖Aurore
R,0,57‖Sherry
R,0,57‖Anthony
R,0,59‖Marie
R,0,61‖Charlie
R,0,62‖Robert
R,0,62‖Ricky
R,0,64‖Kerry
R,0,64‖Nona
R,0,68‖James
R,0,71‖Tammy
R,0,74‖Heather
R,0,75‖Daniele
R,0,79‖Robert
R,0,83‖Jason
R,0,91‖Gladys
R,0,92‖Andrea
R,0,96‖Gayle
R,0,101‖Althea
R,0,102‖Willie
R,0,108‖Donna
R,0,110‖Steven
R,0,110‖Nathaniel
R,0,110‖Vicki
R,0,111‖Rosa
R,0,113‖Thomas
R,0,117‖Jeffrey
R,0,118‖Maurice
R,0,120‖Eugene
R,0,122‖Wanda
R,0,123‖Travis
R,0,126‖Douglas
R,0,127‖Michelle
R,0,131‖Adam
R,0,133‖Helen
R,0,133‖Christine
R,0,143‖Troy
R,0,143‖Theodore
R,0,144‖Boyd
R,0,147‖Linda
R,0,151‖Alfonso
R,0,155‖Daniela
R,0,158‖Isabell
R,0,164‖William
R,0,165‖Norma
R,0,166‖Jack
R,1,171‖Jennifer
R,1,174‖Larry
R,1,176‖Sharon
R,1,176‖David
R,1,176‖David
R,1,184‖David
R,1,196‖Brad
R,1,203‖James
R,1,209‖Laura
R,1,210‖Jose
R,1,211‖Constance
R,1,212‖Karen
R,1,213‖Christina
R,1,216‖Jesus
R,1,217‖Robert
R,1,217‖Diane
R,1,222‖Tina
R,1,225‖Paula
R,1,228‖Joe
R,1,231‖Alma
R,1,233‖Johnie
R,1,234‖Sergio
R,1,235‖Brenda
R,1,236‖Mamie
R,1,236‖Bruce
R,1,237‖Betty
R,1,238‖Tracy
R,1,239‖Isabel
R,1,240‖Marianna
R,1,245‖Lucina
R,1,245‖Richard
R,1,246‖Chelsea
R,1,248‖Frank
R,1,252‖Judith
R,1,260‖Karen
R,1,264‖Ron
R,1,266‖Daniel
R,1,267‖Maureen
R,1,270‖Douglas
R,1,270‖Frank
R,1,273‖Lynn
R,1,277‖Kim
R,1,280‖Syreeta
R,1,280‖John
R,1,285‖John
R,1,290‖Ronald
R,1,295‖Wilma
R,1,297‖Ruth
R,1,299‖Billy
R,1,302‖Robert
R,1,303‖Iris
R,1,306‖Anthony
R,1,307‖Todd
R,1,310‖Teresa
R,1,315‖Matthew
R,1,319‖Thomas
R,1,322‖Michelle
R,1,326‖James
R,1,332‖Danielle
R,1,332‖Benjamin
R,2,334‖Al
R,2,335‖Joe
R,2,340‖David
R,2,340‖Elizabeth
R,2,343‖Mike
R,2,343‖Stephanie
R,2,345‖Socorro
R,2,347‖Lori
R,2,347‖Sandra
R,2,351‖Curtis
R,2,355‖Stephanie
R,2,356‖Janet
R,2,359‖Tara
R,2,360‖Matthew
R,2,363‖Mack
R,2,369‖Roberta
R,2,369‖Nan
R,2,370‖Rebecca
R,2,372‖Morgan
R,2,372‖Amy
R,2,373‖Joyce
R,2,381‖Marlene
R,2,385‖Jacquelyn
R,2,386‖Jackson
R,2,389‖Donald
R,2,395‖Julie
R,2,397‖Ruth
R,2,403‖Faye
R,2,405‖Keith
R,2,405‖Pablo
R,2,408‖Marianne
R,2,408‖Mindi
R,2,411‖Joyce
R,2,415‖Jason
R,2,415‖Debra
R,2,416‖Eleanor
R,2,417‖Carol
R,2,419‖Susan
R,2,420‖Constance
R,2,425‖Marlene
R,2,427‖Patricia
R,2,429‖Mildred
R,2,436‖Luther
R,2,438‖Lina
R,2,441‖Rodrigo
R,2,442‖Barry
R,2,442‖James
R,2,450‖Jessie
R,2,451‖Roy
R,2,456‖Mario
R,2,457‖Susan
R,2,458‖Mark
R,2,458‖Jamie
R,2,459‖Scott
R,2,460‖Joann
R,2,464‖Anne
R,2,464‖Chad
R,2,468‖Lonnie
R,2,469‖Robert
R,2,474‖Christopher
R,2,476‖Sarah
R,2,476‖Scott
R,2,480‖Pete
R,2,482‖Naomi
R,2,482‖James
R,2,484‖Wayne
R,2,485‖Leonard
R,2,486‖Theresa
R,2,486‖Ada
R,2,487‖Michael
R,2,488‖Mary
R,2,488‖Verna
R,2,488‖Tim
R,2,490‖Christina
R,2,492‖Fred
R,2,493‖John
R,2,493‖Teodoro
R,2,495‖Helen
R,3,500‖Johnny
R,3,502‖Kim
R,3,505‖Dana
R,3,507‖Betty
R,3,508‖Anthony
R,3,510‖Myrtle
R,3,515‖Todd
R,3,517‖Roger
R,3,523‖Candice
R,3,527‖Ernestine
R,3,527‖Arnita
R,3,527‖Lisa
R,3,529‖Katherine
R,3,531‖Leslie
R,3,531‖Dorothy
R,3,534‖Ellen
R,3,538‖Tina
R,3,542‖Dora
R,3,542‖Kathryn
R,3,554‖Jose
R,3,555‖Celia
R,3,555‖Charles
R,3,560‖David
R,3,561‖Harold
R,3,561‖Donald
R,3,562‖Melissa
R,3,563‖Mark
R,3,565‖Juan
R,3,568‖Mae
R,3,568‖David
R,3,569‖Porfirio
R,3,571‖Mary
R,3,573‖Almeda
R,3,575‖Catherine
R,3,576‖Violet
R,3,577‖Sharon
R,3,578‖Joseph
R,3,578‖Kenneth
R,3,579‖Laura
R,3,581‖Reed
R,3,585‖Paige
R,3,586‖Ricardo
R,3,590‖Mary
R,3,590‖Gregory
R,3,593‖Manuel
R,3,594‖Earlene
R,3,598‖Jane
R,3,606‖Carmen
R,3,607‖Douglas
R,3,610‖Reba
R,3,611‖Annette
R,3,615‖Rachel
R,3,619‖Heather
R,3,620‖Wanda
R,3,624‖Marlene
R,3,627‖Alfonso
R,3,628‖John
R,3,629‖Antonette
R,3,631‖Antoinette
R,3,634‖John
R,3,637‖Alice
R,3,639‖Rickie
R,3,641‖Adriana
R,3,641‖Louise
R,3,642‖Robert
R,3,642‖Gabriel
R,3,645‖Francisco
R,3,655‖June
R,3,656‖Shannon
R,3,656‖David
R,3,656‖Joan
R,3,658‖Anthony
R,3,662‖Michael
R,3,664‖Earl
R,3,666‖Jose
R,5,834‖Amy
R,5,835‖Janessa
R,5,837‖Kelly
R,5,839‖Jeffrey
R,5,846‖Christopher
R,5,849‖Clarence
R,5,850‖Jessica
R,5,850‖Jonathan
R,5,853‖Marguerite
R,5,854‖Jewell
R,5,858‖Greg
R,5,860‖Ralph
R,5,862‖Shari
R,5,863‖Tracie
R,5,872‖Jessica
R,5,873‖John
R,5,873‖Karen
R,5,876‖Christopher
R,5,877‖Daniel
R,5,877‖Christine
R,5,883‖Devin
R,5,884‖Willie
R,5,887‖Reynaldo
R,5,887‖Jessica
R,5,888‖Darrin
R,5,889‖Anna
R,5,889‖Rosemary
R,5,894‖Margie
R,5,900‖Jodi
R,5,902‖Karen
R,5,904‖Mark
R,5,904‖James
R,5,907‖Michael
R,5,908‖Leslie
R,5,910‖Maria
R,5,913‖Ashley
R,5,917‖Jeremy
R,5,920‖Blake
R,5,922‖George
R,5,923‖Jeffrey
R,5,923‖Tisha
R,5,927‖Michael
R,5,927‖Evelyn
R,5,933‖George
R,5,935‖Joseph
R,5,935‖Vincent
R,5,936‖Janice
R,5,939‖Mark
R,5,939‖Eddie
R,5,939‖Casandra
R,5,940‖Michael
R,5,941‖Albert
R,5,942‖Shirley
R,5,945‖Truman
R,5,948‖Juan
R,5,948‖Krystal
R,5,949‖Elaine
R,5,956‖Tisha
R,5,958‖Ann
R,5,961‖Erica
R,5,963‖Carlotta
R,5,964‖Carol
R,5,965‖Paul
R,5,965‖Daniel
R,5,966‖Allen
R,5,967‖Rocky
R,5,969‖Kristina
R,5,973‖Gerald
R,5,979‖Emma
R,5,979‖Doris
R,5,981‖Jennifer
R,5,984‖Jody
R,5,985‖Barbara
R,5,987‖Rachelle
R,5,988‖Susie
R,5,990‖James
R,5,990‖Juan
R,5,992‖Alejandra
R,5,993‖Sherry
R,5,994‖Marion
R,5,994‖Ricky
R,5,995‖Monique
R,5,995‖Bob
R,5,997‖Richard
R,5,997‖Teresa
R,5,997‖Richard
R,6,1000‖Charles
R,6,1000‖Jose
R,6,1007‖Douglas
R,6,1008‖Annamarie
R,6,1009‖Harold
R,6,1011‖Joseph
R,6,1011‖Carlos
R,6,1013‖Guadalupe
R,6,1017‖Vicki
R,6,1017‖Brandy
R,6,1017‖Andrew
R,6,1018‖James
R,6,1022‖Michael
R,6,1023‖Kevin
R,6,1025‖Darlene
R,6,1026‖Nora
R,6,1030‖Matthew
R,6,1030‖Michael
R,6,1031‖Heather
R,6,1034‖Rick
R,6,1037‖Joshua
R,6,1039‖Nicole
R,6,1043‖Keith
R,6,1051‖Audrey
R,6,1055‖Mary
R,6,1058‖Marylou
R,6,1060‖Jessica
R,6,1062‖John
R,6,1063‖Brian
R,6,1064‖Donald
R,6,1068‖Jennifer
R,6,1068‖Heather
R,6,1068‖Shannon
R,6,1070‖Tommy
R,6,1071‖Allison
R,6,1071‖Karen
R,6,1071‖Lydia
R,6,1072‖Efren
R,6,1076‖Anna
R,6,1077‖Elizabeth
R,6,1086‖Noah
R,6,1086‖James
R,6,1092‖Cassie
R,6,1093‖Candice
R,6,1093‖Joseph
R,6,1097‖Patricia
R,6,1098‖Maxine
R,6,1105‖Arthur
R,6,1105‖Timothy
R,6,1105‖Delores
R,6,1106‖Danielle
R,6,1107‖Andre
R,6,1109‖Todd
R,6,1112‖Michelle
R,6,1112‖Joyce
R,6,1114‖Brandon
R,6,1114‖Jennifer
R,6,1115‖Mary
R,6,1116‖Douglas
R,6,1120‖William
R,6,1121‖Kathleen
R,6,1124‖Gary
R,6,1124‖Deborah
R,6,1127‖Michelle
R,6,1129‖Bernice
R,6,1131‖Joshua
R,6,1135‖Pam
R,6,1137‖Buffy
R,6,1138‖Mary
R,6,1141‖Thomas
R,6,1143‖Scott
R,6,1148‖Matthew
R,6,1149‖Sandra
R,6,1151‖Helen
R,6,1153‖Alfredo
R,6,1154‖David
R,6,1159‖Celesta
R,6,1160‖Tom
R,6,1163‖Deloris
R,6,1166‖Lane
R,7,1171‖Louise
R,7,1172‖Robert
R,7,1175‖Jo
R,7,1176‖Florence
R,7,1177‖Kari
R,7,1178‖Chad
R,7,1179‖Kenneth
R,7,1180‖Larry
R,7,1182‖Louanne
R,7,1183‖John
R,7,1184‖Frank
R,7,1185‖Kenneth
R,7,1186‖James
R,7,1188‖Robert
R,7,1188‖Cynthia
R,7,1197‖Sydney
R,7,1199‖Yolanda
R,7,1201‖Adam
R,7,1202‖Marilyn
R,7,1203‖Matthew
R,7,1206‖Christopher
R,7,1207‖James
R,7,1209‖Jesse
R,7,1210‖Mario
R,7,1216‖Kathryn
R,7,1218‖Bo
R,7,1218‖Adela
R,7,1223‖Franklin
R,7,1225‖Victoria
R,7,1228‖Bob
R,7,1233‖Brandon
R,7,1234‖Lanette
R,7,1237‖Marlene
R,7,1238‖Victoria
R,7,1241‖Carrie
R,7,1246‖Albert
R,7,1247‖Anthony
R,7,1247‖Valerie
R,7,1255‖Julia
R,7,1259‖Lawrence
R,7,1265‖Patsy
R,7,1266‖Richard
R,7,1270‖Jay
R,7,1270‖Mathew
R,7,1272‖Steven
R,7,1273‖Robert
R,7,1274‖Joseph
R,7,1282‖Sharon
R,7,1287‖William
R,7,1288‖Emily
R,7,1289‖Michelle
R,7,1292‖Lila
R,7,1293‖Deanna
R,7,1294‖Edward
R,7,1295‖Manuel
R,7,1296‖Amy
R,7,1299‖Jacob
R,7,1304‖Carl
R,7,1308‖Robert
R,7,1311‖Karen
R,7,1321‖Flossie
R,7,1321‖Lillian
R,7,1321‖Angel
R,7,1327‖Fermin
R,7,1328‖Amy
R,7,1329‖Willis
R,7,1330‖Timothy
R,8,1334‖Jose
R,8,1337‖Helen
R,8,1339‖Scott
R,8,1339‖Martha
R,8,1340‖Eva
R,8,1343‖Anna
R,8,1349‖John
R,8,1353‖Jeffrey
R,8,1354‖Elizabeth
R,8,1358‖Richard
R,8,1359‖Darrell
R,8,1360‖Donna
R,8,1361‖Odell
R,8,1368‖William
R,8,1368‖Thomas
R,8,1370‖Rosalie
R,8,1372‖John
R,8,1373‖Shaun
R,8,1374‖Alicia
R,8,1376‖Kari
R,8,1377‖John
R,8,1377‖Tiffany
R,8,1379‖Abel
R,8,1380‖George
R,8,1381‖William
R,8,1384‖Ronald
R,8,1388‖Kenneth
R,8,1388‖Margaret
R,8,1391‖Stacy
R,8,1391‖Aileen
R,8,1394‖Lakeisha
R,8,1398‖John
R,8,1401‖Joey
R,8,1402‖Leonard
R,8,1403‖Jacqueline
R,8,1404‖Kenneth
R,8,1408‖Bruce
R,8,1415‖Lisa
R,8,1417‖Mary
R,8,1420‖Virginia
R,8,1424‖Carl
R,8,1431‖Margaret
R,8,1433‖William
R,8,1434‖Kendra
R,8,1435‖Lindsey
R,8,1438‖Barbara
R,8,1440‖Thelma
R,8,1441‖Ashley
R,8,1443‖James
R,8,1446‖Blanche
R,8,1447‖Marcia
R,8,1452‖Tammy
R,8,1454‖James
R,8,1455‖Joe
R,8,1459‖Milton
R,8,1462‖Richard
R,8,1463‖Betty
R,8,1465‖Gerard
R,8,1466‖Penny
R,8,1466‖Heather
R,8,1466‖Ruth
R,8,1467‖Nick
R,8,1467‖Arthur
R,8,1472‖Evelyn
R,8,1475‖Robert
R,8,1476‖Ramon
R,8,1478‖Bernard
R,8,1480‖Ronald
R,8,1480‖Beverly
R,8,1484‖Derek
R,8,1488‖Darrell
R,8,1490‖Princess
R,8,1491‖Tammy
R,8,1493‖Mabel
R,8,1495‖Justin
R,8,1497‖Nora
R,9,1504‖Jeannette
R,9,1512‖Patricia
R,9,1513‖Cathy
R,9,1514‖Jay
R,9,1514‖Dorothy
R,9,1516‖Stephen
R,9,1518‖Cynthia
R,9,1522‖Joe
R,9,1527‖Mary
R,9,1528‖Spencer
R,9,1528‖Todd
R,9,1529‖Eric
R,9,1530‖Peggy
R,9,1533‖Jennifer
R,9,1535‖Maxine
R,9,1536‖Maude
R,9,1537‖Penny
R,9,1539‖Ana
R,9,1541‖Donna
R,9,1543‖Mary
R,9,1544‖James
R,9,1545‖Kieth
R,9,1546‖Randall
R,9,1549‖Cindy
R,9,1553‖Chris
R,9,1554‖Nathan
R,9,1558‖Douglas
R,9,1559‖Patricia
R,9,1560‖Coleman
R,9,1560‖Clayton
R,9,1561‖Billy
R,9,1563‖Zachary
R,9,1566‖Angel
R,9,1566‖Lee
R,9,1570‖Louis
R,9,1571‖Robyn
R,9,1573‖Kathy
R,9,1577‖David
R,9,1577‖Doris
R,9,1581‖Steven
R,9,1582‖Bonnie
R,9,1587‖Emily
R,9,1590‖Kim
R,9,1593‖Elena
R,9,1595‖Adam
R,9,1598‖Richard
R,9,1609‖Hae
R,9,1610‖Paul
R,9,1611‖Yen
R,9,1621‖Barbara
R,9,1622‖Robert
R,9,1624‖Gerald
R,9,1625‖William
R,9,1628‖Sarah
R,9,1631‖Lakeisha
R,9,1633‖Floretta
R,9,1634‖Aisha
R,9,1638‖Mary
R,9,1642‖Ralph
R,9,1643‖Terese
R,9,1643‖Dallas
R,9,1644‖Gena
R,9,1647‖Willie
R,9,1648‖Jesus
R,9,1649‖Carolina
R,9,1653‖Jennifer
R,9,1657‖Willie
R,9,1657‖Maria
R,9,1659‖Bradley
R,9,1659‖Shannon
R,9,1661‖Tiffany
R,9,1662‖Ruth
R,9,1663‖Mary
R,9,1663‖Laura
R,9,1665‖Samuel
R,9,1665‖David
R,9,1666‖Kimberley
R,10,1667‖Tiffany
R,10,1669‖Richard
R,10,1670‖Brett
R,10,1671‖Adell
R,10,1677‖Adam
R,10,1682‖Ruby
R,10,1683‖Melanie
R,10,1685‖Hazel
R,10,1686‖Jacqueline
R,10,1692‖Diane
R,10,1695‖Maria
R,10,1696‖Sheila
R,10,1697‖Craig
R,10,1697‖Magdalene
R,10,1700‖Joseph
R,10,1701‖Daryl
R,10,1702‖Alex
R,10,1706‖John
R,10,1708‖Shelton
R,10,1711‖Ruth
R,10,1719‖Bryan
R,10,1721‖Dolores
R,10,1722‖Karen
R,10,1727‖Michael
R,10,1729‖Angela
R,10,1729‖Kevin
R,10,1733‖Joseph
R,10,1735‖Ronald
R,10,1736‖Richard
R,10,1737‖Paula
R,10,1740‖Tonya
R,10,1742‖Suzanne
R,10,1742‖Lisa
R,10,1746‖Lucille
R,10,1747‖Phillip
R,10,1758‖Gene
R,10,1759‖Kay
R,10,1759‖Harvey
R,10,1761‖John
R,10,1762‖John
R,10,1764‖Donna
R,10,1766‖Lino
R,10,1767‖Doris
R,10,1770‖Amy
R,10,1777‖Anna
R,10,1782‖Rosa
R,10,1783‖Muriel
R,10,1785‖Jeff
R,10,1792‖Alfonso
R,10,1792‖John
R,10,1801‖Marc
R,10,1802‖William
R,10,1803‖Zachary
R,10,1806‖Lyle
R,10,1809‖Arlene
R,10,1813‖Ester
R,10,1814‖Robin
R,10,1814‖David
R,10,1818‖Gus
R,10,1822‖Karon
R,10,1829‖Myron
R,10,1833‖Juanita
R,10,1833‖Curtis
R,11,1837‖Isaac
R,11,1839‖Felix
R,11,1841‖Mary
R,11,1842‖Calvin
R,11,1845‖Tanya
R,11,1846‖Warren
R,11,1848‖Taylor
R,11,1853‖Nancy
R,11,1854‖Elizabeth
R,11,1854‖Ingeborg
R,11,1856‖Roberto
R,11,1863‖Elizabeth
R,11,1864‖Joan
R,11,1864‖Nicole
R,11,1866‖Albert
R,11,1867‖Robert
R,11,1872‖Johnnie
R,11,1873‖Sharon
R,11,1874‖Melvin
R,11,1877‖Rosemarie
R,11,1877‖Christopher
R,11,1879‖Kevin
R,11,1880‖Vicki
R,11,1884‖Donna
R,11,1891‖Jimmie
R,11,1896‖Sudie
R,11,1899‖Mary
R,11,1900‖Ronald
R,11,1901‖Patricia
R,11,1901‖Jennifer
R,11,1904‖Jesus
R,11,1906‖Christina
R,11,1909‖Bradley
R,11,1912‖Shelby
R,11,1914‖Sandra
R,11,1915‖Erica
R,11,1915‖Frank
R,11,1917‖Delsie
R,11,1922‖Stephanie
R,11,1922‖Trevor
R,11,1924‖Stephen
R,11,1926‖Brian
R,11,1927‖Edward
R,11,1929‖Dennis
R,11,1929‖Florence
R,11,1930‖Holly
R,11,1931‖Thomas
R,11,1933‖Olga
R,11,1934‖Donna
R,11,1937‖Suzanne
R,11,1941‖Gloria
R,11,1942‖Philip
R,11,1943‖Kayla
R,11,1945‖Esther
R,11,1950‖Jose
R,11,1952‖Irene
R,11,1953‖Michael
R,11,1956‖Terri
R,11,1960‖Marilyn
R,11,1962‖Jenna
R,11,1962‖David
R,11,1964‖Austin
R,11,1965‖Eddie
R,11,1965‖Joyce
R,11,1969‖Rosemarie
R,11,1970‖Ernesto
R,11,1970‖Barbara
R,11,1971‖Rhonda
R,11,1974‖Billy
R,11,1975‖Erica
R,11,1977‖Dawn
R,11,1978‖Francis
R,11,1978‖Ian
R,11,1986‖Patrick
R,11,1986‖Phillip
R,11,1991‖Bonnie
R,11,1994‖Jennifer
R,11,1996‖William
R,11,1998‖Brandon
R,11,1999‖Jessie
R,11,1999‖Chris
R,12,2000‖Adelaida
R,12,2003‖John
R,12,2005‖Amy
R,12,2005‖Robert
R,12,2005‖John
R,12,2006‖Melissa
R,12,2007‖Josephine
R,12,2008‖Yvonne
R,12,2010‖Wayne
R,12,2014‖Charles
R,12,2015‖Devin
R,12,2017‖Carl
R,12,2023‖Harlan
R,12,2023‖Carrie
R,12,2028‖Robert
R,12,2029‖James
R,12,2035‖David
R,12,2040‖Robert
R,12,2043‖James
R,12,2048‖Michael
R,12,2048‖Florance
R,12,2049‖Kristian
R,12,2052‖Belinda
R,12,2053‖Denise
R,12,2057‖John
R,12,2058‖Janita
R,12,2065‖Todd
R,12,2067‖Terrence
R,12,2071‖Maud
R,12,2076‖Antony
R,12,2078‖Beverly
R,12,2080‖Julie
R,12,2081‖Alpha
R,12,2083‖Eliza
R,12,2086‖Richard
R,12,2088‖Wendy
R,12,2089‖Jason
R,12,2092‖Amber
R,12,2092‖Edwin
R,12,2096‖Paul
R,12,2097‖Marie
R,12,2101‖Robert
R,12,2104‖Brian
R,12,2105‖Mary
R,12,2105‖Ann
R,12,2110‖Charles
R,12,2113‖Vivian
R,12,2116‖Donna
R,12,2118‖Thomas
R,12,2119‖Ryan
R,12,2121‖Tiffany
R,12,2121‖William
R,12,2126‖Jessica
R,12,2127‖Jody
R,12,2129‖Ruth
R,12,2131‖Jared
R,12,2132‖Brian
R,12,2133‖Bruce
R,12,2141‖Deborah
R,12,2147‖Gary
R,12,2149‖Kelly
R,12,2155‖Elaine
R,12,2158‖Elise
R,12,2159‖Valda
R,12,2160‖Helen
R,12,2160‖Lakia
R,12,2162‖Virginia
R,12,2163‖Paul
R,12,2164‖Alexander
R,13,2169‖Claude
R,13,2172‖Carmen
R,13,2173‖Donna
R,13,2174‖Michele
R,13,2183‖Ruth
R,13,2187‖Francisca
R,13,2188‖Joseph
R,13,2189‖David
R,13,2190‖Valeria
R,13,2192‖Scotty
R,13,2194‖Cynthia
R,13,2198‖James
R,13,2200‖Ada
R,13,2204‖Mary
R,13,2209‖Nancy
R,13,2211‖April
R,13,2217‖Paula
R,13,2222‖Troy
R,13,2222‖Catherine
R,13,2223‖Phillip
R,13,2230‖Kenneth
R,13,2235‖Robert
R,13,2245‖Kimberly
R,13,2245‖Otha
R,13,2247‖Elizabeth
R,13,2248‖Catherine
R,13,2253‖Mercedes
R,13,2258‖Henry
R,13,2263‖Charles
R,13,2266‖Bonnie
R,13,2267‖Kathryn
R,13,2267‖Paul
R,13,2275‖Sandra
R,13,2276‖Vanessa
R,13,2277‖Micheal
R,13,2279‖Ofelia
R,13,2279‖Daniel
R,13,2279‖Paul
R,13,2282‖Nicole
R,13,2284‖Jana
R,13,2286‖Shanell
R,13,2288‖Daniel
R,13,2288‖Vilma
R,13,2293‖Erica
R,13,2295‖Rachel
R,13,2295‖Shannon
R,13,2296‖Patrick
R,13,2297‖Dora
R,13,2300‖Thomas
R,13,2303‖Stefanie
R,13,2313‖Joseph
R,13,2315‖Patricia
R,13,2316‖Jeffrey
R,13,2318‖Raymond
R,13,2322‖Henry
R,13,2327‖Barry
R,13,2328‖Dori
R,13,2331‖Harry
R,13,2332‖Victor
R,14,2336‖Eric
R,14,2336‖Kevin
R,14,2338‖Kathy
R,14,2340‖Ken
R,14,2342‖Kristie
R,14,2349‖Ada
R,14,2351‖Thomas
R,14,2354‖David
R,14,2355‖Carrie
R,14,2356‖Betty
R,14,2358‖Kathleen
R,14,2358‖Lisa
R,14,2363‖Lizeth
R,14,2366‖Robin
R,14,2366‖Brenda
R,14,2369‖Walter
R,14,2370‖Mary
R,14,2374‖Janet
R,14,2374‖Leslie
R,14,2378‖Carl
R,14,2379‖Alex
R,14,2380‖Lawrence
R,14,2380‖James
R,14,2383‖Wesley
R,14,2390‖Susan
R,14,2390‖Debra
R,14,2392‖William
R,14,2400‖Courtney
R,14,2404‖Margaret
R,14,2406‖Ruby
R,14,2409‖Gabrielle
R,14,2414‖George
R,14,2414‖Henry
R,14,2416‖David
R,14,2421‖Joey
R,14,2423‖Jesus
R,14,2424‖David
R,14,2424‖John
R,14,2426‖Steven
R,14,2426‖Geneva
R,14,2427‖Heather
R,14,2431‖Ann
R,14,2431‖Jennifer
R,14,2439‖Amy
R,14,2440‖Judy
R,14,2444‖Darron
R,14,2445‖Jessie
R,14,2446‖Thomas
R,14,2446‖Bruce
R,14,2447‖Edward
R,14,2448‖Jessica
R,14,2449‖Carl
R,14,2453‖Michele
R,14,2461‖Lawrence
R,14,2462‖Dawn
R,14,2464‖Valery
R,14,2464‖Samuel
R,14,2466‖Taryn
R,14,2467‖Wilburn
R,14,2468‖Peggy
R,14,2474‖Stanley
R,14,2475‖Kathleen
R,14,2475‖Francisco
R,14,2476‖Pasquale
R,14,2477‖Sue
R,14,2477‖Margo
R,14,2479‖Dane
R,14,2479‖Robert
R,14,2482‖Julie
R,14,2488‖Cynthia
R,14,2489‖Martha
R,14,2495‖Steven
R,14,2495‖Jo
R,14,2497‖Beverly
R,14,2497‖Magali
R,15,2501‖William
R,15,2502‖Mary
R,15,2502‖Duane
R,15,2509‖Ed
R,15,2512‖Timothy
R,15,2513‖Ellen
R,15,2513‖Michael
R,15,2513‖Brian
R,15,2515‖Donna
R,15,2516‖Susan
R,15,2517‖Carolyn
R,15,2519‖Richard
R,15,2520‖Samuel
R,15,2526‖Jason
R,15,2531‖Justin
R,15,2534‖Philip
R,15,2540‖Eddie
R,15,2542‖Gary
R,15,2549‖Charlene
R,15,2552‖Terrell
R,15,2554‖Ethel
R,15,2556‖Benny
R,15,2556‖Brianna
R,15,2557‖Danial
R,15,2558‖Mindy
R,15,2559‖Mary
R,15,2570‖Nathan
R,15,2572‖Joyce
R,15,2580‖Maria
R,15,2582‖Derek
R,15,2582‖Maria
R,15,2582‖Annie
R,15,2583‖Betty
R,15,2584‖Laura
R,15,2591‖Lee
R,15,2591‖Anitra
R,15,2595‖Elizabeth
R,15,2597‖Lawrence
R,15,2601‖Dallas
R,15,2607‖Lazaro
R,15,2610‖Deborah
R,15,2611‖David
R,15,2612‖Manuel
R,15,2617‖Nancy
R,15,2621‖Catherine
R,15,2622‖Sara
R,15,2622‖Richard
R,15,2623‖Florence
R,15,2625‖Sean
R,15,2628‖Julia
R,15,2629‖Tiffany
R,15,2631‖Lillian
R,15,2632‖Alberta
R,15,2645‖Lynn
R,15,2646‖Jill
R,15,2647‖Caryn
R,15,2649‖Bennie
R,15,2651‖Doris
R,15,2653‖Richard
R,15,2653‖Mervin
R,15,2656‖Sherman
R,15,2658‖Maribel
R,15,2660‖Imogene
R,15,2660‖David
R,15,2664‖Joseph
R,15,2664‖Miriam
R,15,2665‖Annette
R,16,2668‖Christopher
R,16,2668‖Eleanor
R,16,2670‖Kareem
R,16,2671‖Clara
R,16,2672‖Alice
R,16,2672‖Timothy
R,16,2676‖Edwin
R,16,2676‖Sarah
R,16,2678‖Steven
R,16,2689‖Belle
R,16,2690‖Debra
R,16,2691‖Patricia
R,16,2692‖Courtney
R,16,2694‖Lucila
R,16,2696‖Jimmy
R,16,2700‖Angela
R,16,2705‖Jessica
R,16,2707‖Dana
R,16,2710‖Betty
R,16,2711‖Willard
R,16,2713‖Cheryl
R,16,2715‖Anna
R,16,2718‖Jennifer
R,16,2719‖Ingrid
R,16,2719‖Stella
R,16,2720‖William
R,16,2723‖Daryl
R,16,2725‖Stephanie
R,16,2729‖Aaron
R,16,2731‖Edward
R,16,2734‖Rosa
R,16,2736‖William
R,16,2745‖Lloyd
R,16,2746‖Norma
R,16,2746‖Jessica
R,16,2747‖David
R,16,2748‖Charles
R,16,2752‖Florence
R,16,2762‖Heather
R,16,2765‖Chester
R,16,2768‖Harry
R,16,2769‖Penny
R,16,2769‖Annette
R,16,2770‖Melva
R,16,2771‖Bruce
R,16,2774‖Sandra
R,16,2775‖William
R,16,2776‖Daniel
R,16,2779‖Vera
R,16,2784‖James
R,16,2786‖Eva
R,16,2786‖Richard
R,16,2792‖Paula
R,16,2792‖Matthew
R,16,2794‖Adrian
R,16,2798‖Caridad
R,16,2800‖Beulah
R,16,2803‖Jason
R,16,2803‖Carolyn
R,16,2803‖Cornell
R,16,2805‖Jeff
R,16,2807‖Justin
R,16,2809‖James
R,16,2810‖Melissa
R,16,2813‖Keith
R,16,2814‖William
R,16,2817‖Henry
R,16,2821‖Joseph
R,16,2822‖Pamela
R,16,2823‖Agnes
R,16,2824‖Nancy
R,16,2831‖Karen
R,16,2832‖Yvonne
R,17,2837‖Kyle
R,17,2838‖Casey
R,17,2839‖Kenneth
R,17,2840‖Marilyn
R,17,2844‖Marcia
R,17,2850‖Iris
R,17,2852‖Paul
R,17,2854‖Janice
R,17,2858‖Emma
R,17,2861‖Rachel
R,17,2868‖Kenneth
R,17,2869‖Amber
R,17,2870‖Susan
R,17,2871‖Sharon
R,17,2871‖Addie
R,17,2874‖Ronda
R,17,2875‖Derrick
R,17,2875‖Sean
R,17,2876‖Charles
R,17,2877‖Martin
R,17,2878‖Sarah
R,17,2879‖Richard
R,17,2882‖Efren
R,17,2884‖Janet
R,17,2891‖Alexa
R,17,2892‖Thomas
R,17,2894‖Steven
R,17,2895‖Amanda
R,17,2897‖Mark
R,17,2897‖Christine
R,17,2903‖Joseph
R,17,2904‖Danny
R,17,2905‖Brian
R,17,2906‖Natalie
R,17,2908‖Barbara
R,17,2913‖James
R,17,2915‖Edna
R,17,2917‖Jennifer
R,17,2918‖Bobbie
R,17,2928‖Helen
R,17,2936‖Charles
R,17,2939‖Frances
R,17,2939‖Curtis
R,17,2939‖Josefina
R,17,2943‖Thelma
R,17,2943‖Jeffrey
R,17,2945‖Brian
R,17,2948‖James
R,17,2950‖James
R,17,2952‖Anne
R,17,2954‖Hilda
R,17,2954‖Sterling
R,17,2957‖Francesca
R,17,2957‖Dora
R,17,2958‖Morris
R,17,2960‖Edward
R,17,2961‖William
R,17,2961‖Esmeralda
R,17,2962‖Gary
R,17,2963‖Sandra
R,17,2964‖Anthony
R,17,2969‖Maryann
R,17,2973‖Jake
R,17,2974‖Norman
R,17,2978‖Paul
R,17,2979‖Norma
R,17,2979‖John
R,17,2981‖Brian
R,17,2986‖Ralph
R,17,2987‖Nora
R,17,2989‖Angela
R,17,2991‖Sheena
R,17,2991‖Calvin
R,17,2993‖Halina
R,17,2995‖Gail
S,0,3‖Lopez
S,0,14‖Hager
S,0,14‖Reilly
S,0,16‖Hunter
S,0,19‖Cisneros
S,0,20‖Standifer
S,0,22‖Crawford
S,0,23‖Woods
S,0,26‖Freidman
S,0,28‖Bryant
S,0,29‖Wood
S,0,31‖Welsh
S,0,32‖Murdock
S,0,33‖Ibanez
S,0,34‖Hansen
S,0,36‖Bain
S,0,38‖Hooper
S,0,40‖Dowell
S,0,45‖Lee
S,0,46‖Halliday
S,0,48‖Blair
S,0,48‖Hays
S,0,49‖Fifer
S,0,51‖Enyart
S,0,53‖Henslee
S,0,55‖Bostwick
S,0,57‖Cooper
S,0,59‖Woods
S,0,60‖Garcia
S,0,62‖Shumpert
S,0,62‖Toevs
S,0,65‖Yang
S,0,68‖Arellano
S,0,69‖Argueta
S,0,69‖Kepler
S,0,70‖Little
S,0,74‖Mota
S,0,78‖Garrett
S,0,78‖Latham
S,0,80‖Conteh
S,0,81‖Preston
S,0,85‖Byrd
S,0,90‖Wuertz
S,0,90‖Barron
S,0,91‖Pierce
S,0,92‖Campbell
S,0,101‖Kolmer
S,0,104‖Mcgee
S,0,107‖Emery
S,0,110‖Goshorn
S,0,111‖Bono
S,0,112‖Franklin
S,0,115‖Muise
S,0,122‖Lavender
S,0,123‖Scuderi
S,0,127‖Neal
S,0,139‖Hart
S,0,145‖Fitzsimmons
S,0,153‖Ingersoll
S,0,157‖Estrada
S,0,159‖Davis
S,0,160‖Jankowski
S,0,166‖Railey
S,1,167‖Svec
S,1,169‖Johnson
S,1,169‖Gurwell
S,1,169‖Murphy
S,1,173‖Menard
S,1,175‖Anson
S,1,177‖Murch
S,1,178‖Holly
S,1,180‖Palley
S,1,184‖Mccabe
S,1,187‖Jordan
S,1,187‖Livingston
S,1,187‖Charles
S,1,195‖Dudziak
S,1,196‖Bebout
S,1,197‖Shanker
S,1,198‖Bissonnette
S,1,202‖Mcdaniel
S,1,204‖Musser
S,1,204‖Heckman
S,1,206‖Ross
S,1,208‖Best
S,1,208‖Sorensen
S,1,209‖Hogan
S,1,209‖Youngblood
S,1,209‖Cantu
S,1,211‖Bryant
S,1,211‖Harris
S,1,212‖Ramirez
S,1,212‖Painter
S,1,217‖Hachey
S,1,217‖Corey
S,1,218‖Gutirrez
S,1,222‖Mcghee
S,1,223‖Moore
S,1,223‖Miles
S,1,225‖Guerrero
S,1,226‖Rener
S,1,228‖Lawson
S,1,230‖Friend
S,1,230‖Hunt
S,1,240‖Abney
S,1,241‖Robertson
S,1,242‖Walquist
S,1,244‖Washington
S,1,246‖Porter
S,1,247‖Porter
S,1,249‖Harrison
S,1,249‖Binette
S,1,249‖Mullens
S,1,252‖Lopez
S,1,253‖Moore
S,1,253‖Starks
S,1,255‖Thomas
S,1,256‖Wohlert
S,1,263‖Dehetre
S,1,264‖Boothby
S,1,264‖Alexander
S,1,270‖Webb
S,1,274‖Smith
S,1,276‖Hamons
S,1,277‖Powell
S,1,277‖Tester
S,1,278‖Petrowski
S,1,279‖Pena
S,1,280‖Holling
S,1,282‖Mcconnell
S,1,282‖Montanye
S,1,288‖Brinker
S,1,297‖Adcock
S,1,299‖Gutierrez
S,1,300‖Nestor
S,1,304‖Hallock
S,1,307‖Williams
S,1,309‖Barton
S,1,311‖Pennington
S,1,311‖Smith
S,1,313‖Xia
S,1,316‖Brentson
S,1,318‖Jacquier
S,1,322‖Morris
S,1,323‖Dickert
S,1,324‖Jolly
S,1,328‖Scott
S,1,332‖Keys
S,1,333‖Padilla
S,2,336‖Cox
S,2,337‖Shelton
S,2,339‖Mesa
S,2,340‖Mccarty
S,2,340‖Vanschaick
S,2,345‖Cullen
S,2,350‖Charley
S,2,351‖Antal
S,2,356‖Goff
S,2,360‖Mccorkle
S,2,362‖Kaminski
S,2,366‖Tarbox
S,2,366‖Johnson
S,2,367‖Thomas
S,2,371‖Hines
S,2,371‖Yong
S,2,376‖Funderburk
S,2,376‖Mccabe
S,2,379‖Kyle
S,2,380‖Laughlin
S,2,381‖Booker
S,2,384‖Rodriguez
S,2,390‖Kirkland
S,2,393‖Culpepper
S,2,393‖Fernandez
S,2,394‖Emerson
S,2,395‖Price
S,2,399‖Cook
S,2,400‖Jacob
S,2,400‖Caldwell
S,2,403‖Spates
S,2,405‖Hale
S,2,405‖Foley
S,2,407‖Underwood
S,2,408‖Houser
S,2,412‖Coty
S,2,413‖Kent
S,2,416‖Burke
S,2,417‖Highshaw
S,2,419‖Anderson
S,2,419‖Oneal
S,2,424‖Hurd
S,2,428‖Lewis
S,2,438‖Price
S,2,438‖Grande
S,2,441‖Smitherman
S,2,441‖Bethea
S,2,445‖Kahler
S,2,449‖Castro
S,2,451‖Kolter
S,2,451‖Lewis
S,2,454‖Garza
S,2,454‖Barrett
S,2,456‖Thompson
S,2,457‖Johnson
S,2,459‖Caruthers
S,2,460‖Currie
S,2,462‖Helton
S,2,471‖Elliott
S,2,473‖Judy
S,2,475‖Foster
S,2,475‖Wilson
S,2,479‖Taylor
S,2,481‖Burke
S,2,485‖Banks
S,2,485‖Little
S,2,485‖Schlager
S,2,487‖Crane
S,2,488‖Nunmaker
S,2,489‖Mcauley
S,2,495‖Sarkisian
S,3,500‖Dove
S,3,507‖Wilson
S,3,511‖Harrington
S,3,512‖Brookshire
S,3,516‖Miller
S,3,520‖Bermeo
S,3,525‖Morse
S,3,525‖Glosson
S,3,526‖Lane
S,3,530‖Hintz
S,3,532‖Bowen
S,3,538‖Reams
S,3,541‖Martin
S,3,543‖Padberg
S,3,548‖Hayden
S,3,548‖Tongue
S,3,551‖Mink
S,3,552‖Johnson
S,3,553‖Janosek
S,3,555‖Kilgore
S,3,560‖Bissonette
S,3,563‖Almen
S,3,568‖Gamble
S,3,571‖Garcia
S,3,588‖Bonk
S,3,589‖Caneva
S,3,590‖Dyal
S,3,591‖Harmon
S,3,593‖Brown
S,3,596‖Piccinini
S,3,597‖Padovano
S,3,598‖Mackenzie
S,3,598‖Stubblefield
S,3,599‖Dickerson
S,3,600‖Montez
S,3,601‖Jones
S,3,601‖Johnson
S,3,602‖Stahr
S,3,602‖Miller
S,3,605‖Flores
S,3,609‖Yohn
S,3,609‖Jefferson
S,3,610‖Moody
S,3,610‖Murr
S,3,615‖Park
S,3,617‖Nelson
S,3,620‖Mayfield
S,3,620‖Hamilton
S,3,622‖Gammon
S,3,622‖Werner
S,3,624‖Womac
S,3,628‖Waring
S,3,632‖Bevins
S,3,636‖Holmes
S,3,637‖Holder
S,3,637‖Yontz
S,3,639‖Colone
S,3,639‖Schneider
S,3,645‖Ross
S,3,647‖Rappold
S,3,652‖Darosa
S,3,652‖Adkins
S,3,657‖Case
S,3,662‖Smith
S,3,662‖Brucculeri
S,3,663‖Schaal
S,3,664‖Williams
S,5,834‖King
S,5,844‖Gertsch
S,5,847‖Hooper
S,5,850‖Gonzalez
S,5,852‖Brodes
S,5,853‖Hardy
S,5,854‖Jackson
S,5,855‖Harris
S,5,857‖Haugen
S,5,859‖Wood
S,5,861‖Holloway
S,5,862‖Carter
S,5,863‖Callahan
S,5,866‖Duncan
S,5,869‖Kidd
S,5,873‖Yasutake
S,5,873‖Ngo
S,5,876‖Porter
S,5,876‖Caldwell
S,5,882‖Leonard
S,5,883‖Whittle
S,5,884‖Casillas
S,5,886‖Jones
S,5,892‖Morris
S,5,894‖Williams
S,5,896‖Cole
S,5,898‖Ramsey
S,5,901‖Allen
S,5,905‖Rondeau
S,5,908‖Watkins
S,5,911‖Hart
S,5,914‖Tanner
S,5,915‖Goggin
S,5,918‖Roderiquez
S,5,924‖Albino
S,5,927‖Sedgwick
S,5,930‖Tetzloff
S,5,935‖Campbell
S,5,940‖Silva
S,5,944‖Bunch
S,5,945‖Spain
S,5,948‖Mckinney
S,5,948‖Callahan
S,5,953‖Gelormino
S,5,956‖London
S,5,958‖Warriner
S,5,959‖Arnold
S,5,960‖Savage
S,5,961‖Roy
S,5,965‖Rudolph
S,5,966‖Mcfadden
S,5,967‖Jones
S,5,967‖Riess
S,5,969‖Hicks
S,5,970‖Tackett
S,5,971‖Wraight
S,5,971‖Hok
S,5,980‖Tucker
S,5,981‖Craig
S,5,982‖Gailes
S,5,984‖Ramos
S,5,986‖Hernandez
S,5,987‖Fay
S,5,989‖Robinson
S,5,990‖Derby
S,5,992‖Larkin
S,5,999‖Wai
S,6,1001‖Cheatham
S,6,1003‖Marks
S,6,1005‖Deare
S,6,1005‖Jones
S,6,1006‖Ortiz
S,6,1008‖Davis
S,6,1009‖Slagle
S,6,1016‖Rothenberg
S,6,1031‖Davis
S,6,1045‖Opunui
S,6,1049‖Scheele
S,6,1049‖Corey
S,6,1051‖Blake
S,6,1055‖Westervelt
S,6,1055‖Thornton
S,6,1058‖Duncan
S,6,1060‖Flory
S,6,1060‖Odonnell
S,6,1061‖Sessions
S,6,1063‖Ogle
S,6,1065‖Schmidt
S,6,1068‖Voss
S,6,1068‖Robinson
S,6,1071‖Cruz
S,6,1072‖Gonzales
S,6,1072‖Well
S,6,1085‖Barton
S,6,1086‖Rivera
S,6,1089‖Degraffenreid
S,6,1092‖Bailey
S,6,1092‖Burton
S,6,1094‖Wilson
S,6,1095‖Sanchez
S,6,1097‖Boyle
S,6,1098‖Jessen
S,6,1099‖Jones
S,6,1101‖Toms
S,6,1105‖Sinicki
S,6,1108‖Hinton
S,6,1112‖Fox
S,6,1115‖Haymes
S,6,1116‖Flores
S,6,1117‖Allen
S,6,1117‖Lyon
S,6,1124‖Lamphere
S,6,1128‖Para
S,6,1132‖Rocha
S,6,1135‖Rodriguez
S,6,1136‖Lam
S,6,1136‖Johnson
S,6,1138‖Ellis
S,6,1140‖Connolly
S,6,1141‖Malcolm
S,6,1144‖Clark
S,6,1144‖Cutting
S,6,1153‖Honor
S,6,1159‖Rebick
S,6,1161‖Flood
S,6,1162‖Grady
S,6,1165‖Lino
S,7,1174‖Miraglia
S,7,1184‖Lombardo
S,7,1185‖Sutherland
S,7,1188‖Rasmussen
S,7,1190‖Baker
S,7,1195‖Stamison
S,7,1196‖Johnson
S,7,1203‖Fischer
S,7,1205‖Moreno
S,7,1206‖Hodgkins
S,7,1211‖Hernandez
S,7,1211‖Owens
S,7,1211‖Lenz
S,7,1212‖Zavala
S,7,1212‖Eason
S,7,1213‖Griffin
S,7,1216‖Sanches
S,7,1217‖Delrosario
S,7,1217‖Black
S,7,1218‖Perez
S,7,1221‖Gibson
S,7,1223‖Flander
S,7,1224‖Fonder
S,7,1225‖Rainey
S,7,1225‖King
S,7,1227‖Grantham
S,7,1231‖Stalder
S,7,1232‖Cannata
S,7,1233‖Bradley
S,7,1234‖York
S,7,1236‖Gierisch
S,7,1240‖Altman
S,7,1241‖Sands
S,7,1245‖Shaffer
S,7,1248‖Baiz
S,7,1249‖Holden
S,7,1250‖Adkisson
S,7,1255‖Fowler
S,7,1255‖Crawford
S,7,1257‖Wheeler
S,7,1261‖Needels
S,7,1263‖Noble
S,7,1263‖Velasquez
S,7,1268‖Mitchell
S,7,1269‖Pitts
S,7,1270‖Gordon
S,7,1276‖Jones
S,7,1277‖Bowie
S,7,1287‖Ybarra
S,7,1288‖Collins
S,7,1292‖Plienis
S,7,1293‖Furfaro
S,7,1294‖Perkins
S,7,1294‖Ramos
S,7,1297‖Fleury
S,7,1299‖Maloon
S,7,1303‖Cummings
S,7,1304‖Booth
S,7,1310‖Aguilar
S,7,1311‖Anderson
S,7,1311‖Ayers
S,7,1318‖Taylor
S,7,1319‖Keith
S,7,1320‖Yarbrough
S,7,1321‖Vegetabile
S,7,1321‖Perez
S,7,1326‖Hernandez
S,7,1332‖Redman
S,8,1339‖Oconnor
S,8,1340‖Lewis
S,8,1340‖Reis
S,8,1341‖Jeffords
S,8,1343‖Street
S,8,1346‖Ferguson
S,8,1358‖Brown
S,8,1361‖Olin
S,8,1361‖Steele
S,8,1365‖Martin
S,8,1367‖Gaydosh
S,8,1368‖Olin
S,8,1368‖Dorfman
S,8,1369‖Schmucker
S,8,1371‖Watkins
S,8,1371‖Goodin
S,8,1372‖Wheeler
S,8,1374‖Martin
S,8,1376‖Leith
S,8,1376‖Cook
S,8,1377‖Jenkins
S,8,1377‖Williams
S,8,1380‖Brazzle
S,8,1383‖Turpin
S,8,1387‖Lathrop
S,8,1388‖Wollschlager
S,8,1391‖Littlewood
S,8,1393‖Young
S,8,1396‖Curtis
S,8,1397‖Highshaw
S,8,1398‖Ambres
S,8,1398‖Beck
S,8,1403‖Wilson
S,8,1406‖Hamilton
S,8,1407‖Guerra
S,8,1408‖Gates
S,8,1409‖Nussbaum
S,8,1411‖Green
S,8,1413‖Chapman
S,8,1418‖Hatala
S,8,1418‖Armstrong
S,8,1420‖Havens
S,8,1422‖Alvarez
S,8,1424‖Wade
S,8,1424‖Myers
S,8,1427‖Reddy
S,8,1428‖Stephens
S,8,1428‖Wieland
S,8,1431‖Levine
S,8,1434‖Roy
S,8,1434‖Freese
S,8,1438‖Dietz
S,8,1439‖Taylor
S,8,1443‖Bracken
S,8,1446‖Cranford
S,8,1446‖Brinkley
S,8,1450‖Weisner
S,8,1450‖Tufte
S,8,1453‖Schmidt
S,8,1454‖Fehrle
S,8,1455‖Traynor
S,8,1459‖Ranson
S,8,1460‖Stull
S,8,1463‖Mcgill
S,8,1463‖Peterson
S,8,1464‖Shea
S,8,1466‖Buck
S,8,1466‖Salter
S,8,1467‖Edwards
S,8,1468‖Hall
S,8,1474‖Powers
S,8,1476‖Geer
S,8,1478‖Chappell
S,8,1480‖Parker
S,8,1480‖Wofford
S,8,1481‖Layne
S,8,1482‖Stouffer
S,8,1482‖Milo
S,8,1486‖Valdez
S,8,1486‖Smith
S,8,1489‖Portsche
S,8,1490‖Diaz
S,8,1493‖Torres
S,8,1494‖Martin
S,8,1497‖Lanigan
S,8,1499‖Menz
S,9,1502‖Kelly
S,9,1503‖Sanders
S,9,1512‖Carey
S,9,1513‖Trainor
S,9,1521‖Vanwinkle
S,9,1522‖Scott
S,9,1526‖Thompson
S,9,1529‖Lee
S,9,1532‖Russell
S,9,1539‖Pine
S,9,1540‖Watson
S,9,1548‖Griggs
S,9,1549‖Fisher
S,9,1551‖Sullivan
S,9,1552‖Mcgrady
S,9,1555‖Vaughn
S,9,1558‖Romero
S,9,1559‖Madrid
S,9,1562‖Livoti
S,9,1564‖Lee
S,9,1571‖Black
S,9,1571‖Baker
S,9,1572‖Pereda
S,9,1573‖Goss
S,9,1574‖Robinson
S,9,1574‖Grady
S,9,1577‖Rodriguez
S,9,1581‖Sullivan
S,9,1582‖Jackson
S,9,1590‖Grant
S,9,1590‖Mendenhall
S,9,1591‖Sanders
S,9,1592‖Anderson
S,9,1604‖Prince
S,9,1604‖Watkins
S,9,1607‖Selley
S,9,1607‖Jaffe
S,9,1609‖Pasquino
S,9,1609‖Adams
S,9,1613‖Bolanos
S,9,1614‖Kavanagh
S,9,1621‖Gullatt
S,9,1625‖Edgington
S,9,1632‖Gold
S,9,1635‖Robbins
S,9,1639‖Smith
S,9,1650‖Hogue
S,9,1655‖Condict
S,9,1657‖Strutz
S,9,1658‖Mathis
S,9,1659‖Montijo
S,9,1660‖Wyke
S,9,1663‖Madden
S,9,1664‖Tomlinson
S,9,1665‖Leggio
S,9,1666‖Roden
S,10,1669‖Williams
S,10,1673‖Juarez
S,10,1675‖Stacey
S,10,1676‖Sharp
S,10,1678‖Lee
S,10,1678‖Smith
S,10,1682‖Hebrank
S,10,1686‖Anderson
S,10,1687‖Watkins
S,10,1695‖Vansickle
S,10,1695‖Taylor
S,10,1697‖Mccarthy
S,10,1703‖Sierra
S,10,1706‖Mendoza
S,10,1707‖Santiago
S,10,1710‖Lavigne
S,10,1713‖Ezell
S,10,1714‖Anguiano
S,10,1715‖Smith
S,10,1716‖Zimmerman
S,10,1718‖Henle
S,10,1728‖Rogers
S,10,1728‖Rosado
S,10,1730‖Shellhammer
S,10,1733‖Berry
S,10,1735‖Villalpando
S,10,1737‖Haynes
S,10,1742‖Stokes
S,10,1742‖Hernandez
S,10,1749‖Gonzalez
S,10,1750‖Rye
S,10,1753‖Carthen
S,10,1755‖Ramirez
S,10,1756‖Ables
S,10,1761‖Moore
S,10,1762‖James
S,10,1763‖Rigney
S,10,1763‖Sieberg
S,10,1764‖Raines
S,10,1765‖Yarbrough
S,10,1767‖Knight
S,10,1776‖Alejandro
S,10,1777‖Teal
S,10,1777‖Harding
S,10,1778‖Ramirez
S,10,1781‖Wright
S,10,1783‖Weingard
S,10,1784‖Lee
S,10,1786‖Ross
S,10,1787‖Smith
S,10,1792‖Jackson
S,10,1792‖Nelson
S,10,1795‖Williams
S,10,1800‖Amaral
S,10,1804‖Tucker
S,10,1805‖Montoya
S,10,1810‖Johnson
S,10,1813‖Garza
S,10,1814‖Hafele
S,10,1814‖Ramos
S,10,1815‖Krupa
S,10,1815‖Janski
S,10,1817‖Wentzloff
S,10,1823‖Summerhill
S,10,1826‖Johnston
S,10,1828‖Kam
S,10,1830‖Elwell
S,10,1833‖York
S,11,1837‖Street
S,11,1839‖Kelly
S,11,1842‖Whatoname
S,11,1843‖Mendenhall
S,11,1843‖Angle
S,11,1844‖Donaldson
S,11,1846‖Gest
S,11,1847‖Richardson
S,11,1849‖Smith
S,11,1850‖Hopkins
S,11,1850‖Ford
S,11,1853‖Brown
S,11,1853‖Sweeney
S,11,1857‖Bartholf
S,11,1860‖Anderson
S,11,1865‖Gallahan
S,11,1869‖Armstrong
S,11,1870‖Gross
S,11,1872‖Dailey
S,11,1876‖Macias
S,11,1884‖Marren
S,11,1885‖Ross
S,11,1886‖Cremin
S,11,1887‖Branch
S,11,1888‖Woods
S,11,1888‖Weaver
S,11,1899‖Adams
S,11,1900‖Rodriguez
S,11,1903‖Dye
S,11,1912‖Burgess
S,11,1913‖Roberts
S,11,1914‖Gordon
S,11,1917‖Wilkinson
S,11,1920‖Moon
S,11,1925‖Shipp
S,11,1926‖Haskett
S,11,1928‖Segura
S,11,1930‖Mccomber
S,11,1931‖Knight
S,11,1931‖Kessler
S,11,1933‖Gilreath
S,11,1938‖Welch
S,11,1940‖Diaz
S,11,1941‖Viera
S,11,1943‖Santmyer
S,11,1944‖Boller
S,11,1954‖Smith
S,11,1961‖Destefano
S,11,1961‖Scales
S,11,1962‖Sawyer
S,11,1964‖Kean
S,11,1966‖Meidl
S,11,1968‖Bramlett
S,11,1969‖Price
S,11,1971‖Coello
S,11,1973‖Hattaway
S,11,1975‖Vise
S,11,1975‖Karge
S,11,1978‖Schank
S,11,1986‖Rice
S,11,1986‖Cook
S,11,1987‖Cole
S,11,1991‖Sharkey
S,11,1994‖Fullerton
S,11,1994‖Wiseman
S,11,1999‖Perry
S,12,2001‖Martin
S,12,2001‖Jackson
S,12,2002‖Angotti
S,12,2008‖Dunnagan
S,12,2008‖Swales
S,12,2010‖Tribble
S,12,2010‖Hicks
S,12,2014‖Ahuna
S,12,2015‖Hughs
S,12,2016‖Wilson
S,12,2018‖Kerr
S,12,2029‖Smith
S,12,2037‖Carpentier
S,12,2045‖Reier
S,12,2046‖Gonzalez
S,12,2046‖Berkowitz
S,12,2047‖Presson
S,12,2048‖Rosario
S,12,2052‖Henderson
S,12,2053‖Owens
S,12,2054‖Carpenter
S,12,2063‖Smith
S,12,2070‖Lanzi
S,12,2071‖Conner
S,12,2071‖Roy
S,12,2080‖Heaberlin
S,12,2084‖Rollins
S,12,2088‖Jones
S,12,2088‖Jaskolski
S,12,2089‖Johnson
S,12,2090‖Worthington
S,12,2097‖Dorow
S,12,2099‖Armstrong
S,12,2101‖Cyree
S,12,2102‖Bostwick
S,12,2103‖Lovisone
S,12,2118‖Mitchell
S,12,2119‖Dyce
S,12,2121‖Ross
S,12,2122‖Brantley
S,12,2122‖Yin
S,12,2129‖Johnson
S,12,2129‖Carr
S,12,2131‖Higgins
S,12,2133‖Jones
S,12,2134‖Tackett
S,12,2135‖Gorecki
S,12,2136‖Vasquez
S,12,2137‖Lambert
S,12,2146‖Demello
S,12,2152‖Nixon
S,12,2152‖Jimenez
S,12,2154‖Melchor
S,12,2154‖Stjohn
S,12,2155‖Neff
S,12,2156‖Wong
S,12,2157‖Henson
S,12,2158‖Stanton
S,12,2163‖Peralta
S,12,2164‖Bell
S,13,2167‖Sims
S,13,2169‖Delisio
S,13,2170‖Hodge
S,13,2172‖Tucker
S,13,2176‖Russell
S,13,2181‖Allen
S,13,2185‖Padilla
S,13,2185‖Finger
S,13,2188‖Chilton
S,13,2188‖Simmons
S,13,2188‖Gerber
S,13,2189‖Cooper
S,13,2196‖Clark
S,13,2196‖Delgado
S,13,2197‖Kent
S,13,2199‖Robidoux
S,13,2201‖Booker
S,13,2203‖Oh
S,13,2204‖Hasse
S,13,2211‖Karins
S,13,2213‖Lopez
S,13,2220‖Naumann
S,13,2221‖Moore
S,13,2222‖Wallace
S,13,2223‖Tolston
S,13,2223‖Coombe
S,13,2224‖Jones
S,13,2236‖Maldonado
S,13,2236‖Reed
S,13,2237‖Gann
S,13,2239‖Carter
S,13,2244‖Vermillion
S,13,2245‖Hamilton
S,13,2248‖Rueluas
S,13,2250‖Rollins
S,13,2252‖Demery
S,13,2253‖Albright
S,13,2254‖Hill
S,13,2255‖Morado
S,13,2257‖Harper
S,13,2258‖Eichenberger
S,13,2258‖Connell
S,13,2259‖Cruz
S,13,2262‖Riffe
S,13,2263‖Keeler
S,13,2264‖Spiro
S,13,2267‖Cofield
S,13,2267‖Gartner
S,13,2268‖Shah
S,13,2268‖Moss
S,13,2270‖Fugate
S,13,2270‖Hanson
S,13,2273‖Williams
S,13,2273‖Baltazar
S,13,2276‖Fars
S,13,2278‖Sweet
S,13,2278‖Brown
S,13,2279‖Freitag
S,13,2284‖Bailey
S,13,2284‖Buzard
S,13,2290‖Alvarado
S,13,2293‖White
S,13,2300‖Younts
S,13,2303‖Peterson
S,13,2304‖Lankford
S,13,2306‖Hutchinson
S,13,2306‖Travis
S,13,2307‖Collier
S,13,2311‖Monteiro
S,13,2314‖Ringrose
S,13,2316‖Chaffin
S,13,2317‖Degirolamo
S,13,2318‖Hutchinson
S,13,2321‖Hulsey
S,13,2322‖Workman
S,13,2323‖Klare
S,13,2325‖Lebaron
S,13,2328‖Edwards
S,13,2331‖Todd
S,13,2331‖Fontaine
S,13,2333‖Aguilar
S,14,2334‖Bridges
S,14,2337‖Young
S,14,2340‖Vanhampler
S,14,2344‖Lambert
S,14,2347‖Ferraraccio
S,14,2351‖Fancher
S,14,2354‖Taylor
S,14,2357‖Maloney
S,14,2357‖Barker
S,14,2358‖Walker
S,14,2359‖Oliver
S,14,2365‖Siler
S,14,2366‖Simoneavd
S,14,2367‖Fayne
S,14,2374‖Smith
S,14,2374‖Norman
S,14,2379‖Cunningham
S,14,2380‖Miller
S,14,2380‖Pecoraino
S,14,2380‖Purvis
S,14,2381‖Stahr
S,14,2384‖Martin
S,14,2385‖Shannon
S,14,2391‖Christiano
S,14,2392‖Sherman
S,14,2392‖Yeh
S,14,2393‖Frew
S,14,2397‖Caban
S,14,2399‖Luna
S,14,2400‖Shifflett
S,14,2406‖King
S,14,2406‖Abshire
S,14,2407‖Parker
S,14,2408‖Mosley
S,14,2408‖Olsen
S,14,2410‖Chilson
S,14,2411‖Fox
S,14,2412‖Mccain
S,14,2413‖Ricciardi
S,14,2415‖Braithwaite
S,14,2419‖Gomez
S,14,2419‖Clark
S,14,2420‖Gross
S,14,2422‖Hughes
S,14,2422‖Wong
S,14,2424‖Stark
S,14,2429‖Little
S,14,2432‖Tennyson
S,14,2435‖Jacquemin
S,14,2436‖Carpenter
S,14,2440‖Crabtree
S,14,2440‖Garibay
S,14,2442‖Draper
S,14,2443‖Vivian
S,14,2445‖Bohon
S,14,2446‖Thrift
S,14,2446‖Hallaway
S,14,2447‖Dahlen
S,14,2456‖Taylor
S,14,2457‖Posey
S,14,2458‖Trask
S,14,2463‖Yancy
S,14,2466‖Otoole
S,14,2469‖Zaczek
S,14,2470‖Torres
S,14,2471‖Granados
S,14,2473‖Williams
S,14,2477‖Keisel
S,14,2477‖Mildren
S,14,2478‖Viard
S,14,2482‖Page
S,14,2484‖Rodriguez
S,14,2489‖Watkin
S,14,2492‖Copley
S,14,2494‖Lanzi
S,14,2495‖Miranda
S,14,2497‖Roy
S,15,2501‖Stange
S,15,2506‖Valerio
S,15,2510‖Delagarza
S,15,2512‖Feagin
S,15,2512‖Dow
S,15,2519‖Becker
S,15,2525‖Fey
S,15,2530‖Goodwin
S,15,2536‖Washington
S,15,2537‖Hudson
S,15,2537‖Engelhart
S,15,2540‖Davila
S,15,2546‖Craig
S,15,2549‖Miller
S,15,2553‖Clark
S,15,2559‖Derr
S,15,2561‖Barnard
S,15,2562‖Mathis
S,15,2563‖Marino
S,15,2568‖Oliver
S,15,2568‖Young
S,15,2573‖Cathcart
S,15,2573‖Cordova
S,15,2576‖Harper
S,15,2576‖Henson
S,15,2576‖Gallagher
S,15,2580‖Sharp
S,15,2583‖Cochrane
S,15,2583‖Ponyah
S,15,2583‖Price
S,15,2584‖Lanham
S,15,2586‖Dukes
S,15,2590‖Eure
S,15,2592‖Dutcher
S,15,2592‖Toliver
S,15,2596‖Barshaw
S,15,2600‖Shy
S,15,2604‖Maloney
S,15,2605‖Price
S,15,2605‖Harding
S,15,2606‖Caron
S,15,2608‖Harris
S,15,2609‖Blair
S,15,2611‖Williams
S,15,2612‖Espinoza
S,15,2613‖Powell
S,15,2613‖File
S,15,2614‖Brown
S,15,2616‖Wilcox
S,15,2620‖Coty
S,15,2626‖Rush
S,15,2627‖Haynes
S,15,2634‖Hiemstra
S,15,2635‖Hooker
S,15,2637‖Goodnight
S,15,2639‖Shorb
S,15,2642‖Bennett
S,15,2646‖Mitchell
S,15,2648‖Pettigrew
S,15,2651‖Rann
S,15,2656‖Feeney
S,15,2658‖Herzig
S,15,2663‖Monson
S,15,2665‖Brown
S,16,2671‖Rubio
S,16,2674‖Mendenhall
S,16,2676‖Sumpter
S,16,2678‖Banahan
S,16,2685‖Czech
S,16,2689‖Barks
S,16,2690‖Rice
S,16,2690‖Strong
S,16,2693‖Robinson
S,16,2704‖Smith
S,16,2707‖Loeb
S,16,2707‖Stoddard
S,16,2710‖Stevens
S,16,2716‖Miller
S,16,2716‖Huot
S,16,2719‖Smith
S,16,2727‖Huggins
S,16,2729‖Bahr
S,16,2730‖Renz
S,16,2731‖Uvalle
S,16,2740‖Cunningham
S,16,2742‖Demeo
S,16,2750‖Goodman
S,16,2752‖Partlow
S,16,2753‖Presley
S,16,2756‖Forshay
S,16,2756‖Figueras
S,16,2758‖Baxter
S,16,2761‖Chandler
S,16,2762‖Benitez
S,16,2762‖Odegard
S,16,2763‖Hathaway
S,16,2766‖Stcyr
S,16,2767‖Freeman
S,16,2770‖Dicks
S,16,2771‖Lee
S,16,2772‖Jones
S,16,2777‖Caneva
S,16,2777‖Miller
S,16,2779‖Ellis
S,16,2779‖Barks
S,16,2781‖Torres
S,16,2790‖Mccaskill
S,16,2792‖Johnson
S,16,2792‖Pickett
S,16,2805‖Bolen
S,16,2809‖Castro
S,16,2810‖Thuringer
S,16,2810‖Jones
S,16,2813‖Harms
S,16,2814‖Wright
S,16,2815‖Gregoire
S,16,2820‖Martinez
S,16,2821‖Shaw
S,16,2822‖Morris
S,16,2823‖Boston
S,16,2824‖Thomas
S,16,2824‖Combs
S,16,2825‖Lenard
S,16,2827‖Tylor
S,16,2828‖Cope
S,16,2828‖Felps
S,16,2830‖Davidson
S,16,2831‖Murphy
S,16,2832‖Genet
S,17,2838‖Bell
S,17,2840‖Pagan
S,17,2840‖Chan
S,17,2846‖Ortiz
S,17,2848‖King
S,17,2855‖Roper
S,17,2856‖Grant
S,17,2858‖Kauffman
S,17,2858‖Correa
S,17,2859‖Brown
S,17,2862‖Allen
S,17,2863‖Solis
S,17,2869‖Barbour
S,17,2873‖Bigham
S,17,2886‖Wilkes
S,17,2887‖Black
S,17,2889‖James
S,17,2891‖Goldberg
S,17,2897‖Leslie
S,17,2899‖Hurst
S,17,2901‖Mize
S,17,2903‖Smith
S,17,2906‖Gassaway
S,17,2912‖Green
S,17,2913‖Cabral
S,17,2914‖Greene
S,17,2919‖Garris
S,17,2919‖Weissman
S,17,2919‖Woods
S,17,2920‖Rodriquez
S,17,2921‖Hart
S,17,2925‖Irwin
S,17,2926‖Hood
S,17,2928‖Miller
S,17,2929‖Murdoch
S,17,2935‖Alexander
S,17,2935‖Mclain
S,17,2941‖Laravie
S,17,2941‖Morales
S,17,2949‖Williams
S,17,2950‖Foster
S,17,2951‖Reddick
S,17,2960‖Peters
S,17,2960‖Anderson
S,17,2966‖Firkins
S,17,2973‖Condon
S,17,2976‖Lopez
S,17,2976‖Townsend
S,17,2978‖Blanco
S,17,2979‖Glickman
S,17,2980‖Preston
S,17,2986‖Koverman
S,17,2989‖Leach
S,17,2991‖Hudgens
S,17,2992‖Thomas
S,17,2993‖Seabron
S,17,2995‖Siddiqui
S,17,2995‖Fuller
S,17,2996‖Gregory
S,17,2997‖Lawson
S,17,2997‖Drake
S,17,2998‖Jimeson
