ID,payload,sendTo
16,Etta,S4
33,Joseph,S4
45,Maritza,S4
69,Toya,S4
123,Linda,S4
217,Melanie,S4
228,Charles,S4
230,Betty,S4
242,Diane,S4
249,Jimmie‖Ione,S4
253,Sammy,S4
282,Juliette,S4
311,Lorraine,S4
371,Richard,S4
381,William,S4
393,Ralph,S4
416,Ruben,S4
454,Earl,S4
538,Dianna,S4
548,Ezekiel,S4
588,Margeret,S4
598,Gary,S4
610,Luke,S4
620,Adolph,S4
628,Mary,S4
637,Frederick,S4
652,James,S4
673,Leo‖Michael,S4
750,Shawn,S4
803,Brittany,S4
806,Randall,S4
850,Lindsey,S4
876,Mike,S4
992,Margaret,S4
1060,Betty,S4
1063,Nancy,S4
1072,Katrina,S4
1092,Barbara,S4
1165,Paul,S4
1225,Kristi,S4
1288,Ashley,S4
1294,Gabriel,S4
1311,Nora,S4
1340,Rosa,S4
1361,Jack,S4
1403,Jeremiah,S4
1424,Jim,S4
1443,Anthony,S4
1463,Vera,S4
1549,Helen,S4
1559,Donna,S4
1604,Richard,S4
1695,Frank,S4
1728,Nicole,S4
1733,Steven,S4
1787,Carl,S4
1850,Walter,S4
1930,Howard,S4
1931,Jason,S4
1940,Juan,S4
1975,Albert,S4
1991,Charles,S4
2001,Lorena,S4
2010,Charles,S4
2015,Larry,S4
2018,Milton,S4
2052,Jason,S4
2071,Joseph,S4
2088,Jacob,S4
2097,Earle,S4
2122,Tracie,S4
2129,Gary,S4
2146,Casey,S4
2158,Gale,S4
2185,Allen‖Vickie,S4
2189,Bernard,S4
2248,Lenora,S4
2268,Mary‖Fredrick,S4
2380,John,S4
2408,Benjamin,S4
2411,Lenita,S4
2466,Brett,S4
2537,John,S4
2576,Robert,S4
2596,Jill,S4
2605,Maria,S4
2620,Bonnie,S4
2665,Ella,S4
2671,Virginia,S4
2690,Colin,S4
2753,Eugene,S4
2756,Wanda,S4
2762,Christopher,S4
2828,Carla,S4
2996,Annice‖Penny,S4
14,Claudia,S4
33,Jason,S4
45,Roberto,S4
90,Rosemary,S4
169,Harriet‖Patricia,S4
187,Charles,S4
211,Ashley,S4
223,Christopher,S4
242,Ray,S4
246,Rosita,S4
264,Nicholas,S4
277,Ava,S4
282,Jennie,S4
307,Cindy,S4
311,Jasmine‖John,S4
316,Sandra,S4
366,Austin,S4
381,Gisela,S4
393,Cassandra,S4
441,Willie,S4
454,Joseph,S4
456,Raymond,S4
475,David,S4
485,Douglas,S4
525,Chester,S4
548,Walter,S4
588,Emma,S4
598,Marvin,S4
601,Joan,S4
609,Tonya,S4
610,Laurie,S4
620,Dan,S4
628,Richard,S4
637,Elizabeth,S4
728,William,S4
806,Marie,S4
814,Thomas,S4
834,Joseph,S4
876,Jason,S4
908,Ramona,S4
986,Douglas,S4
1060,Herman,S4
1072,Stacey,S4
1159,Thomas,S4
1212,Jennifer,S4
1217,Anne,S4
1225,Beverley,S4
1263,Randolph,S4
1287,Marilyn,S4
1288,Barbara‖Marian,S4
1294,Jack,S4
1340,Michael,S4
1343,Caroline,S4
1424,Hazel,S4
1434,Nathaniel,S4
1443,Dana,S4
1446,Linda,S4
1549,Jorge,S4
1571,Judith,S4
1581,Donna,S4
1604,Raymond,S4
1728,Leo‖Charles,S4
1777,Russell,S4
1787,Monica,S4
1843,Robert,S4
1850,Priscilla‖Elva,S4
1853,Tim,S4
1930,Jesse,S4
1931,Steven,S4
1961,Judith,S4
1994,Jeanette,S4
2001,Michael,S4
2008,Bruno,S4
2010,Kelly,S4
2015,Perry,S4
2016,Janelle,S4
2046,Edward,S4
2052,Cecilia,S4
2088,George,S4
2101,Stephanie,S4
2158,Jackie,S4
2188,Donna,S4
2223,Kathleen,S4
2236,Terry,S4
2331,Loretta,S4
2406,Jeffrey‖Jennifer,S4
2408,William,S4
2411,Leonard,S4
2422,Charles,S4
2440,Darrel,S4
2447,Sally,S4
2466,Arthur,S4
2576,Judith,S4
2583,Sharon,S4
2596,Roxann,S4
2605,Steven,S4
2620,Carl,S4
2665,Lorene,S4
2716,Gerardo,S4
2762,Clarice,S4
2810,John,S4
2815,Monique,S4
2824,Cathy,S4
2919,Lola,S4
2941,Michael,S4
2950,Danny,S4
2960,Leticia,S4
2996,Linda,S4
16,Beatrice,S4
90,Thomas,S4
123,Shari,S4
169,John,S4
187,Phillip,S4
208,Willie,S4
209,Carl,S4
223,Carol,S4
230,Max,S4
242,Beulah,S4
249,Lena,S4
253,Ann,S4
277,Angel,S4
307,Gregory,S4
316,Joseph,S4
371,Daisy‖Mary,S4
416,Belen,S4
456,Charles,S4
475,Jane,S4
485,James,S4
525,Clayton‖Alexander,S4
538,Breanna,S4
548,Gerald,S4
588,Adam,S4
598,Ashley,S4
601,Kathe,S4
652,Diane,S4
673,Michael,S4
728,Mary,S4
750,Addie,S4
780,Michael,S4
803,Sun,S4
814,Scottie,S4
834,Lizzie,S4
850,Tiffani,S4
862,Warren,S4
876,Lola,S4
908,Dominick,S4
986,William,S4
992,Cynthia,S4
1049,Richard,S4
1159,Doris,S4
1165,Sharon,S4
1212,Ashley,S4
1217,Eric‖Twanna,S4
1255,James,S4
1276,Eve,S4
1311,Bobby,S4
1343,Judith,S4
1403,Cathryn,S4
1559,Frank,S4
1581,Mabel,S4
1582,Laura,S4
1604,Barbara‖Cynthia,S4
1728,John,S4
1742,Kenneth,S4
1777,Karen,S4
1787,Mitchel,S4
1843,Tami,S4
1853,Michael‖Tina,S4
1930,Angela,S4
1931,Debora,S4
1940,Nanette,S4
1991,Margaret,S4
2016,Frank,S4
2046,Frank‖Dennis,S4
2052,Terrance,S4
2097,Debra,S4
2122,Michael,S4
2146,Helen,S4
2158,August,S4
2185,Susan,S4
2248,Dennis,S4
2268,Peggy,S4
2273,Taylor‖Mary,S4
2278,Yvette,S4
2331,Richard,S4
2392,Carmelo,S4
2422,Lola,S4
2440,Wanda‖Danielle,S4
2469,Jeff,S4
2495,Edward,S4
2559,Debra,S4
2573,Stephen,S4
2583,Wesley,S4
2596,Marlene,S4
2605,Donald,S4
2611,Deborah,S4
2620,Richard,S4
2658,Julia,S4
2671,Junita,S4
2690,Dana,S4
2716,Juan‖Elizabeth,S4
2719,Debra,S4
2762,David,S4
2809,Ruben,S4
2810,Lucille,S4
2813,Barbara,S4
2814,John,S4
2815,Karl,S4
2919,Megan,S4
2950,Elizabeth,S4
2960,Rose,S4
16,Elijah,S4
33,Colin,S4
69,Charles‖Steven,S4
90,Andrew,S4
208,Daniela,S4
211,Lisa,S4
228,Joe,S4
230,Laura,S4
242,Delores,S4
246,David,S4
264,Patricia,S4
282,Sarah,S4
316,Joann,S4
366,Margery,S4
393,Caroline,S4
416,Ronald,S4
456,Martha,S4
475,Gary‖Michael,S4
525,Harold,S4
588,Lisa,S4
601,Christopher‖Percy,S4
609,Jason,S4
628,Michael,S4
652,Ruben,S4
662,Patrick‖Darrin,S4
673,Robert,S4
750,Jimmy,S4
803,Stuart,S4
806,Amber,S4
814,Jeffrey,S4
834,Robert,S4
862,William,S4
967,Judith,S4
1049,Ralph,S4
1063,Joseph,S4
1092,Paula,S4
1212,Dale,S4
1217,Randy,S4
1255,Carole,S4
1263,Gertrud‖Christine,S4
1270,Faye,S4
1276,Nina,S4
1287,Phillip,S4
1294,Doris,S4
1311,Ella,S4
1340,Christian,S4
1343,Richard,S4
1398,Adele,S4
1403,Tyler,S4
1424,Mildred,S4
1434,Gustavo,S4
1446,Theron,S4
1582,Ann,S4
1695,Joseph,S4
1733,Joseph,S4
1742,Crystal,S4
1787,Chris,S4
1850,Scott,S4
1940,Edna,S4
1961,Jimmie,S4
1994,Alica,S4
2001,Gary,S4
2016,Michael,S4
2018,Gail,S4
2046,Billie,S4
2071,Richard,S4
2122,Humberto‖Traci,S4
2146,Daniel,S4
2185,James,S4
2189,Waneta,S4
2236,Carolyn,S4
2273,Roscoe,S4
2278,Robert,S4
2392,Tammy,S4
2411,Juan,S4
2447,Clifford,S4
2469,Anna,S4
2482,Gina,S4
2495,Karen,S4
2559,Caroline,S4
2573,Elbert,S4
2576,Eldon,S4
2583,Sophie,S4
2611,Lindsey,S4
2753,Jeffrey,S4
2756,Sandra‖Norma,S4
2858,Mitchell,S4
2919,Marguerite,S4
2941,James,S4
2950,Bernadine,S4
2976,Tamika,S4
2996,Paul,S4
16,Jimmy,S4
33,Nicholas,S4
45,Keith,S4
123,Travis,S4
209,Laura,S4
211,Constance,S4
217,Robert‖Diane,S4
228,Joe,S4
246,Chelsea,S4
264,Ron,S4
277,Kim,S4
307,Todd,S4
381,Marlene,S4
416,Eleanor,S4
441,Rodrigo,S4
456,Mario,S4
485,Leonard,S4
538,Tina,S4
568,Mae‖David,S4
598,Jane,S4
610,Reba,S4
620,Wanda,S4
628,John,S4
637,Alice,S4
662,Michael,S4
728,Natasha,S4
750,Ruth,S4
780,Stuart,S4
814,Kim,S4
834,Amy,S4
850,Jessica‖Jonathan,S4
862,Shari,S4
876,Christopher,S4
908,Leslie,S4
967,Rocky,S4
992,Alejandra,S4
1060,Jessica,S4
1063,Brian,S4
1072,Efren,S4
1092,Cassie,S4
1159,Celesta,S4
1225,Victoria,S4
1255,Julia,S4
1270,Jay‖Mathew,S4
1287,William,S4
1288,Emily,S4
1294,Edward,S4
1311,Karen,S4
1340,Eva,S4
1343,Anna,S4
1361,Odell,S4
1398,John,S4
1403,Jacqueline,S4
1424,Carl,S4
1434,Kendra,S4
1443,James,S4
1446,Blanche,S4
1463,Betty,S4
1549,Cindy,S4
1559,Patricia,S4
1571,Robyn,S4
1581,Steven,S4
1582,Bonnie,S4
1695,Maria,S4
1733,Joseph,S4
1742,Suzanne‖Lisa,S4
1777,Anna,S4
1853,Nancy,S4
1930,Holly,S4
1931,Thomas,S4
1975,Erica,S4
1991,Bonnie,S4
1994,Jennifer,S4
2008,Yvonne,S4
2010,Wayne,S4
2015,Devin,S4
2052,Belinda,S4
2071,Maud,S4
2088,Wendy,S4
2097,Marie,S4
2101,Robert,S4
2129,Ruth,S4
2158,Elise,S4
2188,Joseph,S4
2189,David,S4
2223,Phillip,S4
2248,Catherine,S4
2331,Harry,S4
2380,Lawrence‖James,S4
2392,William,S4
2406,Ruby,S4
2440,Judy,S4
2447,Edward,S4
2466,Taryn,S4
2482,Julie,S4
2495,Steven‖Jo,S4
2559,Mary,S4
2583,Betty,S4
2611,David,S4
2658,Maribel,S4
2665,Annette,S4
2671,Clara,S4
2690,Debra,S4
2719,Ingrid‖Stella,S4
2762,Heather,S4
2809,James,S4
2810,Melissa,S4
2813,Keith,S4
2814,William,S4
2824,Nancy,S4
2858,Emma,S4
2950,James,S4
2960,Edward,S4
14,Geraldine,S4
45,Martin,S4
69,Angla,S4
90,Ruth,S4
169,Orville,S4
187,Colleen,S4
208,Magdalena,S4
209,Diane,S4
211,Stephanie,S4
217,George,S4
230,George,S4
246,Timothy,S4
253,Diana,S4
277,Janice,S4
282,Robert,S4
307,Kenneth,S4
311,Pedro,S4
316,Rose,S4
366,Alex,S4
371,Ruth,S4
393,Peter,S4
441,James,S4
454,Patsy,S4
485,Odell,S4
538,John,S4
548,William,S4
568,Joseph,S4
609,Waltraud‖Brian,S4
610,Robert,S4
620,Paul,S4
637,Edna,S4
652,Kelli,S4
662,Ryan,S4
780,Colleen,S4
803,Steven,S4
806,Lori,S4
862,Ann,S4
908,Mike,S4
986,Emery,S4
992,William,S4
1049,Cheryl,S4
1060,Joyce,S4
1072,Jill,S4
1092,Michael,S4
1165,Sara,S4
1225,Delores,S4
1255,Mabel,S4
1263,Kylie,S4
1270,Mindy,S4
1276,Reed,S4
1443,Carla,S4
1559,Michael,S4
1581,Amy,S4
1695,John,S4
1843,Geraldine‖Rose,S4
1940,Richard,S4
1961,Morris‖Cynthia,S4
1975,Thomas,S4
1991,Linda,S4
1994,Yolanda,S4
2001,Michael,S4
2010,Howard,S4
2015,Maria,S4
2016,James,S4
2018,John,S4
2097,Philip,S4
2101,Jim,S4
2129,David,S4
2188,Angelina,S4
2189,Alan,S4
2236,Amanda,S4
2268,Carol,S4
2273,Martha,S4
2406,Amanda,S4
2411,Philip,S4
2422,Brenda,S4
2469,Joyce,S4
2482,Miguel,S4
2537,Lawrence,S4
2573,George‖Rita,S4
2576,Dennis,S4
2596,Roland,S4
2605,Evan,S4
2611,Rhonda,S4
2620,Janice,S4
2658,Georgia‖Odessa,S4
2665,Ruthie,S4
2690,Latisha,S4
2716,Kelly,S4
2753,Shirley,S4
2756,Thomas,S4
2809,Dianna,S4
2810,Brian,S4
2813,George,S4
2814,Timothy,S4
2815,James,S4
2828,Harvey,S4
2858,Emilia,S4
2960,Michelle,S4
2976,Barbara,S4
4,Fagnani,R4
7,Grant,R4
8,Crum,R4
24,Choate,R4
34,Klipfel,R4
36,Kennard‖Quagliano,R4
47,Amoa,R4
50,Irving‖Hanson,R4
61,Rogers,R4
62,Bermeo,R4
64,Mcmahen,R4
71,Brown,R4
83,Logsdon,R4
92,Young,R4
96,Crews,R4
101,Nelson,R4
110,Wonders‖Faires,R4
127,Real,R4
144,Mayes,R4
147,Fravel,R4
151,Chen,R4
158,Fowler,R4
176,Williams,R4
196,Rivas,R4
213,Snyder,R4
225,Mcfee,R4
236,Grubb,R4
238,Coleman,R4
239,Burch,R4
252,Ortiz‖Gallagher,R4
273,Barnett,R4
295,Ollis,R4
299,Bates,R4
302,Close,R4
332,Johnson,R4
335,Brown,R4
343,Hartman,R4
356,Moyers,R4
359,White,R4
369,Edgehill‖Leer,R4
372,Contreras,R4
386,Pursley,R4
389,Scrivener,R4
395,Gregory,R4
397,Lee,R4
405,Falk,R4
408,Hill,R4
415,Tisdale,R4
419,Humphrey,R4
438,Reid,R4
442,Criner,R4
450,Keel‖Badman,R4
457,Gross,R4
458,Vargas,R4
464,Burr,R4
482,Kim‖Foley,R4
490,Johnson,R4
492,Vargas,R4
495,Berry,R4
523,Broom,R4
529,Johnson‖Peterson,R4
534,Blizzard,R4
542,Hancock,R4
555,Carreon,R4
573,Mccune,R4
576,Foster,R4
577,Dobkowski,R4
624,Allison,R4
642,Robertson,R4
658,Trautman,R4
676,Belcher,R4
678,Clifford,R4
679,Muzzarelli,R4
687,Josefy,R4
692,Coffield,R4
693,Seiersen,R4
711,Wade,R4
731,Shaver,R4
732,Skidmore,R4
742,Gunther,R4
758,Roscoe,R4
765,Perez,R4
767,Castle,R4
770,Stewart,R4
797,Russell‖Wisman,R4
802,Prillaman,R4
807,Scott,R4
817,Leo,R4
820,Lewis,R4
821,Delatorre,R4
824,Wolfe,R4
830,Purpura,R4
837,Daly‖Walton,R4
846,Huntington,R4
853,Hendrickson,R4
854,Velasquez,R4
860,Wicks,R4
887,Wilson‖Mattson,R4
900,Edge,R4
904,Myers,R4
910,Hill,R4
917,Leaming,R4
923,Bautista,R4
927,Baca,R4
940,Humphrey,R4
941,Wood,R4
942,Balderas,R4
948,Augustine,R4
961,Powell‖Demarais,R4
969,Bosch,R4
973,Cully,R4
979,Izatt,R4
985,Foster,R4
990,Northcutt,R4
995,Holquin,R4
997,Bookman,R4
1000,Hawkins,R4
1011,Williams,R4
1018,Fisher‖Carver,R4
1023,Podmore,R4
1030,Porras,R4
1031,Jimenez,R4
1043,Laforest,R4
1058,Laurent,R4
1068,Lessard,R4
1071,Sherrill,R4
1077,Talley,R4
1097,Baca,R4
1098,Mcdonald,R4
1114,Davis,R4
1116,Sterback,R4
1120,Calvery,R4
1121,Funk,R4
1124,Gates,R4
1135,Wayne,R4
1138,Riley,R4
1177,Alicea,R4
1178,Ruiz,R4
1180,Robinson,R4
1183,Mcmullan,R4
1188,Farrar,R4
1197,Webb‖Maurice,R4
1199,Barbosa,R4
1202,Vega,R4
1206,Nilsson‖Mcfalls,R4
1207,Ferrari,R4
1210,King,R4
1218,Boggs,R4
1228,Withrow,R4
1234,Pitcherello‖Spiker,R4
1238,Johnson,R4
1266,Zuniga,R4
1292,Merritt,R4
1304,Bridges,R4
1349,Lawrence‖Howell,R4
1353,Longo,R4
1358,Giuliano,R4
1360,Picard,R4
1368,Heckstall,R4
1374,Marotta,R4
1377,Gaddy‖Peake,R4
1394,Jennings,R4
1433,Smith,R4
1438,Mcquillen,R4
1447,Becton,R4
1452,White,R4
1465,Dublin,R4
1466,Patterson,R4
1467,Harvey,R4
1493,Rogers,R4
1495,Cramer,R4
1504,Calais,R4
1513,Willits,R4
1514,George,R4
1522,Sturmer,R4
1533,Rivers,R4
1539,Slater,R4
1544,Cockrill,R4
1546,White,R4
1553,Crosby,R4
1558,Fanney,R4
1560,Winchester,R4
1563,Breland,R4
1566,Crumley‖Gonzalez,R4
1577,Powell,R4
1610,Ingram,R4
1611,Graves,R4
1638,Maynard,R4
1643,Zumwalt,R4
1659,Smith,R4
1661,Cruz,R4
1662,Yamashita,R4
1667,Davis,R4
1669,Caldwell,R4
1692,Rufus,R4
1696,Brown,R4
1708,Foster,R4
1711,Ray,R4
1721,Kountz,R4
1722,Hawley,R4
1729,Felix‖Eller,R4
1736,Bell,R4
1737,Cortez,R4
1740,Edwards,R4
1746,Macmillan,R4
1747,Fenton,R4
1759,Rivera,R4
1762,Chandler,R4
1766,Wilson,R4
1770,Crochet,R4
1782,Medina,R4
1785,Johnson,R4
1806,Davis,R4
1809,Sagraves,R4
1813,Kingsley,R4
1814,Howard,R4
1822,Moss,R4
1837,Adkins,R4
1848,Anderson‖Bean,R4
1854,Patillo,R4
1873,Hoagland,R4
1879,Wink,R4
1884,Davis,R4
1896,Lovell,R4
1900,Marano,R4
1906,Richardson,R4
1922,Weston,R4
1927,Mandell,R4
1933,Zeller,R4
1934,Hardin,R4
1942,Coleman,R4
1950,Culpepper,R4
1953,Kanagy,R4
1964,Spaid,R4
1965,Weaver‖Peters,R4
1969,Meehan,R4
1974,Wilson,R4
2003,Gunderson‖Miller,R4
2023,Smudrick,R4
2043,Howard,R4
2058,Dallas,R4
2067,Walton,R4
2080,Nielsen,R4
2081,Bolin,R4
2086,Haynes,R4
2092,Orick,R4
2105,Lucero‖Hall,R4
2121,Murillo,R4
2127,Jones,R4
2141,Lewis,R4
2159,Williams,R4
2162,Mcgrath,R4
2198,Molon,R4
2217,Castillo,R4
2222,Howard,R4
2230,Gjertsen,R4
2235,Williams,R4
2253,Jones,R4
2267,Goguen,R4
2275,Robinson,R4
2276,Salzmann‖Mitchell,R4
2277,Berkley,R4
2293,Main,R4
2296,Peterson,R4
2303,Younger,R4
2313,Luna,R4
2315,Douglas,R4
2332,Bond,R4
2336,Belmont‖Sims,R4
2340,Walker,R4
2342,Lawson,R4
2349,Rodriguez,R4
2354,Krone,R4
2363,Rogers‖Jenkins,R4
2366,Statum,R4
2374,Summerfield,R4
2379,Price,R4
2383,Deangelo,R4
2409,Norman,R4
2416,Todd,R4
2421,Thomas,R4
2424,Brown,R4
2426,Trinkle,R4
2431,Cornelius,R4
2449,Clark,R4
2464,Connor‖Mahabir,R4
2467,Yang,R4
2474,Causey,R4
2475,Jurgens,R4
2476,Lach‖Wise,R4
2479,Hutto,R4
2502,Bird,R4
2512,Castro,R4
2513,Rudolph,R4
2556,Walker,R4
2558,Kroetch,R4
2607,Clark,R4
2629,Springer,R4
2631,Davis,R4
2646,Campbell,R4
2653,Cornell‖Ramage,R4
2668,Boyce,R4
2672,Oconnor,R4
2676,Pickett,R4
2691,Maddox,R4
2692,Mccormick,R4
2705,Frost‖Soo,R4
2710,Studer,R4
2713,Velazquez,R4
2723,Pogozelski,R4
2729,Hampton,R4
2731,Anderson,R4
2747,Snider,R4
2748,Jennins,R4
2771,Bostic,R4
2779,Mead,R4
2805,Kayser,R4
2821,Smith,R4
2831,Mahood,R4
2832,Carter,R4
2850,Jones,R4
2871,Garrett,R4
2879,Mcmasters,R4
2913,Pinto,R4
2928,Ngo,R4
2939,Higgs,R4
2943,Jordan,R4
2948,Daniel,R4
2957,Smith,R4
2962,Smart,R4
2963,Coffey,R4
2973,Rodriguez,R4
2978,Turbyfill,R4
2979,Hodges,R4
2989,Murphy,R4
2991,Willis,R4
8,Cruz,R4
18,Wilburn,R4
23,Pereira‖Noe,R4
26,Feldt,R4
31,Payne,R4
34,Davis,R4
35,Mccormick,R4
38,Frye,R4
47,Stamps,R4
50,Reddy,R4
62,Delucia,R4
71,Orr‖Forsythe,R4
74,Barnett,R4
96,Doonan,R4
108,Zambrana,R4
111,Fulton‖Deluca,R4
117,Green,R4
118,Chandler,R4
120,Ezell,R4
126,Kelley,R4
127,Morgan,R4
131,Wade,R4
133,Finke,R4
151,Pischke,R4
164,Punches,R4
171,Yeargin,R4
222,Estrada,R4
225,Evans‖Harnden,R4
233,Walker,R4
234,Barton,R4
237,Kennedy,R4
245,Merryman,R4
260,Miller,R4
280,Cardoso,R4
299,Avent,R4
310,Lawler,R4
315,Miller,R4
319,Phillips,R4
345,Robles,R4
347,Allan‖Perry,R4
351,French,R4
369,Perry,R4
397,Rubins,R4
403,Cooke,R4
408,Lande,R4
415,Hambright,R4
417,Nicholson,R4
420,Lyons,R4
429,Nix,R4
436,Benton,R4
457,Cotter,R4
460,Fink,R4
464,Buller‖Hope,R4
486,Strode,R4
490,Owens,R4
492,Simmons,R4
493,Williams,R4
502,Lee,R4
517,Gillenwater,R4
523,Willoughby,R4
531,White,R4
555,Spellman,R4
563,Riley,R4
573,Latimer,R4
579,Clark,R4
590,Rodriguez,R4
606,Fox‖Nguyen,R4
641,Wilson,R4
645,Nelson‖Woodworth,R4
656,Hairston,R4
678,Druetta,R4
682,Keefer‖Wassermann,R4
685,Borst‖Pearce,R4
687,Clark,R4
692,Stone‖Carter,R4
708,Collins,R4
717,Sok,R4
720,Serrano,R4
729,Foster,R4
731,Haine,R4
732,Defranco‖Webb,R4
735,Mckenize,R4
739,Chapman,R4
742,Johnson,R4
761,Olsen,R4
767,Tuinstra‖Holderman,R4
796,Maynard,R4
797,Fast,R4
802,Pierce‖Buckner,R4
817,Lehrke,R4
824,Girard,R4
846,Garcia,R4
858,Lavery,R4
863,Shape,R4
873,Schwartz,R4
887,Simmons,R4
888,Mandich,R4
894,Tucker,R4
900,Woolery,R4
902,Olive,R4
904,Jones,R4
907,Villatora,R4
920,Kleeb,R4
927,Luong,R4
933,Mclaughlin,R4
935,Blakely,R4
936,Ruffin,R4
981,Anderson,R4
994,Delaney,R4
995,Clinton,R4
997,Strobel‖Tang,R4
1000,Haugen,R4
1008,Calhoun,R4
1009,Shiffer,R4
1011,Ibach,R4
1013,Robinson,R4
1017,Bell‖Haubrich‖Dimock,R4
1018,Kelly,R4
1023,Opland,R4
1034,Pena‖Brinson,R4
1068,Szabo,R4
1093,Barber,R4
1097,Barnard,R4
1098,Pigg‖Jackson,R4
1106,Medina,R4
1109,Hobson,R4
1112,Bellard,R4
1115,Hui,R4
1116,Hicks,R4
1127,Taylor,R4
1138,Klaus,R4
1143,Jenkins,R4
1177,Cantara,R4
1180,Green,R4
1185,Wlodarek,R4
1186,Johnson,R4
1201,Mcintyre,R4
1203,Maddux,R4
1209,Wen,R4
1216,Felton,R4
1218,Maldonado,R4
1223,Wall,R4
1233,Sell,R4
1237,Hinds,R4
1247,Witt,R4
1265,Okeefe,R4
1274,Sirois,R4
1321,Dorton,R4
1330,Lucas‖Goode,R4
1339,Smith,R4
1353,Tapia,R4
1374,Rokusek‖Nicholson,R4
1388,Giddings‖Bell,R4
1391,Sevigny,R4
1394,Howard‖Dolfi,R4
1408,Lamboy,R4
1433,Cavallo,R4
1438,Hobart,R4
1447,Tong,R4
1467,Thompson,R4
1512,Walker,R4
1518,Smith,R4
1533,Alsina,R4
1541,Shepherd,R4
1546,Adamczak,R4
1554,Nieves,R4
1558,Bartlett,R4
1621,Duell,R4
1644,Waits,R4
1647,Harris,R4
1648,Price,R4
1667,Garrett,R4
1682,Kasprzak,R4
1683,Santiago,R4
1686,Johnson,R4
1706,Bacon,R4
1708,Doke,R4
1727,Stout,R4
1735,Graves,R4
1736,Page,R4
1746,Caffee‖Grayson,R4
1759,Draughn,R4
1761,Johnson,R4
1764,Enz,R4
1766,Wood,R4
1785,Perez,R4
1801,Shoultz,R4
1803,Elliott‖Williams,R4
1833,Hoskins,R4
1837,Smith,R4
1848,Biscoe,R4
1866,Mcdonald,R4
1872,Peek,R4
1874,Ross,R4
1896,Williams,R4
1900,Gagnon,R4
1909,Won,R4
1914,Vazquez,R4
1917,Keith,R4
1922,Bravo,R4
1924,Doil,R4
1927,Tape,R4
1933,Briceno,R4
1941,Kokesh,R4
1942,Fagan,R4
1943,Pickard,R4
1950,Hyatt,R4
1956,Broadus,R4
1960,Johnson,R4
1969,Therrien,R4
1970,Mbonu,R4
1974,Steege,R4
1986,Pope,R4
1998,Worden,R4
1999,Mccreary,R4
2023,Durham‖Smith,R4
2043,Taylor,R4
2048,Luciano,R4
2058,Alexander,R4
2076,Rogian,R4
2080,Davis,R4
2089,Ell,R4
2092,Walker,R4
2105,Reese,R4
2118,Smith,R4
2127,Frank,R4
2131,Salas,R4
2155,Lawson,R4
2169,Besecker,R4
2173,Joseph,R4
2187,Oneal,R4
2190,Kingston,R4
2198,Stewart,R4
2204,Jackson,R4
2217,Bernard,R4
2222,Tate,R4
2245,Mejia,R4
2277,Stevens,R4
2282,Ramsey,R4
2313,Smith,R4
2315,Atkins,R4
2327,Fredeen,R4
2328,Shannon,R4
2351,Crone,R4
2358,Mosher,R4
2366,Leu,R4
2369,Schwartz,R4
2426,Ford,R4
2431,Morrison,R4
2446,Johnston,R4
2462,Francis,R4
2474,Leonhart,R4
2475,White,R4
2476,Delgadillo,R4
2477,Khalid,R4
2502,Trevino,R4
2516,Prince,R4
2519,Riddle,R4
2526,Pruchnik,R4
2534,Kless,R4
2552,Ramm,R4
2554,Fowler,R4
2556,Coleman,R4
2570,Brown,R4
2572,Scott‖Jara,R4
2582,Curtis,R4
2607,Kelly,R4
2612,Little,R4
2622,Mcfalls,R4
2647,Zimmermann,R4
2649,Sewell,R4
2651,Shaw,R4
2660,Thompson,R4
2672,George,R4
2678,Lee,R4
2691,Rodriguez,R4
2692,Stone‖Hufton,R4
2694,Park,R4
2705,Sydow,R4
2707,Mitchell,R4
2713,Jones,R4
2718,Reiter,R4
2729,Smith,R4
2734,Cook,R4
2746,Horrigan,R4
2768,Ermitanio,R4
2769,Almaraz‖Barr,R4
2770,Lucky,R4
2771,Frisbee,R4
2779,Palma,R4
2784,Sobers,R4
2821,Manning,R4
2823,Philhower,R4
2831,Ruano‖Mcclure,R4
2854,Bowman,R4
2869,Teske,R4
2875,Miranda,R4
2877,Fruchter,R4
2878,Derry,R4
2879,Rump,R4
2891,Spates,R4
2906,Harding,R4
2908,Guajardo,R4
2915,Leonhart,R4
2943,Newman,R4
2952,Boyden,R4
2957,Mclemore,R4
2964,Puentes,R4
2973,Rutherford,R4
2979,Washington,R4
2989,Erwin‖Milan,R4
2993,Lefeber,R4
7,Kyle,R4
8,Rogers,R4
18,Wadsworth,R4
31,Tanaka‖Davis,R4
50,Johnston,R4
59,Dowdy,R4
61,Michaud,R4
64,Chrisman,R4
75,Williams,R4
83,Sapp,R4
96,Jackson,R4
110,Truett,R4
122,Hastings,R4
143,Murphy,R4
144,Butler,R4
147,Cohen,R4
151,Cory‖Saine,R4
158,Ortiz,R4
171,Hom,R4
212,Pitcherello,R4
213,Hisey,R4
233,Hart,R4
234,Rice,R4
236,Maxey,R4
239,Williams,R4
248,Gabriel,R4
260,Hollifield,R4
270,Miller,R4
280,Sellers‖Morgan,R4
299,Vang,R4
322,Hooks,R4
326,Lawrence,R4
332,Mone,R4
335,Landers,R4
345,Watson,R4
351,Weber,R4
356,Ramaudar,R4
360,Stephen,R4
363,Barnes,R4
369,Zimmerman,R4
385,Porter,R4
389,Griffin,R4
395,Poole,R4
411,Carter,R4
417,Reed,R4
429,Bowell,R4
442,Barnes‖Dellinger,R4
451,Sievers,R4
459,Cacciatori,R4
476,Barton,R4
484,Raschke,R4
486,Enriquez,R4
490,Mack,R4
492,Long,R4
500,Blanton,R4
505,Dahl,R4
527,Turner‖Romano‖Monsivais,R4
529,Besse,R4
531,Johnson‖Gray,R4
534,Riehl,R4
542,Kolling‖Rogers,R4
561,Bowey,R4
576,Guy,R4
577,Holder,R4
578,Larson‖Fuston,R4
611,Ullman,R4
619,Webber,R4
639,Mary,R4
656,Blake,R4
678,Levine,R4
687,Warren,R4
690,Ray,R4
693,Cassidy,R4
721,Weir,R4
732,Stringham,R4
742,Russell,R4
745,Kennedy,R4
761,Wilson‖Self,R4
796,Espinosa,R4
799,Poisson,R4
817,Alberding,R4
830,Diehl,R4
837,Menotti,R4
839,Gallegos,R4
849,Sharp,R4
860,Kinnison,R4
877,Galvin‖Degraffenreid,R4
884,Goudeau,R4
888,Love,R4
900,Yeldell,R4
917,Lisa,R4
920,Cyr,R4
935,Tyner,R4
936,Lankford,R4
942,Nixon,R4
945,Espinal,R4
961,Reardon,R4
965,Beckner,R4
985,Ross,R4
990,Stotts,R4
994,Tomlinson,R4
995,Johnson,R4
1000,Oakes,R4
1008,Mcdaniel,R4
1023,Heckman,R4
1031,Nash,R4
1034,Neal,R4
1043,Sturmer,R4
1058,Goleman,R4
1070,Rogers,R4
1071,Wallick,R4
1093,Desimone‖Cox,R4
1105,Bueno‖Bowie,R4
1106,Shrader,R4
1109,Estrella,R4
1112,Dejesus‖Mulherin,R4
1114,Thompson,R4
1115,Montoya,R4
1116,Santiago,R4
1121,Marsh,R4
1124,Gates,R4
1131,Payne‖Hayes,R4
1135,Lujan,R4
1148,Gill,R4
1160,Blythe,R4
1172,Gibbs,R4
1175,Phelps,R4
1176,Snell,R4
1177,Randall,R4
1180,Janosek,R4
1183,Harter,R4
1184,Shepherd,R4
1186,Ginn,R4
1188,Russ‖Koch,R4
1197,Levingston,R4
1199,Evans,R4
1202,Peay,R4
1203,Lake,R4
1209,Laravie,R4
1210,Garcia,R4
1216,Kelly,R4
1233,Williams,R4
1234,Armstrong,R4
1237,Vanblarcom,R4
1265,Dawkins,R4
1274,Ries‖Holmes,R4
1282,Andrews,R4
1292,Laderman,R4
1308,Hartman‖Englehart,R4
1328,Robinson,R4
1339,Christopher,R4
1358,Glasper,R4
1376,Abbey,R4
1379,Weingarten,R4
1381,Okeefe,R4
1384,Richmond,R4
1435,Tardiff,R4
1447,Gulley,R4
1454,Kilroy‖Durante,R4
1455,Devine,R4
1459,Tinsley,R4
1462,Mcneill,R4
1493,Sanders,R4
1497,Digiovanni,R4
1512,Caldwell,R4
1514,Allery,R4
1522,King‖Hill,R4
1530,Collins,R4
1533,Debell,R4
1541,Riffle,R4
1546,Waddell,R4
1553,Kirk,R4
1573,Steinberg,R4
1590,Davis,R4
1595,Redman,R4
1598,Stillwell,R4
1609,Jackson,R4
1621,Johnson,R4
1624,Martin,R4
1625,Kuster,R4
1633,Dean,R4
1642,Gau,R4
1643,Lebovic,R4
1657,Walker,R4
1663,Tighe‖Kimbrell,R4
1669,Fortin,R4
1692,Coulter,R4
1696,Glenn,R4
1697,Kemp,R4
1727,Omeara,R4
1735,King,R4
1736,Larocco,R4
1740,Robinson,R4
1746,Hulslander,R4
1762,Healey,R4
1792,Estep,R4
1801,Pfifer,R4
1802,Lingberg,R4
1803,Vargas,R4
1806,Bobo,R4
1814,Dorris,R4
1833,Franco,R4
1848,Colburn,R4
1854,Shaw,R4
1856,Olson,R4
1864,Loyd‖Bailey,R4
1866,Peden,R4
1873,Hernandez,R4
1874,Philbert,R4
1879,Laing‖Brown,R4
1880,Reddick,R4
1900,David,R4
1904,Leisure,R4
1906,Sanmartin,R4
1929,Stephens,R4
1943,Brewster,R4
1956,Beaudoin,R4
1960,Riney,R4
1962,Lynch,R4
1965,Okie,R4
1969,Case,R4
1970,Barnes,R4
1974,Rogal,R4
1999,Hurt,R4
2005,Corchado‖Aronow,R4
2014,Finney,R4
2023,Rowland,R4
2040,Steele,R4
2067,Armstrong,R4
2078,Smith,R4
2081,Edwards,R4
2083,Cola,R4
2096,Willis,R4
2119,Billingslea,R4
2133,Condon,R4
2141,Williamson,R4
2149,Merkle,R4
2155,Walp,R4
2159,Lopez‖Maciel,R4
2164,Terepka,R4
2172,Cantu,R4
2173,Moreland,R4
2187,Estep,R4
2192,Haslett,R4
2245,Luby,R4
2279,Williams,R4
2282,Becnel,R4
2288,Long‖Kellogg,R4
2296,Broussard,R4
2316,Clower,R4
2318,King,R4
2322,Montenegro,R4
2328,Richardson,R4
2340,Smith,R4
2349,Spicer,R4
2354,Stringer,R4
2378,Chase,R4
2379,Moody,R4
2409,Jackson,R4
2416,Hollendonner,R4
2424,Logue,R4
2431,Young,R4
2449,Smith,R4
2475,Koprowski,R4
2497,Hof‖Collier,R4
2502,Provencher,R4
2509,Morein,R4
2513,Adams,R4
2515,Coates,R4
2542,Richardson,R4
2554,Thompson,R4
2558,Simpson,R4
2570,Huttar,R4
2572,Burke,R4
2584,Bilbo,R4
2591,Prescott‖George,R4
2607,Gifford,R4
2629,Stulce,R4
2631,Koenen,R4
2649,Eliott,R4
2656,Matthews,R4
2660,Caldwell,R4
2676,Brown‖James,R4
2700,Lane‖Clement,R4
2725,Adams,R4
2746,Dotson,R4
2748,Shively,R4
2752,Roorda,R4
2768,Richards,R4
2776,Martinez,R4
2792,Storey,R4
2803,Montijo‖Peacock,R4
2807,Willimas,R4
2822,Field,R4
2837,Pertsovsky,R4
2838,Boyd,R4
2840,Cervantes,R4
2861,Johnson,R4
2868,Heath,R4
2869,Treadwell,R4
2871,Gohn,R4
2875,Vincent,R4
2876,Richard,R4
2878,Young,R4
2882,Parker,R4
2897,Waller,R4
2904,Gray,R4
2918,Johnson,R4
2928,Koch,R4
2939,Ciaburri,R4
2957,Yoon,R4
2958,Oconnor,R4
2961,Caudill,R4
2962,Sweeney,R4
2964,Lecompte,R4
2978,Flenard,R4
2981,Richie,R4
2991,Cook,R4
7,Biro,R4
8,Morgan,R4
18,Flores,R4
23,Hiatt,R4
26,Villarreal,R4
27,Wanzer,R4
36,Bergmark,R4
57,Russell,R4
61,Burns,R4
64,Taylor,R4
71,Aubrey,R4
74,Cable,R4
83,Collins,R4
96,Kuebler,R4
101,Latsha,R4
111,Vaden,R4
120,Etheridge,R4
122,Pisani,R4
131,Desorcy,R4
133,Highland,R4
144,Chan,R4
147,Holt,R4
158,Stamey,R4
164,Seltzer,R4
176,Travis‖Dunagan,R4
196,Mitchell,R4
212,Angelovich,R4
236,White,R4
237,Macina,R4
238,Jones,R4
239,Wooldridge,R4
245,Frizzell‖Hill,R4
248,Lanham,R4
260,Bueno,R4
267,Ross,R4
290,Stuckett,R4
315,Dales,R4
319,Smith,R4
322,Bean‖Blanke,R4
326,Kelch,R4
335,Chaves,R4
351,Malaspina,R4
355,Brown,R4
359,Corwin,R4
363,Marshall,R4
370,Hernandez,R4
372,Conway‖Hicks,R4
405,Walsh,R4
408,Stratton,R4
411,Hermosillo,R4
415,Haddock‖Demott,R4
420,Woods,R4
429,Stenger,R4
458,Foster,R4
468,Harper,R4
476,Richardson,R4
482,Badanguio,R4
484,Shearer,R4
486,Rousse,R4
488,Bone‖Prater,R4
493,Goodman,R4
495,Foster,R4
505,Youmans,R4
507,Williams,R4
523,Wickstrom,R4
529,Sheehan,R4
534,Montoya,R4
555,Campbell,R4
560,Mimaki,R4
561,Desautels‖Wu,R4
562,Cameron,R4
573,Riebe,R4
576,Gholston,R4
578,James,R4
579,Mccain,R4
590,Guzman‖Crockett,R4
606,Wilson,R4
615,Ellenberger,R4
627,Jackson,R4
629,Strong,R4
656,Land,R4
664,Rizzio,R4
676,Mitchell,R4
682,Carmack‖Fischer,R4
683,Carbajal,R4
690,Sheffield,R4
692,Burnett,R4
711,Gray,R4
720,Goulette,R4
729,Zeller,R4
735,Bourland,R4
739,Scorgie,R4
758,Smith,R4
767,Merten,R4
820,Simmons,R4
821,Gagliardi,R4
823,Kellogg,R4
824,Lawrence,R4
830,Graban,R4
846,Hockins,R4
853,Johnson,R4
863,Earles,R4
877,Delong,R4
883,Sutton,R4
884,Mendez,R4
887,Peck,R4
888,Irvin,R4
904,Abbott,R4
910,Faith,R4
913,Mount,R4
920,Bolinger,R4
923,Caputo,R4
939,Mcreynolds,R4
941,Walker,R4
958,Hinz,R4
964,Tweedy,R4
966,Brown,R4
979,Blanding,R4
981,Eady,R4
985,Gray‖Haynes,R4
987,Fields,R4
990,Doss,R4
1009,Bower,R4
1011,Knaub,R4
1022,He,R4
1030,Gracely,R4
1034,Edwards,R4
1055,Warren,R4
1070,Ali,R4
1076,Harter,R4
1093,Fecteau,R4
1109,Williams,R4
1114,Finley,R4
1115,Wilson,R4
1124,Perry,R4
1129,Merriweather,R4
1135,Dobson,R4
1148,Hodges,R4
1160,Stoltz,R4
1180,Lee,R4
1184,Starling,R4
1185,Hurd,R4
1186,Mcgregor,R4
1202,Skinner,R4
1209,Tooze,R4
1216,Arreola,R4
1218,Cox,R4
1223,Arroyo,R4
1238,Charlie,R4
1246,Hayne,R4
1247,Stefanski‖Walker,R4
1259,Clayton,R4
1265,Peacock,R4
1266,Hanlon,R4
1282,Means,R4
1330,Batarse,R4
1349,Carter,R4
1359,Hershberger,R4
1368,Lane,R4
1372,Glenn,R4
1384,Wildridge,R4
1391,Mcdonald‖Ricker,R4
1408,Wall,R4
1431,Sampogna,R4
1455,Flint,R4
1459,Merson,R4
1462,Odum,R4
1465,Mahaffey,R4
1467,Smith,R4
1476,Maynard,R4
1480,Nevins,R4
1490,Aguilera,R4
1493,Contreras,R4
1495,Johnson,R4
1497,Williams,R4
1529,Collman,R4
1539,Carr‖Hill,R4
1541,Franklin,R4
1553,Fowler,R4
1558,Zurcher,R4
1560,Norrell,R4
1587,Wade,R4
1625,Blair,R4
1634,Fisher,R4
1638,Salas,R4
1642,Rickel,R4
1647,Crogan,R4
1657,Jones,R4
1659,Stoner,R4
1661,Morgan,R4
1665,Ashlock,R4
1666,Sparks,R4
1669,Saldana,R4
1686,Davis,R4
1697,Smith,R4
1701,Vanvalkenburg,R4
1702,Pool,R4
1706,Svec,R4
1722,Bernier,R4
1729,Miles‖Jaculina,R4
1736,Benoit,R4
1737,Prieto,R4
1747,Pardo,R4
1759,Shackelford‖Halyk,R4
1761,Hewitt,R4
1764,Miller,R4
1767,Clouse,R4
1782,Jackson,R4
1783,Thorsen‖Palmer,R4
1806,Walker,R4
1837,Bernard,R4
1842,Peck,R4
1864,Mansfield,R4
1867,Mcdonald,R4
1873,Medrano,R4
1874,Dabbs,R4
1880,Mchenry,R4
1891,Wallace,R4
1904,Zimmer,R4
1909,Helm,R4
1912,Myers,R4
1922,Brown,R4
1924,White,R4
1953,Aikens,R4
1956,Hannigan,R4
1960,Kozak,R4
1962,Lucero,R4
2014,Sullivan,R4
2035,Reid,R4
2048,Morriss,R4
2053,Starzyk‖Swanson,R4
2067,Marquez,R4
2080,Malone,R4
2081,Lovingood,R4
2083,Perez,R4
2086,Mowrey,R4
2089,Kmiecik,R4
2113,Hasson,R4
2121,Singleton,R4
2131,Broaddus,R4
2133,Henry,R4
2147,Agosta,R4
2149,Olson,R4
2159,Wilson,R4
2160,Alexander‖Blazer,R4
2163,Martin,R4
2164,Adkins,R4
2173,Watson,R4
2183,Digeorgio,R4
2187,Reaves,R4
2190,Clarke,R4
2192,Hicks,R4
2198,Cusson,R4
2211,Long‖Connelly,R4
2217,Hartung,R4
2222,Rogers,R4
2245,Russel,R4
2258,Gordon,R4
2275,Medina,R4
2279,Aguilar,R4
2282,Hammer,R4
2288,Mueller,R4
2296,Judd,R4
2297,Webb,R4
2318,Cooper,R4
2327,Dicicco,R4
2332,Majors,R4
2336,Wichmann,R4
2340,Bailey,R4
2349,Mulligan‖Lant,R4
2351,Kent,R4
2363,Lacombe,R4
2369,Childs,R4
2379,Rice,R4
2416,Tinley,R4
2421,Brooks,R4
2424,Ferrin,R4
2445,Carbaugh,R4
2446,Rowe,R4
2462,Win,R4
2464,Schulle,R4
2477,Riley,R4
2488,Shamapande,R4
2489,Nez,R4
2513,Henriksen,R4
2515,Heyward,R4
2516,Western,R4
2526,Watson,R4
2542,Daily‖Amaya,R4
2552,Nixon‖Palomo,R4
2556,Roper,R4
2572,Marshall,R4
2584,Hindman,R4
2610,Schell,R4
2621,Williams,R4
2622,Bracken,R4
2632,Hoff,R4
2645,Rowe,R4
2649,Allen,R4
2656,Kirkwood,R4
2660,Thompson,R4
2689,Craig‖Diaz,R4
2692,Scheidecker,R4
2694,Starnes,R4
2705,Harris,R4
2711,Mckinnis,R4
2723,Ha,R4
2731,Mose‖Campbell,R4
2734,Kern,R4
2746,Pederson‖Crawford,R4
2747,Gilbert,R4
2768,Hamilton,R4
2769,Eigner,R4
2803,Grimes,R4
2832,Caskey,R4
2838,Griffin,R4
2839,Vaughn,R4
2840,Swanson,R4
2861,Terry,R4
2868,Bernardini,R4
2871,Gwin‖Hoke,R4
2874,Lance,R4
2875,Mcgee,R4
2876,Carver,R4
2882,Barner,R4
2894,Moreno,R4
2897,Mann‖Foster,R4
2904,Dubois,R4
2918,Woodford,R4
2928,Sluka,R4
2957,Bartee,R4
2958,Branhan,R4
2961,Robinson,R4
2969,Cooney,R4
2986,Turney,R4
2987,Daily,R4
2995,Wingate,R4
23,Woods,R4
26,Freidman,R4
31,Welsh,R4
32,Murdock,R4
34,Hansen,R4
36,Bain,R4
38,Hooper,R4
46,Halliday,R4
57,Cooper,R4
59,Woods,R4
62,Shumpert‖Toevs,R4
68,Arellano,R4
74,Mota,R4
91,Pierce,R4
92,Campbell,R4
101,Kolmer,R4
110,Goshorn,R4
111,Bono,R4
122,Lavender,R4
127,Neal,R4
166,Railey,R4
184,Mccabe,R4
196,Bebout,R4
212,Ramirez‖Painter,R4
222,Mcghee,R4
225,Guerrero,R4
240,Abney,R4
252,Lopez,R4
270,Webb,R4
280,Holling,R4
297,Adcock,R4
299,Gutierrez,R4
322,Morris,R4
332,Keys,R4
340,Mccarty‖Vanschaick,R4
345,Cullen,R4
351,Antal,R4
356,Goff,R4
360,Mccorkle,R4
395,Price,R4
403,Spates,R4
405,Hale‖Foley,R4
408,Houser,R4
417,Highshaw,R4
419,Anderson‖Oneal,R4
438,Price‖Grande,R4
451,Kolter‖Lewis,R4
457,Johnson,R4
459,Caruthers,R4
460,Currie,R4
487,Crane,R4
488,Nunmaker,R4
495,Sarkisian,R4
500,Dove,R4
507,Wilson,R4
555,Kilgore,R4
560,Bissonette,R4
563,Almen,R4
571,Garcia,R4
590,Dyal,R4
593,Brown,R4
615,Park,R4
624,Womac,R4
639,Colone‖Schneider,R4
645,Ross,R4
664,Williams,R4
693,Garcia,R4
711,Walker,R4
720,Mcleod,R4
721,Lockwood,R4
731,Richards,R4
735,Brundage,R4
739,Lofton‖Lawrence,R4
742,Walks,R4
745,Kennedy,R4
758,Graham,R4
761,Russell,R4
799,Cooper,R4
802,Wiegand,R4
807,Chisler,R4
821,Littman,R4
823,Chasin,R4
853,Hardy,R4
854,Jackson,R4
863,Callahan,R4
873,Yasutake‖Ngo,R4
883,Whittle,R4
884,Casillas,R4
894,Williams,R4
927,Sedgwick,R4
935,Campbell,R4
940,Silva,R4
945,Spain,R4
948,Mckinney‖Callahan,R4
956,London,R4
958,Warriner,R4
961,Roy,R4
965,Rudolph,R4
966,Mcfadden,R4
969,Hicks,R4
981,Craig,R4
984,Ramos,R4
987,Fay,R4
990,Derby,R4
1008,Davis,R4
1009,Slagle,R4
1031,Davis,R4
1051,Blake,R4
1055,Westervelt‖Thornton,R4
1058,Duncan,R4
1068,Voss‖Robinson,R4
1071,Cruz,R4
1086,Rivera,R4
1097,Boyle,R4
1098,Jessen,R4
1105,Sinicki,R4
1112,Fox,R4
1115,Haymes,R4
1116,Flores,R4
1124,Lamphere,R4
1135,Rodriguez,R4
1138,Ellis,R4
1141,Malcolm,R4
1153,Honor,R4
1184,Lombardo,R4
1185,Sutherland,R4
1188,Rasmussen,R4
1203,Fischer,R4
1206,Hodgkins,R4
1216,Sanches,R4
1218,Perez,R4
1223,Flander,R4
1233,Bradley,R4
1234,York,R4
1241,Sands,R4
1292,Plienis,R4
1293,Furfaro,R4
1299,Maloon,R4
1304,Booth,R4
1321,Vegetabile‖Perez,R4
1339,Oconnor,R4
1358,Brown,R4
1368,Olin‖Dorfman,R4
1372,Wheeler,R4
1374,Martin,R4
1376,Leith‖Cook,R4
1377,Jenkins‖Williams,R4
1380,Brazzle,R4
1388,Wollschlager,R4
1391,Littlewood,R4
1408,Gates,R4
1420,Havens,R4
1431,Levine,R4
1438,Dietz,R4
1454,Fehrle,R4
1455,Traynor,R4
1459,Ranson,R4
1466,Buck‖Salter,R4
1467,Edwards,R4
1476,Geer,R4
1478,Chappell,R4
1480,Parker‖Wofford,R4
1490,Diaz,R4
1493,Torres,R4
1497,Lanigan,R4
1512,Carey,R4
1513,Trainor,R4
1522,Scott,R4
1529,Lee,R4
1539,Pine,R4
1558,Romero,R4
1573,Goss,R4
1577,Rodriguez,R4
1590,Grant‖Mendenhall,R4
1609,Pasquino‖Adams,R4
1621,Gullatt,R4
1625,Edgington,R4
1657,Strutz,R4
1659,Montijo,R4
1663,Madden,R4
1665,Leggio,R4
1666,Roden,R4
1669,Williams,R4
1682,Hebrank,R4
1686,Anderson,R4
1697,Mccarthy,R4
1706,Mendoza,R4
1735,Villalpando,R4
1737,Haynes,R4
1761,Moore,R4
1762,James,R4
1764,Raines,R4
1767,Knight,R4
1783,Weingard,R4
1792,Jackson‖Nelson,R4
1813,Garza,R4
1814,Hafele‖Ramos,R4
1833,York,R4
1837,Street,R4
1839,Kelly,R4
1842,Whatoname,R4
1846,Gest,R4
1872,Dailey,R4
1884,Marren,R4
1899,Adams,R4
1900,Rodriguez,R4
1912,Burgess,R4
1914,Gordon,R4
1917,Wilkinson,R4
1926,Haskett,R4
1933,Gilreath,R4
1941,Viera,R4
1943,Santmyer,R4
1962,Sawyer,R4
1964,Kean,R4
1969,Price,R4
1971,Coello,R4
1978,Schank,R4
1986,Rice‖Cook,R4
1999,Perry,R4
2014,Ahuna,R4
2029,Smith,R4
2048,Rosario,R4
2053,Owens,R4
2080,Heaberlin,R4
2089,Johnson,R4
2118,Mitchell,R4
2119,Dyce,R4
2121,Ross,R4
2131,Higgins,R4
2133,Jones,R4
2155,Neff,R4
2163,Peralta,R4
2164,Bell,R4
2169,Delisio,R4
2172,Tucker,R4
2204,Hasse,R4
2211,Karins,R4
2222,Wallace,R4
2245,Hamilton,R4
2253,Albright,R4
2258,Eichenberger‖Connell,R4
2263,Keeler,R4
2267,Cofield‖Gartner,R4
2276,Fars,R4
2279,Freitag,R4
2284,Bailey‖Buzard,R4
2293,White,R4
2300,Younts,R4
2303,Peterson,R4
2316,Chaffin,R4
2318,Hutchinson,R4
2322,Workman,R4
2328,Edwards,R4
2340,Vanhampler,R4
2351,Fancher,R4
2354,Taylor,R4
2358,Walker,R4
2366,Simoneavd,R4
2374,Smith‖Norman,R4
2379,Cunningham,R4
2400,Shifflett,R4
2424,Stark,R4
2445,Bohon,R4
2446,Thrift‖Hallaway,R4
2477,Keisel‖Mildren,R4
2489,Watkin,R4
2497,Roy,R4
2501,Stange,R4
2512,Feagin‖Dow,R4
2519,Becker,R4
2540,Davila,R4
2549,Miller,R4
2580,Sharp,R4
2584,Lanham,R4
2612,Espinoza,R4
2646,Mitchell,R4
2651,Rann,R4
2656,Feeney,R4
2676,Sumpter,R4
2678,Banahan,R4
2689,Barks,R4
2707,Loeb‖Stoddard,R4
2710,Stevens,R4
2729,Bahr,R4
2731,Uvalle,R4
2752,Partlow,R4
2770,Dicks,R4
2771,Lee,R4
2779,Ellis‖Barks,R4
2792,Johnson‖Pickett,R4
2805,Bolen,R4
2821,Shaw,R4
2822,Morris,R4
2823,Boston,R4
2831,Murphy,R4
2832,Genet,R4
2838,Bell,R4
2840,Pagan‖Chan,R4
2869,Barbour,R4
2891,Goldberg,R4
2897,Leslie,R4
2903,Smith,R4
2906,Gassaway,R4
2913,Cabral,R4
2928,Miller,R4
2973,Condon,R4
2978,Blanco,R4
2979,Glickman,R4
2986,Koverman,R4
2989,Leach,R4
2991,Hudgens,R4
2993,Seabron,R4
2995,Siddiqui‖Fuller,R4
7,Arreola,R4
18,Delaney,R4
34,Pharris,R4
38,Malach,R4
46,Brown,R4
47,Demelo,R4
75,Dison,R4
91,Age,R4
92,Simmons,R4
113,Galvis,R4
126,Gomez,R4
133,Luna,R4
143,Balsamo,R4
147,Yanez,R4
164,Allen,R4
166,Grossi,R4
196,Williams,R4
210,Sprouse,R4
213,Pendleton,R4
222,Gramble,R4
233,Salas,R4
236,Wilkinson,R4
240,Torres,R4
245,Auduong,R4
252,Purinton,R4
267,Ward,R4
273,Galvan,R4
297,Kirk,R4
303,Foster,R4
310,Xiong,R4
319,Mcdowell,R4
343,Grant‖Delton,R4
347,Williams‖Grassi,R4
359,Townsend,R4
363,Soledad,R4
395,Devine,R4
397,Griffin,R4
411,Ottinger,R4
417,Ellis,R4
419,Johns,R4
420,Bosley‖Poland,R4
429,Arnette,R4
436,Gordon,R4
438,Harris,R4
442,Hanson,R4
450,Hodges,R4
458,Franks,R4
459,Roy,R4
460,Diaz,R4
476,Coleman‖Willhite,R4
482,Alicea,R4
487,Grams,R4
488,Ryan,R4
490,Odle,R4
495,Boyd,R4
500,Racine,R4
527,Scudder,R4
531,Padgett,R4
542,Eaton,R4
560,Faulkner,R4
561,Stearns,R4
563,Bauer,R4
573,Cazier,R4
575,Mcconnell,R4
577,Mahan,R4
579,Shepard,R4
593,Ball,R4
606,Hinz,R4
607,Seegmiller,R4
619,Light,R4
627,Keith,R4
629,Garcia,R4
634,Walker,R4
639,Thompson,R4
641,Moore,R4
642,Abelman,R4
685,Pedroza,R4
690,Rinderer,R4
693,Sugar,R4
711,Traub,R4
717,Eichenberger,R4
720,Taylor,R4
721,Wolfe,R4
729,Archie‖Helms,R4
735,Schachter,R4
758,Mcfadden,R4
765,Daniel,R4
796,Graham‖Waren,R4
807,Barela‖Clark,R4
821,Lynch,R4
823,Brown,R4
824,Hanna,R4
846,Morguson,R4
854,Moreta‖Soto,R4
858,Shilling,R4
863,Zbell,R4
873,Wilson,R4
883,Stokes,R4
894,Thompson,R4
904,Rowe,R4
910,Dulany,R4
927,Gutierrez,R4
933,Munoz,R4
935,Davis,R4
939,Perez‖Reinkemeyer‖Bradford,R4
940,Long‖Hallaway,R4
941,Birkeland,R4
958,Lewis,R4
965,Sammartino,R4
966,Gomez,R4
979,Irwin,R4
981,Sweet,R4
984,Mctaggart,R4
994,Mcpherson,R4
997,Plyler,R4
1013,Patterson,R4
1017,Jodway,R4
1030,Chipps‖Andersen,R4
1037,Terry,R4
1043,Dorris,R4
1071,Sandmann,R4
1076,Schwab,R4
1086,Link,R4
1105,Andre,R4
1106,Buttner‖Reynolds,R4
1109,Hines,R4
1120,Miles,R4
1121,Warren,R4
1129,Lovely,R4
1131,Moore,R4
1143,Glasser,R4
1153,Boyer,R4
1160,Jones,R4
1178,Strahm,R4
1179,Rollyson,R4
1185,Donnelly,R4
1186,Dobbs,R4
1197,Winkler,R4
1199,Walker,R4
1202,Bowen,R4
1203,Hudgens,R4
1210,Petty,R4
1246,Mcgough,R4
1247,Thornhill,R4
1282,Lussier,R4
1295,Fleischmann,R4
1308,Murdock,R4
1321,Scott,R4
1328,Pereira,R4
1349,Roane,R4
1353,Taylor‖Cordell,R4
1359,Connors,R4
1376,Coleman,R4
1381,Mallory,R4
1394,France,R4
1402,Jordan,R4
1447,Kennedy,R4
1454,Kennedy,R4
1459,King,R4
1465,Amos,R4
1478,Reynolds,R4
1512,Arnold,R4
1513,Gomer‖Wooten,R4
1514,Herrera,R4
1544,Shannon,R4
1545,Revard,R4
1546,Anderson,R4
1563,Fisher,R4
1570,Mccampbell,R4
1595,Young,R4
1609,Jefferys,R4
1611,Butler,R4
1621,Cogliano,R4
1625,Kraft,R4
1628,Russell,R4
1633,Benton,R4
1643,Fogg‖Shapiro,R4
1647,Pierson,R4
1657,Jackson,R4
1665,Moffitt,R4
1696,Epson,R4
1697,Merrill,R4
1702,Radden,R4
1711,Sims,R4
1737,Vian,R4
1747,Sargent,R4
1761,Heyne,R4
1762,Taylor,R4
1767,Bradley,R4
1782,Cook,R4
1792,Broughton,R4
1801,Doyle,R4
1803,Myers,R4
1813,Osburn,R4
1839,Winter,R4
1854,Hill,R4
1864,Greene,R4
1873,Matuszewski,R4
1874,Phillips,R4
1877,Mckay‖Turner,R4
1879,Robinson,R4
1880,Murray,R4
1899,Heinsohn,R4
1904,Krier,R4
1914,Lorraine,R4
1917,Jackson,R4
1922,Harsh,R4
1924,Spataro‖Losacco,R4
1927,Toth,R4
1929,Wolford‖Yost,R4
1934,Wagers‖Michaud,R4
1953,Powell,R4
1956,Swanner,R4
1970,Bax,R4
1978,Grabner,R4
1986,Hayes,R4
1999,Ellis,R4
2003,Drury,R4
2005,Horabik,R4
2006,Brown,R4
2035,Parker,R4
2048,Truelove,R4
2058,Livingstone,R4
2067,Ford,R4
2078,Brown,R4
2089,Foss,R4
2092,Dillon,R4
2105,Brown,R4
2118,Cirino,R4
2127,Patrylak,R4
2164,Batey,R4
2173,Baker,R4
2190,Russell,R4
2217,Gagliardi,R4
2258,Ford,R4
2267,Meeks,R4
2275,Minvielle,R4
2276,Tang,R4
2279,Thompson,R4
2284,Roberts‖Webb,R4
2286,Carr,R4
2288,Johnson,R4
2295,Coss‖Emmons,R4
2297,Rea,R4
2300,Sears,R4
2303,Brinkman,R4
2322,Guglielmi,R4
2327,Engler,R4
2336,Mars,R4
2351,Winters,R4
2374,Young,R4
2383,Wright,R4
2400,Morgan,R4
2404,Elston,R4
2426,Dambrosio,R4
2462,Brown,R4
2464,Clary,R4
2467,Brown,R4
2474,Johnson,R4
2479,Evans,R4
2489,Jackson,R4
2497,Lisby,R4
2502,Collister,R4
2512,Cook,R4
2513,Maldonado,R4
2515,Kong,R4
2526,Smit,R4
2534,Rice,R4
2556,Levy,R4
2558,Kettler,R4
2570,Dingle,R4
2582,Santos‖Mcgee,R4
2610,Collette,R4
2612,Peters,R4
2645,Benally,R4
2646,Spaur,R4
2649,Rodriguez,R4
2668,Scanlan‖Lake,R4
2700,Cummings,R4
2713,Isaacson,R4
2718,Omalley,R4
2736,Swanson,R4
2748,Ramirez,R4
2768,Martinez,R4
2769,Reed,R4
2770,Perkins,R4
2792,Mendosa,R4
2803,Harvell,R4
2805,Stickles,R4
2832,Castro,R4
2837,Chantler,R4
2854,Baltz,R4
2869,Nugent,R4
2874,Aguero,R4
2876,Matthewson,R4
2879,Kay,R4
2892,Stein,R4
2895,Rowe,R4
2908,Hays,R4
2913,Loera,R4
2936,Werner,R4
2939,Broadfoot,R4
2945,Kelley,R4
2961,Pointer‖Haley,R4
2962,Emert,R4
2973,Howell,R4
2978,Lewis,R4
2981,Jackson,R4
2986,Crawford,R4
2987,Sohre,R4
2991,Blevins,R4
2993,Prince,R4
2995,Hargrove,R4
