ID,payload,sendTo
1002,Jose,S4
649,Beatrice,S4
830,Kimberly,S4
1002,Manuel,S4
830,John,S4
1048,Barbara,S4
649,Jason,S4
830,Tyler,S4
649,Jason,S4
830,Deborah,S4
1002,James,S4
1048,Robert,S4
649,Fred,S4
1002,Marylou,S4
1048,Ronald,S4
21,Williams,R4
22,Esquivez‖Osterstuck,R4
23,Sanchez,R4
28,Powers,R4
30,Carson,R4
47,Judkins,R4
48,Reeb,R4
54,Gonzalez‖Ragland,R4
55,Coxon,R4
57,Clinton‖Ibrahim,R4
68,Crisafi‖Busch,R4
75,Cooper‖Love,R4
106,Dierking,R4
113,Watts‖Cabler,R4
129,Wayne,R4
132,Shockley,R4
153,Yoon,R4
156,Sterrett,R4
160,Mitchel,R4
172,Torres,R4
188,George,R4
190,Rehm‖Whaley,R4
201,Hendryx‖Brown,R4
220,Miller,R4
239,Armstrong,R4
243,Murray,R4
252,Crumm,R4
264,Null,R4
268,Harper,R4
282,Snowden,R4
295,Bates,R4
299,Jenner‖Baez,R4
306,Richardson‖Negrete,R4
317,Baker,R4
322,Prater,R4
333,Kirtley,R4
340,Schmucker,R4
346,Bekerman,R4
349,Varner‖Fitzgerald,R4
353,Peterson,R4
362,Weigel,R4
364,Mosher,R4
366,Sawyer,R4
369,Hernandez,R4
373,Jones‖Smith,R4
374,Roberts,R4
398,Doyle‖Sanders,R4
408,Taylor,R4
413,Stack,R4
418,Deck‖Nixon,R4
431,Capps,R4
445,Marcum,R4
447,Veach,R4
463,Lowery,R4
466,Salimi‖Goodale,R4
480,Larson,R4
483,Beauprez,R4
486,Thompson,R4
495,Gantt,R4
498,Litaker,R4
514,Ross,R4
521,Earheart,R4
524,Bright‖Chesley,R4
532,Hart‖Cadwell,R4
554,Mcfadden,R4
563,Lee,R4
564,Mccoy‖Qualls,R4
577,Mayes‖Fortier,R4
583,Mccurdy,R4
591,Breden,R4
607,Fry,R4
611,Lum,R4
613,Lasure,R4
619,Sanpedro‖Hendon,R4
624,Carter,R4
629,Bernabe,R4
638,Hernandez,R4
658,Vedder,R4
665,Hausner,R4
674,Shores‖Cooper,R4
679,Geer,R4
693,Harris,R4
694,Corbett,R4
708,Milton,R4
744,Mcgee,R4
746,Robinson,R4
751,Willey‖Overshown,R4
754,Koski,R4
764,Boggioni,R4
765,Howard,R4
769,Neer,R4
772,Goggin,R4
775,Murphy‖Dover,R4
783,Elliot‖Sokol,R4
788,Thompson,R4
794,Licursi,R4
801,Lopez,R4
802,Brown,R4
813,Morton,R4
815,Perez,R4
818,Chouteau,R4
819,Montoya‖Thompson,R4
833,Killian,R4
836,Vanvleck,R4
861,Sandridge,R4
869,White,R4
874,Bailey,R4
878,Sheridan‖Couto,R4
882,Rabello,R4
883,Slostad,R4
884,Bass,R4
885,Stroope,R4
886,Johnson,R4
890,Staten,R4
892,Damour,R4
896,Wasson,R4
901,Paradiso‖Kimber,R4
905,Gravitt,R4
908,Roberts,R4
917,Smith,R4
918,Poulton,R4
919,Little,R4
922,Cole,R4
937,Brown,R4
941,Blomdahl,R4
943,Sussman,R4
945,Mcchriston,R4
949,Fry‖Thompson,R4
952,Garabedian,R4
962,Crawford,R4
966,Marrara,R4
969,Lucero,R4
989,Meier,R4
990,Pledger,R4
994,Roth,R4
996,Taliaferro,R4
1032,Lisonbee,R4
1036,Mcdowell,R4
1038,Root,R4
1041,Roden,R4
1058,Williams,R4
1069,Daniels,R4
1077,Gleason,R4
1079,Wilson,R4
1085,Gould,R4
1090,Williams,R4
1097,Arcos,R4
1109,Gibson,R4
1117,Brown,R4
1123,Wingfield,R4
1124,Norton,R4
1128,Rust,R4
1129,Fouse,R4
1135,Monroy,R4
1138,Verkamp,R4
1143,Castillo,R4
1144,Oconnell,R4
1154,Green,R4
1158,Pfeiffer,R4
1171,Casares,R4
1172,Hughes,R4
1173,Burke,R4
1179,Forget,R4
1203,Hayes‖Frink,R4
1210,Eckloff,R4
1213,Puckett‖Johnson,R4
1221,Witherspoon,R4
1224,Green,R4
1227,Whitney,R4
1228,Leiva,R4
1237,Newman,R4
1246,Forcier,R4
1248,Pujols,R4
1253,Petree‖Cox,R4
1282,Pacheco,R4
1288,Collins,R4
1291,Cobb,R4
1293,Boatner‖Gillick,R4
1308,Mayo,R4
1325,Hill‖Ewings,R4
1329,Watson,R4
1334,Williams,R4
1341,Widera,R4
1345,Johnson‖Cowley,R4
1351,Herndon,R4
1353,Swan,R4
1362,Martin,R4
1363,Mcgraw,R4
1366,Carlone‖Adam,R4
1368,Cooke,R4
1378,Russell,R4
1404,Renzi,R4
1407,Brandon,R4
1409,Parker,R4
1418,Benton,R4
1430,Nase,R4
1436,Munson,R4
1443,Monat,R4
1444,Hughs,R4
1449,Liu,R4
1455,Goodwin‖Seay,R4
1456,Olson,R4
1457,Coleman,R4
1463,Reeves,R4
1476,Green,R4
1479,Marino,R4
1482,Channell‖Wells,R4
1495,Bank,R4
1496,Stanley,R4
1503,Lane,R4
1521,Porat,R4
1523,Barry,R4
1538,Dyas,R4
1540,Wilkinson,R4
1554,Wallace,R4
1559,Sawyers,R4
1574,Hoskins,R4
1584,Harris,R4
1602,Raynor,R4
1607,Johnson,R4
1616,Ochoa,R4
1623,Riggins,R4
1624,Butler‖Mortensen,R4
1636,Osei,R4
1637,Penttila,R4
1645,Rogers,R4
1646,Cook,R4
1652,Rusko,R4
1660,Reyes,R4
1674,Jone,R4
1679,Jones,R4
1685,Cupit,R4
1691,Arce,R4
1712,Ellis,R4
1722,Harris‖Williams,R4
1739,Hurst,R4
1754,Natonabah,R4
1761,Hayes‖Roddy,R4
1765,Harper,R4
1769,Meeks,R4
1774,Dodson,R4
1777,Rawlings‖Hopkins,R4
1782,Bacon,R4
1787,Jageman‖Amato‖Cartright,R4
1792,Wells,R4
1810,Ngo,R4
1814,Ozga,R4
1816,Brown,R4
1824,Chiang,R4
1831,Biro‖Lucchesi,R4
1838,Baird,R4
1848,Harms,R4
1854,Carter,R4
1860,Jones,R4
1862,Davis,R4
1868,Hickmon,R4
1891,Samuel‖Parks,R4
1892,Syphers,R4
1897,Mortell,R4
1902,Zenz,R4
1904,Lizardi,R4
1922,Bauer,R4
1923,Campbell,R4
1931,Green‖Thomas,R4
1936,Witek,R4
1952,Bowman‖Diercks,R4
1954,Petit,R4
1965,Valdes,R4
1966,Gentile,R4
1979,Kato,R4
1989,Wulff,R4
2004,Burns,R4
2009,Grantham,R4
2025,Conway,R4
2029,Cecchini,R4
2034,Phillips,R4
2046,Eland,R4
2051,Kidd,R4
2053,Sanmiguel,R4
2079,Gable,R4
2085,Arnold,R4
2093,Ball,R4
2102,Elrod‖Clyde,R4
2121,Daniels‖Bender,R4
2132,Byard,R4
2134,Smith,R4
2137,Manley,R4
2141,Jordan,R4
2146,King,R4
2147,Mingus‖Foster,R4
2157,Fowler,R4
2181,Hernandez,R4
2182,Ward,R4
2196,Knox,R4
2201,Smith,R4
2204,Nation,R4
2208,Mancine‖Oday,R4
2213,Jeffries,R4
2221,Harris,R4
2230,Hernandez,R4
2239,Aaron,R4
2263,Friedman,R4
2266,Higgin,R4
2268,White‖Meyers,R4
2270,Trowbridge,R4
2271,Huseby,R4
2274,Roberts,R4
2277,Casparian,R4
2279,Steele,R4
2285,Moore,R4
2287,Schneeman,R4
2291,Rivas,R4
2292,Evans,R4
2295,Yoder‖Mullis,R4
2297,Ransom,R4
2304,Rainey,R4
2314,Mixon,R4
2319,Nicholson,R4
2326,Moran,R4
2328,Holbrook,R4
2333,Thompson‖Hou,R4
2337,Tran‖Wright,R4
2344,Stollings,R4
2358,Baker,R4
2364,Mccarville,R4
2368,Grissom,R4
2380,Perras‖Clauson,R4
2396,Sartain,R4
2398,Dupre‖Thomas‖Butz,R4
2403,Meyer,R4
2404,Neidecker,R4
2407,Snider,R4
2412,Mejia,R4
2419,Vessey,R4
2423,Brewer‖Ballard,R4
2433,Sowl‖Evans,R4
2436,Fischer‖Harper,R4
2438,Reed,R4
2439,Brown,R4
2444,Martinez,R4
2485,Watkins,R4
2486,Jastrebski,R4
2490,Bush,R4
2517,Davis,R4
2524,Smith,R4
2527,Williams,R4
2574,Carney,R4
2577,Mottillo,R4
2586,Allen,R4
2592,King,R4
2594,Ball‖Reagan‖Davis,R4
2599,Holston,R4
2603,Longoria,R4
2604,Branch,R4
2605,Cokely,R4
2609,Moree‖Stovall,R4
2622,West,R4
2623,Castello,R4
2625,Peterson‖Buchanan‖Glover,R4
2632,Haigh,R4
2644,Jones‖Mclain,R4
2664,Dejohn,R4
2671,Nordin,R4
2672,Johnson,R4
2673,Finke,R4
2675,Hardister‖Dawson,R4
2676,Taggart,R4
2680,Deboer‖Cruz‖Clerc,R4
2685,Riggins,R4
2686,Sullivan‖Tackitt,R4
2690,Jennings,R4
2702,Guy‖Dupes,R4
2706,Root‖Glenn,R4
2708,Dotson,R4
2712,Barnett,R4
2717,Patterson,R4
2723,Buhl,R4
2733,Lewis‖Camp,R4
2734,Hankins,R4
2743,Geib,R4
2744,Owens,R4
2755,Gercak,R4
2758,Watson,R4
2770,Radley,R4
2771,Vicini,R4
2772,Hatch,R4
2786,Stewart,R4
2789,Mcrae,R4
2794,Gardner,R4
2811,Deas,R4
2817,Miller,R4
2818,Williamson,R4
2827,Kidd,R4
2831,Mcgee‖Bowden,R4
2835,Fisher‖Mitchell‖Fuller,R4
2847,Blatz,R4
2857,Wideman,R4
2858,Scrudato,R4
2859,Willoughby,R4
2869,Sheffer,R4
2873,Crawford,R4
2882,Holloway,R4
2885,Sterling,R4
2888,Smith,R4
2891,Weese,R4
2892,Justiss,R4
2905,Rosseau,R4
2910,Holland,R4
2916,Vaughn,R4
2924,Fleury,R4
2929,Shutt,R4
2936,Powell,R4
2937,Cox,R4
2941,Garcia,R4
2946,Dorsey,R4
2982,Alvarez‖Weaver,R4
2983,Thielman,R4
10,Chin,R4
16,Ayers,R4
23,Richardson,R4
30,Vanwormer,R4
45,Haddad,R4
47,Singer,R4
55,Batres,R4
60,Miranda,R4
66,Wright,R4
68,Streb,R4
71,Wasinger,R4
78,Riso,R4
89,Swanson,R4
94,Rosales,R4
97,Powell‖Scott,R4
106,Dudley,R4
113,Pewitt‖Levasseur,R4
118,Miller,R4
129,Waldron,R4
153,Walker,R4
159,Mcfarland‖Leon,R4
172,Hill,R4
180,Settle,R4
182,Kirsch,R4
184,Somogyi,R4
188,Eglinton,R4
191,Fuhrman‖Reichert,R4
195,Chivers,R4
196,Sanders,R4
211,Reyes,R4
220,Mcbride,R4
230,Clemente,R4
232,Lanasa,R4
237,Bacon,R4
243,Fox,R4
260,Bryant,R4
282,Flens‖Jagger,R4
285,Frazier,R4
287,Polston,R4
297,Williams,R4
308,Skinner,R4
322,Valdovinos,R4
333,Weidner‖Randolph,R4
340,Marsh,R4
354,Lee,R4
355,Braun,R4
356,Mccain,R4
357,Larson‖Elkins,R4
362,Baver,R4
369,Scharmer,R4
370,Mccarroll‖Heald,R4
378,Bair‖Russ,R4
386,Starr,R4
387,Starr,R4
399,Mccormick,R4
400,Pikula,R4
406,Ullery,R4
408,Bonney,R4
415,Cromartie,R4
418,Long,R4
427,Brown,R4
431,Nelson,R4
440,Chatman,R4
446,Hudson,R4
464,Wyatt,R4
465,Mitchell‖Wylam,R4
466,Maymi,R4
467,Haywood,R4
475,Germon,R4
495,Cheung,R4
505,Stewart,R4
521,Edwards,R4
534,Ferris,R4
543,Martin,R4
548,Gully,R4
555,Hedger‖Dorman,R4
578,Schrandt,R4
596,Whitley,R4
601,Crate,R4
607,Torres,R4
608,Kirby,R4
614,Spueler,R4
636,Morris‖Bowens‖Lennox,R4
657,Bell,R4
675,Gardener,R4
693,Lopez,R4
696,Albright‖Peterson,R4
699,Rudolph,R4
706,Huebner,R4
707,Ruffin,R4
709,Hayes,R4
717,Arnold,R4
718,Finch‖Mccormick,R4
725,Lamarre,R4
726,Kim,R4
728,Martin,R4
733,Ramirez,R4
740,Watson,R4
744,Stone‖Ellis,R4
746,Westlund‖Scott,R4
751,Delgado,R4
766,Villicana,R4
772,Castano,R4
774,Ibarra,R4
785,King,R4
790,Cushing,R4
791,Meyer,R4
813,Rodkey,R4
815,Quezada‖Vargas,R4
818,Mccarthy,R4
819,Neal,R4
836,Carnahan,R4
861,Wright,R4
878,Owens,R4
884,Morales,R4
893,Tuholski‖Thompson,R4
903,Montgomery,R4
905,Grams,R4
909,Grunder,R4
914,Daugherty,R4
916,Jenkins,R4
917,King‖Tartaglione,R4
922,Campbell,R4
924,Bowe,R4
931,Martell,R4
932,Daniels,R4
945,Johnson,R4
946,Ellinger,R4
952,Byrd,R4
956,Thomas,R4
969,Kelch,R4
977,Council,R4
984,Yawn,R4
986,Benson,R4
990,Glassman,R4
991,Cardenas,R4
994,Marinez,R4
1004,Barker,R4
1021,Ovalle,R4
1032,Morris,R4
1042,Schwartz,R4
1058,Daniels‖Debuhr,R4
1075,Reed,R4
1076,Burns‖Bishop,R4
1077,Miller,R4
1079,Alvarado,R4
1080,Wester,R4
1082,Johnson,R4
1086,Cowan,R4
1096,Witham,R4
1097,Pooley,R4
1098,Williams‖Denk,R4
1110,Wick,R4
1120,Moore,R4
1128,Holland,R4
1137,Williams‖Summers,R4
1143,Reilly,R4
1169,Yenz,R4
1171,Moore,R4
1174,Campbell,R4
1176,Schrader,R4
1179,Taylor,R4
1190,Wight,R4
1203,Tew,R4
1210,Page,R4
1214,Davis,R4
1223,Page,R4
1225,Burkhart,R4
1226,Evans,R4
1228,Fairchild‖Imes,R4
1243,Digregorio,R4
1246,Blaise‖Emery,R4
1248,Edwards,R4
1260,Smith,R4
1264,Wagner,R4
1282,Devoy,R4
1291,Powers,R4
1292,Foster,R4
1293,Regan,R4
1299,Kragt,R4
1304,Flenory,R4
1321,Williams,R4
1324,Bumgardner,R4
1325,Petty,R4
1334,Hunte,R4
1340,Lowry,R4
1341,Vale‖Twombley,R4
1351,Bove,R4
1356,Caldwell,R4
1357,Good,R4
1362,Sugg,R4
1371,Ipock,R4
1400,Thompson‖Cormier,R4
1404,Sagar,R4
1436,Ruiz,R4
1441,Gerecke,R4
1443,Goehring,R4
1462,Montgomery‖Nielsen‖Hickey,R4
1467,Thomas,R4
1470,Ramos,R4
1474,Jones,R4
1477,Long,R4
1495,Gandy,R4
1511,Roach,R4
1519,Goodson,R4
1522,Fraley,R4
1545,Perez,R4
1566,Mattern,R4
1580,Nordman,R4
1593,Jones‖Cromwell‖Linton,R4
1595,Cracchiolo‖Farrell,R4
1596,Benefield‖Scrudato,R4
1602,Allen,R4
1606,Montgomery,R4
1614,Mcdowell,R4
1617,Roberts,R4
1621,Yong,R4
1623,Mcgee,R4
1624,Estrada,R4
1628,Steller,R4
1633,Ulatowski,R4
1636,Aadland‖Manns,R4
1645,Mcminn,R4
1654,Avery,R4
1660,Lopez,R4
1684,Murray,R4
1687,French‖Salano‖Denger,R4
1699,Johnston,R4
1700,Toan,R4
1708,Brown,R4
1713,Kaylor,R4
1717,Fuentes‖Horton,R4
1728,Mclaughlin‖Howell,R4
1731,Melendez,R4
1741,Meadows‖Jones,R4
1746,Morales,R4
1748,Cooper,R4
1753,Fortunato,R4
1754,Debarge,R4
1761,Smith,R4
1763,Ballew,R4
1774,Anderson,R4
1775,Tagliarini‖Smith,R4
1783,Stremming,R4
1785,Sevier,R4
1792,Cavanagh,R4
1801,Kitchens‖Eplin,R4
1814,Hickey,R4
1815,Weaver,R4
1831,Thompson,R4
1835,Kaplan,R4
1839,Culbreath‖Douthit,R4
1846,Nine‖Riffe,R4
1853,Wolff‖Agrela,R4
1885,Cross,R4
1892,Lewis,R4
1910,Whelton,R4
1914,Aguilar,R4
1916,Daniel,R4
1941,Wangberg‖Brennan,R4
1949,Brown,R4
1955,Robinson,R4
1960,Hapke,R4
1962,Rocha‖Shook,R4
1963,Warner,R4
1964,Valencia,R4
1965,Sawyer,R4
2001,Conrad,R4
2004,Schwing,R4
2016,Robertson,R4
2018,Raymo‖Honeycutt‖Barnes,R4
2020,Gibson,R4
2021,Johnson‖Rockwood,R4
2038,Dewees,R4
2040,King,R4
2047,Richardson‖Johnson,R4
2065,Appleton,R4
2076,Heft,R4
2079,Leahy,R4
2087,Hollinger,R4
2090,Harris,R4
2091,Chaffin,R4
2097,Hinds,R4
2098,Parish,R4
2105,Ingersoll,R4
2117,Dunigan,R4
2120,Parson,R4
2122,Donaldson,R4
2129,Stinnett,R4
2131,Mason,R4
2132,Steed,R4
2133,Hughey,R4
2146,Wallace,R4
2147,Rios,R4
2154,Benge,R4
2155,Tracy,R4
2158,Dunkel,R4
2168,Sims‖Cox‖Jimenez,R4
2182,Hartz,R4
2201,Lee,R4
2202,Silva,R4
2206,Haitz,R4
2210,Williams,R4
2232,Brown,R4
2242,Guardado,R4
2246,Kreidel,R4
2251,Broenneke,R4
2262,Darnley,R4
2267,Beckstead,R4
2279,Wagner,R4
2280,Sylvia,R4
2281,Eberheart,R4
2287,Thornton,R4
2291,Johnson,R4
2304,Rivera,R4
2320,Banks,R4
2325,Loffelbein,R4
2333,Mast,R4
2336,Mireles,R4
2338,Esposito,R4
2343,Garcia,R4
2344,Jones,R4
2345,Bryson,R4
2352,Deguire,R4
2371,Gage,R4
2373,Ramer,R4
2391,Riina,R4
2392,Mccrae,R4
2394,Seabolt,R4
2404,Duke‖Fowler,R4
2412,Lozoya,R4
2419,Woodley,R4
2421,Fleming‖Downes‖Oneill,R4
2433,Evans,R4
2436,Goins,R4
2445,Bailey,R4
2446,Wenthold,R4
2465,Vasquez,R4
2470,Rossano,R4
2490,Kearns,R4
2493,Poplin,R4
2502,Gonzales,R4
2512,Bells‖Melton,R4
2519,Demarco‖Steiger‖Mcfarland,R4
2524,Sample,R4
2547,Dwyer‖Kuhn,R4
2548,Lejeune‖Saling,R4
2549,Roberts‖Asberry,R4
2563,Torres‖Williams,R4
2569,Aybar,R4
2574,Thole,R4
2582,Mills,R4
2587,Barton,R4
2608,Mccomas,R4
2612,Lyons,R4
2613,Barnes,R4
2622,Todd,R4
2630,Wendler,R4
2632,Barbre,R4
2642,Oharra,R4
2644,Sarkisian,R4
2651,Soto,R4
2654,Gordon,R4
2661,Mccallum,R4
2664,Lewandowski,R4
2665,Ramos‖Johnson,R4
2676,Sims‖Pratt,R4
2678,Valdovinos‖Roberts,R4
2679,Yohe‖Regalado,R4
2683,Terry,R4
2685,Harrison,R4
2698,Davila,R4
2702,Dallas,R4
2708,Clarkson,R4
2709,Welch,R4
2711,Milano‖Nivens,R4
2717,Taylor,R4
2722,Thompson,R4
2723,Hendrix,R4
2729,Anderson,R4
2731,Diaz,R4
2733,Grant,R4
2738,Biggs,R4
2743,Linn,R4
2748,Allen,R4
2759,Fannin,R4
2760,Hinton,R4
2767,Lallo,R4
2771,Jeffries,R4
2773,Bracero‖Fiorentino,R4
2777,Quintero,R4
2779,Hughes‖Rogers,R4
2781,Hagan,R4
2783,Whitehead,R4
2784,Burlew,R4
2786,Gant‖Fonseca,R4
2796,Hedrick,R4
2798,Mccormack,R4
2801,Abreu,R4
2817,Adams‖Dombrowski,R4
2820,Washington,R4
2828,Hayes,R4
2832,Kanahele,R4
2841,Watkins‖Elder,R4
2844,Jones,R4
2857,Karpinen,R4
2858,Perry,R4
2866,Freeman,R4
2870,Moree,R4
2872,Laforest,R4
2876,Dominguez‖Green‖Fennessey,R4
2891,Grothe,R4
2895,Smith,R4
2905,Salvas,R4
2910,Binkley,R4
2914,Robinson‖Marshall,R4
2916,Sena,R4
2924,Enyart,R4
2929,Fonner,R4
2937,Kelly,R4
2940,Lane,R4
2950,Manlangit,R4
2953,Billups,R4
2983,Rhodes,R4
2988,Stout,R4
2995,Carr,R4
10,Krause‖Andrews,R4
23,Frey,R4
24,Hernandez,R4
33,Yanez,R4
71,Deacon,R4
75,Monroe,R4
100,Mcgrath,R4
111,Edwards,R4
128,Costanzo‖Pensinger,R4
129,Roberts‖Jackson,R4
132,Carroll‖Williams,R4
139,Kimble,R4
144,Lemen,R4
147,Mason,R4
152,Chan,R4
159,Lazarine,R4
160,Richmond,R4
178,Stonerock,R4
180,Parker‖Smith,R4
187,Edmondson,R4
190,Davis‖Wolfe,R4
196,Torres,R4
207,Green‖Gardea,R4
211,Troia,R4
218,Oneill,R4
227,Hurst‖Kinnard‖Trantham,R4
230,Poland,R4
232,Tallman,R4
239,Simmons,R4
246,Winebarger,R4
267,Garcia,R4
268,Devine‖Purdy,R4
285,Wilson,R4
300,Simon,R4
315,Dietrick,R4
317,Grissinger,R4
329,Larsen,R4
338,Grabe,R4
340,Haslam‖Baker,R4
346,Holmes,R4
355,Johnson,R4
361,Johnson,R4
378,Gibson‖Nichols,R4
399,Hilgert‖Polycarpe,R4
412,Leon,R4
414,Larsen‖Wickman,R4
415,Wilson,R4
427,Stanley,R4
433,Gilligan‖Stein,R4
445,Snyder,R4
446,Shultz,R4
447,Cleare,R4
448,Edwards‖Hubbard,R4
449,Herrera,R4
453,Fassett‖Vierra,R4
464,Kleinpeter‖Ackerman,R4
467,Mccaskill‖Struthers,R4
468,Medas‖Molina,R4
492,Wallace,R4
494,Flores,R4
495,Rivera,R4
498,Holland,R4
514,Roche,R4
516,Broome,R4
524,Carrillo,R4
532,Gonzales,R4
534,Johnson,R4
538,Mitchell,R4
543,Pereda,R4
548,Tran,R4
554,Jones‖Miller,R4
565,Hale‖Flachs,R4
578,Newton,R4
582,Steele,R4
583,Pitcher,R4
584,Urbaniak,R4
588,Martin,R4
596,Carls,R4
599,Blake,R4
607,Main‖Wylie,R4
609,Rangel,R4
611,Fairman‖Colbert,R4
613,Rodriguez,R4
614,Farish,R4
622,Blackwell,R4
629,Hills,R4
640,Thompson,R4
658,Naffziger,R4
665,Mccullough,R4
675,Kennedy,R4
676,Ross,R4
688,Ohare,R4
693,Malinsky,R4
694,Chen,R4
699,Phillips‖Myers,R4
701,Marshall‖Brett,R4
702,Pao,R4
707,Perkins,R4
708,Coon‖Black,R4
709,Ackerman,R4
722,Bellomy,R4
732,Davis,R4
733,Barnes,R4
745,Brandt,R4
748,Heling,R4
764,Nighman‖Jameson,R4
766,Frost,R4
768,Moody,R4
769,Wilson‖Flick,R4
777,Brown,R4
784,Mcmanus,R4
790,Cruz,R4
801,Jordan,R4
803,Black,R4
812,Surber,R4
813,Rosado,R4
843,Smith,R4
851,Vitale,R4
877,Merkle,R4
881,Wingfield‖Moskowitz,R4
885,Burke,R4
888,Gonzalez,R4
890,Patterson,R4
894,Similien,R4
901,Begay,R4
903,Trujillo,R4
905,Wood,R4
908,Pereira‖Ulrich,R4
914,Fleming,R4
918,Harris,R4
922,Davis,R4
924,Pierce,R4
931,Wimberly,R4
932,Jones,R4
941,Musselwhite,R4
942,Vause,R4
945,Sharum,R4
946,Moore,R4
951,Barwick,R4
955,White,R4
961,Ingram,R4
962,Sepulveda,R4
966,Schultz,R4
972,Badgley,R4
984,Smith,R4
985,Mahoney‖Black,R4
986,Mullen,R4
993,Conley,R4
994,Rehkop,R4
996,Moore,R4
1006,Hensley,R4
1011,White,R4
1015,Baxter,R4
1021,Saunders‖Helbling,R4
1036,Dage,R4
1041,Anderson,R4
1042,Gunderman,R4
1047,Yoes,R4
1062,Smith,R4
1075,Abrams,R4
1076,Dowler,R4
1079,Turpin,R4
1080,Sargent,R4
1086,Smith,R4
1092,Crum‖Vazquez,R4
1095,Hickman‖Rodriguez‖Garrett,R4
1097,Thompson,R4
1098,Fiecke‖Edmonds,R4
1109,Pastian‖Cardillo,R4
1114,Barrows,R4
1120,Kimes,R4
1123,Mcglinchey,R4
1129,Fuentes,R4
1138,Carruthers,R4
1143,Schumann,R4
1165,Macri,R4
1170,Player,R4
1172,Smith,R4
1174,Cason,R4
1203,Hopkins,R4
1210,Rico,R4
1213,Davis‖Alm,R4
1216,Schiller,R4
1243,Rodriguez,R4
1255,Nguyen,R4
1260,Marks,R4
1262,Flanders,R4
1278,Comer,R4
1279,Buckner,R4
1292,Phillips,R4
1295,Keister,R4
1299,Stanley,R4
1304,Mckinney,R4
1306,Mitchell,R4
1308,Williams,R4
1324,Harris,R4
1340,Lima,R4
1351,Harris,R4
1353,Camp,R4
1356,Ferguson,R4
1357,Fordyce,R4
1360,Orduno,R4
1407,Melnick‖Farnsworth,R4
1409,Chavez‖Hixson,R4
1416,Herrington,R4
1430,Linnane,R4
1436,Ballester,R4
1444,Clark,R4
1470,Hernandez,R4
1477,Kasper,R4
1479,Lockhart,R4
1511,Kelly,R4
1522,Johnson‖Sisk,R4
1545,Martinez,R4
1564,Moss,R4
1566,Curry,R4
1574,Maxwell‖Marshall,R4
1584,Russell,R4
1595,Seals,R4
1596,Williams,R4
1597,Whitman,R4
1602,Hatch,R4
1615,Baird,R4
1616,Rivera,R4
1621,Bell,R4
1628,Braun,R4
1633,Speicher‖Cofield,R4
1636,Burke,R4
1645,Devers,R4
1654,Crisp‖Trudel,R4
1658,Rathbum,R4
1668,Sigler,R4
1672,Michael,R4
1674,Swindell,R4
1679,Page,R4
1685,Hammond,R4
1699,Velasquez,R4
1702,Hughes,R4
1713,Lentz,R4
1724,Oliver‖Black,R4
1741,Lopes,R4
1748,Travis,R4
1753,Bryant,R4
1773,Brockman,R4
1777,Summers,R4
1782,Brown,R4
1785,Mccain,R4
1792,Wood,R4
1795,Jones‖Doran,R4
1796,Opperman‖Robinette,R4
1805,Hanson,R4
1806,Harris,R4
1810,Rahim‖Bookhardt,R4
1814,Littman‖Brackins,R4
1815,Montgomery,R4
1816,Thornley,R4
1829,Smith‖Espinoza,R4
1830,Estrella,R4
1835,Meads‖Young,R4
1837,Austell,R4
1845,Torbert‖Roberts,R4
1846,Groce‖Walsh,R4
1851,Pearson,R4
1873,Santistevan,R4
1887,Mcbride,R4
1896,Charles,R4
1897,Briley,R4
1907,Knopp,R4
1910,Vandusen,R4
1911,White‖Burton,R4
1914,Peloquin‖Franklin,R4
1921,Dean,R4
1923,Walters,R4
1925,Johnson,R4
1942,Aleo,R4
1949,Robinette,R4
1973,Mcclendon‖Howard,R4
1975,Jones,R4
1980,Degasperis,R4
1989,Johnson,R4
2001,Perez‖Gandee,R4
2003,Redhead‖Ayotte,R4
2009,Anwar,R4
2025,Peltier,R4
2026,Vandiford,R4
2029,Jobson‖Bowers,R4
2034,Archer,R4
2041,Corf,R4
2047,Knowles,R4
2049,Siggins,R4
2060,Travis,R4
2065,Roley,R4
2076,Garner,R4
2080,Duke,R4
2084,Jansen‖Doughty,R4
2090,Pugh,R4
2093,Kimbrell‖Maynard,R4
2097,Meyers,R4
2098,Frey‖Carter,R4
2112,Hong,R4
2122,Kilgore,R4
2127,Coleman,R4
2134,Hall,R4
2149,Mcguire‖Krieg,R4
2154,Winchell,R4
2157,Verret,R4
2166,Mcneal,R4
2168,Moore,R4
2191,Lanosga,R4
2200,Evans‖Dejohn,R4
2202,Arwood,R4
2208,Johnstonbaugh,R4
2220,Harmon,R4
2230,Fontanella,R4
2237,Fitzgerald‖Luce,R4
2241,Mortensen,R4
2251,Saunders,R4
2266,Ruiz,R4
2267,Bankhead,R4
2271,Shibuya‖Terry,R4
2277,Mcneil,R4
2282,Diaz,R4
2287,Labranche,R4
2295,Bailey,R4
2297,Laflore‖Brown,R4
2298,Samples,R4
2314,Rock‖Huntington,R4
2322,Dudley,R4
2328,Mclaughlin,R4
2333,Shaw,R4
2358,Berrios,R4
2362,Stec,R4
2368,Mack,R4
2371,Langley,R4
2374,Christopherso,R4
2384,Harris,R4
2391,Burton,R4
2392,Pressley,R4
2396,Willis,R4
2403,Woodall,R4
2421,Hampton,R4
2435,Maguire‖Macomber,R4
2438,Alvey,R4
2444,Dyas,R4
2445,Delarosa,R4
2464,Frith,R4
2465,Thomas‖Norris,R4
2470,Gilbert‖Gonzalez,R4
2481,Duncan‖Mccutcheon‖Balde,R4
2486,Mcguire‖Evans,R4
2490,Labbie,R4
2493,Thompson,R4
2495,Millsap,R4
2515,Powell,R4
2519,Rogers,R4
2524,Rowell,R4
2529,Herbert,R4
2530,Roush‖Hill,R4
2547,Confalone‖Rice,R4
2563,Buster,R4
2565,Mendoza,R4
2566,Hill,R4
2569,Coleman,R4
2570,Gordon,R4
2577,Barnes,R4
2586,Tvedt,R4
2587,Jensen,R4
2594,Schreffler,R4
2599,Kelly,R4
2604,Espino,R4
2605,Federico,R4
2609,Lyon,R4
2623,Woolley‖Vance‖Spencer,R4
2627,Ciaburri,R4
2630,Taylor‖Stanley,R4
2636,Harris,R4
2640,Gardner,R4
2649,Penland‖Garcia,R4
2654,Bernal,R4
2661,Halvorson,R4
2668,Rogers,R4
2671,Carney,R4
2672,Odonnell,R4
2679,Fuqua,R4
2680,Marzett,R4
2698,Leonard,R4
2704,Marshall,R4
2709,Snyder,R4
2712,Kellar,R4
2715,Perry,R4
2725,Wagner,R4
2729,Martin,R4
2734,Young,R4
2738,Eldred,R4
2740,Warren,R4
2743,Jimenez,R4
2744,Joseph‖Miller,R4
2755,Vanwassenhove,R4
2759,Deshayes‖Hayden‖Kassner,R4
2760,Stone,R4
2761,Cross,R4
2765,Secrist,R4
2771,Steveson,R4
2772,Bolen,R4
2774,Coleman,R4
2784,Underwood,R4
2798,Corradino,R4
2799,Harris,R4
2801,Mares,R4
2810,Hodgdon,R4
2811,Davis,R4
2820,Shipley,R4
2827,Greenspan,R4
2828,Lieb,R4
2831,Brown,R4
2832,Forbes,R4
2834,Cody,R4
2841,Marsaw,R4
2857,Hanna,R4
2859,Godbee,R4
2866,Mims,R4
2869,Smith,R4
2875,Pinkham,R4
2882,Bender,R4
2884,Provino,R4
2888,Bartkowiak,R4
2890,Mcgraw,R4
2895,Rees,R4
2905,Evans,R4
2918,Fogle,R4
2921,Jones‖Andrews,R4
2935,Mueller,R4
2936,Vallejos,R4
2945,Watkins,R4
2947,Ramirez,R4
2950,Dunn‖Wilkie,R4
2962,Scott,R4
2982,Newberry,R4
2983,Monaghan,R4
10,Ritter,R4
21,Aguilar,R4
22,Mayhugh‖Grey,R4
24,Johnson,R4
30,Meeks,R4
33,Lauridsen‖Burroughs,R4
41,Walker,R4
43,Knee‖Mitchell,R4
45,Williams,R4
54,Wilson,R4
56,Milton,R4
57,Oconnell,R4
66,Gehling,R4
78,Wiedenheft,R4
89,Willson‖Youngs,R4
94,Carson‖Mclean,R4
99,Pearce,R4
106,Herrera,R4
111,Perez,R4
118,Lewis,R4
127,Hill,R4
128,Fields‖Braxton,R4
153,Dupree,R4
160,Quan,R4
172,Hammers,R4
175,Caylor,R4
182,White,R4
184,Jones,R4
195,Kelly,R4
201,Wolf,R4
206,Davis,R4
216,Thielman,R4
218,Varel,R4
230,Sanchez,R4
232,Branch,R4
239,Adams,R4
243,Topolosky,R4
246,Gasaway,R4
252,Hudson,R4
261,Johnson,R4
267,Cano,R4
269,Murphy,R4
280,Husband,R4
299,Orr,R4
300,Maddox,R4
306,Chambley,R4
308,Broadway,R4
326,Haddad,R4
329,Ryant,R4
338,Douthitt,R4
353,Bogard,R4
354,Greer‖Tran‖Delzer,R4
355,Stevens,R4
356,Sylvester‖Werner,R4
369,Angel,R4
374,James,R4
377,Church‖Mobley,R4
418,Anderson,R4
431,Nolting‖Funes,R4
440,Louis‖Frech,R4
448,Espinoza,R4
449,Dickson,R4
451,Malley,R4
463,Resch,R4
467,Moshier,R4
468,Perkins‖Poundstone,R4
469,Heath,R4
480,Whirry‖Ellis,R4
483,Bernal,R4
491,Freeman,R4
492,Chapin,R4
500,Briley,R4
515,Warren‖Menzel,R4
516,Fassett‖Rogers,R4
521,Browder,R4
528,Willis,R4
545,Lloyd‖Craver,R4
563,Currin,R4
565,Cline,R4
579,Goodwin,R4
583,Metzler,R4
584,Scheel,R4
588,Higgin,R4
608,Kirkwood,R4
609,Winters‖Wolfe,R4
624,Matson‖Quinn,R4
626,Johnson,R4
631,Cox,R4
633,Ray,R4
638,Campbell,R4
659,Howe,R4
693,Sassano,R4
695,Garon‖Powell,R4
696,Kelly,R4
701,Stremming‖Slater,R4
706,Herrington,R4
717,Shackelford,R4
718,Washburn‖Alexander,R4
720,Capp,R4
725,Boyer,R4
726,Mcmullen‖Bane,R4
728,Isbell,R4
740,Hauman,R4
751,Thompson,R4
764,Little,R4
765,Cornett,R4
766,Everett‖Ortiz,R4
769,Russell,R4
774,Cook‖Harris,R4
785,Safford,R4
790,Ross‖Lewis,R4
796,Burt,R4
800,Burridge,R4
802,Peterson,R4
803,Vanwoert,R4
812,Herman,R4
818,Henderson,R4
819,Soto,R4
851,Winter,R4
855,Bielecki,R4
866,Nickson,R4
877,Higby,R4
886,Crowley,R4
890,Reist,R4
892,Newland‖Trujillo,R4
893,Wilcutt,R4
903,Talley,R4
909,Black,R4
916,Carter,R4
919,Parker,R4
924,Woods‖Jackson,R4
942,Evanich,R4
952,Harris,R4
956,Schoppert,R4
968,Cornish,R4
969,Ball,R4
972,Howell,R4
977,Lopez,R4
981,Murphy‖Hicks,R4
993,Plessinger‖Barnett,R4
1004,Tabor,R4
1011,Reynolds‖Boggs,R4
1022,Dahl,R4
1027,Holland‖Joseph,R4
1042,Edwards‖Master,R4
1062,Whalen,R4
1069,Becwar,R4
1075,Brown,R4
1076,Canty,R4
1080,Mehling,R4
1090,Deese‖Vigne,R4
1096,Rogers,R4
1097,Notis,R4
1129,Warren,R4
1135,Rodrigues,R4
1137,Goodman,R4
1158,Cameron‖Wrobel,R4
1165,Kelley,R4
1168,Swims,R4
1171,Hyslop,R4
1176,Jones‖Abramowitz,R4
1179,Vance,R4
1190,Gugler,R4
1198,Saults,R4
1204,Millington‖Presley,R4
1214,Bond,R4
1223,Mccreary,R4
1224,Myers,R4
1225,Washington‖Ready‖Kelly,R4
1233,Cain,R4
1242,Reibert,R4
1248,Nagata,R4
1255,Choi,R4
1278,Sallee,R4
1282,Reed,R4
1296,Jones,R4
1304,Soto,R4
1313,Wise,R4
1321,Zieman,R4
1324,Mills,R4
1351,Dodson,R4
1363,Gile‖Mitchell,R4
1370,Conley,R4
1371,Bulson,R4
1418,Cockrell,R4
1429,Johnson,R4
1430,Wright,R4
1441,Ball,R4
1444,Knight,R4
1455,Ramirez,R4
1456,Schick,R4
1470,Blechman,R4
1474,Turner,R4
1476,Wyckoff‖Williams,R4
1477,Yin,R4
1494,Comeaux‖Coleman,R4
1495,Curry,R4
1522,Greenman,R4
1523,Wood,R4
1530,Scudder,R4
1538,Poulin,R4
1559,Vides,R4
1566,Morabito,R4
1580,Pettrey,R4
1584,Crieghton,R4
1602,Hinman,R4
1612,Amezquita,R4
1616,Ward,R4
1621,Liebl,R4
1624,Johnson,R4
1628,Sjolander,R4
1646,Brown,R4
1660,Gunnels,R4
1665,Mckenzie‖Patel,R4
1668,Harry,R4
1674,Sanyaro,R4
1699,Knodel,R4
1700,Murphy,R4
1705,Mills,R4
1712,Morrill,R4
1713,Terry,R4
1715,Stephenson,R4
1722,Williams,R4
1727,Shapiro‖Danforth,R4
1735,Garza,R4
1746,Mchone,R4
1748,Banks,R4
1753,Doyle,R4
1756,Powell,R4
1773,Vega,R4
1774,Garica,R4
1777,Escoto,R4
1783,Prehn‖Sanchez‖Fryer,R4
1795,Thomas,R4
1805,Castle,R4
1806,Goggin,R4
1816,Lewis,R4
1832,Baxter,R4
1837,Love,R4
1860,Greene,R4
1862,Anderson‖Quigley‖Cohn,R4
1868,Cropley,R4
1885,Gutirrez,R4
1891,Denny,R4
1896,Edmisten,R4
1902,Francis‖Allen,R4
1904,Newkirk‖Warner,R4
1911,Taylor,R4
1915,Welder,R4
1916,Cody,R4
1917,Drabant,R4
1922,Adams,R4
1923,Sanchez,R4
1925,Blum,R4
1927,Bulow‖Neal,R4
1936,Calvert,R4
1949,Franks,R4
1951,Kite‖Mcdowell,R4
1953,Redden,R4
1954,Caraballo‖Halloran,R4
1960,Burke,R4
1964,Burch,R4
1965,Oneal,R4
1972,Odom,R4
1975,Hein,R4
1979,August,R4
1983,Howell,R4
1989,Peters,R4
1993,Partlow,R4
2003,Battista,R4
2004,Rickman,R4
2012,Smith‖Hunter,R4
2015,Welch‖Patel,R4
2018,Thomas,R4
2021,Lawson,R4
2026,Neel,R4
2033,Gregorio,R4
2034,Miller,R4
2038,Dudley,R4
2040,Dias‖Lindsey,R4
2044,Mcentire,R4
2049,Melton,R4
2051,Case,R4
2053,Kirchausen,R4
2065,Xie‖Thomes,R4
2079,Reddicks,R4
2084,Connolly,R4
2087,Chandler‖Hernandez,R4
2097,Sullivan,R4
2098,Burchfield,R4
2102,Camden,R4
2109,Farley,R4
2122,Green,R4
2146,Baldridge,R4
2149,Frank,R4
2154,Mendoza,R4
2157,Delamora,R4
2158,Williams,R4
2166,Porter,R4
2177,Ratliff,R4
2181,Dougal,R4
2191,Harris‖Merchant,R4
2192,Ramos,R4
2204,Wing,R4
2207,Blake‖Rogan,R4
2213,Bolden,R4
2220,Levy,R4
2234,Barrette,R4
2237,Graham,R4
2246,Zimmerman,R4
2262,Gill,R4
2265,Lowery,R4
2266,Richardson,R4
2267,Cloutier,R4
2270,Urbanek,R4
2271,Cummins,R4
2274,Newton,R4
2279,Douglas,R4
2281,Riederer,R4
2285,Sonoda,R4
2292,Hirkaler‖Earheart,R4
2304,Mentz,R4
2309,Vaccaro,R4
2319,Gunning,R4
2322,Kimball,R4
2338,Powell,R4
2345,Paxman,R4
2366,Londono,R4
2368,Anderson,R4
2373,Bowden‖Ramirez,R4
2380,Vickers,R4
2384,Ramage,R4
2391,Honeycutt,R4
2394,Kirby,R4
2396,Johnson,R4
2412,Verstraete,R4
2423,Buchanan‖Johnson,R4
2436,Distasio,R4
2440,Farrer,R4
2450,Turner,R4
2482,Bova,R4
2486,Standley,R4
2489,Shuler,R4
2514,Freeman‖Delozier,R4
2515,Rivas,R4
2528,Huls‖Jones,R4
2570,Fox,R4
2582,Hinton,R4
2587,Hong,R4
2591,Hennigan,R4
2599,Copeland,R4
2605,Stewart,R4
2612,Canelo,R4
2613,Oleary,R4
2647,Dullea‖Ochoa,R4
2649,Racki,R4
2664,Czarnecki,R4
2665,Blockmon,R4
2668,Marshall‖Meadows,R4
2672,Hearne,R4
2673,Gannett,R4
2675,Alvarez,R4
2676,Adams,R4
2678,Howarth,R4
2702,Murphy,R4
2706,Terrell,R4
2708,Franklin,R4
2712,Woods,R4
2715,Castillo,R4
2721,Joseph,R4
2722,Mitchel‖Ruiz,R4
2723,Price,R4
2725,Wilson,R4
2729,Fitzgerald,R4
2751,Comley,R4
2758,Light,R4
2770,Leslie,R4
2777,Branum,R4
2783,Padilla‖Precythe,R4
2786,Egan,R4
2789,Groll‖Bass,R4
2798,Quan,R4
2806,Walter,R4
2810,Webb,R4
2811,Thruston,R4
2818,Reed‖Weist,R4
2820,Peluso‖Chirino,R4
2821,Payson,R4
2827,Humann,R4
2835,Reyes,R4
2844,Pouncey,R4
2847,Wiseman,R4
2858,Ditullio,R4
2859,Pederson,R4
2861,Morrison‖Hledik,R4
2867,Yee‖Acker,R4
2875,Lloyd,R4
2876,Kennedy,R4
2884,Miner,R4
2888,Rieth,R4
2903,Larson,R4
2910,Loree,R4
2914,Smith,R4
2929,Bridges,R4
2940,Savage,R4
2945,Noel,R4
2947,Rivera,R4
2950,Stewart,R4
2965,Baghdasarian‖Serrano,R4
2987,Davidson,R4
2995,Morgan,R4
3,Madrid‖Bade,R4
16,Peters,R4
33,Cooper,R4
41,Clements,R4
43,Knerr,R4
47,Keith,R4
48,Marquardt,R4
55,Shellenbarger,R4
57,Simons,R4
60,Meixner,R4
71,Boyd,R4
78,Nichols,R4
89,Mccutcheon,R4
97,Mabe,R4
100,Ditman,R4
132,Williams,R4
144,Milburn,R4
153,Reid,R4
159,Stabler,R4
172,Smith,R4
173,Hoff‖Koewler,R4
175,Leon,R4
178,Koh‖Vanhamlin,R4
180,Mcrary,R4
184,Garrett,R4
195,Schlitz,R4
201,Thomas,R4
206,Clark,R4
216,Hyde,R4
227,Strange,R4
232,Stevens,R4
237,Harris‖Bennett,R4
242,Harris,R4
252,Gray,R4
261,Vicic‖Davis‖Knight,R4
285,Whiting,R4
287,Luthi‖Villanueva,R4
293,Alo,R4
295,Young,R4
297,Jefferson,R4
306,Rios,R4
308,Hartford,R4
326,Butler‖White,R4
329,Donley‖Liptrot,R4
349,Bisson‖Hansen,R4
355,Andrews,R4
356,Mccarthy,R4
362,Abston,R4
364,Krieger,R4
366,Mcpherson,R4
374,Dean,R4
377,Hofer,R4
386,Earlywine‖Loper,R4
387,Wynn,R4
398,Silva,R4
408,Clark,R4
413,Cathcart,R4
414,Lopez‖Milner,R4
440,Cairns,R4
447,Justice,R4
449,Kenyon,R4
451,Roderiquez,R4
453,Weldon,R4
466,Huntley,R4
469,Alverez,R4
475,Lambe,R4
480,Celestine,R4
483,Frank,R4
500,Sparrow‖Echard,R4
505,Mooney,R4
506,Goodwin,R4
515,Erickson,R4
524,Pannell,R4
528,Hensley,R4
534,Hays,R4
548,Cook,R4
565,Hodges,R4
575,Allen,R4
582,Harrison,R4
583,Grey,R4
584,Peet,R4
588,Guerrero,R4
594,Straight,R4
596,Pfaff,R4
608,Davis,R4
611,Martin,R4
614,Phillips,R4
624,Brown,R4
626,Hodgkins,R4
638,Wilkerson,R4
639,Bradley‖Swanigan,R4
655,Howell,R4
659,Johnson,R4
676,Perry‖Link,R4
679,Womack,R4
688,Pelham‖Corpus‖Almonte,R4
694,Johnson,R4
706,Feldt,R4
707,Walls,R4
709,Walker‖Travis,R4
719,Kelly,R4
720,Reyna,R4
728,Harrison‖Mulvey,R4
732,Hudson‖Evans,R4
745,Knutson,R4
748,Pineda‖Lamarr‖Mcdonald,R4
765,Lew,R4
772,Babineaux,R4
775,Glass,R4
783,Bueckers,R4
788,Warren,R4
794,Hanson,R4
796,Emerson‖Worthey,R4
797,Talley,R4
803,Ross,R4
812,Easterling‖Rosa,R4
813,Coward,R4
818,Brewington,R4
833,Gaden‖Thomas,R4
836,Petti,R4
851,Ramey,R4
855,Taylor,R4
881,Blanton,R4
883,Sigmon,R4
888,Barrett,R4
893,Beard,R4
895,Pursell,R4
896,Price,R4
909,Nichols,R4
916,Gore‖Hayes,R4
930,Miller,R4
937,Bohlke,R4
942,Francis,R4
945,Gregg,R4
946,Walters,R4
949,Moss,R4
952,Goldstein,R4
955,Winstead,R4
962,Stewart,R4
966,Hoff,R4
972,Sparks,R4
981,Griffith‖Turk,R4
984,Brannan‖Mullins,R4
990,Harbin,R4
992,Herrera,R4
1022,Ball‖French,R4
1036,Lancaster‖Mitchell,R4
1037,Cherenfant‖Berenguer,R4
1038,Howe,R4
1041,Watson,R4
1047,Whetstone,R4
1058,Eikenberry,R4
1062,Brown,R4
1069,Mcelderry‖Wells,R4
1075,Willsey,R4
1082,Labruzzo‖Ford,R4
1085,Turner,R4
1086,Bachelor,R4
1114,Garcia,R4
1120,Carter,R4
1123,Germano,R4
1124,Vincent‖Evans,R4
1135,Jackson,R4
1138,Walker‖Shepherd,R4
1152,Marotta,R4
1165,Johansen‖Sifuentes,R4
1168,Boyer,R4
1169,Brown,R4
1171,Szabat,R4
1173,Pool,R4
1174,Rounds,R4
1186,Rizvi,R4
1190,Heavener,R4
1198,Melton,R4
1206,Rudd,R4
1214,Cyree,R4
1216,Mckillop‖Bohannon,R4
1224,Lewis,R4
1226,Smith,R4
1233,Brock,R4
1243,Cormier‖Banks,R4
1244,Whitfield,R4
1246,Dvorak,R4
1248,Anderson,R4
1255,Matesic,R4
1260,Cornell,R4
1262,Long,R4
1278,Kornegay,R4
1279,Mortensen‖Keefe,R4
1292,White‖Beek,R4
1293,Crowder,R4
1299,Griffis,R4
1304,White,R4
1308,Kartes,R4
1334,Reynolds,R4
1340,Gray,R4
1344,Rasset,R4
1348,Oland,R4
1357,Rust,R4
1360,Peacock,R4
1366,Lester,R4
1370,Cook,R4
1371,Blakes,R4
1373,Deare,R4
1416,Mcdaniel,R4
1418,Klar,R4
1429,Moreno,R4
1437,Gregory‖Mcneil,R4
1441,Brown,R4
1444,Dickson,R4
1457,Moody,R4
1463,Jones,R4
1467,Gohn,R4
1477,Mcneil,R4
1481,Kite‖Jenkins,R4
1482,Harrod,R4
1503,Peterson,R4
1506,Guerra‖Hamm,R4
1511,Ager,R4
1518,Funke‖Johnson,R4
1519,White,R4
1523,Hall,R4
1532,Lane‖Johnston,R4
1538,Paulsen‖Givens,R4
1540,Oliveras,R4
1559,Stewart‖Pridgeon,R4
1567,Jones,R4
1585,Tancredi,R4
1597,Huckleberry,R4
1607,Lavalley‖Cox,R4
1614,Craghead,R4
1615,Gomez,R4
1616,Brown,R4
1637,Pettis,R4
1646,Mitchell,R4
1654,Higgins,R4
1665,Mckenzie,R4
1672,Abrams,R4
1674,Stevens,R4
1684,Davis,R4
1691,Franklin,R4
1708,Kang,R4
1713,Sether,R4
1728,Nicholas,R4
1735,Richardson,R4
1741,Jackson,R4
1746,Lamp‖Pate,R4
1754,Thompson,R4
1761,Pena,R4
1773,Alexander,R4
1782,Ferrari,R4
1785,Gearhart,R4
1795,Lewis,R4
1806,Southern‖Byers,R4
1810,Mehling,R4
1829,Morquecho‖Comeau,R4
1832,Steen‖Yip,R4
1835,Aho,R4
1837,Burgess,R4
1860,Ball,R4
1868,Espinoza,R4
1872,Scott‖Fortier,R4
1873,Wear‖Clark,R4
1891,Erickson,R4
1896,Fellman‖Vaughn,R4
1910,Hitchcock,R4
1911,Corathers,R4
1915,Towry,R4
1917,Jones‖Allen,R4
1923,Love,R4
1938,Samuels,R4
1941,Pinard,R4
1951,Northup‖Baldon,R4
1952,Schmidt,R4
1953,Shouse,R4
1955,Wright,R4
1964,Hollman,R4
1966,Privitera,R4
1973,Aste,R4
1980,Hamilton,R4
1989,Weber,R4
1993,Baker,R4
2003,Oliver,R4
2012,Amisano,R4
2019,Kelling,R4
2020,Dobransky,R4
2021,Stargell,R4
2032,Nemerofsky‖Atkinson,R4
2033,Hall,R4
2034,Smith,R4
2041,Wilson‖Surdam,R4
2046,Ngo,R4
2047,Perez,R4
2053,Greene,R4
2058,Johnson‖Pollock,R4
2066,Brown,R4
2084,Kenely,R4
2085,Richards‖Manning‖Ricks,R4
2091,Parker,R4
2102,Eubank,R4
2103,Jones,R4
2105,Kivett,R4
2112,Lester,R4
2117,Reyes,R4
2122,Gregg,R4
2127,Walsh,R4
2134,Winters‖Overall,R4
2146,Becerra,R4
2147,Murphy,R4
2152,Marquez,R4
2155,Bell,R4
2177,Mcintosh‖Williams,R4
2179,Jorge,R4
2180,Hooks,R4
2181,Mccurdy,R4
2182,Josilowsky,R4
2205,Cuadras,R4
2206,Simpson‖Ingram,R4
2207,Werner‖Robinson,R4
2213,Hansberry,R4
2217,Cahoon‖Ford,R4
2227,Jarrard,R4
2230,Rodriguez,R4
2234,Morris,R4
2236,Perry,R4
2237,Ogden,R4
2239,Sola,R4
2244,Shreve,R4
2246,Chen,R4
2251,Cabanilla,R4
2263,Sadler,R4
2265,Friend‖Taylor,R4
2266,Erickson,R4
2270,Tapia,R4
2274,Falconio,R4
2278,Austin‖Stewart,R4
2282,Bozek‖Carver‖Ford,R4
2285,Lott‖Norton,R4
2298,Murrah,R4
2309,Killeagle‖Guignard,R4
2319,Martin,R4
2322,Galarza,R4
2328,Catlett,R4
2336,Lopez,R4
2345,Sayegh,R4
2352,Hernandez‖Johnson,R4
2364,Metzler,R4
2366,Bonner,R4
2371,Templeton,R4
2377,Congrove,R4
2391,Mcgeever,R4
2392,Brock‖Castillo,R4
2403,Moore,R4
2415,Silva‖West,R4
2432,Holmes,R4
2435,Rafferty,R4
2445,Walker,R4
2446,Cornell,R4
2450,Grimm,R4
2464,Colunga,R4
2469,West‖Mora,R4
2471,Meyers‖Levenstein,R4
2481,Caraballo,R4
2483,Kanzenbach,R4
2493,Moon,R4
2502,Favela,R4
2517,Brown,R4
2549,Parker,R4
2565,Mccoy,R4
2569,Brown,R4
2577,Capone,R4
2582,Stimmel,R4
2586,Walton,R4
2591,Humble‖Payne,R4
2603,Mayes,R4
2604,Vanhuss,R4
2612,Tilly,R4
2625,Reece,R4
2636,Dixon,R4
2640,Stevens,R4
2642,Southward,R4
2647,Hansberry,R4
2651,Kelsey,R4
2654,Walz,R4
2661,Daniels,R4
2664,Li,R4
2671,Henry,R4
2673,Ricketts,R4
2675,Borgman,R4
2685,Goldstein,R4
2690,Fitzpatrick,R4
2711,Walker,R4
2715,Giannecchini,R4
2722,Costa,R4
2725,Aguilar,R4
2729,Drake,R4
2731,Cansler,R4
2738,Oaks,R4
2743,Guerrero,R4
2744,Wilson,R4
2755,Jones‖Mcmahan,R4
2758,Jernigan‖Rosier,R4
2760,Martinez‖Walker,R4
2761,Marquez,R4
2770,Williamson,R4
2771,Mckinney,R4
2781,Garrett,R4
2794,Jordan,R4
2798,Bailey,R4
2810,Greenwood‖Willbanks,R4
2817,Morgan,R4
2821,Jacinto‖Mcalpin,R4
2832,Cornell‖Ross,R4
2847,Brenton,R4
2855,Cadena,R4
2861,Lee,R4
2870,Gloss,R4
2882,Fried,R4
2890,Anderson‖Bourque,R4
2891,Carter,R4
2892,Broach,R4
2897,Conway,R4
2910,Arvizu,R4
2914,Cleare,R4
2918,Johnson,R4
2921,Nelsen‖Hines,R4
2940,Almond,R4
2946,Addington,R4
2962,Mccoy,R4
2965,Kincaid,R4
2987,Israel,R4
2995,Lopresti,R4
20,Hills,R4
21,Phares‖Rankin,R4
24,Mata‖Corbin,R4
41,Lewis‖Herrin,R4
49,Costanzo,R4
55,Armstrong,R4
56,Dunne,R4
66,Wahlstrom‖Lee,R4
71,Brooks,R4
94,Otero,R4
97,Rudolph,R4
106,Rios,R4
139,Madlung‖Mcknight,R4
147,Resner,R4
152,Walters,R4
160,Herrod,R4
173,Dulin,R4
187,Gonzalez,R4
188,Kelsey,R4
207,Rodriguez,R4
218,Jerman‖Martin,R4
220,Branche‖Heslep,R4
239,Robles,R4
260,Maxon,R4
264,Andreozzi,R4
267,Mccrae,R4
295,Flynn‖Page,R4
315,Gallion,R4
332,Vega‖Sinotte,R4
346,Madrid‖Marcy,R4
357,Millwood,R4
361,Nemoede,R4
366,Hill,R4
369,Sandy,R4
399,Disimone,R4
400,Sauceda‖Benner,R4
412,Kelly‖Torres‖Holien,R4
415,Parker‖Wolfinger,R4
446,Villatoro‖Sawicki,R4
447,King,R4
449,Baxter,R4
451,Johnson,R4
453,Lane,R4
465,Lin,R4
483,Kittell,R4
486,Corbin‖Bess,R4
491,Prosser‖Kittle,R4
492,Spicer‖Duff,R4
494,Harris‖Vo,R4
495,Washington,R4
496,Sanchez,R4
505,Mccollum,R4
514,Chastain,R4
532,Bauer,R4
548,Kelash,R4
554,Wedderburn,R4
575,Kiernan,R4
578,Charles‖Gilbert,R4
579,Eguia,R4
582,Massey,R4
591,Patterson,R4
594,Wagner,R4
599,Huson‖Flores‖Garrett,R4
608,Glass,R4
609,Delargy,R4
629,Steffen‖Price,R4
633,Young,R4
636,Bannister,R4
640,Walker,R4
655,Matherly‖Claxton‖Bowers,R4
659,Cochran‖Ress,R4
674,Mccary,R4
675,Green,R4
696,Peterson,R4
699,Baca,R4
702,Holcomb,R4
706,Trager,R4
707,Marvin,R4
717,Heyes,R4
733,Washington,R4
740,Dehaven,R4
746,Lemire,R4
768,Bing,R4
772,Mccrary,R4
775,Lopez,R4
791,Fields,R4
794,Gibson,R4
796,Irvin,R4
800,Schmiedeskamp‖Lauderdale,R4
815,Guzman,R4
843,Mccord,R4
851,Wilson,R4
861,Robertson‖Berstein,R4
877,Grubbs,R4
878,Mcdougal,R4
881,Leet,R4
883,Fritz,R4
886,Baker,R4
890,Baker,R4
892,Schmidt,R4
894,Frederick,R4
895,Odowd,R4
896,Johnson,R4
902,Ward‖Allen,R4
905,Humphrey,R4
908,Correia,R4
917,Davis,R4
918,Livesay,R4
919,Friesner,R4
922,Driscoll,R4
930,Ellingson‖Lints,R4
931,White‖Boone,R4
932,Duchesne,R4
941,Henry,R4
949,Falcon,R4
957,Brown,R4
962,Cox,R4
966,Price,R4
969,Manzo,R4
972,Mcconnell,R4
979,Mcdonald,R4
985,Robinson,R4
986,Colvin,R4
990,Duong,R4
992,Fleeger,R4
993,Visick,R4
994,Connelly,R4
1006,Congleton‖Wendte,R4
1011,Hoyman,R4
1062,Manalo,R4
1077,Patton,R4
1085,Culver,R4
1086,Snider,R4
1095,Lee,R4
1110,Williams‖Yates‖Frazier,R4
1114,Gero,R4
1117,Bryant,R4
1120,Bayer,R4
1124,Stone,R4
1128,Seguin,R4
1129,Williams,R4
1135,Wasson,R4
1148,Meier‖Mccarty,R4
1154,Adelstein,R4
1158,Lister,R4
1169,Monroe‖Delrosso,R4
1172,Cook,R4
1174,Daniels,R4
1179,Venzke,R4
1190,Laramee,R4
1198,Unrein,R4
1206,Hall,R4
1242,Delcour,R4
1244,Carroll,R4
1262,Dishon‖Caruso,R4
1295,Galeano,R4
1299,James,R4
1306,Greene‖Biddix,R4
1324,Whitford,R4
1325,Leonard,R4
1329,Ballance,R4
1341,Borkowski,R4
1347,Burch,R4
1348,Hamilton‖Buxton,R4
1353,Broussard‖Beets,R4
1356,Mcshane,R4
1357,Hargrove,R4
1360,Vanhoose,R4
1368,Vasquez,R4
1370,Guajardo‖Ballard,R4
1400,Murray‖Stevenson,R4
1407,Hurtubise,R4
1409,Rosenbaum,R4
1416,Stringfellow,R4
1435,Pike,R4
1437,Augeri‖Meyer,R4
1441,Mattox,R4
1456,White,R4
1463,Cahill‖Aubry,R4
1467,Robinson‖Jimenez,R4
1470,Winslow,R4
1474,Johnson,R4
1481,Scruggs,R4
1482,Mellis,R4
1494,Kleffman,R4
1495,Jordon,R4
1503,Hostetler‖Crosten,R4
1518,Williams,R4
1519,Fabert,R4
1523,Cirone,R4
1530,Goddard,R4
1554,Holley‖Bailey,R4
1563,Perry,R4
1567,Lemieux‖Howard,R4
1584,Masztal,R4
1585,Ripp‖Pruitt,R4
1593,Murphy,R4
1595,Norris,R4
1596,Barajas,R4
1597,Mcintyre‖Kelly,R4
1607,Nikolai,R4
1615,Bishop‖Limerick,R4
1621,Mcnab,R4
1637,Engle‖Thompson,R4
1646,Arias,R4
1652,Bartoletti,R4
1658,Troxel,R4
1668,Dickson,R4
1687,Willingham,R4
1695,Saunders,R4
1705,Haggard,R4
1712,Sims‖Dixon,R4
1715,Weathers,R4
1717,Moseley‖Jackson,R4
1722,Adams,R4
1727,Burkholder,R4
1728,Thompson,R4
1731,Borders,R4
1735,Baadsgaard,R4
1739,Walsh‖Gilbert,R4
1754,Sneed,R4
1763,Spueler,R4
1765,Hernandez,R4
1775,Diggs,R4
1782,Johnson,R4
1785,Rodino,R4
1787,Hosmer,R4
1789,Ponzi‖Lake,R4
1792,Swanson,R4
1815,Dick,R4
1830,Stanley,R4
1837,Balas,R4
1838,Allen‖Roberto,R4
1845,Tuttle‖Rousseau,R4
1848,Smith,R4
1851,Fuller,R4
1853,Bartel,R4
1854,Wilson‖Miller,R4
1858,Stokes,R4
1868,Jones,R4
1872,Nguyen‖Koerner,R4
1873,Johnson,R4
1885,Taylor,R4
1892,Hart,R4
1907,Chaisson,R4
1914,Godbold,R4
1915,Marshall‖Miller,R4
1917,Pierce,R4
1927,Ridgway,R4
1931,Cooley,R4
1938,Reilly,R4
1941,Dillingham,R4
1942,Watson,R4
1954,Caraballo,R4
1959,Hanna‖Poulson,R4
1960,Martel,R4
1964,Dejesus,R4
1965,Burns,R4
1972,Schuetze,R4
1973,Perkins,R4
1979,Woods‖Gustafson,R4
2009,Mitchell,R4
2012,Pegues,R4
2015,Sealock,R4
2016,Aldrich,R4
2025,Martin,R4
2029,Mcwilliams,R4
2032,Simmons,R4
2044,Pitts,R4
2046,Wright,R4
2079,Long,R4
2087,Irwin,R4
2091,Murphy,R4
2097,Marin,R4
2105,Soderquist,R4
2112,Bookman‖Johnson,R4
2129,Moore,R4
2132,Patrick,R4
2137,Ruiz,R4
2149,Crafford,R4
2152,Brooks,R4
2154,Cheatom,R4
2155,Barks,R4
2157,Riley,R4
2158,Plienis,R4
2177,Otto,R4
2179,Mizutani,R4
2180,Jordan‖Smith,R4
2182,Stone,R4
2191,Martin,R4
2192,Merryman,R4
2200,Dathe,R4
2202,Cruz,R4
2204,Melton,R4
2217,Gray,R4
2220,Hayes,R4
2227,Zecca,R4
2232,Clark‖Bolding,R4
2236,Taylor,R4
2239,Todd‖Bowen,R4
2251,Ely,R4
2265,Lake,R4
2267,Brown,R4
2274,Tierney,R4
2280,Fortner,R4
2281,Hernandez‖Salmons,R4
2292,Metzler,R4
2297,Creighton,R4
2298,Delgado,R4
2304,Habib,R4
2309,Ortega,R4
2314,Bynum,R4
2316,Mills,R4
2322,Jones,R4
2325,Mellinger,R4
2328,Draper,R4
2336,Mervyn,R4
2337,Seifert,R4
2338,Starkey,R4
2345,Fox,R4
2358,Johnson,R4
2362,Hill‖Thompson,R4
2364,Baskin‖Patton,R4
2366,Dequattro‖Brown,R4
2373,Zimmerman,R4
2374,Ross,R4
2377,Wadas‖Curl,R4
2384,Hughes,R4
2400,Taegel,R4
2403,Clark,R4
2404,Calvo,R4
2407,Johnson,R4
2415,Oneal‖Schappert,R4
2419,Stout‖Pickard,R4
2435,Johnson,R4
2438,Gay,R4
2445,Mcdaniel,R4
2446,Schofield,R4
2450,Nolan,R4
2464,Gilbert‖Sneeden,R4
2465,Greene,R4
2469,Thomas,R4
2471,Herrera,R4
2485,Ramirez,R4
2489,Seaman,R4
2490,Rodriguez,R4
2495,Silverthorn‖Tomita,R4
2512,Galloway,R4
2515,Lorna,R4
2524,Stein,R4
2525,Vanacore,R4
2528,Martin‖Castagna,R4
2529,Yancey‖Ortiz,R4
2530,Dyson,R4
2534,Licon,R4
2548,Broussard,R4
2569,Bright,R4
2574,Strapp‖Ganey,R4
2577,Petersen,R4
2586,Meyer,R4
2591,Valdez,R4
2599,Tuller,R4
2604,Taylor,R4
2605,Lyon,R4
2612,Cagle,R4
2622,Anselmo,R4
2627,Ozaeta‖Baker,R4
2630,Werner,R4
2636,Street,R4
2640,Farrell,R4
2647,Glaser,R4
2649,Dungan,R4
2654,Winburn,R4
2678,Knott,R4
2679,Lyford,R4
2683,Krueger,R4
2685,Beshears,R4
2698,Modrak‖Stiff,R4
2704,Marshall,R4
2708,Brooks,R4
2712,Twitty,R4
2717,Adkins,R4
2721,Hayward,R4
2723,Senft,R4
2725,Hormell,R4
2730,Bogosh,R4
2734,Ray,R4
2738,Staley,R4
2751,Diorio,R4
2765,Fairchild,R4
2770,Lagrange,R4
2774,Longnecker,R4
2777,Kenney‖Tyson,R4
2781,Brandenburg‖Calvin,R4
2784,Martel,R4
2799,Doody‖Woodmansee,R4
2827,Meyer,R4
2828,Everette‖Doke,R4
2831,Risbeck,R4
2841,Couch,R4
2847,Headley,R4
2858,Boyd,R4
2863,Nasers‖Pedraza,R4
2866,West,R4
2867,Concepcion,R4
2870,Axelson,R4
2884,Schlesener,R4
2890,Beltrami,R4
2891,Barfield,R4
2892,Geiger‖Visser,R4
2897,Atwell‖Galloway,R4
2903,Carpenter,R4
2918,Bessick,R4
2924,Swanson,R4
2935,Jovich,R4
2937,Amidon‖Garret,R4
2940,Lokken,R4
2941,Rynders‖Smith,R4
2952,Lundy,R4
2963,Dempsey,R4
2965,Arrington,R4
2982,Mann,R4
2983,Higgins,R4
2987,Broussard,R4
