ID,FirstName
4,Michael
7,Charles
8,Kimberly
9,Julie
16,Jimmy
18,William
23,Arthur
23,Lisa
24,Robert
26,Michael
26,Michael
27,Anthony
31,Angela
32,Howard
33,Nicholas
34,Tania
35,Ashley
36,Melinda
38,Robert
42,James
43,Kirk
44,James
45,Keith
46,Donald
47,Michael
50,Jamal
50,Thomas
50,Aurore
57,Sherry
57,Anthony
59,Marie
61,Charlie
62,Robert
62,Ricky
64,Kerry
64,Nona
68,James
71,Tammy
74,Heather
75,Daniele
79,Robert
83,Jason
91,Gladys
92,Andrea
96,Gayle
101,Althea
102,Willie
108,Donna
110,Steven
110,Nathaniel
110,Vicki
111,Rosa
113,Thomas
117,Jeffrey
118,Maurice
120,Eugene
122,Wanda
123,Travis
126,Douglas
127,Michelle
131,Adam
133,Helen
133,Christine
143,Troy
143,Theodore
144,Boyd
147,Linda
151,Alfonso
155,Daniela
158,Isabell
164,William
165,Norma
166,Jack
171,Jennifer
174,Larry
176,Sharon
176,David
176,David
184,David
196,Brad
203,James
209,Laura
210,Jose
211,Constance
212,Karen
213,Christina
216,Jesus
217,Robert
217,Diane
222,Tina
225,Paula
228,Joe
231,Alma
233,Johnie
234,Sergio
235,Brenda
236,Mamie
236,Bruce
237,Betty
238,Tracy
239,Isabel
240,Marianna
245,Lucina
245,Richard
246,Chelsea
248,Frank
252,Judith
260,Karen
264,Ron
266,Daniel
267,Maureen
270,Douglas
270,Frank
273,Lynn
277,Kim
280,Syreeta
280,John
285,John
290,Ronald
295,Wilma
297,Ruth
299,Billy
302,Robert
303,Iris
306,Anthony
307,Todd
310,Teresa
315,Matthew
319,Thomas
322,Michelle
326,James
332,Danielle
332,Benjamin
334,Al
335,Joe
340,David
340,Elizabeth
343,Mike
343,Stephanie
345,Socorro
347,Lori
347,Sandra
351,Curtis
355,Stephanie
356,Janet
359,Tara
360,Matthew
363,Mack
369,Roberta
369,Nan
370,Rebecca
372,Morgan
372,Amy
373,Joyce
381,Marlene
385,Jacquelyn
386,Jackson
389,Donald
395,Julie
397,Ruth
403,Faye
405,Keith
405,Pablo
408,Marianne
408,Mindi
411,Joyce
415,Jason
415,Debra
416,Eleanor
417,Carol
419,Susan
420,Constance
425,Marlene
427,Patricia
429,Mildred
436,Luther
438,Lina
441,Rodrigo
442,Barry
442,James
450,Jessie
451,Roy
456,Mario
457,Susan
458,Mark
458,Jamie
459,Scott
460,Joann
464,Anne
464,Chad
468,Lonnie
469,Robert
474,Christopher
476,Sarah
476,Scott
480,Pete
482,Naomi
482,James
484,Wayne
485,Leonard
486,Theresa
486,Ada
487,Michael
488,Mary
488,Verna
488,Tim
490,Christina
492,Fred
493,John
493,Teodoro
495,Helen
500,Johnny
502,Kim
505,Dana
507,Betty
508,Anthony
510,Myrtle
515,Todd
517,Roger
523,Candice
527,Ernestine
527,Arnita
527,Lisa
529,Katherine
531,Leslie
531,Dorothy
534,Ellen
538,Tina
542,Dora
542,Kathryn
554,Jose
555,Celia
555,Charles
560,David
561,Harold
561,Donald
562,Melissa
563,Mark
565,Juan
568,Mae
568,David
569,Porfirio
571,Mary
573,Almeda
575,Catherine
576,Violet
577,Sharon
578,Joseph
578,Kenneth
579,Laura
581,Reed
585,Paige
586,Ricardo
590,Mary
590,Gregory
593,Manuel
594,Earlene
598,Jane
606,Carmen
607,Douglas
610,Reba
611,Annette
615,Rachel
619,Heather
620,Wanda
624,Marlene
627,Alfonso
628,John
629,Antonette
631,Antoinette
634,John
637,Alice
639,Rickie
641,Adriana
641,Louise
642,Robert
642,Gabriel
645,Francisco
655,June
656,Shannon
656,David
656,Joan
658,Anthony
662,Michael
664,Earl
666,Jose
676,Wendy
678,Bonita
679,Nick
681,Violet
682,David
683,Chrystal
684,Kirk
685,Linda
685,Robert
687,Jane
690,Michael
691,Joshua
692,Sarah
693,Boris
708,Michael
709,Leann
711,Guadalupe
717,Walter
720,Allan
720,Beth
721,Adrian
721,Glenda
728,Natasha
729,Sherri
729,Beth
731,Chris
732,Anthony
732,Robert
735,Ashley
735,Vanessa
738,Donald
739,Rose
742,Anthony
745,Jeffrey
750,Ruth
751,Margaret
758,Edward
761,Rose
761,Angel
765,Ralph
767,Raymond
770,Beverly
780,Stuart
793,James
796,Jack
797,Susan
797,Anita
799,Joyce
802,Leesa
807,Yvette
814,Kim
817,Harold
820,Sue
820,James
821,Leonard
823,Amber
824,Kristy
827,Eric
830,Janet
834,Amy
835,Janessa
837,Kelly
839,Jeffrey
846,Christopher
849,Clarence
850,Jessica
850,Jonathan
853,Marguerite
854,Jewell
858,Greg
860,Ralph
862,Shari
863,Tracie
872,Jessica
873,John
873,Karen
876,Christopher
877,Daniel
877,Christine
883,Devin
884,Willie
887,Reynaldo
887,Jessica
888,Darrin
889,Anna
889,Rosemary
894,Margie
900,Jodi
902,Karen
904,Mark
904,James
907,Michael
908,Leslie
910,Maria
913,Ashley
917,Jeremy
920,Blake
922,George
923,Jeffrey
923,Tisha
927,Michael
927,Evelyn
933,George
935,Joseph
935,Vincent
936,Janice
939,Mark
939,Eddie
939,Casandra
940,Michael
941,Albert
942,Shirley
945,Truman
948,Juan
948,Krystal
949,Elaine
956,Tisha
958,Ann
961,Erica
963,Carlotta
964,Carol
965,Paul
965,Daniel
966,Allen
967,Rocky
969,Kristina
973,Gerald
979,Emma
979,Doris
981,Jennifer
984,Jody
985,Barbara
987,Rachelle
988,Susie
990,James
990,Juan
992,Alejandra
993,Sherry
994,Marion
994,Ricky
995,Monique
995,Bob
997,Richard
997,Teresa
997,Richard
1000,Charles
1000,Jose
1007,Douglas
1008,Annamarie
1009,Harold
1011,Joseph
1011,Carlos
1013,Guadalupe
1017,Vicki
1017,Brandy
1017,Andrew
1018,James
1022,Michael
1023,Kevin
1025,Darlene
1026,Nora
1030,Matthew
1030,Michael
1031,Heather
1034,Rick
1037,Joshua
1039,Nicole
1043,Keith
1051,Audrey
1055,Mary
1058,Marylou
1060,Jessica
1062,John
1063,Brian
1064,Donald
1068,Jennifer
1068,Heather
1068,Shannon
1070,Tommy
1071,Allison
1071,Karen
1071,Lydia
1072,Efren
1076,Anna
1077,Elizabeth
1086,Noah
1086,James
1092,Cassie
1093,Candice
1093,Joseph
1097,Patricia
1098,Maxine
1105,Arthur
1105,Timothy
1105,Delores
1106,Danielle
1107,Andre
1109,Todd
1112,Michelle
1112,Joyce
1114,Brandon
1114,Jennifer
1115,Mary
1116,Douglas
1120,William
1121,Kathleen
1124,Gary
1124,Deborah
1127,Michelle
1129,Bernice
1131,Joshua
1135,Pam
1137,Buffy
1138,Mary
1141,Thomas
1143,Scott
1148,Matthew
1149,Sandra
1151,Helen
1153,Alfredo
1154,David
1159,Celesta
1160,Tom
1163,Deloris
1166,Lane
1171,Louise
1172,Robert
1175,Jo
1176,Florence
1177,Kari
1178,Chad
1179,Kenneth
1180,Larry
1182,Louanne
1183,John
1184,Frank
1185,Kenneth
1186,James
1188,Robert
1188,Cynthia
1197,Sydney
1199,Yolanda
1201,Adam
1202,Marilyn
1203,Matthew
1206,Christopher
1207,James
1209,Jesse
1210,Mario
1216,Kathryn
1218,Bo
1218,Adela
1223,Franklin
1225,Victoria
1228,Bob
1233,Brandon
1234,Lanette
1237,Marlene
1238,Victoria
1241,Carrie
1246,Albert
1247,Anthony
1247,Valerie
1255,Julia
1259,Lawrence
1265,Patsy
1266,Richard
1270,Jay
1270,Mathew
1272,Steven
1273,Robert
1274,Joseph
1282,Sharon
1287,William
1288,Emily
1289,Michelle
1292,Lila
1293,Deanna
1294,Edward
1295,Manuel
1296,Amy
1299,Jacob
1304,Carl
1308,Robert
1311,Karen
1321,Flossie
1321,Lillian
1321,Angel
1327,Fermin
1328,Amy
1329,Willis
1330,Timothy
1334,Jose
1337,Helen
1339,Scott
1339,Martha
1340,Eva
1343,Anna
1349,John
1353,Jeffrey
1354,Elizabeth
1358,Richard
1359,Darrell
1360,Donna
1361,Odell
1368,William
1368,Thomas
1370,Rosalie
1372,John
1373,Shaun
1374,Alicia
1376,Kari
1377,John
1377,Tiffany
1379,Abel
1380,George
1381,William
1384,Ronald
1388,Kenneth
1388,Margaret
1391,Stacy
1391,Aileen
1394,Lakeisha
1398,John
1401,Joey
1402,Leonard
1403,Jacqueline
1404,Kenneth
1408,Bruce
1415,Lisa
1417,Mary
1420,Virginia
1424,Carl
1431,Margaret
1433,William
1434,Kendra
1435,Lindsey
1438,Barbara
1440,Thelma
1441,Ashley
1443,James
1446,Blanche
1447,Marcia
1452,Tammy
1454,James
1455,Joe
1459,Milton
1462,Richard
1463,Betty
1465,Gerard
1466,Penny
1466,Heather
1466,Ruth
1467,Nick
1467,Arthur
1472,Evelyn
1475,Robert
1476,Ramon
1478,Bernard
1480,Ronald
1480,Beverly
1484,Derek
1488,Darrell
1490,Princess
1491,Tammy
1493,Mabel
1495,Justin
1497,Nora
1504,Jeannette
1512,Patricia
1513,Cathy
1514,Jay
1514,Dorothy
1516,Stephen
1518,Cynthia
1522,Joe
1527,Mary
1528,Spencer
1528,Todd
1529,Eric
1530,Peggy
1533,Jennifer
1535,Maxine
1536,Maude
1537,Penny
1539,Ana
1541,Donna
1543,Mary
1544,James
1545,Kieth
1546,Randall
1549,Cindy
1553,Chris
1554,Nathan
1558,Douglas
1559,Patricia
1560,Coleman
1560,Clayton
1561,Billy
1563,Zachary
1566,Angel
1566,Lee
1570,Louis
1571,Robyn
1573,Kathy
1577,David
1577,Doris
1581,Steven
1582,Bonnie
1587,Emily
1590,Kim
1593,Elena
1595,Adam
1598,Richard
1609,Hae
1610,Paul
1611,Yen
1621,Barbara
1622,Robert
1624,Gerald
1625,William
1628,Sarah
1631,Lakeisha
1633,Floretta
1634,Aisha
1638,Mary
1642,Ralph
1643,Terese
1643,Dallas
1644,Gena
1647,Willie
1648,Jesus
1649,Carolina
1653,Jennifer
1657,Willie
1657,Maria
1659,Bradley
1659,Shannon
1661,Tiffany
1662,Ruth
1663,Mary
1663,Laura
1665,Samuel
1665,David
1666,Kimberley
1667,Tiffany
1669,Richard
1670,Brett
1671,Adell
1677,Adam
1682,Ruby
1683,Melanie
1685,Hazel
1686,Jacqueline
1692,Diane
1695,Maria
1696,Sheila
1697,Craig
1697,Magdalene
1700,Joseph
1701,Daryl
1702,Alex
1706,John
1708,Shelton
1711,Ruth
1719,Bryan
1721,Dolores
1722,Karen
1727,Michael
1729,Angela
1729,Kevin
1733,Joseph
1735,Ronald
1736,Richard
1737,Paula
1740,Tonya
1742,Suzanne
1742,Lisa
1746,Lucille
1747,Phillip
1758,Gene
1759,Kay
1759,Harvey
1761,John
1762,John
1764,Donna
1766,Lino
1767,Doris
1770,Amy
1777,Anna
1782,Rosa
1783,Muriel
1785,Jeff
1792,Alfonso
1792,John
1801,Marc
1802,William
1803,Zachary
1806,Lyle
1809,Arlene
1813,Ester
1814,Robin
1814,David
1818,Gus
1822,Karon
1829,Myron
1833,Juanita
1833,Curtis
1837,Isaac
1839,Felix
1841,Mary
1842,Calvin
1845,Tanya
1846,Warren
1848,Taylor
1853,Nancy
1854,Elizabeth
1854,Ingeborg
1856,Roberto
1863,Elizabeth
1864,Joan
1864,Nicole
1866,Albert
1867,Robert
1872,Johnnie
1873,Sharon
1874,Melvin
1877,Rosemarie
1877,Christopher
1879,Kevin
1880,Vicki
1884,Donna
1891,Jimmie
1896,Sudie
1899,Mary
1900,Ronald
1901,Patricia
1901,Jennifer
1904,Jesus
1906,Christina
1909,Bradley
1912,Shelby
1914,Sandra
1915,Erica
1915,Frank
1917,Delsie
1922,Stephanie
1922,Trevor
1924,Stephen
1926,Brian
1927,Edward
1929,Dennis
1929,Florence
1930,Holly
1931,Thomas
1933,Olga
1934,Donna
1937,Suzanne
1941,Gloria
1942,Philip
1943,Kayla
1945,Esther
1950,Jose
1952,Irene
1953,Michael
1956,Terri
1960,Marilyn
1962,Jenna
1962,David
1964,Austin
1965,Eddie
1965,Joyce
1969,Rosemarie
1970,Ernesto
1970,Barbara
1971,Rhonda
1974,Billy
1975,Erica
1977,Dawn
1978,Francis
1978,Ian
1986,Patrick
1986,Phillip
1991,Bonnie
1994,Jennifer
1996,William
1998,Brandon
1999,Jessie
1999,Chris
2000,Adelaida
2003,John
2005,Amy
2005,Robert
2005,John
2006,Melissa
2007,Josephine
2008,Yvonne
2010,Wayne
2014,Charles
2015,Devin
2017,Carl
2023,Harlan
2023,Carrie
2028,Robert
2029,James
2035,David
2040,Robert
2043,James
2048,Michael
2048,Florance
2049,Kristian
2052,Belinda
2053,Denise
2057,John
2058,Janita
2065,Todd
2067,Terrence
2071,Maud
2076,Antony
2078,Beverly
2080,Julie
2081,Alpha
2083,Eliza
2086,Richard
2088,Wendy
2089,Jason
2092,Amber
2092,Edwin
2096,Paul
2097,Marie
2101,Robert
2104,Brian
2105,Mary
2105,Ann
2110,Charles
2113,Vivian
2116,Donna
2118,Thomas
2119,Ryan
2121,Tiffany
2121,William
2126,Jessica
2127,Jody
2129,Ruth
2131,Jared
2132,Brian
2133,Bruce
2141,Deborah
2147,Gary
2149,Kelly
2155,Elaine
2158,Elise
2159,Valda
2160,Helen
2160,Lakia
2162,Virginia
2163,Paul
2164,Alexander
2169,Claude
2172,Carmen
2173,Donna
2174,Michele
2183,Ruth
2187,Francisca
2188,Joseph
2189,David
2190,Valeria
2192,Scotty
2194,Cynthia
2198,James
2200,Ada
2204,Mary
2209,Nancy
2211,April
2217,Paula
2222,Troy
2222,Catherine
2223,Phillip
2230,Kenneth
2235,Robert
2245,Kimberly
2245,Otha
2247,Elizabeth
2248,Catherine
2253,Mercedes
2258,Henry
2263,Charles
2266,Bonnie
2267,Kathryn
2267,Paul
2275,Sandra
2276,Vanessa
2277,Micheal
2279,Ofelia
2279,Daniel
2279,Paul
2282,Nicole
2284,Jana
2286,Shanell
2288,Daniel
2288,Vilma
2293,Erica
2295,Rachel
2295,Shannon
2296,Patrick
2297,Dora
2300,Thomas
2303,Stefanie
2313,Joseph
2315,Patricia
2316,Jeffrey
2318,Raymond
2322,Henry
2327,Barry
2328,Dori
2331,Harry
2332,Victor
2336,Eric
2336,Kevin
2338,Kathy
2340,Ken
2342,Kristie
2349,Ada
2351,Thomas
2354,David
2355,Carrie
2356,Betty
2358,Kathleen
2358,Lisa
2363,Lizeth
2366,Robin
2366,Brenda
2369,Walter
2370,Mary
2374,Janet
2374,Leslie
2378,Carl
2379,Alex
2380,Lawrence
2380,James
2383,Wesley
2390,Susan
2390,Debra
2392,William
2400,Courtney
2404,Margaret
2406,Ruby
2409,Gabrielle
2414,George
2414,Henry
2416,David
2421,Joey
2423,Jesus
2424,David
2424,John
2426,Steven
2426,Geneva
2427,Heather
2431,Ann
2431,Jennifer
2439,Amy
2440,Judy
2444,Darron
2445,Jessie
2446,Thomas
2446,Bruce
2447,Edward
2448,Jessica
2449,Carl
2453,Michele
2461,Lawrence
2462,Dawn
2464,Valery
2464,Samuel
2466,Taryn
2467,Wilburn
2468,Peggy
2474,Stanley
2475,Kathleen
2475,Francisco
2476,Pasquale
2477,Sue
2477,Margo
2479,Dane
2479,Robert
2482,Julie
2488,Cynthia
2489,Martha
2495,Steven
2495,Jo
2497,Beverly
2497,Magali
2501,William
2502,Mary
2502,Duane
2509,Ed
2512,Timothy
2513,Ellen
2513,Michael
2513,Brian
2515,Donna
2516,Susan
2517,Carolyn
2519,Richard
2520,Samuel
2526,Jason
2531,Justin
2534,Philip
2540,Eddie
2542,Gary
2549,Charlene
2552,Terrell
2554,Ethel
2556,Benny
2556,Brianna
2557,Danial
2558,Mindy
2559,Mary
2570,Nathan
2572,Joyce
2580,Maria
2582,Derek
2582,Maria
2582,Annie
2583,Betty
2584,Laura
2591,Lee
2591,Anitra
2595,Elizabeth
2597,Lawrence
2601,Dallas
2607,Lazaro
2610,Deborah
2611,David
2612,Manuel
2617,Nancy
2621,Catherine
2622,Sara
2622,Richard
2623,Florence
2625,Sean
2628,Julia
2629,Tiffany
2631,Lillian
2632,Alberta
2645,Lynn
2646,Jill
2647,Caryn
2649,Bennie
2651,Doris
2653,Richard
2653,Mervin
2656,Sherman
2658,Maribel
2660,Imogene
2660,David
2664,Joseph
2664,Miriam
2665,Annette
2668,Christopher
2668,Eleanor
2670,Kareem
2671,Clara
2672,Alice
2672,Timothy
2676,Edwin
2676,Sarah
2678,Steven
2689,Belle
2690,Debra
2691,Patricia
2692,Courtney
2694,Lucila
2696,Jimmy
2700,Angela
2705,Jessica
2707,Dana
2710,Betty
2711,Willard
2713,Cheryl
2715,Anna
2718,Jennifer
2719,Ingrid
2719,Stella
2720,William
2723,Daryl
2725,Stephanie
2729,Aaron
2731,Edward
2734,Rosa
2736,William
2745,Lloyd
2746,Norma
2746,Jessica
2747,David
2748,Charles
2752,Florence
2762,Heather
2765,Chester
2768,Harry
2769,Penny
2769,Annette
2770,Melva
2771,Bruce
2774,Sandra
2775,William
2776,Daniel
2779,Vera
2784,James
2786,Eva
2786,Richard
2792,Paula
2792,Matthew
2794,Adrian
2798,Caridad
2800,Beulah
2803,Jason
2803,Carolyn
2803,Cornell
2805,Jeff
2807,Justin
2809,James
2810,Melissa
2813,Keith
2814,William
2817,Henry
2821,Joseph
2822,Pamela
2823,Agnes
2824,Nancy
2831,Karen
2832,Yvonne
2837,Kyle
2838,Casey
2839,Kenneth
2840,Marilyn
2844,Marcia
2850,Iris
2852,Paul
2854,Janice
2858,Emma
2861,Rachel
2868,Kenneth
2869,Amber
2870,Susan
2871,Sharon
2871,Addie
2874,Ronda
2875,Derrick
2875,Sean
2876,Charles
2877,Martin
2878,Sarah
2879,Richard
2882,Efren
2884,Janet
2891,Alexa
2892,Thomas
2894,Steven
2895,Amanda
2897,Mark
2897,Christine
2903,Joseph
2904,Danny
2905,Brian
2906,Natalie
2908,Barbara
2913,James
2915,Edna
2917,Jennifer
2918,Bobbie
2928,Helen
2936,Charles
2939,Frances
2939,Curtis
2939,Josefina
2943,Thelma
2943,Jeffrey
2945,Brian
2948,James
2950,James
2952,Anne
2954,Hilda
2954,Sterling
2957,Francesca
2957,Dora
2958,Morris
2960,Edward
2961,William
2961,Esmeralda
2962,Gary
2963,Sandra
2964,Anthony
2969,Maryann
2973,Jake
2974,Norman
2978,Paul
2979,Norma
2979,John
2981,Brian
2986,Ralph
2987,Nora
2989,Angela
2991,Sheena
2991,Calvin
2993,Halina
2995,Gail
