ID,Family Name,First Name
1024,Calvert,Daniel
2249,Milhorn,William
2249,Krammes,William
2249,Moore,William
830,Slavin,Kimberly
830,James,Kimberly
830,Lewis,Kimberly
2405,Baker,Milton
2405,Holzinger,Milton
2405,Minier,Milton
830,Slavin,John
830,James,John
830,Lewis,John
1024,Calvert,Betsy
830,Slavin,Tyler
830,James,Tyler
830,Lewis,Tyler
2249,Milhorn,Vincent
2249,Krammes,Vincent
2249,Moore,Vincent
2405,Baker,Pamela
2405,Holzinger,Pamela
2405,Minier,Pamela
830,Slavin,Deborah
830,James,Deborah
830,Lewis,Deborah
1024,Calvert,Mollie
2405,Baker,Michael
2405,Holzinger,Michael
2405,Minier,Michael
1024,Calvert,Edward
2249,Milhorn,Lillian
2249,Krammes,Lillian
2249,Moore,Lillian
2405,Baker,Betty
2405,Holzinger,Betty
2405,Minier,Betty
1,Veney,Marlene
2,Pals,Mary
2,Brannen,Mary
11,Miller,Clarence
17,Thomas,Kennith
22,Esquivez,Brandon
22,Osterstuck,Brandon
27,Davis,Rita
40,Imel,Damon
47,Judkins,Tonya
50,Coleman,Sarah
50,Coleman,Rita
59,Sweeney,Jeanette
61,Harkrader,Melanie
65,Broege,Terence
65,Broege,Arthur
85,Priest,Michael
90,Rivera,Julie
95,Garis,Irene
98,Chamberlain,Mindy
98,Chamberlain,Sandy
112,Johnson,Stephanie
113,Watts,Heather
113,Cabler,Heather
120,Dannis,Kim
125,Valdez,Paulette
125,Valdez,Richard
130,Ashby,Tara
132,Shockley,Michael
138,Smitley,Harry
143,Needham,Steven
143,Needham,George
149,Berrios,Rachel
149,Berrios,Holly
155,Anderson,Toni
160,Mitchel,Darryl
165,Carlson,Diane
170,Mcgaughey,Ralph
176,Medina,Samuel
201,Hendryx,Bonnie
201,Brown,Bonnie
203,Graham,Sally
204,Calderon,William
213,Sonoski,Rodolfo
213,Hall,Rodolfo
222,Davis,Nancy
259,Pastel,Patrick
272,Hargreaves,Mary
272,Hargreaves,Dorothy
276,Zielinski,Theodore
276,Zielinski,Ryan
278,Rierson,Steven
279,Hunter,Eric
305,Rivera,Donna
311,Lovett,Karen
314,Cornett,Crista
318,Wells,Ronald
322,Prater,Johnny
340,Schmucker,Mary
347,Hunter,Gary
351,Elliott,Benjamin
362,Weigel,George
364,Mosher,Mark
365,Hastings,Charles
374,Roberts,James
379,Reyes,Roger
379,Wells,Roger
379,Reyes,Jose
379,Wells,Jose
395,Halstead,Wanda
395,Evans,Wanda
395,Halstead,Stacey
395,Evans,Stacey
408,Taylor,Michael
413,Stack,Ardis
418,Deck,Frederick
418,Nixon,Frederick
419,Abel,Jesse
424,Purcell,Jeff
425,Torres,Rex
431,Capps,John
442,Mitchell,Emma
460,Natcher,Amber
462,Noel,Amanda
462,Noel,William
466,Salimi,Marianela
466,Goodale,Marianela
466,Salimi,Hilary
466,Goodale,Hilary
476,Monat,Kimberly
477,Curry,William
477,Curry,Debra
477,Curry,Keith
478,Osdoba,Glen
478,Osdoba,Priscilla
478,Osdoba,Larry
481,Jerman,Judy
482,Nesbitt,Rodney
482,Tuder,Rodney
483,Beauprez,Anthony
488,Schuler,Jeri
498,Litaker,Edwardo
523,Cox,Nereida
524,Bright,Leslie
524,Chesley,Leslie
531,Purcell,Augustine
562,Sanos,David
566,Dowlin,Yvonne
566,Dowlin,Cristal
573,Roache,Marc
580,Halsey,Kristina
580,Shelton,Kristina
595,Pretti,Betty
597,Foley,Krista
624,Carter,Warren
629,Bernabe,Kristin
637,Spurlock,Gregory
637,Spurlock,Kimberly
644,Morris,Albertine
644,Morris,Matthew
646,Taylor,Evelyn
648,Bearden,Carmen
652,Itson,Nicholas
662,Martin,Darren
681,Fundora,Dorothy
687,Calvin,Courtney
691,Fraser,Shirley
697,Vickers,Ronald
697,Vickers,Keith
697,Vickers,Melissa
723,Henry,Valerie
751,Willey,Timothy
751,Overshown,Timothy
767,Hudson,Mildred
770,Dickson,Joel
783,Elliot,Gertude
783,Sokol,Gertude
788,Thompson,Edward
789,Stebbins,Jenny
794,Licursi,Pamela
813,Morton,Robert
815,Perez,Michelle
833,Killian,Daniel
834,Holiday,Jackie
836,Vanvleck,Michael
837,Sigmon,Daniel
861,Sandridge,Sherry
867,Perez,Juan
878,Sheridan,Marcelino
878,Couto,Marcelino
883,Slostad,Diana
886,Johnson,Albert
897,Vasquez,Crystal
897,Richardson,Crystal
898,Roche,John
898,Masella,John
898,Roche,Mary
898,Masella,Mary
901,Paradiso,Joseph
901,Kimber,Joseph
905,Gravitt,Anthony
910,Hallowell,Edna
911,Trumbo,James
911,Trumbo,Bill
911,Trumbo,Robert
917,Smith,Karen
920,Wiles,Shu
920,Wiles,Dennis
920,Wiles,Lois
936,Dew,Diana
938,Partain,Rosalind
938,Partain,Frances
944,Cha,Tammy
944,Cha,Henry
949,Fry,George
949,Thompson,George
953,Wolf,Dennis
958,Akins,Faye
958,Akins,Sonja
980,Boehman,David
980,Riddle,David
983,Oxley,William
997,Barajas,Nina
1001,Baldwin,Mike
1001,Burton,Mike
1007,Holt,Elizabeth
1009,Scott,Fay
1018,Woodard,Terry
1018,Sellers,Terry
1019,Hunter,Morgan
1025,Romero,Earl
1026,Johnson,Jesse
1028,Redd,Mike
1031,Reed,Milagros
1043,Vossen,Louie
1043,Vossen,Sherry
1049,Pugh,Micheal
1052,Robison,Jeannette
1058,Williams,Arlene
1077,Gleason,Deanna
1084,Singleton,Phillip
1084,Singleton,Denise
1097,Arcos,Leonard
1115,Whitfield,Glenda
1117,Brown,Andrea
1128,Rust,Anne
1129,Fouse,William
1129,Fouse,Jim
1139,Kaiser,Lois
1139,Kaiser,Darryl
1140,Whitaker,Roderick
1146,Gray,Dylan
1146,Gray,Paul
1155,Duncan,Hazel
1156,Wagner,Mary
1158,Pfeiffer,Joseph
1171,Casares,Brenda
1180,Conder,Daniel
1183,Jones,Earl
1183,Guyton,Earl
1183,Jones,Rena
1183,Guyton,Rena
1184,Castillo,Jack
1187,Gorman,Christopher
1187,Draper,Christopher
1187,Gorman,Katherine
1187,Draper,Katherine
1189,Davis,Jose
1197,Mcintosh,Yun
1200,Sande,Melissa
1212,Daley,Jorge
1212,Daley,Eva
1220,Griffie,Keith
1220,Meyer,Keith
1220,Griffie,Elizabeth
1220,Meyer,Elizabeth
1224,Green,Joe
1234,Gallegos,Kyle
1238,Hash,John
1241,Poplin,Diana
1246,Forcier,Rudy
1248,Pujols,Vivian
1253,Petree,Chris
1253,Cox,Chris
1256,Adams,Sandra
1257,Masse,Donald
1271,Jarvis,Jeremy
1280,Brody,Louis
1282,Pacheco,Brenda
1297,Ball,Ian
1318,Briscoe,Carol
1323,Jennings,Elvia
1325,Hill,Dixie
1325,Ewings,Dixie
1333,Gorman,Robert
1333,Gorman,Walter
1336,Hollen,Audrey
1338,Powell,Charles
1338,Waid,Charles
1349,Morales,Nicholas
1349,Morales,Jacqueline
1351,Herndon,Leon
1363,Mcgraw,Abby
1390,Ewings,Patricia
1392,Lynn,Thomas
1395,Mclean,Mark
1407,Brandon,Mary
1407,Brandon,Brenda
1422,Dam,Ernest
1422,Dam,Shauna
1427,Pettigrew,Edna
1427,Thompson,Edna
1427,Brown,Edna
1436,Munson,Robert
1444,Hughs,Lupita
1461,Woods,Debra
1461,Heard,Debra
1465,Lentz,Donald
1471,Hafer,Chad
1471,Sholders,Chad
1483,Bounds,Latrice
1484,Hoyle,Roberta
1484,Mcclellan,Roberta
1484,Hoyle,Brenda
1484,Mcclellan,Brenda
1484,Hoyle,Richard
1484,Mcclellan,Richard
1503,Lane,Laura
1505,Finn,Kendall
1505,Stanley,Kendall
1509,Ashley,Evelyn
1531,Oliphant,Herman
1531,Cato,Herman
1535,Hersha,Walter
1535,Hersha,Mario
1536,Thompson,Tracy
1537,Davis,Joseph
1537,Roberts,Joseph
1547,Meyerott,Erin
1547,Firestine,Erin
1547,Meyerott,John
1547,Firestine,John
1551,Clarke,Fred
1558,Klug,Stacy
1558,Klug,Adam
1559,Sawyers,Raymond
1559,Sawyers,Pamela
1562,Pinkert,Ramiro
1562,Pinkert,Ariel
1562,Pinkert,Edwin
1571,Sabatini,Sally
1571,Sabatini,Jerry
1605,Nolasco,Jennifer
1607,Johnson,Jeffrey
1613,Sneed,Thomas
1613,Rayburn,Thomas
1613,Sneed,Gordon
1613,Rayburn,Gordon
1616,Ochoa,Lisa
1624,Butler,Kimberlie
1624,Mortensen,Kimberlie
1625,Lollis,Katherine
1625,Baxter,Katherine
1625,Lollis,Patricia
1625,Baxter,Patricia
1631,Owens,Kristin
1636,Osei,Ian
1637,Penttila,Elizabeth
1638,Chagnon,Alan
1638,Graham,Alan
1638,Chagnon,Amy
1638,Graham,Amy
1646,Cook,Althea
1650,Keller,Matthew
1650,Walters,Matthew
1652,Rusko,Edward
1653,Dan,Janet
1674,Jone,Milagros
1677,Whatley,Leah
1677,Whatley,Nancy
1679,Jones,Jacob
1680,Flores,Robert
1706,Getz,Maureen
1706,Begum,Maureen
1712,Ellis,Steve
1722,Harris,Lonnie
1722,Williams,Lonnie
1729,Santoro,Josephine
1745,Rodriguez,Marlon
1745,Rodriguez,Richard
1751,Wright,Stacey
1757,Barriere,Dana
1757,Barriere,Enrique
1758,Lewis,Tabitha
1759,Cramer,Robert
1766,Marr,Mitchell
1776,Glickman,Mikel
1784,King,Doris
1787,Jageman,Paul
1787,Amato,Paul
1787,Cartright,Paul
1792,Wells,David
1794,Stephens,Kurtis
1794,Stephens,Joseph
1803,Murphy,Joshua
1803,Beauford,Joshua
1803,Murphy,Cynthia
1803,Beauford,Cynthia
1809,Davis,Marie
1833,Christian,Jack
1841,Kinder,Edward
1848,Harms,Christopher
1854,Carter,James
1855,Fisch,Wilhelmina
1855,Sebastian,Wilhelmina
1855,Chesley,Wilhelmina
1863,Thompson,Henrietta
1877,Navarro,Arthur
1877,Ellis,Arthur
1882,Brewer,Michael
1889,Warren,Joseph
1889,Hawkins,Joseph
1890,Cavett,Lorraine
1891,Samuel,Barbara
1891,Parks,Barbara
1893,Coleman,John
1895,Smith,Michael
1904,Lizardi,Raymond
1904,Lizardi,Robert
1928,Gerhart,David
1930,Harwood,Edward
1930,Hicks,Edward
1932,Falconio,Eugene
1937,Chaney,Martha
1945,Siegel,Paul
1945,Siegel,Flora
1954,Petit,Edwin
1965,Valdes,Ted
1978,Delorenzo,Diana
1978,Delorenzo,Cecile
1979,Kato,Wanda
1986,Diaz,Kyle
1986,Catledge,Kyle
1986,Diaz,Kenneth
1986,Catledge,Kenneth
1988,Nelson,Susan
1989,Wulff,Nicole
1989,Wulff,William
2000,Smith,Janet
2002,Brooks,Terrell
2004,Burns,Mary
2004,Burns,Joelle
2005,Silva,David
2005,Moran,David
2029,Cecchini,Michael
2031,Lynch,Javier
2035,Wilder,Daniel
2036,Scott,Nelda
2036,Scott,Deborah
2037,Miles,John
2048,Schulze,Hal
2063,Mcgarry,Christina
2069,Sheline,Samuel
2079,Gable,Barry
2079,Gable,Patrick
2085,Arnold,Emil
2094,Commander,Henry
2094,Zeringue,Henry
2094,Jackson,Henry
2096,Stewart,Michael
2096,Stewart,Tania
2100,Perez,Fred
2100,Gordon,Fred
2102,Elrod,John
2102,Clyde,John
2113,Bustamante,Sylvia
2147,Mingus,Craig
2147,Foster,Craig
2150,Jenkins,James
2153,Miller,Lenita
2157,Fowler,Lillian
2160,Gonzales,Mary
2162,Ritchie,Keith
2181,Hernandez,William
2187,Boos,Ashley
2187,Boos,Daniel
2211,Dougherty,Rashida
2224,Krein,Guadalupe
2229,Malinowski,Eugene
2245,Granata,Kerry
2247,Champagne,Tiffany
2248,Mckoy,Lucille
2264,Parrish,Kate
2264,Goodlett,Kate
2271,Huseby,Margarita
2272,Owens,Carl
2272,Owens,Caitlin
2276,Harris,Kasey
2286,Fala,Eunice
2292,Evans,Michael
2293,Dugan,Pearl
2302,Donnelson,Edith
2304,Rainey,Stanley
2304,Rainey,Terrance
2305,Tartaglia,Maria
2308,Powell,Edward
2308,Marshall,Edward
2314,Mixon,Eric
2319,Nicholson,Linda
2341,Hinton,Judith
2341,Hinton,Robby
2344,Stollings,Kimberly
2356,Phillips,Melanie
2356,Lafontaine,Melanie
2360,Graham,Brian
2364,Mccarville,Jan
2368,Grissom,Anthony
2376,Crane,Mark
2376,Davis,Mark
2376,Crane,Alfred
2376,Davis,Alfred
2380,Perras,Bob
2380,Clauson,Bob
2386,Guerette,Ashley
2404,Neidecker,Rose
2404,Neidecker,Amanda
2412,Mejia,Amy
2420,Martinetto,Edgar
2436,Fischer,Rusty
2436,Harper,Rusty
2458,Gil,Amanda
2463,Torres,Allan
2472,Smith,Mary
2486,Jastrebski,Linda
2490,Bush,Timothy
2499,Molder,Tressa
2503,Talton,Joshua
2507,Dodd,Hazel
2507,Gomez,Hazel
2513,Chartier,Julian
2513,Cohee,Julian
2513,Sardina,Julian
2513,Chartier,Thuy
2513,Cohee,Thuy
2513,Sardina,Thuy
2524,Smith,Billye
2533,Hallmark,Audrey
2552,Brown,Linda
2552,Brown,Minnie
2560,Browning,Tasha
2574,Carney,Nicole
2575,Lange,Edward
2576,Hall,Gidget
2576,Clark,Gidget
2594,Ball,Barbara
2594,Reagan,Barbara
2594,Davis,Barbara
2594,Ball,Dennis
2594,Reagan,Dennis
2594,Davis,Dennis
2597,Walker,Lynda
2605,Cokely,William
2618,Noyes,Eleanor
2618,Noyes,William
2623,Castello,Alicia
2659,Stuart,Harold
2675,Hardister,Douglas
2675,Dawson,Douglas
2677,Motley,Tracey
2684,Allen,Cynthia
2688,Hernandez,Velma
2688,Pearson,Velma
2705,Duckett,Linda
2705,Luna,Linda
2706,Root,Ted
2706,Glenn,Ted
2707,Warner,Brenda
2707,Warner,Larry
2708,Dotson,Donald
2712,Barnett,Kenneth
2716,Dale,Pete
2716,Fairrow,Pete
2717,Patterson,Lori
2723,Buhl,Royce
2727,Hughes,Sarah
2733,Lewis,Vickie
2733,Camp,Vickie
2756,Goode,William
2756,Goode,Earl
2770,Radley,Eddie
2786,Stewart,Armando
2786,Stewart,Renae
2787,Johnson,Walter
2797,Kidd,Robin
2800,Kostyla,Joseph
2802,Miller,Louis
2807,Bush,Edwin
2807,Bush,Earnest
2811,Deas,Augustine
2812,Beckett,Erika
2815,Arnold,Wayne
2817,Miller,Elizabeth
2826,Leu,Walter
2829,Banner,Miranda
2829,Banner,Eileen
2831,Mcgee,Beulah
2831,Bowden,Beulah
2835,Fisher,Diane
2835,Mitchell,Diane
2835,Fuller,Diane
2835,Fisher,Kurt
2835,Mitchell,Kurt
2835,Fuller,Kurt
2851,Bringle,Barbara
2851,Bringle,James
2854,Brown,Kenny
2858,Scrudato,Brandon
2868,Haight,Anthony
2868,Haight,Shalonda
2888,Smith,Wendy
2891,Weese,Joe
2892,Justiss,Marie
2905,Rosseau,Teresa
2910,Holland,David
2915,Sharp,Willa
2928,Webb,Maria
2932,Tiley,Tracey
2934,Jarrett,Shane
2934,Jarrett,Freida
2937,Cox,Kathleen
2946,Dorsey,April
2958,Stanley,Erlinda
2968,Cooper,Eric
2970,Ray,Liane
2977,Daley,Kathleen
2977,Jones,Kathleen
2980,Mangrum,Sue
2983,Thielman,Kevin
2983,Thielman,Robert
2990,Cerda,Enda
2990,Gonzales,Enda
2999,Crews,Josh
2999,Mcgill,Josh
10,Chin,John
10,Chin,Lorenza
17,Samuels,Kennith
27,Morgan,Rita
29,Armstrong,Grace
29,Michalak,Grace
44,Trotter,Antonette
47,Singer,Tonya
51,Bess,John
69,Wilkins,Tommy
78,Riso,Carl
85,Eftekhari,Michael
89,Swanson,Theodore
94,Rosales,Omar
97,Powell,Carrie
97,Scott,Carrie
113,Pewitt,Heather
113,Levasseur,Heather
114,Sawyer,Bertha
118,Miller,Michael
120,Green,Kim
120,Knapp,Kim
124,Dyer,John
125,Bailey,Paulette
125,Bailey,Richard
130,Himes,Tara
138,Kim,Harry
164,Newhouse,Denise
164,Newhouse,Sally
164,Newhouse,Christopher
165,Brooks,Diane
165,Meyer,Diane
170,Brandt,Ralph
171,Dwight,James
171,Henning,James
171,Pryor,James
171,Dwight,Kimberly
171,Henning,Kimberly
171,Pryor,Kimberly
184,Somogyi,Harold
204,Henderson,William
204,Britt,William
230,Clemente,Robert
230,Clemente,Jolene
232,Lanasa,Jason
265,Bryant,Ruth
265,Foster,Ruth
265,Bryant,Kimberly
265,Foster,Kimberly
266,Ward,Karl
270,Arneecher,John
272,Rhodes,Mary
272,Rhodes,Dorothy
273,Greenlief,Ruth
273,Hall,Ruth
276,Ledbetter,Theodore
276,Ledbetter,Ryan
278,Franzen,Steven
305,Davis,Donna
307,Andres,Mark
307,Mcfaul,Mark
309,Davis,Mary
314,Dickens,Crista
322,Valdovinos,Johnny
324,Edwards,Margaret
324,Martinez,Margaret
324,Edwards,Dolores
324,Martinez,Dolores
336,Butler,Charles
340,Marsh,Mary
356,Mccain,Joshua
362,Baver,George
378,Bair,William
378,Russ,William
378,Bair,Marie
378,Russ,Marie
387,Starr,Johnny
400,Pikula,Neil
408,Bonney,Michael
410,Hill,Amanda
415,Cromartie,Jerry
417,Munn,James
417,Munn,Frances
418,Long,Frederick
421,Steele,Mary
421,Steele,Heather
424,Wilson,Jeff
427,Brown,Delilah
431,Nelson,John
439,Logan,Raymond
439,Daugherty,Raymond
440,Chatman,Alfred
440,Chatman,Michael
442,Cripe,Emma
446,Hudson,Hugo
457,Daley,Lori
462,Barnett,Amanda
462,Barnett,William
466,Maymi,Marianela
466,Maymi,Hilary
470,Barkhimer,Annie
478,Mulherin,Glen
478,Mulherin,Priscilla
478,Mulherin,Larry
488,Anderson,Jeri
488,Winkler,Jeri
501,Rathke,Greg
523,Reed,Nereida
537,Hughes,Sophie
566,Mumaw,Yvonne
566,Mumaw,Cristal
570,Butler,Mary
573,Peters,Marc
578,Schrandt,Kevin
586,Crawford,Kirby
586,Favela,Kirby
586,Roach,Kirby
608,Kirby,Nannie
625,Harber,Ronald
625,Harber,Sean
636,Morris,Daniel
636,Bowens,Daniel
636,Lennox,Daniel
637,Holloway,Gregory
637,Holloway,Kimberly
644,Mayfield,Albertine
644,Mayfield,Matthew
647,Hadley,Florine
648,Roldan,Carmen
663,Skiver,Olivia
675,Gardener,Pat
686,Payne,Andrew
686,Payne,Rebecca
697,Hardy,Ronald
697,Hardy,Keith
697,Hardy,Melissa
709,Hayes,Frankie
709,Hayes,Lisa
718,Finch,Patricia
718,Mccormick,Patricia
721,Barnes,Joshua
726,Kim,Evan
726,Kim,Laura
728,Martin,James
743,Stickel,Mary
743,Morrow,Mary
751,Delgado,Timothy
752,Grimes,Diane
766,Villicana,Jose
767,Bales,Mildred
776,Kellstrom,Christopher
805,Cartright,Carol
813,Rodkey,Robert
815,Quezada,Michelle
815,Vargas,Michelle
831,Twyman,Caroline
836,Carnahan,Michael
861,Wright,Sherry
870,Mitchell,Bart
870,Burgess,Bart
878,Owens,Marcelino
905,Grams,Anthony
909,Grunder,Charles
911,Webb,James
911,Webb,Bill
911,Webb,Robert
914,Daugherty,Mary
915,Boles,Mervin
916,Jenkins,Theresa
917,King,Karen
917,Tartaglione,Karen
920,Weaver,Shu
920,Weaver,Dennis
920,Weaver,Lois
924,Bowe,Elizabeth
925,Bailey,Robert
925,Bailey,Diane
931,Martell,Frances
931,Martell,Jessie
935,Viverette,Steven
935,Viverette,Deborah
944,Jenkins,Tammy
944,Ward,Tammy
944,Jenkins,Henry
944,Ward,Henry
950,Barile,Whitney
950,Barile,Janel
953,Draper,Dennis
953,Stevens,Dennis
980,Nelson,David
984,Yawn,Julie
986,Benson,Earl
997,Jodon,Nina
1007,Philipp,Elizabeth
1018,Fortner,Terry
1021,Ovalle,Sandra
1025,Ramirez,Earl
1035,Hatton,Theodora
1035,Zamora,Theodora
1042,Schwartz,Lori
1045,Bacon,Mark
1052,Blackard,Jeannette
1052,Aldridge,Jeannette
1058,Daniels,Arlene
1058,Debuhr,Arlene
1067,Holsapple,Carolyn
1067,Holsapple,Carolyn
1077,Miller,Deanna
1078,Quinonez,James
1080,Wester,Richard
1084,Fine,Phillip
1084,Fine,Denise
1086,Cowan,George
1097,Pooley,Leonard
1110,Wick,Sergio
1116,Edwards,Charlotte
1116,Green,Charlotte
1118,Chennault,Stephen
1118,Gallagher,Stephen
1128,Holland,Anne
1132,Manzo,Jimmie
1150,White,Daniel
1157,Labo,Steve
1159,Travers,Lena
1171,Moore,Brenda
1174,Campbell,Rachelle
1178,Tienda,Samuel
1180,Brooks,Daniel
1182,Davis,Tanya
1184,Rice,Jack
1191,Johnston,Virgie
1208,Sawtelle,Charlie
1209,Glenn,Patricia
1212,Mayer,Jorge
1212,Mayer,Eva
1222,Hanavan,Kimberly
1236,Voigt,Deborah
1243,Digregorio,Glen
1246,Blaise,Rudy
1246,Emery,Rudy
1248,Edwards,Vivian
1250,Tienda,Richard
1250,Sisson,Richard
1266,Ulrich,Brittany
1271,Sanderson,Jeremy
1280,Whipple,Louis
1282,Devoy,Brenda
1286,Davis,Josephine
1286,Davis,Kathy
1289,Calvert,Dale
1324,Bumgardner,Lawrence
1325,Petty,Dixie
1332,Wilson,Joy
1351,Bove,Leon
1369,Passe,Nancy
1369,Passe,Ronald
1375,Peck,Donald
1381,Flores,Roscoe
1382,Beery,Mike
1382,Miller,Mike
1386,Carnes,Robert
1394,Marston,Jennifer
1410,Shulda,Lisa
1410,Shulda,Graciela
1419,Brown,William
1422,Cruz,Ernest
1422,Cruz,Shauna
1436,Ruiz,Robert
1461,Azim,Debra
1461,Blanton,Debra
1462,Montgomery,Michael
1462,Nielsen,Michael
1462,Hickey,Michael
1462,Montgomery,Jeanette
1462,Nielsen,Jeanette
1462,Hickey,Jeanette
1467,Thomas,Valeria
1484,Hensley,Roberta
1484,Hensley,Brenda
1484,Hensley,Richard
1502,Smith,Kimberly
1519,Goodson,Joseph
1522,Fraley,Alvin
1535,Urick,Walter
1535,Urick,Mario
1551,Cross,Fred
1551,Quinn,Fred
1570,Maye,Brooke
1571,Sprecher,Sally
1571,Sprecher,Jerry
1581,Elias,Jason
1592,Brown,Christine
1594,Smith,Ana
1594,Easter,Ana
1596,Benefield,Eva
1596,Scrudato,Eva
1600,Stover,Thomas
1611,Esqueda,Lewis
1622,Baker,Mary
1624,Estrada,Kimberlie
1628,Steller,Daniel
1631,Yeargin,Kristin
1636,Aadland,Ian
1636,Manns,Ian
1640,Bowey,Sharon
1643,Case,Esther
1643,Case,Michele
1647,Savoie,Kristen
1650,Johnson,Matthew
1683,Carroll,Ruth
1686,Lark,John
1686,Knapchuck,John
1689,Riblett,Jennifer
1698,Walter,Richard
1716,Quezad,Andrew
1716,Quezad,Marie
1717,Fuentes,Wesley
1717,Horton,Wesley
1717,Fuentes,Vincent
1717,Horton,Vincent
1729,Litton,Josephine
1732,Middlebrook,Ruby
1741,Meadows,Joann
1741,Jones,Joann
1748,Cooper,Ethel
1750,Abbe,James
1755,Campbell,Dorothy
1758,Swavely,Tabitha
1758,Murphy,Tabitha
1763,Ballew,Rebecca
1775,Tagliarini,Blanca
1775,Smith,Blanca
1775,Tagliarini,Eddie
1775,Smith,Eddie
1781,Fowler,Marsha
1783,Stremming,Mary
1784,Diaz,Doris
1792,Cavanagh,David
1794,Rodrequez,Kurtis
1794,Crum,Kurtis
1794,Rodrequez,Joseph
1794,Crum,Joseph
1797,Douglas,Stuart
1809,Odoms,Marie
1809,Zavala,Marie
1826,Cruz,Lauren
1842,Tidwell,Hollie
1842,Tidwell,Kathleen
1842,Tidwell,George
1846,Nine,Anna
1846,Riffe,Anna
1859,Harty,Robert
1859,Edmunds,Robert
1874,Blake,Anne
1878,Wong,Chris
1878,Long,Chris
1885,Cross,Anne
1888,Soto,Christopher
1888,Soto,Marilyn
1894,Paras,Stephen
1894,Paras,Kerri
1898,Barroso,Justin
1898,Leclair,Justin
1910,Whelton,Katherine
1910,Whelton,Hugh
1912,Buchauer,Albert
1916,Daniel,Willie
1932,Parham,Eugene
1937,Wilson,Martha
1957,Capps,Timothy
1964,Valencia,Rose
1965,Sawyer,Ted
1981,Mora,Krista
1981,Mora,Simona
1997,Ostrowski,Harlan
2000,Barbeau,Janet
2004,Schwing,Mary
2004,Schwing,Joelle
2017,Smalls,Ruth
2018,Raymo,Anthony
2018,Honeycutt,Anthony
2018,Barnes,Anthony
2021,Johnson,Michael
2021,Rockwood,Michael
2028,Clement,Robert
2031,Moers,Javier
2047,Richardson,Dennis
2047,Johnson,Dennis
2059,Powell,Hattie
2059,Powell,James
2065,Appleton,George
2069,Rizo,Samuel
2079,Leahy,Barry
2079,Leahy,Patrick
2087,Hollinger,Lisa
2095,Larkin,Jerry
2095,Giles,Jerry
2097,Hinds,Lonnie
2100,Johnson,Fred
2106,Keith,Carolyn
2108,Greene,Felipa
2113,Carlson,Sylvia
2122,Donaldson,Michael
2122,Donaldson,Kenneth
2125,Lowe,Jared
2140,Lunstrum,Timothy
2147,Rios,Craig
2153,Carrillo,Lenita
2155,Tracy,Russell
2156,Foulks,Becky
2156,Parker,Becky
2156,Foulks,John
2156,Parker,John
2178,West,Patrick
2178,Albin,Patrick
2183,Murphy,Emma
2184,Daniels,Mary
2184,Daniels,Daniel
2203,Bertrand,Eleanor
2206,Haitz,Tamika
2223,Swindle,Larry
2224,Marx,Guadalupe
2224,Shannon,Guadalupe
2238,Hernandez,Adam
2245,Margulis,Kerry
2246,Kreidel,Sam
2248,Hardman,Lucille
2248,Macmillan,Lucille
2258,Watland,William
2272,Beebee,Carl
2272,Beebee,Caitlin
2273,Wilson,Connie
2304,Rivera,Stanley
2304,Rivera,Terrance
2312,Furman,Arthur
2313,Lester,Virginia
2331,Bennington,Francis
2336,Mireles,Jeffrey
2344,Jones,Kimberly
2349,Rogge,Thomas
2353,Jones,Timothy
2355,Litchford,Samuel
2356,Evans,Melanie
2370,Kowalski,Sarah
2387,Richardson,Shelia
2404,Duke,Rose
2404,Fowler,Rose
2404,Duke,Amanda
2404,Fowler,Amanda
2412,Lozoya,Amy
2436,Goins,Rusty
2445,Bailey,Iona
2449,Cooksey,Renita
2458,Wright,Amanda
2463,Iannone,Allan
2465,Vasquez,Rene
2467,Mckenna,Emilio
2473,Johnson,Elaine
2479,Holt,Bernice
2490,Kearns,Timothy
2491,Winebrenner,Norman
2491,Hall,Norman
2501,Rodriguez,Carrie
2516,Snider,Flo
2520,Carter,Janelle
2521,Ramsey,Larry
2521,Holmes,Larry
2522,Dearing,Kim
2524,Sample,Billye
2533,Watkins,Audrey
2547,Dwyer,Shaquita
2547,Kuhn,Shaquita
2552,Burris,Linda
2552,Lanham,Linda
2552,Burris,Minnie
2552,Lanham,Minnie
2554,Tepper,Conrad
2554,Tepper,Andrea
2563,Torres,Antonio
2563,Williams,Antonio
2574,Thole,Nicole
2575,Merrigan,Edward
2612,Lyons,Elbert
2637,Scovil,Jessica
2638,Lobato,Dawn
2646,Brodes,Donald
2650,Goeltz,Paul
2654,Gordon,Kenneth
2654,Gordon,Krystyna
2678,Valdovinos,Daniel
2678,Roberts,Daniel
2679,Yohe,Grace
2679,Regalado,Grace
2688,Fleming,Velma
2691,Turley,Kenneth
2696,Killam,Henry
2696,Honse,Henry
2698,Davila,Timothy
2700,Mosley,Paul
2700,Reed,Paul
2707,Kennamore,Brenda
2707,Kennamore,Larry
2708,Clarkson,Donald
2717,Taylor,Lori
2722,Thompson,James
2723,Hendrix,Royce
2727,Bryant,Sarah
2733,Grant,Vickie
2749,Williams,Linda
2756,Foulks,William
2756,Foulks,Earl
2764,Haller,Deshawn
2786,Gant,Armando
2786,Fonseca,Armando
2786,Gant,Renae
2786,Fonseca,Renae
2792,Jameson,Leda
2798,Mccormack,Greta
2798,Mccormack,Patricia
2802,Groves,Louis
2817,Adams,Elizabeth
2817,Dombrowski,Elizabeth
2828,Hayes,Caleb
2839,Crane,Lawrence
2839,Crane,Jeffry
2840,Pope,Donald
2840,Pope,Richard
2841,Watkins,John
2841,Elder,John
2842,Brown,Leona
2848,Mathis,Martha
2849,Mcclain,Thomas
2854,Young,Kenny
2858,Perry,Brandon
2865,Coutts,Carolyn
2876,Dominguez,Kathryn
2876,Green,Kathryn
2876,Fennessey,Kathryn
2883,Snyder,Dora
2891,Grothe,Joe
2895,Smith,Kenneth
2896,Lambert,Luke
2905,Salvas,Teresa
2910,Binkley,David
2922,Scruggs,Daryl
2925,Gaither,Dennis
2925,Gaither,Nerissa
2928,Harris,Maria
2930,Gage,Patrick
2934,Simmons,Shane
2934,Simmons,Freida
2937,Kelly,Kathleen
2949,Luff,Tanya
2950,Manlangit,Jeniffer
2951,Jones,David
2951,Jones,Ashley
2960,Knapp,Trevor
2960,Ferber,Trevor
2968,Barton,Eric
2983,Rhodes,Kevin
2983,Rhodes,Robert
2990,Cuomo,Enda
2990,Hickman,Enda
1,Scott,Marlene
10,Krause,John
10,Andrews,John
10,Krause,Lorenza
10,Andrews,Lorenza
11,Hayden,Clarence
15,Billman,Rosemary
15,Billman,Thomas
24,Hernandez,Marjorie
27,Baber,Rita
27,Hanner,Rita
32,Mountain,Christine
32,Mountain,Pauline
35,Hammack,Darryl
35,Hammack,Barbara
40,Wand,Damon
44,Robinson,Antonette
50,Meek,Sarah
50,Meek,Rita
53,Thomason,John
88,Chojnacki,Mary
88,Kotas,Mary
90,Eldridge,Julie
90,Boykin,Julie
91,Montgomery,Christopher
95,Ruvalcaba,Irene
100,Mcgrath,James
108,Beck,Samuel
114,Roeder,Bertha
121,Lee,Alejandro
121,Lee,Marian
132,Carroll,Michael
132,Williams,Michael
139,Kimble,Vicki
143,Torris,Steven
143,Torris,George
157,Mickens,Ella
160,Richmond,Darryl
164,Costello,Denise
164,Costello,Sally
164,Costello,Christopher
165,Huddleston,Diane
167,Rushing,Joseph
176,Marshall,Samuel
189,Gonzalez,Sonia
197,Belisle,Waylon
197,Belisle,Ryan
205,Knowles,Rochelle
217,Basye,Veronica
217,Morel,Veronica
217,Basye,Suzanne
217,Morel,Suzanne
218,Oneill,Gilberto
218,Oneill,Peter
230,Poland,Robert
230,Poland,Jolene
232,Tallman,Jason
236,Moore,Esther
246,Winebarger,Maurice
259,Torres,Patrick
259,Causey,Patrick
263,Cotten,Cheryl
267,Garcia,Mary
270,Oneill,John
273,Campbell,Ruth
276,Walley,Theodore
276,Walley,Ryan
300,Simon,Kelvin
305,Watson,Donna
311,Johns,Karen
320,Jones,Mary
340,Haslam,Mary
340,Baker,Mary
351,Liebl,Benjamin
378,Gibson,William
378,Nichols,William
378,Gibson,Marie
378,Nichols,Marie
380,Hill,Tamica
384,Burrell,Robert
405,Nielsen,Robert
410,Brown,Amanda
410,Turner,Amanda
412,Leon,Thomas
412,Leon,Andrea
415,Wilson,Jerry
416,Webster,Jessica
417,Wallace,James
417,Wallace,Frances
424,Brustmann,Jeff
427,Stanley,Delilah
435,Kendig,Forrest
437,Jones,Marie
437,Obrien,Marie
442,Modica,Emma
446,Shultz,Hugo
449,Herrera,Dewitt
460,Stern,Amber
468,Medas,Todd
468,Molina,Todd
468,Medas,Shirley
468,Molina,Shirley
492,Wallace,Wanda
494,Flores,Adela
498,Holland,Edwardo
504,Meeks,Ronnie
524,Carrillo,Leslie
531,Goguen,Augustine
540,Wilson,Katherine
544,Hart,Steven
562,Cook,David
578,Newton,Kevin
593,Robinson,Kimberly
593,Robinson,Stephen
599,Blake,Jennifer
625,Madigan,Ronald
625,Madigan,Sean
629,Hills,Kristin
646,Bishop,Evelyn
650,Kuster,Anne
675,Kennedy,Pat
681,Johnson,Dorothy
686,Pinkard,Andrew
686,Pinkard,Rebecca
688,Ohare,Vicki
709,Ackerman,Frankie
709,Ackerman,Lisa
730,White,Virginia
736,Gore,David
749,Rainey,Joseph
761,Stone,Lori
762,Vaughn,Justin
762,Vaughn,Katherine
766,Frost,Jose
767,Anthony,Mildred
789,Allen,Jenny
805,Robards,Carol
812,Surber,Debra
812,Surber,Rebecca
813,Rosado,Robert
821,Lance,Lashonda
841,Gardenhire,Steven
841,Dunham,Steven
862,Mcgowen,Margaret
862,Marquez,Margaret
870,Stanford,Bart
877,Merkle,Patricia
881,Wingfield,Donald
881,Moskowitz,Donald
901,Begay,Joseph
905,Wood,Anthony
906,White,Thomas
914,Fleming,Mary
920,Nadeau,Shu
920,Hoff,Shu
920,Nadeau,Dennis
920,Hoff,Dennis
920,Nadeau,Lois
920,Hoff,Lois
924,Pierce,Elizabeth
926,Franklin,Ronald
926,Hsu,Ronald
931,Wimberly,Frances
931,Wimberly,Jessie
935,Pare,Steven
935,Pare,Deborah
936,Page,Diana
936,Elwell,Diana
940,Brasil,Tami
940,Johnson,Tami
950,Sattler,Whitney
950,Sattler,Janel
953,Dunn,Dennis
955,White,Randall
958,Meyer,Faye
958,Meyer,Sonja
972,Badgley,Maggie
973,Garcia,James
984,Smith,Julie
986,Mullen,Earl
1001,Sittre,Mike
1009,Pryor,Fay
1009,Lando,Fay
1017,Semaan,Barbara
1017,Miranda,Barbara
1021,Saunders,Sandra
1021,Helbling,Sandra
1026,Mitchell,Jesse
1030,Small,Tamara
1034,Lopez,Irwin
1034,Lopez,Maria
1042,Gunderman,Lori
1043,Florence,Louie
1043,Martinez,Louie
1043,Florence,Sherry
1043,Martinez,Sherry
1060,Dingess,Wayne
1070,Chun,Stephanie
1073,Tsasie,Juan
1080,Sargent,Richard
1086,Smith,George
1087,Cannon,Emerald
1097,Thompson,Leonard
1106,Cucuzza,Megan
1114,Barrows,Jessica
1115,Merlo,Glenda
1129,Fuentes,William
1129,Fuentes,Jim
1150,Stanley,Daniel
1165,Macri,Felicia
1174,Cason,Rachelle
1178,Thomas,Samuel
1183,Stewart,Earl
1183,Stewart,Rena
1187,Green,Christopher
1187,Green,Katherine
1188,Garcia,Tina
1188,Edwards,Tina
1189,Ball,Jose
1191,Blevins,Virgie
1191,Olufson,Virgie
1193,Negron,Richard
1193,Negron,Blanche
1200,Spears,Melissa
1207,Mccormick,Johnny
1241,Hunter,Diana
1243,Rodriguez,Glen
1258,Irizarry,Peggy
1262,Flanders,Katie
1278,Comer,Helen
1279,Buckner,Shawna
1279,Buckner,John
1295,Keister,Jon
1306,Mitchell,Willie
1324,Harris,Lawrence
1333,Hoyt,Robert
1333,Hoyt,Walter
1342,Haines,Tony
1351,Harris,Leon
1360,Orduno,Thurman
1367,Nicklas,Sam
1380,Dargis,Cynthia
1383,Franks,Joseph
1390,Hawkins,Patricia
1391,Eiselein,Billie
1392,Townsend,Thomas
1398,Baker,Stacy
1407,Melnick,Mary
1407,Farnsworth,Mary
1407,Melnick,Brenda
1407,Farnsworth,Brenda
1413,Bradshaw,Lucy
1413,Hayes,Lucy
1416,Herrington,Karen
1420,Miesner,Kent
1420,Duncan,Kent
1426,Benton,Linda
1431,Hurst,Clarence
1431,Hurst,Patricia
1436,Ballester,Robert
1440,Lynch,Grace
1442,Soles,Jennifer
1442,Soles,Max
1444,Clark,Lupita
1465,Hillebrandt,Donald
1465,Ware,Donald
1471,Mccrystal,Chad
1483,Redd,Latrice
1505,Givens,Kendall
1505,Murray,Kendall
1522,Johnson,Alvin
1522,Sisk,Alvin
1527,Peterson,Monique
1535,Landis,Walter
1535,Landis,Mario
1536,Voyles,Tracy
1536,Benton,Tracy
1543,Souders,Michael
1547,Davis,Erin
1547,Davis,John
1553,Harper,Matthew
1558,Lopez,Stacy
1558,Lopez,Adam
1570,Sanders,Brooke
1573,Tamayo,Steven
1581,Beauchamp,Jason
1581,Darnstaedt,Jason
1588,Mccarty,James
1589,Espinoza,Crystal
1591,Washington,Ronald
1591,Piro,Ronald
1596,Williams,Eva
1600,Williams,Thomas
1605,Banks,Jennifer
1613,Burchill,Thomas
1613,Burchill,Gordon
1616,Rivera,Lisa
1628,Braun,Daniel
1630,Lizarraga,Ann
1630,Wood,Ann
1636,Burke,Ian
1638,Jones,Alan
1638,Parker,Alan
1638,Jones,Amy
1638,Parker,Amy
1643,Arroyo,Esther
1643,Arroyo,Michele
1653,Lambert,Janet
1659,Griffin,Linda
1674,Swindell,Milagros
1675,Barrow,Rose
1679,Page,Jacob
1680,Bradley,Robert
1683,Morse,Ruth
1686,Joyner,John
1706,Hartford,Maureen
1709,Smith,James
1709,Patterson,James
1718,Cronin,Paul
1719,Dunkel,Sarah
1732,Valencia,Ruby
1732,Putnam,Ruby
1736,Carrell,Evelyn
1741,Lopes,Joann
1742,Quintana,George
1748,Travis,Ethel
1750,Jennings,James
1755,Hatchett,Dorothy
1759,Mccorry,Robert
1766,Parrales,Mitchell
1771,Vang,Pedro
1771,Miller,Pedro
1772,Robertson,Glen
1792,Wood,David
1796,Opperman,Dianne
1796,Robinette,Dianne
1799,Greer,Timothy
1833,Perez,Jack
1836,Garcia,Pamela
1836,Dobbins,Pamela
1836,Garcia,William
1836,Dobbins,William
1837,Austell,Gregory
1842,Hackett,Hollie
1842,Hackett,Kathleen
1842,Hackett,George
1844,Joseph,Janis
1845,Torbert,Irma
1845,Roberts,Irma
1845,Torbert,Patti
1845,Roberts,Patti
1846,Groce,Anna
1846,Walsh,Anna
1873,Santistevan,Leona
1875,Gibbs,Althea
1893,Daugherty,John
1898,Oneal,Justin
1900,Paul,Mario
1910,Vandusen,Katherine
1910,Vandusen,Hugh
1928,Martin,David
1932,Lauritzen,Eugene
1957,Keeler,Timothy
1970,Phillips,Linda
1975,Jones,Kathy
1977,Johns,John
1977,Smith,John
1986,Beasley,Kyle
1986,Beasley,Kenneth
1988,Morrison,Susan
1988,Dipasquale,Susan
1989,Johnson,Nicole
1989,Johnson,William
1991,Frank,Gene
1994,Allison,Judith
2005,Munnerlyn,David
2029,Jobson,Michael
2029,Bowers,Michael
2036,Witcher,Nelda
2036,Witcher,Deborah
2047,Knowles,Dennis
2048,Ramsey,Hal
2059,Keehn,Hattie
2059,Keehn,James
2063,Davis,Christina
2065,Roley,George
2096,Young,Michael
2096,Young,Tania
2097,Meyers,Lonnie
2119,Figueroa,Tracy
2119,Woodyard,Tracy
2122,Kilgore,Michael
2122,Kilgore,Kenneth
2125,Kemppainen,Jared
2140,Mays,Timothy
2145,Evans,Donald
2153,Wright,Lenita
2157,Verret,Lillian
2162,Tierney,Keith
2163,Bishop,Peg
2163,Pugmire,Peg
2172,Estabrook,David
2187,Smith,Ashley
2187,Smith,Daniel
2198,Reach,Elva
2199,Chambers,Lillie
2211,Woody,Rashida
2211,Green,Rashida
2220,Harmon,Patrick
2224,Salvador,Guadalupe
2248,Whetstone,Lucille
2258,Mercer,William
2258,Andersson,William
2271,Shibuya,Margarita
2271,Terry,Margarita
2272,Blount,Carl
2272,Blount,Caitlin
2286,Hopkins,Eunice
2302,Ashburn,Edith
2308,Magana,Edward
2312,Osborne,Arthur
2312,Allen,Arthur
2313,Tomita,Virginia
2314,Rock,Eric
2314,Huntington,Eric
2330,Nadeau,Georgia
2346,Zappa,Pamela
2346,Anello,Pamela
2355,Carter,Samuel
2356,Young,Melanie
2362,Stec,Jennifer
2368,Mack,Anthony
2379,Stewart,Chantelle
2381,Chamberlain,Ron
2381,Chamberlain,Judy
2386,Busch,Ashley
2387,Murphy,Shelia
2393,Rayborn,Aida
2425,Haaf,Larry
2445,Delarosa,Iona
2449,Williams,Renita
2454,Hollandsworth,Velia
2465,Thomas,Rene
2465,Norris,Rene
2467,Mclean,Emilio
2472,Degnan,Mary
2474,Mcnolty,Katrina
2474,Pankratz,Katrina
2475,Gadd,Kevin
2475,Gadd,Kevin
2481,Duncan,Jenee
2481,Mccutcheon,Jenee
2481,Balde,Jenee
2486,Mcguire,Linda
2486,Evans,Linda
2490,Labbie,Timothy
2494,Sloan,Retha
2494,Duplessis,Retha
2494,Huseth,Retha
2494,Sloan,Joyce
2494,Duplessis,Joyce
2494,Huseth,Joyce
2499,Thompson,Tressa
2503,Wolsted,Joshua
2503,Thompson,Joshua
2516,Brunk,Flo
2520,Salinas,Janelle
2521,Mcgowan,Larry
2524,Rowell,Billye
2529,Herbert,Shannon
2546,Edison,Betty
2547,Confalone,Shaquita
2547,Rice,Shaquita
2560,Rinehart,Tasha
2563,Buster,Antonio
2575,Lloyd,Edward
2580,Chase,Michael
2580,Caruso,Michael
2588,Freeman,David
2594,Schreffler,Barbara
2594,Schreffler,Dennis
2597,Chavis,Lynda
2605,Federico,William
2618,Reeves,Eleanor
2618,Colon,Eleanor
2618,Reeves,William
2618,Colon,William
2623,Woolley,Alicia
2623,Vance,Alicia
2623,Spencer,Alicia
2626,Price,Jeff
2626,Portis,Jeff
2638,Benton,Dawn
2648,Shea,Ashley
2649,Penland,Lawrence
2649,Garcia,Lawrence
2650,Jensen,Paul
2654,Bernal,Kenneth
2654,Bernal,Krystyna
2662,Scott,Philip
2677,Gaskin,Tracey
2677,Hill,Tracey
2679,Fuqua,Grace
2687,Dias,Robert
2691,Schafer,Kenneth
2698,Leonard,Timothy
2700,Emory,Paul
2705,Grimes,Linda
2705,Brittain,Linda
2712,Kellar,Kenneth
2718,Butler,James
2725,Wagner,Steven
2726,Atkins,Mark
2726,Roberts,Mark
2726,Atkins,Tina
2726,Roberts,Tina
2727,Jackson,Sarah
2761,Cross,Susan
2765,Secrist,Kenneth
2787,Johnson,Walter
2797,Klyce,Robin
2798,Corradino,Greta
2798,Corradino,Patricia
2810,Hodgdon,Lynn
2811,Davis,Augustine
2812,Driver,Erika
2815,Poteat,Wayne
2824,Kimbrough,Cathi
2825,Mcguire,Lizzie
2828,Lieb,Caleb
2831,Brown,Beulah
2840,Watson,Donald
2840,Watson,Richard
2841,Marsaw,John
2842,Barker,Leona
2843,Lewis,Jeremy
2843,Lewis,Lloyd
2848,Abramowski,Martha
2854,Sonoski,Kenny
2868,Castro,Anthony
2868,Castro,Shalonda
2880,Upchurch,Glenn
2883,Cuomo,Dora
2884,Provino,Bryan
2886,Bell,Sara
2888,Bartkowiak,Wendy
2895,Rees,Kenneth
2905,Evans,Teresa
2920,Davis,David
2921,Jones,Elizabeth
2921,Andrews,Elizabeth
2925,Thomas,Dennis
2925,Thomas,Nerissa
2926,Ferretti,Jesse
2926,Ferretti,Richard
2950,Dunn,Jeniffer
2950,Wilkie,Jeniffer
2958,Cimini,Erlinda
2968,Estrada,Eric
2975,Rice,Lisa
2977,Mickle,Kathleen
2981,Johnson,Wanda
2983,Monaghan,Kevin
2983,Monaghan,Robert
8,Furukawa,Kimberly
10,Ritter,John
10,Ritter,Lorenza
11,Berger,Clarence
22,Mayhugh,Brandon
22,Grey,Brandon
24,Johnson,Marjorie
35,Nastasi,Darryl
35,Nastasi,Barbara
40,Hatfield,Damon
50,Means,Sarah
50,Means,Rita
51,Rodriguez,John
51,Sprague,John
53,Lambert,John
65,Cates,Terence
65,Cates,Arthur
70,Gregory,Rhonda
78,Wiedenheft,Carl
89,Willson,Theodore
89,Youngs,Theodore
94,Carson,Omar
94,Mclean,Omar
98,Braun,Mindy
98,Braun,Sandy
114,Fisher,Bertha
118,Lewis,Michael
121,Guerrant,Alejandro
121,Guerrant,Marian
138,Moore,Harry
143,Velasquez,Steven
143,Velasquez,George
149,Shrefler,Rachel
149,Shrefler,Holly
160,Quan,Darryl
170,Saenphimmacha,Ralph
174,Hill,Casey
184,Jones,Harold
197,French,Waylon
197,French,Ryan
201,Wolf,Bonnie
213,Rios,Rodolfo
216,Thielman,Jerry
218,Varel,Gilberto
218,Varel,Peter
230,Sanchez,Robert
230,Sanchez,Jolene
232,Branch,Jason
244,Leonard,Nicholas
244,Thompson,Nicholas
246,Gasaway,Maurice
256,Guzman,Roland
256,Guzman,Carlos
265,Wilford,Ruth
265,Vidinha,Ruth
265,Wilford,Kimberly
265,Vidinha,Kimberly
267,Cano,Mary
270,Ojeda,John
276,Gardner,Theodore
276,Gardner,Ryan
279,Kosse,Eric
300,Maddox,Kelvin
301,Thomas,Adam
301,Hibbard,Adam
301,Thomas,Pamela
301,Hibbard,Pamela
311,Bowland,Karen
314,Polanco,Crista
314,Luiz,Crista
318,Hoban,Ronald
320,Erlewine,Mary
321,Shaw,Laura
324,Washington,Margaret
324,Washington,Dolores
336,Crowe,Charles
336,Embry,Charles
356,Sylvester,Joshua
356,Werner,Joshua
359,Tucker,Geraldine
374,James,James
379,Sheffield,Roger
379,Matesic,Roger
379,Sheffield,Jose
379,Matesic,Jose
380,Gerber,Tamica
384,Capo,Robert
395,Henson,Wanda
395,Henson,Stacey
409,Moreno,Gertrude
416,Church,Jessica
418,Anderson,Frederick
419,Archer,Jesse
430,Leal,Ray
431,Nolting,John
431,Funes,John
436,Dellinger,Marjorie
440,Louis,Alfred
440,Frech,Alfred
440,Louis,Michael
440,Frech,Michael
441,Thompson,Charmaine
449,Dickson,Dewitt
451,Malley,Joyce
458,Elliott,Lester
468,Perkins,Todd
468,Poundstone,Todd
468,Perkins,Shirley
468,Poundstone,Shirley
470,Whirry,Annie
473,Baltimore,Glen
477,Long,William
477,Long,Debra
477,Long,Keith
478,Bass,Glen
478,Bass,Priscilla
478,Bass,Larry
483,Bernal,Anthony
492,Chapin,Wanda
503,Daggett,Mary
503,Emrick,Mary
504,Starrett,Ronnie
560,Goings,Shawna
573,Smith,Marc
574,Salisbury,Carmen
574,Salisbury,Sue
586,Sackal,Kirby
592,Burke,Kelly
595,Wiggins,Betty
597,Streett,Krista
603,Gassaway,Carolyn
608,Kirkwood,Nannie
624,Matson,Warren
624,Quinn,Warren
625,Maresco,Ronald
625,Schneider,Ronald
625,Maresco,Sean
625,Schneider,Sean
644,Holmes,Albertine
644,Holmes,Matthew
648,Louis,Carmen
687,Harris,Courtney
687,Campbell,Courtney
718,Washburn,Patricia
718,Alexander,Patricia
726,Mcmullen,Evan
726,Bane,Evan
726,Mcmullen,Laura
726,Bane,Laura
728,Isbell,James
735,Streeter,Jim
737,Ball,William
741,Goya,Laurel
751,Thompson,Timothy
752,Tibbs,Diane
761,Given,Lori
762,Rodriguez,Justin
762,Rodriguez,Katherine
766,Everett,Jose
766,Ortiz,Jose
767,Greene,Mildred
793,Wolf,Anthony
798,Crites,Stewart
804,Kuczenski,Brian
805,Maldanado,Carol
812,Herman,Debra
812,Herman,Rebecca
814,Ketcher,Susan
821,Kirk,Lashonda
841,Perry,Steven
841,Pruitt,Steven
867,Godeaux,Juan
871,Maher,Stanley
871,Maher,Paul
871,Maher,Nellie
877,Higby,Patricia
879,Aponte,Kimberly
879,Vick,Kimberly
886,Crowley,Albert
889,Franck,Karl
898,Carrizales,John
898,Carrizales,Mary
904,Gilliam,Garland
909,Black,Charles
910,Behrens,Edna
911,Lopez,James
911,Lopez,Bill
911,Lopez,Robert
915,Wicker,Mervin
915,Beasley,Mervin
916,Carter,Theresa
924,Woods,Elizabeth
924,Jackson,Elizabeth
925,Ward,Robert
925,Ward,Diane
926,Wallace,Ronald
950,George,Whitney
950,George,Janel
972,Howell,Maggie
997,Zamora,Nina
1000,Williams,Troy
1009,Williams,Fay
1017,Devens,Barbara
1018,Wood,Terry
1025,Muller,Earl
1026,Grossman,Jesse
1026,Williams,Jesse
1030,Halvorson,Tamara
1030,Semien,Tamara
1034,Carroll,Irwin
1034,Carroll,Maria
1035,Sawicki,Theodora
1042,Edwards,Lori
1042,Master,Lori
1043,Mallard,Louie
1043,Mallard,Sherry
1045,Tanimoto,Mark
1055,Little,Charles
1055,Smith,Charles
1055,Little,Willie
1055,Smith,Willie
1064,Reynolds,Carlos
1080,Mehling,Richard
1097,Notis,Leonard
1119,Crockett,Matthew
1119,Roberts,Matthew
1119,Crockett,Murray
1119,Roberts,Murray
1122,Cashdollar,Alana
1127,Krefft,Lamont
1129,Warren,William
1129,Warren,Jim
1132,Criswell,Jimmie
1158,Cameron,Joseph
1158,Wrobel,Joseph
1159,Cosgrove,Lena
1161,Reyna,Curtis
1165,Kelley,Felicia
1171,Hyslop,Brenda
1197,Bradbury,Yun
1204,Millington,Roland
1204,Presley,Roland
1209,Obrien,Patricia
1212,Barks,Jorge
1212,Barks,Eva
1224,Myers,Joe
1234,Demma,Kyle
1248,Nagata,Vivian
1250,Smith,Richard
1257,Cordova,Donald
1258,Charity,Peggy
1271,Franzen,Jeremy
1272,Ramos,John
1273,Mosconi,Robert
1278,Sallee,Helen
1282,Reed,Brenda
1289,Sanchez,Dale
1289,Smith,Dale
1324,Mills,Lawrence
1336,Jackson,Audrey
1342,Henry,Tony
1349,Mcgrath,Nicholas
1349,Mortimer,Nicholas
1349,Mcgrath,Jacqueline
1349,Mortimer,Jacqueline
1350,Printup,Francisco
1351,Dodson,Leon
1363,Gile,Abby
1363,Mitchell,Abby
1370,Conley,Mary
1375,Kelly,Donald
1381,Bolt,Roscoe
1381,Moore,Roscoe
1382,Metheney,Mike
1386,Cooper,Robert
1386,Cooke,Robert
1390,Fox,Patricia
1413,Scholer,Lucy
1420,Miller,Kent
1422,Newberry,Ernest
1422,Newberry,Shauna
1429,Johnson,Vicki
1434,Pennell,Erik
1434,Pennell,Steve
1442,Hernandez,Jennifer
1442,Lank,Jennifer
1442,Hernandez,Max
1442,Lank,Max
1444,Knight,Lupita
1484,Matthews,Roberta
1484,Matthews,Brenda
1484,Matthews,Richard
1494,Comeaux,Robert
1494,Coleman,Robert
1494,Comeaux,Stacey
1494,Coleman,Stacey
1514,Sawyer,Mary
1517,Maldonado,Mark
1522,Greenman,Alvin
1527,Walker,Monique
1537,Thomas,Joseph
1547,Thivierge,Erin
1547,Thivierge,John
1551,Bernardo,Fred
1558,Moser,Stacy
1558,Moser,Adam
1559,Vides,Raymond
1559,Vides,Pamela
1562,Varner,Ramiro
1562,Varner,Ariel
1562,Varner,Edwin
1570,Dodd,Brooke
1591,Stacy,Ronald
1592,Dunn,Christine
1616,Ward,Lisa
1624,Johnson,Kimberlie
1628,Sjolander,Daniel
1630,Cobb,Ann
1635,Vavra,Rosa
1635,Sherwood,Rosa
1640,Borgen,Sharon
1640,Dingee,Sharon
1644,Brock,Archie
1646,Brown,Althea
1653,Hinrichs,Janet
1657,Simpson,Nicholas
1659,Harris,Linda
1665,Mckenzie,Judy
1665,Patel,Judy
1674,Sanyaro,Milagros
1680,Goins,Robert
1683,Mcaleer,Ruth
1701,Yan,John
1712,Morrill,Steve
1715,Stephenson,Charlene
1719,Dressler,Sarah
1722,Williams,Lonnie
1727,Shapiro,Rachel
1727,Danforth,Rachel
1727,Shapiro,Victoria
1727,Danforth,Victoria
1735,Garza,Jason
1736,Pollard,Evelyn
1748,Banks,Ethel
1762,Young,Lily
1766,Wicklund,Mitchell
1766,Bluestein,Mitchell
1772,Stemple,Glen
1783,Prehn,Mary
1783,Sanchez,Mary
1783,Fryer,Mary
1784,Thompson,Doris
1794,Charles,Kurtis
1794,Charles,Joseph
1826,Sample,Lauren
1828,Barrett,Norman
1828,Forbes,Norman
1828,Wangler,Norman
1836,Spiker,Pamela
1836,Gomes,Pamela
1836,Spiker,William
1836,Gomes,William
1837,Love,Gregory
1841,Martino,Edward
1842,Clark,Hollie
1842,Clark,Kathleen
1842,Clark,George
1843,Cada,Shari
1859,Brigman,Robert
1875,Radford,Althea
1878,Rall,Chris
1878,Sanchez,Chris
1881,Schmitmeyer,Pearl
1885,Gutirrez,Anne
1891,Denny,Barbara
1894,Ellender,Stephen
1894,Ellender,Kerri
1895,Hall,Michael
1898,Martins,Justin
1900,Miles,Mario
1904,Newkirk,Raymond
1904,Warner,Raymond
1904,Newkirk,Robert
1904,Warner,Robert
1916,Cody,Willie
1945,Johnson,Paul
1945,Johnson,Flora
1950,Allen,John
1951,Kite,Bruce
1951,Mcdowell,Bruce
1954,Caraballo,Edwin
1954,Halloran,Edwin
1964,Burch,Rose
1965,Oneal,Ted
1975,Hein,Kathy
1978,Capobianco,Diana
1978,Capobianco,Cecile
1979,August,Wanda
1981,Johnson,Krista
1981,Johnson,Simona
1985,Gardner,Roberto
1985,Herrera,Roberto
1985,Gardner,Sarah
1985,Herrera,Sarah
1988,Hipsher,Susan
1989,Peters,Nicole
1989,Peters,William
2002,Barrett,Terrell
2004,Rickman,Mary
2004,Rickman,Joelle
2005,Marier,David
2007,Bumgarner,Angel
2012,Smith,Rebecca
2012,Hunter,Rebecca
2018,Thomas,Anthony
2021,Lawson,Michael
2031,Turner,Javier
2033,Gregorio,Olga
2035,Hall,Daniel
2037,Mellow,John
2057,Simmons,Scott
2059,Barton,Hattie
2059,Barton,James
2063,Briones,Christina
2065,Xie,George
2065,Thomes,George
2075,Buckner,Marcus
2079,Reddicks,Barry
2079,Reddicks,Patrick
2087,Chandler,Lisa
2087,Hernandez,Lisa
2094,Spiers,Henry
2095,Johnson,Jerry
2097,Sullivan,Lonnie
2102,Camden,John
2108,Bales,Felipa
2113,Schubert,Sylvia
2122,Green,Michael
2122,Green,Kenneth
2140,Crume,Timothy
2145,Pille,Donald
2157,Delamora,Lillian
2160,Ray,Mary
2181,Dougal,William
2184,Tusa,Mary
2184,Tusa,Daniel
2197,Dejesus,Melba
2198,Sansone,Elva
2198,Lopez,Elva
2198,Moss,Elva
2207,Blake,Ramona
2207,Rogan,Ramona
2219,Mcquay,Zachary
2220,Levy,Patrick
2246,Zimmerman,Sam
2261,Self,Larry
2264,Oneill,Kate
2269,Peterson,William
2269,Everson,William
2271,Cummins,Margarita
2273,Lambert,Connie
2276,Daigle,Kasey
2276,Suh,Kasey
2292,Hirkaler,Michael
2292,Earheart,Michael
2304,Mentz,Stanley
2304,Mentz,Terrance
2305,Huber,Maria
2309,Vaccaro,Lucille
2312,Davidson,Arthur
2319,Gunning,Linda
2331,Nunez,Francis
2335,Ortega,Vickie
2349,Mcgurk,Thomas
2355,White,Samuel
2368,Anderson,Anthony
2370,Wade,Sarah
2380,Vickers,Bob
2387,Casey,Shelia
2387,Mitchell,Shelia
2412,Verstraete,Amy
2436,Distasio,Rusty
2447,Dorsey,Trudy
2466,Walters,Terrence
2466,Ivey,Terrence
2473,Owston,Elaine
2475,Richardson,Kevin
2475,Richardson,Kevin
2479,Fabian,Bernice
2486,Standley,Linda
2501,Murphy,Carrie
2507,Sams,Hazel
2511,Witt,Shannon
2516,Gore,Flo
2523,Allen,Jim
2532,Witter,Rebecca
2537,Bell,Glenda
2540,Byer,Robert
2540,Byer,Cheryl
2543,Zohn,Augustus
2552,Stokes,Linda
2552,Stokes,Minnie
2559,Schneider,Michael
2560,Pullen,Tasha
2575,Williams,Edward
2576,Baillie,Gidget
2588,Yamashita,David
2605,Stewart,William
2606,Vy,Gary
2612,Canelo,Elbert
2614,Clark,Carl
2614,Clark,Robert
2633,Vanalstyne,David
2649,Racki,Lawrence
2650,Anderson,Paul
2659,House,Harold
2675,Alvarez,Douglas
2678,Howarth,Daniel
2689,Bigelow,Lahoma
2696,Vizcarra,Henry
2706,Terrell,Ted
2707,Vinson,Brenda
2707,Vinson,Larry
2708,Franklin,Donald
2712,Woods,Kenneth
2722,Mitchel,James
2722,Ruiz,James
2723,Price,Royce
2725,Wilson,Steven
2726,Salisbury,Mark
2726,Salisbury,Tina
2756,Todd,William
2756,Todd,Earl
2768,Worth,Sharon
2770,Leslie,Eddie
2786,Egan,Armando
2786,Egan,Renae
2787,Williams,Walter
2798,Quan,Greta
2798,Quan,Patricia
2800,Little,Joseph
2802,Birge,Louis
2810,Webb,Lynn
2811,Thruston,Augustine
2824,Brady,Cathi
2825,Custer,Lizzie
2825,Graham,Lizzie
2825,Hodosy,Lizzie
2835,Reyes,Diane
2835,Reyes,Kurt
2849,Fifield,Thomas
2849,Johnson,Thomas
2852,Walsh,Tabitha
2858,Ditullio,Brandon
2865,Pineda,Carolyn
2865,Blanco,Carolyn
2867,Yee,Jena
2867,Acker,Jena
2876,Kennedy,Kathryn
2880,Oliver,Glenn
2883,Griffin,Dora
2884,Miner,Bryan
2886,Henning,Sara
2886,Anderson,Sara
2886,Garibay,Sara
2888,Rieth,Wendy
2909,Spicer,Helen
2909,Spicer,Helena
2910,Loree,David
2915,Oneal,Willa
2925,Woods,Dennis
2925,Woods,Nerissa
2949,Rauser,Tanya
2950,Stewart,Jeniffer
2957,Colone,Joanna
2960,Long,Trevor
2960,Chandler,Trevor
2965,Baghdasarian,Bertha
2965,Serrano,Bertha
2975,Bingham,Lisa
2987,Davidson,Candace
2991,Brooks,Cliff
0,Toller,Ann
0,Brown,Ann
1,Zaragoza,Marlene
2,Choiniere,Mary
3,Madrid,Christopher
3,Bade,Christopher
8,Schilling,Kimberly
11,Taylor,Clarence
17,Salter,Kennith
17,Weston,Kennith
32,Bennett,Christine
32,Foss,Christine
32,Bennett,Pauline
32,Foss,Pauline
47,Keith,Tonya
50,Adamson,Sarah
50,Adamson,Rita
51,Presnell,John
61,Ray,Melanie
61,Potocki,Melanie
61,Tate,Melanie
78,Nichols,Carl
85,Murray,Michael
88,Mckinley,Mary
89,Mccutcheon,Theodore
90,Anderson,Julie
97,Mabe,Carrie
100,Ditman,James
108,Dyer,Samuel
121,Thompson,Alejandro
121,Thompson,Marian
123,Lehrman,Michael
132,Williams,Michael
136,Musumeci,Adrienne
149,Laws,Rachel
149,Laws,Holly
157,Vitucci,Ella
167,Hooper,Joseph
167,Kelley,Joseph
184,Garrett,Harold
197,Cooper,Waylon
197,Cooper,Ryan
201,Thomas,Bonnie
204,Springfield,William
216,Hyde,Jerry
232,Stevens,Jason
248,Brown,Venessa
250,Presley,Donna
256,Council,Roland
256,Council,Carlos
262,Freeman,Edgar
272,Tate,Mary
272,Tate,Dorothy
273,Townsend,Ruth
318,Rodriguez,Ronald
321,Reynolds,Laura
324,Ferrell,Margaret
324,Ferrell,Dolores
335,Stone,Marta
347,Zediker,Gary
351,Putnam,Benjamin
356,Mccarthy,Joshua
362,Abston,George
364,Krieger,Mark
374,Dean,James
384,Davis,Robert
387,Wynn,Johnny
395,Brown,Wanda
395,Brown,Stacey
408,Clark,Michael
410,Mcphatter,Amanda
413,Cathcart,Ardis
416,Bassetti,Jessica
421,Chipps,Mary
421,Whitten,Mary
421,Chipps,Heather
421,Whitten,Heather
425,Greene,Rex
429,Talib,Mark
435,Middendorf,Forrest
439,Riley,Raymond
440,Cairns,Alfred
440,Cairns,Michael
441,Hughes,Charmaine
449,Kenyon,Dewitt
451,Roderiquez,Joyce
457,Ford,Lori
457,Jordan,Lori
460,Davis,Amber
466,Huntley,Marianela
466,Huntley,Hilary
470,Murray,Annie
473,Burge,Glen
476,Massie,Kimberly
477,Sundermeyer,William
477,Sundermeyer,Debra
477,Sundermeyer,Keith
482,Carter,Rodney
483,Frank,Anthony
488,Cohen,Jeri
511,Gonzales,Earl
511,Clark,Earl
523,Morgan,Nereida
524,Pannell,Leslie
540,Lacombe,Katherine
553,Shephard,John
566,Nolen,Yvonne
566,Nolen,Cristal
574,Johnson,Carmen
574,Johnson,Sue
595,Simmons,Betty
603,Thompson,Carolyn
608,Davis,Nannie
624,Brown,Warren
632,Raybon,Rebecca
646,Norman,Evelyn
647,Symonds,Florine
650,Teague,Anne
652,Debose,Nicholas
652,Palen,Nicholas
655,Howell,Carolyn
662,Holm,Darren
663,Varella,Olivia
681,Copley,Dorothy
686,Crawford,Andrew
686,Crawford,Rebecca
688,Pelham,Vicki
688,Corpus,Vicki
688,Almonte,Vicki
705,Haneke,James
705,Bussell,James
709,Walker,Frankie
709,Travis,Frankie
709,Walker,Lisa
709,Travis,Lisa
727,Weaver,Milton
728,Harrison,James
728,Mulvey,James
735,Vivier,Jim
736,Cornejo,David
743,Bray,Mary
752,Spence,Diane
752,Guerrero,Diane
761,Plamondon,Lori
762,Wilton,Justin
762,Mcbride,Justin
762,Wilton,Katherine
762,Mcbride,Katherine
776,Walther,Christopher
783,Bueckers,Gertude
788,Warren,Edward
794,Hanson,Pamela
798,Bubert,Stewart
804,Bonner,Brian
812,Easterling,Debra
812,Rosa,Debra
812,Easterling,Rebecca
812,Rosa,Rebecca
813,Coward,Robert
821,Alexander,Lashonda
831,Machado,Caroline
833,Gaden,Daniel
833,Thomas,Daniel
836,Petti,Michael
837,Greenlee,Daniel
837,Ware,Daniel
862,Williams,Margaret
865,Wallace,Manuel
871,Morin,Stanley
871,Richard,Stanley
871,Morin,Paul
871,Richard,Paul
871,Morin,Nellie
871,Richard,Nellie
876,Gullo,Mary
881,Blanton,Donald
883,Sigmon,Diana
889,Patterson,Karl
897,Dacosta,Crystal
909,Nichols,Charles
911,Carrasco,James
911,Carrasco,Bill
911,Carrasco,Robert
916,Gore,Theresa
916,Hayes,Theresa
925,Belisle,Robert
925,Belisle,Diane
926,Tiner,Ronald
928,Loughry,Joshua
928,Barba,Joshua
934,Daub,Mark
938,Mckeever,Rosalind
938,Mckeever,Frances
949,Moss,George
955,Winstead,Randall
972,Sparks,Maggie
976,Painter,Santiago
984,Brannan,Julie
984,Mullins,Julie
1014,Jeffers,Henrietta
1019,Anderson,Morgan
1025,Paci,Earl
1031,Ulmer,Milagros
1035,Thomasson,Theodora
1049,Marana,Micheal
1051,Morris,Dana
1053,Stein,Catherine
1058,Eikenberry,Arlene
1067,Mathes,Carolyn
1067,Mathes,Carolyn
1086,Bachelor,George
1087,Edwards,Emerald
1114,Garcia,Jessica
1118,Lingberg,Stephen
1119,Bohland,Matthew
1119,Fortner,Matthew
1119,Bohland,Murray
1119,Fortner,Murray
1139,Robinson,Lois
1139,Branstetter,Lois
1139,Robinson,Darryl
1139,Branstetter,Darryl
1150,Padilla,Daniel
1153,Backus,Pete
1165,Johansen,Felicia
1165,Sifuentes,Felicia
1171,Szabat,Brenda
1174,Rounds,Rachelle
1178,Robledo,Samuel
1180,Neil,Daniel
1182,Hernandez,Tanya
1182,Fritz,Tanya
1183,Poche,Earl
1183,Poche,Rena
1187,Winter,Christopher
1187,Winter,Katherine
1188,Mellott,Tina
1188,Johnson,Tina
1193,Romero,Richard
1193,Romero,Blanche
1207,Farrell,Johnny
1209,Francis,Patricia
1224,Lewis,Joe
1236,Horton,Deborah
1243,Cormier,Glen
1243,Banks,Glen
1246,Dvorak,Rudy
1248,Anderson,Vivian
1262,Long,Katie
1266,Archer,Brittany
1272,Evans,John
1273,Hovis,Robert
1278,Kornegay,Helen
1279,Mortensen,Shawna
1279,Keefe,Shawna
1279,Mortensen,John
1279,Keefe,John
1280,Mejia,Louis
1289,Irons,Dale
1332,Hoisington,Joy
1342,Fantasia,Tony
1343,King,Frank
1348,Oland,Shelley
1349,Wild,Nicholas
1349,Wild,Jacqueline
1360,Peacock,Thurman
1370,Cook,Mary
1383,Hoover,Joseph
1391,Thomas,Billie
1394,Pereira,Jennifer
1398,Hudson,Stacy
1410,Staebell,Lisa
1410,Staebell,Graciela
1413,Medford,Lucy
1416,Mcdaniel,Karen
1419,Bingham,William
1427,Abner,Edna
1429,Moreno,Vicki
1431,Jones,Clarence
1431,Monaghan,Clarence
1431,Jones,Patricia
1431,Monaghan,Patricia
1434,Patterson,Erik
1434,Patterson,Steve
1440,Robinson,Grace
1444,Dickson,Lupita
1467,Gohn,Valeria
1481,Kite,Clifford
1481,Jenkins,Clifford
1483,Fewell,Latrice
1502,Diaz,Kimberly
1503,Peterson,Laura
1504,Axtell,Deborah
1504,Axtell,William
1519,White,Joseph
1531,Szmidt,Herman
1532,Lane,Robin
1532,Johnston,Robin
1535,Crews,Walter
1535,Crews,Mario
1543,Davis,Michael
1544,Mcclain,Christopher
1546,Vaneck,Jason
1553,White,Matthew
1558,Danger,Stacy
1558,Danger,Adam
1559,Stewart,Raymond
1559,Pridgeon,Raymond
1559,Stewart,Pamela
1559,Pridgeon,Pamela
1560,Greenbaum,Charles
1562,Johnson,Ramiro
1562,Johnson,Ariel
1562,Johnson,Edwin
1571,Nelson,Sally
1571,Nelson,Jerry
1585,Tancredi,Stephanie
1588,Wooten,James
1589,Dermody,Crystal
1589,Patella,Crystal
1592,Dilworth,Christine
1607,Lavalley,Jeffrey
1607,Cox,Jeffrey
1613,Cuozzo,Thomas
1613,Cuozzo,Gordon
1616,Brown,Lisa
1622,Meza,Mary
1631,Baerga,Kristin
1637,Pettis,Elizabeth
1643,Decaro,Esther
1643,Derosa,Esther
1643,Decaro,Michele
1643,Derosa,Michele
1646,Mitchell,Althea
1647,Helgeson,Kristen
1657,Wood,Nicholas
1665,Mckenzie,Judy
1674,Stevens,Milagros
1675,Dicarlo,Rose
1689,Lord,Jennifer
1716,Boggess,Andrew
1716,Fontenette,Andrew
1716,Boggess,Marie
1716,Fontenette,Marie
1735,Richardson,Jason
1741,Jackson,Joann
1745,Grammer,Marlon
1745,Grammer,Richard
1750,Quandt,James
1750,Lambert,James
1757,Hoffman,Dana
1757,Hoffman,Enrique
1771,Ratcliff,Pedro
1772,Corbitt,Glen
1784,Brown,Doris
1828,Mohammed,Norman
1837,Burgess,Gregory
1841,Mckeeman,Edward
1843,Coryell,Shari
1855,Bray,Wilhelmina
1871,Nevarez,Candice
1871,Nevarez,Nina
1873,Wear,Leona
1873,Clark,Leona
1881,Stillwell,Pearl
1884,Sturgis,Peter
1884,Pino,Peter
1888,Zelechowski,Christopher
1888,Boyter,Christopher
1888,Zelechowski,Marilyn
1888,Boyter,Marilyn
1889,Lasalle,Joseph
1889,Dewitt,Joseph
1891,Erickson,Barbara
1894,Lindemann,Stephen
1894,Lindemann,Kerri
1899,Castro,Felipe
1910,Hitchcock,Katherine
1910,Hitchcock,Hugh
1924,Gray,Laura
1930,Williams,Edward
1932,Martinez,Eugene
1937,Turrentine,Martha
1951,Northup,Bruce
1951,Baldon,Bruce
1957,Plummer,Timothy
1964,Hollman,Rose
1977,Godzik,John
1978,Lamothe,Diana
1978,Filmore,Diana
1978,Lamothe,Cecile
1978,Filmore,Cecile
1981,Huskey,Krista
1981,Huskey,Simona
1989,Weber,Nicole
1989,Weber,William
1991,Dooley,Gene
1991,Kadlec,Gene
1997,Martinez,Harlan
2007,Russell,Angel
2012,Amisano,Rebecca
2021,Stargell,Michael
2033,Hall,Olga
2036,Mcmahon,Nelda
2036,Mcmahon,Deborah
2039,Dombeck,Andrew
2039,Long,Andrew
2045,Ruda,Betty
2047,Perez,Dennis
2059,Richard,Hattie
2059,Richard,James
2085,Richards,Emil
2085,Manning,Emil
2085,Ricks,Emil
2088,Moore,John
2095,Johnson,Jerry
2099,Gentry,Ron
2102,Eubank,John
2106,Nilsen,Carolyn
2108,Muniz,Felipa
2108,Garcia,Felipa
2122,Gregg,Michael
2122,Gregg,Kenneth
2135,Wilson,Mark
2147,Murphy,Craig
2150,Kilgore,James
2153,Botkin,Lenita
2155,Bell,Russell
2156,Anderson,Becky
2156,Stovall,Becky
2156,Anderson,John
2156,Stovall,John
2163,Barnhart,Peg
2164,Bragg,Irene
2169,Jackson,Stacy
2178,Noble,Patrick
2181,Mccurdy,William
2183,Stewart,Emma
2184,Creed,Mary
2184,Creed,Daniel
2188,Glenn,Selma
2206,Simpson,Tamika
2206,Ingram,Tamika
2207,Werner,Ramona
2207,Robinson,Ramona
2219,Owen,Zachary
2231,Tillman,Rene
2231,David,Rene
2246,Chen,Sam
2258,Thomas,William
2276,Pein,Kasey
2309,Killeagle,Lucille
2309,Guignard,Lucille
2319,Martin,Linda
2330,Garcia,Georgia
2331,Charley,Francis
2336,Lopez,Jeffrey
2341,Barrett,Judith
2341,Burbach,Judith
2341,Barrett,Robby
2341,Burbach,Robby
2351,Mcwayne,Susan
2364,Metzler,Jan
2375,Hsieh,Maxine
2393,Hostetler,Aida
2415,Silva,Bonnie
2415,West,Bonnie
2445,Walker,Iona
2447,Massie,Trudy
2454,Green,Velia
2456,Fulton,Timothy
2456,Elkins,Timothy
2466,Mauro,Terrence
2467,Cummings,Emilio
2474,Yeates,Katrina
2475,Hunt,Kevin
2475,Hunt,Kevin
2477,Polanco,Marcia
2477,Whitten,Marcia
2481,Caraballo,Jenee
2491,Erdman,Norman
2494,Hawks,Retha
2494,Hawks,Joyce
2520,Forsythe,Janelle
2523,Smith,Jim
2537,Rhone,Glenda
2540,Washington,Robert
2540,Washington,Cheryl
2542,Flory,Keith
2542,Giordano,Keith
2543,Rand,Augustus
2546,Inman,Betty
2554,Hayter,Conrad
2554,Hayter,Andrea
2560,Whited,Tasha
2576,Reid,Gidget
2580,Bell,Michael
2597,Meyer,Lynda
2606,Bouwkamp,Gary
2612,Tilly,Elbert
2614,Eland,Carl
2614,Eland,Robert
2618,Carter,Eleanor
2618,Carter,William
2619,Major,Richard
2626,Gregory,Jeff
2637,Jones,Jessica
2641,Triplett,Bobbi
2650,Bedford,Paul
2654,Walz,Kenneth
2654,Walz,Krystyna
2662,Wagner,Philip
2675,Borgman,Douglas
2696,Eggleston,Henry
2718,Simon,James
2722,Costa,James
2725,Aguilar,Steven
2726,Smith,Mark
2726,Smith,Tina
2727,Smith,Sarah
2749,Holbrook,Linda
2761,Marquez,Susan
2768,Slaney,Sharon
2770,Williamson,Eddie
2787,Roark,Walter
2795,Nolasco,Josephine
2797,Murray,Robin
2797,Rose,Robin
2798,Bailey,Greta
2798,Bailey,Patricia
2800,Cottman,Joseph
2807,Slade,Edwin
2807,Sugarman,Edwin
2807,Slade,Earnest
2807,Sugarman,Earnest
2810,Greenwood,Lynn
2810,Willbanks,Lynn
2817,Morgan,Elizabeth
2826,Gamble,Walter
2838,Scordato,Abby
2839,Babcock,Lawrence
2839,Babcock,Jeffry
2843,Harper,Jeremy
2843,Oneill,Jeremy
2843,Harper,Lloyd
2843,Oneill,Lloyd
2848,Jones,Martha
2849,Bauer,Thomas
2868,Tribble,Anthony
2868,Tribble,Shalonda
2891,Carter,Joe
2892,Broach,Marie
2910,Arvizu,David
2921,Nelsen,Elizabeth
2921,Hines,Elizabeth
2922,Heier,Daryl
2926,Brown,Jesse
2926,Brown,Richard
2944,Langlois,Douglas
2944,Monroe,Douglas
2944,Nekola,Douglas
2946,Addington,April
2951,Ennen,David
2951,Ennen,Ashley
2965,Kincaid,Bertha
2981,Lynch,Wanda
2987,Israel,Candace
2999,Orchard,Josh
2,Vandeusen,Mary
5,Gardner,Janet
8,Inabinet,Kimberly
15,Dominquez,Rosemary
15,Dominquez,Thomas
24,Mata,Marjorie
24,Corbin,Marjorie
31,Edwards,Sara
32,Mcentyre,Christine
32,Mcentyre,Pauline
35,Wilson,Darryl
35,Zielinski,Darryl
35,Wilson,Barbara
35,Zielinski,Barbara
40,Davis,Damon
53,Brough,John
65,Johnston,Terence
65,Johnston,Arthur
69,Shortell,Tommy
86,Franco,Edith
88,Martin,Mary
94,Otero,Omar
97,Rudolph,Carrie
98,Rockwell,Mindy
98,Rockwell,Sandy
108,Montgomery,Samuel
123,Rodriguez,Michael
123,Stahnke,Michael
124,Scalise,John
125,Desalvo,Paulette
125,Green,Paulette
125,Desalvo,Richard
125,Green,Richard
130,Graham,Tara
131,Jones,Crystal
131,Hickernell,Crystal
131,Jones,Ella
131,Hickernell,Ella
139,Madlung,Vicki
139,Mcknight,Vicki
157,Adams,Ella
157,Thomas,Ella
160,Herrod,Darryl
164,Gaskins,Denise
164,Carter,Denise
164,Gaskins,Sally
164,Carter,Sally
164,Gaskins,Christopher
164,Carter,Christopher
167,Pogue,Joseph
170,Stegmann,Ralph
174,Custodio,Casey
203,Lee,Sally
205,Varela,Rochelle
218,Jerman,Gilberto
218,Martin,Gilberto
218,Jerman,Peter
218,Martin,Peter
222,Lewis,Nancy
222,Cramer,Nancy
236,Howard,Esther
244,Lopez,Nicholas
256,Fournier,Roland
256,Fournier,Carlos
259,Dougherty,Patrick
263,Clemons,Cheryl
266,Cain,Karl
267,Mccrae,Mary
272,Nekola,Mary
272,Nekola,Dorothy
278,Wong,Steven
288,Koon,Myrtle
291,Prince,Charolette
301,Ogilvie,Adam
301,Ogilvie,Pamela
311,Graham,Karen
318,Nelson,Ronald
320,Jackson,Mary
320,Russell,Mary
336,Goble,Charles
347,Colon,Gary
351,Mcguirl,Benjamin
400,Sauceda,Neil
400,Benner,Neil
412,Kelly,Thomas
412,Torres,Thomas
412,Holien,Thomas
412,Kelly,Andrea
412,Torres,Andrea
412,Holien,Andrea
415,Parker,Jerry
415,Wolfinger,Jerry
416,Smith,Jessica
419,Lofton,Jesse
420,Layne,Peter
420,Parks,Peter
421,Hinson,Mary
421,Hinson,Heather
430,Staples,Ray
435,Shaner,Forrest
446,Villatoro,Hugo
446,Sawicki,Hugo
449,Baxter,Dewitt
451,Johnson,Joyce
457,Dees,Lori
470,Garrison,Annie
477,Payton,William
477,Payton,Debra
477,Payton,Keith
481,Roberson,Judy
482,Carrington,Rodney
483,Kittell,Anthony
492,Spicer,Wanda
492,Duff,Wanda
494,Harris,Adela
494,Vo,Adela
501,White,Greg
503,Brien,Mary
504,Mclaughlin,Ronnie
504,Jordan,Ronnie
531,Foltz,Augustine
553,Ransdell,John
562,Carroll,David
562,Williams,David
566,Hernandez,Yvonne
566,Hernandez,Cristal
570,Ford,Mary
578,Charles,Kevin
578,Gilbert,Kevin
585,Williams,Barbara
592,Perez,Kelly
593,Tanner,Kimberly
593,Sweeney,Kimberly
593,Pugh,Kimberly
593,Tanner,Stephen
593,Sweeney,Stephen
593,Pugh,Stephen
597,Hill,Krista
599,Huson,Jennifer
599,Flores,Jennifer
599,Garrett,Jennifer
603,White,Carolyn
608,Glass,Nannie
629,Steffen,Kristin
629,Price,Kristin
636,Bannister,Daniel
637,Briseno,Gregory
637,Briseno,Kimberly
648,Glinski,Carmen
650,Gay,Anne
650,Crafter,Anne
652,Todd,Nicholas
655,Matherly,Carolyn
655,Claxton,Carolyn
655,Bowers,Carolyn
675,Green,Pat
697,Sawyer,Ronald
697,Sawyer,Keith
697,Sawyer,Melissa
705,Rich,James
705,Santiago,James
727,Fabian,Milton
736,Gray,David
737,Rodriguez,William
741,Perez,Laurel
770,Whitsitt,Joel
789,Phillips,Jenny
793,Gardner,Anthony
794,Gibson,Pamela
804,Locher,Brian
815,Guzman,Michelle
821,Day,Lashonda
861,Robertson,Sherry
861,Berstein,Sherry
865,Ramirez,Manuel
865,Shingler,Manuel
871,Claiborne,Stanley
871,Claiborne,Paul
871,Claiborne,Nellie
877,Grubbs,Patricia
878,Mcdougal,Marcelino
881,Leet,Donald
883,Fritz,Diana
886,Baker,Albert
897,Williams,Crystal
898,Dix,John
898,Dix,Mary
904,Peterson,Garland
905,Humphrey,Anthony
910,Simon,Edna
915,Kim,Mervin
917,Davis,Karen
928,Pursifull,Joshua
931,White,Frances
931,Boone,Frances
931,White,Jessie
931,Boone,Jessie
935,Fordham,Steven
935,Fordham,Deborah
936,Avery,Diana
938,Long,Rosalind
938,Spencer,Rosalind
938,Long,Frances
938,Spencer,Frances
949,Falcon,George
950,Pena,Whitney
950,Pena,Janel
958,Richardson,Faye
958,Wall,Faye
958,Richardson,Sonja
958,Wall,Sonja
972,Mcconnell,Maggie
976,Wasmer,Santiago
986,Colvin,Earl
1013,Wilkins,Ronald
1017,Gwinn,Barbara
1045,Penrod,Mark
1049,Johnson,Micheal
1051,Gaydos,Dana
1055,Verdin,Charles
1055,Verdin,Willie
1064,Buck,Carlos
1067,Baver,Carolyn
1067,Baver,Carolyn
1073,Finzel,Juan
1073,Stewart,Juan
1077,Patton,Deanna
1078,Rodriguez,James
1084,Ratcliff,Phillip
1084,Ratcliff,Denise
1086,Snider,George
1087,Taylor,Emerald
1106,Sawyer,Megan
1106,Pratt,Megan
1110,Williams,Sergio
1110,Yates,Sergio
1110,Frazier,Sergio
1114,Gero,Jessica
1116,Petruzzelli,Charlotte
1117,Bryant,Andrea
1122,Milton,Alana
1128,Seguin,Anne
1129,Williams,William
1129,Williams,Jim
1140,Lewis,Roderick
1140,Honeycutt,Roderick
1146,Wright,Dylan
1146,Donohoe,Dylan
1146,Butler,Dylan
1146,Wright,Paul
1146,Donohoe,Paul
1146,Butler,Paul
1150,Stone,Daniel
1155,Weaver,Hazel
1157,Sadowski,Steve
1157,Ayer,Steve
1158,Lister,Joseph
1159,Smith,Lena
1174,Daniels,Rachelle
1178,Paez,Samuel
1184,Jackson,Jack
1189,Strickland,Jose
1191,Polley,Virgie
1193,Freeman,Richard
1193,Freeman,Blanche
1200,Bradley,Melissa
1200,Smith,Melissa
1202,Victoria,Myra
1202,Addie,Myra
1202,Victoria,Scott
1202,Addie,Scott
1220,Connor,Keith
1220,Connor,Elizabeth
1235,Odom,Marissa
1241,Dunlap,Diana
1262,Dishon,Katie
1262,Caruso,Katie
1271,Cline,Jeremy
1286,Weiss,Josephine
1286,Mckee,Josephine
1286,Balson,Josephine
1286,Weiss,Kathy
1286,Mckee,Kathy
1286,Balson,Kathy
1295,Galeano,Jon
1306,Greene,Willie
1306,Biddix,Willie
1318,Conner,Carol
1324,Whitford,Lawrence
1325,Leonard,Dixie
1332,Strecker,Joy
1333,Hopper,Robert
1333,Hopper,Walter
1338,Mcginnes,Charles
1348,Hamilton,Shelley
1348,Buxton,Shelley
1360,Vanhoose,Thurman
1369,Gilman,Nancy
1369,Gilman,Ronald
1370,Guajardo,Mary
1370,Ballard,Mary
1375,Carl,Donald
1383,Bolton,Joseph
1390,Hudgins,Patricia
1391,Thompson,Billie
1392,Keys,Thomas
1395,Lanclos,Mark
1398,Spiller,Stacy
1398,Hardy,Stacy
1407,Hurtubise,Mary
1407,Hurtubise,Brenda
1410,Chandler,Lisa
1410,Chandler,Graciela
1416,Stringfellow,Karen
1420,Arnold,Kent
1422,Morris,Ernest
1422,Morris,Shauna
1431,Carter,Clarence
1431,Carter,Patricia
1434,Stahl,Erik
1434,Stahl,Steve
1464,Hamilton,Charles
1467,Robinson,Valeria
1467,Jimenez,Valeria
1481,Scruggs,Clifford
1494,Kleffman,Robert
1494,Kleffman,Stacey
1499,Lay,Bobby
1503,Hostetler,Laura
1503,Crosten,Laura
1504,Hammons,Deborah
1504,Hammons,William
1514,Collett,Mary
1517,Clements,Mark
1517,Rodriguez,Mark
1517,Carnahan,Mark
1519,Fabert,Joseph
1527,Denham,Monique
1531,Smith,Herman
1536,Evans,Tracy
1543,Fisher,Michael
1553,Averitt,Matthew
1553,Dansby,Matthew
1562,Scheller,Ramiro
1562,Scheller,Ariel
1562,Scheller,Edwin
1570,Sanders,Brooke
1573,Smith,Steven
1581,Meyer,Jason
1585,Ripp,Stephanie
1585,Pruitt,Stephanie
1591,Leary,Ronald
1596,Barajas,Eva
1601,Turner,Mark
1601,Fobes,Mark
1604,Berber,Timothy
1604,Merry,Timothy
1607,Nikolai,Jeffrey
1609,Battaglia,Joyce
1625,Cook,Katherine
1625,Cook,Patricia
1627,Nicholson,Monika
1635,Pierce,Rosa
1635,Alonzo,Rosa
1637,Engle,Elizabeth
1637,Thompson,Elizabeth
1646,Arias,Althea
1647,Jensen,Kristen
1652,Bartoletti,Edward
1653,Stgermain,Janet
1659,Smith,Linda
1675,Dillingham,Rose
1677,Simmons,Leah
1677,Ebeling,Leah
1677,Cassidy,Leah
1677,Simmons,Nancy
1677,Ebeling,Nancy
1677,Cassidy,Nancy
1680,Childs,Robert
1698,Parado,Richard
1706,Clemons,Maureen
1712,Sims,Steve
1712,Dixon,Steve
1715,Weathers,Charlene
1717,Moseley,Wesley
1717,Jackson,Wesley
1717,Moseley,Vincent
1717,Jackson,Vincent
1718,Salazar,Paul
1722,Adams,Lonnie
1727,Burkholder,Rachel
1727,Burkholder,Victoria
1732,Joslyn,Ruby
1735,Baadsgaard,Jason
1745,Ho,Marlon
1745,Ho,Richard
1751,Greene,Stacey
1751,Knowles,Stacey
1763,Spueler,Rebecca
1771,Mcaferty,Pedro
1772,Hill,Glen
1775,Diggs,Blanca
1775,Diggs,Eddie
1776,Garza,Mikel
1781,Littlefield,Marsha
1787,Hosmer,Paul
1792,Swanson,David
1803,Collura,Joshua
1803,Collura,Cynthia
1809,Lee,Marie
1837,Balas,Gregory
1842,Brown,Hollie
1842,Brown,Kathleen
1842,Brown,George
1845,Tuttle,Irma
1845,Rousseau,Irma
1845,Tuttle,Patti
1845,Rousseau,Patti
1848,Smith,Christopher
1854,Wilson,James
1854,Miller,James
1866,Vasquez,Jessica
1866,Bosley,Jessica
1871,Kher,Candice
1871,Johnson,Candice
1871,Browne,Candice
1871,Kher,Nina
1871,Johnson,Nina
1871,Browne,Nina
1873,Johnson,Leona
1874,Johnson,Anne
1875,Murphy,Althea
1884,Martin,Peter
1884,Ferrara,Peter
1885,Taylor,Anne
1890,Sheridan,Lorraine
1893,Gordon,John
1912,Coram,Albert
1924,Wilner,Laura
1930,Ennen,Edward
1945,Ehsan,Paul
1945,Ehsan,Flora
1954,Caraballo,Edwin
1964,Dejesus,Rose
1965,Burns,Ted
1979,Woods,Wanda
1979,Gustafson,Wanda
1997,Schenk,Harlan
1997,Brewer,Harlan
2002,Gray,Terrell
2002,Hickman,Terrell
2012,Pegues,Rebecca
2017,Herrington,Ruth
2028,Jamieson,Robert
2029,Mcwilliams,Michael
2031,Morgan,Javier
2035,Miller,Daniel
2045,Hornbrook,Betty
2045,Osborne,Betty
2048,Gladney,Hal
2075,Lewis,Marcus
2079,Long,Barry
2079,Long,Patrick
2087,Irwin,Lisa
2097,Marin,Lonnie
2099,Hippen,Ron
2100,Willard,Fred
2106,Aldana,Carolyn
2106,Fortier,Carolyn
2150,Morriss,James
2155,Barks,Russell
2157,Riley,Lillian
2183,Hoskin,Emma
2184,Janousek,Mary
2184,Janousek,Daniel
2188,Szabat,Selma
2214,Barker,Theodore
2219,Shelby,Zachary
2219,Baker,Zachary
2220,Hayes,Patrick
2223,Dorval,Larry
2223,Stillings,Larry
2225,Johnson,Elvira
2229,Guzowski,Eugene
2245,Vanpelt,Kerry
2256,Vanwinkle,Francis
2261,Youngman,Larry
2273,Lu,Connie
2288,Chavez,Gary
2292,Metzler,Michael
2302,Waggoner,Edith
2302,Card,Edith
2304,Habib,Stanley
2304,Habib,Terrance
2305,Overton,Maria
2309,Ortega,Lucille
2314,Bynum,Eric
2315,Mcchesney,Patricia
2330,Rodriquez,Georgia
2335,Ibanez,Vickie
2335,Butler,Vickie
2336,Mervyn,Jeffrey
2341,Curry,Judith
2341,Curry,Robby
2349,Mclaughlin,Thomas
2349,Forster,Thomas
2353,Ireland,Timothy
2355,Campion,Samuel
2362,Hill,Jennifer
2362,Thompson,Jennifer
2364,Baskin,Jan
2364,Patton,Jan
2370,Marshall,Sarah
2375,Scott,Maxine
2376,Naquin,Mark
2376,Walquist,Mark
2376,Naquin,Alfred
2376,Walquist,Alfred
2379,Jones,Chantelle
2381,Anderson,Ron
2381,Anderson,Judy
2386,Burgess,Ashley
2399,Jones,Kelly
2404,Calvo,Rose
2404,Calvo,Amanda
2413,Toney,Gena
2415,Oneal,Bonnie
2415,Schappert,Bonnie
2420,Chan,Edgar
2425,Neil,Larry
2425,Giles,Larry
2428,Lee,Bertha
2445,Mcdaniel,Iona
2462,Taylor,David
2462,Hawley,David
2465,Greene,Rene
2466,Spirer,Terrence
2467,Hook,Emilio
2472,Gonzalez,Mary
2473,Wood,Elaine
2477,Huggins,Marcia
2477,Robinson,Marcia
2490,Rodriguez,Timothy
2491,Arendt,Norman
2499,Sampson,Tressa
2503,Lauderdale,Joshua
2507,Phillips,Hazel
2513,Gaddis,Julian
2513,Gaddis,Thuy
2521,Alvarez,Larry
2522,Hall,Kim
2522,Brand,Kim
2524,Stein,Billye
2529,Yancey,Shannon
2529,Ortiz,Shannon
2535,Quattlebaum,Edward
2540,Clodfelter,Robert
2540,Clodfelter,Cheryl
2554,Pierce,Conrad
2554,Tobin,Conrad
2554,Pierce,Andrea
2554,Tobin,Andrea
2572,Kopacz,Doris
2574,Strapp,Nicole
2574,Ganey,Nicole
2588,Oglesby,David
2605,Lyon,William
2611,Ridenour,Martha
2612,Cagle,Elbert
2633,Bryant,David
2646,Schaffer,Donald
2649,Dungan,Lawrence
2654,Winburn,Kenneth
2654,Winburn,Krystyna
2659,Barrera,Harold
2666,Powell,Yolanda
2677,Kiani,Tracey
2678,Knott,Daniel
2679,Lyford,Grace
2688,Weston,Velma
2698,Modrak,Timothy
2698,Stiff,Timothy
2700,Robbins,Paul
2708,Brooks,Donald
2712,Twitty,Kenneth
2717,Adkins,Lori
2723,Senft,Royce
2725,Hormell,Steven
2765,Fairchild,Kenneth
2770,Lagrange,Eddie
2793,Morris,Melody
2807,Compton,Edwin
2807,Compton,Earnest
2815,Young,Wayne
2815,Mangione,Wayne
2822,Lehman,Garret
2826,Anderson,Walter
2828,Everette,Caleb
2828,Doke,Caleb
2829,Fenton,Miranda
2829,Fenton,Eileen
2831,Risbeck,Beulah
2838,Jones,Abby
2841,Couch,John
2843,Corey,Jeremy
2843,Corey,Lloyd
2851,Goodwin,Barbara
2851,Brown,Barbara
2851,Goodwin,James
2851,Brown,James
2858,Boyd,Brandon
2865,Carthen,Carolyn
2867,Concepcion,Jena
2884,Schlesener,Bryan
2891,Barfield,Joe
2892,Geiger,Marie
2892,Visser,Marie
2909,Labranche,Helen
2909,Labranche,Helena
2915,Vinson,Willa
2920,Jones,David
2930,Stewart,Patrick
2932,Murray,Tracey
2937,Amidon,Kathleen
2937,Garret,Kathleen
2944,Li,Douglas
2957,Barnes,Joanna
2965,Arrington,Bertha
2981,Roper,Wanda
2983,Higgins,Kevin
2983,Higgins,Robert
2987,Broussard,Candace
2991,Peterson,Cliff
