ID,Name,Surname
2500,Julia,Mcclimon
2500,Julia,Sorensen
2500,Mary,Mcclimon
2500,Mary,Sorensen
2504,Esther,Marchand
2504,Esther,Vallejos
2504,Ralph,Marchand
2504,Ralph,Vallejos
2507,Jeanette,Phillips
2507,Jeanette,Dodd
2507,Jeanette,Gomez
2507,Jeanette,Sams
2507,Hazel,Phillips
2507,Hazel,Dodd
2507,Hazel,Gomez
2507,Hazel,Sams
2507,Robert,Phillips
2507,Robert,Dodd
2507,Robert,Gomez
2507,Robert,Sams
2507,Victoria,Phillips
2507,Victoria,Dodd
2507,Victoria,Gomez
2507,Victoria,Sams
2508,Michiko,Strickler
2509,Pamela,Mitchem
2509,Pamela,Sturgill
2509,Pamela,Harris
2509,Pamela,Henry
2509,Reba,Mitchem
2509,Reba,Sturgill
2509,Reba,Harris
2509,Reba,Henry
2509,Shannon,Mitchem
2509,Shannon,Sturgill
2509,Shannon,Harris
2509,Shannon,Henry
2509,Jesse,Mitchem
2509,Jesse,Sturgill
2509,Jesse,Harris
2509,Jesse,Henry
2510,Mark,Moulton
2510,Mark,Kinsler
2510,Mark,Sutherland
2510,Shirley,Moulton
2510,Shirley,Kinsler
2510,Shirley,Sutherland
2510,Pamela,Moulton
2510,Pamela,Kinsler
2510,Pamela,Sutherland
2513,Jonathan,Gaddis
2513,Jonathan,Chartier
2513,Jonathan,Cohee
2513,Jonathan,Sardina
2513,Julian,Gaddis
2513,Julian,Chartier
2513,Julian,Cohee
2513,Julian,Sardina
2513,Thuy,Gaddis
2513,Thuy,Chartier
2513,Thuy,Cohee
2513,Thuy,Sardina
2513,Maureen,Gaddis
2513,Maureen,Chartier
2513,Maureen,Cohee
2513,Maureen,Sardina
2515,Mario,Lorna
2515,Mario,Powell
2515,Mario,Rivas
2515,Tammy,Lorna
2515,Tammy,Powell
2515,Tammy,Rivas
2515,Sharon,Lorna
2515,Sharon,Powell
2515,Sharon,Rivas
2517,George,Davis
2517,George,Brown
2517,Steven,Davis
2517,Steven,Brown
2518,Bertha,Hubble
2518,Bertha,Graves
2518,Brandon,Hubble
2518,Brandon,Graves
2520,Edith,Carter
2520,Edith,Salinas
2520,Edith,Forsythe
2520,Janelle,Carter
2520,Janelle,Salinas
2520,Janelle,Forsythe
2520,Joseph,Carter
2520,Joseph,Salinas
2520,Joseph,Forsythe
2522,Sharon,Hall
2522,Sharon,Brand
2522,Sharon,Dearing
2522,Kim,Hall
2522,Kim,Brand
2522,Kim,Dearing
2522,Sharon,Hall
2522,Sharon,Brand
2522,Sharon,Dearing
2526,James,Oneill
2526,James,Gunderson
2526,James,Gonzalez
2526,Bonnie,Oneill
2526,Bonnie,Gunderson
2526,Bonnie,Gonzalez
2526,John,Oneill
2526,John,Gunderson
2526,John,Gonzalez
2546,Rose,Edison
2546,Rose,Inman
2546,Betty,Edison
2546,Betty,Inman
2547,Evette,Dwyer
2547,Evette,Kuhn
2547,Evette,Confalone
2547,Evette,Rice
2547,Shaquita,Dwyer
2547,Shaquita,Kuhn
2547,Shaquita,Confalone
2547,Shaquita,Rice
2547,Dennis,Dwyer
2547,Dennis,Kuhn
2547,Dennis,Confalone
2547,Dennis,Rice
2547,Justin,Dwyer
2547,Justin,Kuhn
2547,Justin,Confalone
2547,Justin,Rice
2549,Amy,Roberts
2549,Amy,Asberry
2549,Amy,Parker
2549,Carolyn,Roberts
2549,Carolyn,Asberry
2549,Carolyn,Parker
2549,Levi,Roberts
2549,Levi,Asberry
2549,Levi,Parker
2554,Joyce,Pierce
2554,Joyce,Tobin
2554,Joyce,Tepper
2554,Joyce,Hayter
2554,Conrad,Pierce
2554,Conrad,Tobin
2554,Conrad,Tepper
2554,Conrad,Hayter
2554,Andrea,Pierce
2554,Andrea,Tobin
2554,Andrea,Tepper
2554,Andrea,Hayter
2554,Judy,Pierce
2554,Judy,Tobin
2554,Judy,Tepper
2554,Judy,Hayter
2556,Joseph,Mchugh
2556,Joseph,Green
2556,Ernest,Mchugh
2556,Ernest,Green
2557,Kimberly,Dyer
2557,Kimberly,Lisk
2557,Kimberly,Robey
2557,Kimberly,Murphy
2557,Jamie,Dyer
2557,Jamie,Lisk
2557,Jamie,Robey
2557,Jamie,Murphy
2557,Herman,Dyer
2557,Herman,Lisk
2557,Herman,Robey
2557,Herman,Murphy
2557,Stephanie,Dyer
2557,Stephanie,Lisk
2557,Stephanie,Robey
2557,Stephanie,Murphy
2558,Tracy,Connolly
2558,Tracy,Boyd
2558,Kirsten,Connolly
2558,Kirsten,Boyd
2561,Cornelius,Billington
2561,Cornelius,Richardson
2561,Cornelius,Higgins
2561,Demetrius,Billington
2561,Demetrius,Richardson
2561,Demetrius,Higgins
2561,Bradley,Billington
2561,Bradley,Richardson
2561,Bradley,Higgins
2564,Rosa,Craig
2567,Joshua,Ota
2567,Joshua,Adkins
2567,Joshua,Meehan
2567,Patricia,Ota
2567,Patricia,Adkins
2567,Patricia,Meehan
2567,Emily,Ota
2567,Emily,Adkins
2567,Emily,Meehan
2569,Ronnie,Bright
2569,Ronnie,Aybar
2569,Ronnie,Coleman
2569,Ronnie,Brown
2569,John,Bright
2569,John,Aybar
2569,John,Coleman
2569,John,Brown
2569,Phillip,Bright
2569,Phillip,Aybar
2569,Phillip,Coleman
2569,Phillip,Brown
2569,Tanner,Bright
2569,Tanner,Aybar
2569,Tanner,Coleman
2569,Tanner,Brown
2575,Cruz,Lange
2575,Cruz,Merrigan
2575,Cruz,Lloyd
2575,Cruz,Williams
2575,Edward,Lange
2575,Edward,Merrigan
2575,Edward,Lloyd
2575,Edward,Williams
2575,Orlando,Lange
2575,Orlando,Merrigan
2575,Orlando,Lloyd
2575,Orlando,Williams
2575,Michael,Lange
2575,Michael,Merrigan
2575,Michael,Lloyd
2575,Michael,Williams
2577,Eric,Petersen
2577,Eric,Mottillo
2577,Eric,Barnes
2577,Eric,Capone
2577,Brandon,Petersen
2577,Brandon,Mottillo
2577,Brandon,Barnes
2577,Brandon,Capone
2577,Frank,Petersen
2577,Frank,Mottillo
2577,Frank,Barnes
2577,Frank,Capone
2577,Stuart,Petersen
2577,Stuart,Mottillo
2577,Stuart,Barnes
2577,Stuart,Capone
2578,Vella,Thieman
2582,Jeannie,Mills
2582,Jeannie,Hinton
2582,Jeannie,Stimmel
2582,Anna,Mills
2582,Anna,Hinton
2582,Anna,Stimmel
2582,Marvin,Mills
2582,Marvin,Hinton
2582,Marvin,Stimmel
2583,Nina,Politi
2583,Nina,Sloan
2583,Joan,Politi
2583,Joan,Sloan
2586,Thomas,Meyer
2586,Thomas,Allen
2586,Thomas,Tvedt
2586,Thomas,Walton
2586,Sarah,Meyer
2586,Sarah,Allen
2586,Sarah,Tvedt
2586,Sarah,Walton
2586,Duane,Meyer
2586,Duane,Allen
2586,Duane,Tvedt
2586,Duane,Walton
2586,Rose,Meyer
2586,Rose,Allen
2586,Rose,Tvedt
2586,Rose,Walton
2588,Shannon,Oglesby
2588,Shannon,Freeman
2588,Shannon,Yamashita
2588,Robert,Oglesby
2588,Robert,Freeman
2588,Robert,Yamashita
2588,David,Oglesby
2588,David,Freeman
2588,David,Yamashita
2591,Jay,Valdez
2591,Jay,Hennigan
2591,Jay,Humble
2591,Jay,Payne
2591,Margaret,Valdez
2591,Margaret,Hennigan
2591,Margaret,Humble
2591,Margaret,Payne
2591,Virginia,Valdez
2591,Virginia,Hennigan
2591,Virginia,Humble
2591,Virginia,Payne
2591,William,Valdez
2591,William,Hennigan
2591,William,Humble
2591,William,Payne
2593,Flora,Olson
2595,Benjamin,Connell
2595,Benjamin,Gratton
2595,Benjamin,Humphries
2595,Sue,Connell
2595,Sue,Gratton
2595,Sue,Humphries
2595,George,Connell
2595,George,Gratton
2595,George,Humphries
2598,Stephanie,Ohare
2598,Stephanie,Bates
2598,Stephanie,Donley
2598,Stephanie,Lewis
2598,Carmela,Ohare
2598,Carmela,Bates
2598,Carmela,Donley
2598,Carmela,Lewis
2598,Kenneth,Ohare
2598,Kenneth,Bates
2598,Kenneth,Donley
2598,Kenneth,Lewis
2598,Crystal,Ohare
2598,Crystal,Bates
2598,Crystal,Donley
2598,Crystal,Lewis
2600,Jeffery,Ruckman
2600,Jeffery,Jorgenson
2600,Jeffery,Eckman
2600,Jeffery,Nichols
2600,Clara,Ruckman
2600,Clara,Jorgenson
2600,Clara,Eckman
2600,Clara,Nichols
2600,Bill,Ruckman
2600,Bill,Jorgenson
2600,Bill,Eckman
2600,Bill,Nichols
2600,Katrina,Ruckman
2600,Katrina,Jorgenson
2600,Katrina,Eckman
2600,Katrina,Nichols
2601,Abraham,Simas
2605,Eugenio,Lyon
2605,Eugenio,Cokely
2605,Eugenio,Federico
2605,Eugenio,Stewart
2605,William,Lyon
2605,William,Cokely
2605,William,Federico
2605,William,Stewart
2605,Adam,Lyon
2605,Adam,Cokely
2605,Adam,Federico
2605,Adam,Stewart
2605,Mary,Lyon
2605,Mary,Cokely
2605,Mary,Federico
2605,Mary,Stewart
2607,Kim,Byrne
2607,Kim,Forker
2607,Kim,Gerleman
2607,Lorenzo,Byrne
2607,Lorenzo,Forker
2607,Lorenzo,Gerleman
2607,William,Byrne
2607,William,Forker
2607,William,Gerleman
2609,Tammy,Moree
2609,Tammy,Stovall
2609,Tammy,Lyon
2609,Lana,Moree
2609,Lana,Stovall
2609,Lana,Lyon
2609,Donald,Moree
2609,Donald,Stovall
2609,Donald,Lyon
2610,Paul,Grant
2610,Paul,Kinney
2610,Paul,Kelly
2610,Kevin,Grant
2610,Kevin,Kinney
2610,Kevin,Kelly
2610,Michael,Grant
2610,Michael,Kinney
2610,Michael,Kelly
2612,Joseph,Cagle
2612,Joseph,Lyons
2612,Joseph,Canelo
2612,Joseph,Tilly
2612,Elbert,Cagle
2612,Elbert,Lyons
2612,Elbert,Canelo
2612,Elbert,Tilly
2612,Bob,Cagle
2612,Bob,Lyons
2612,Bob,Canelo
2612,Bob,Tilly
2612,Donald,Cagle
2612,Donald,Lyons
2612,Donald,Canelo
2612,Donald,Tilly
2617,Patricia,Lawson
2617,Patricia,Bier
2617,Patricia,Friedman
2617,Chad,Lawson
2617,Chad,Bier
2617,Chad,Friedman
2617,Vincent,Lawson
2617,Vincent,Bier
2617,Vincent,Friedman
2622,William,Anselmo
2622,William,West
2622,William,Todd
2622,Jeff,Anselmo
2622,Jeff,West
2622,Jeff,Todd
2622,Glenda,Anselmo
2622,Glenda,West
2622,Glenda,Todd
2623,Bryan,Castello
2623,Bryan,Woolley
2623,Bryan,Vance
2623,Bryan,Spencer
2623,Alicia,Castello
2623,Alicia,Woolley
2623,Alicia,Vance
2623,Alicia,Spencer
2623,Christina,Castello
2623,Christina,Woolley
2623,Christina,Vance
2623,Christina,Spencer
2623,Francis,Castello
2623,Francis,Woolley
2623,Francis,Vance
2623,Francis,Spencer
2626,Nancy,Price
2626,Nancy,Portis
2626,Nancy,Gregory
2626,Jeff,Price
2626,Jeff,Portis
2626,Jeff,Gregory
2626,Lance,Price
2626,Lance,Portis
2626,Lance,Gregory
2627,Michelle,Ozaeta
2627,Michelle,Baker
2627,Michelle,Ciaburri
2627,Jason,Ozaeta
2627,Jason,Baker
2627,Jason,Ciaburri
2627,Curtis,Ozaeta
2627,Curtis,Baker
2627,Curtis,Ciaburri
2629,Manuel,Brown
2629,Manuel,Mitchell
2629,Manuel,Dominguez
2629,Heather,Brown
2629,Heather,Mitchell
2629,Heather,Dominguez
2629,Shawn,Brown
2629,Shawn,Mitchell
2629,Shawn,Dominguez
2632,John,Haigh
2632,John,Barbre
2632,Charles,Haigh
2632,Charles,Barbre
2633,Vivian,Bryant
2633,Vivian,Vanalstyne
2633,David,Bryant
2633,David,Vanalstyne
2638,Juanita,Lobato
2638,Juanita,Benton
2638,Dawn,Lobato
2638,Dawn,Benton
2642,Dennis,Oharra
2642,Dennis,Southward
2642,Billy,Oharra
2642,Billy,Southward
2645,Richard,Willey
2645,Richard,Lee
2645,Richard,Ford
2645,Polly,Willey
2645,Polly,Lee
2645,Polly,Ford
2645,Gilbert,Willey
2645,Gilbert,Lee
2645,Gilbert,Ford
2647,Martha,Glaser
2647,Martha,Dullea
2647,Martha,Ochoa
2647,Martha,Hansberry
2647,Mary,Glaser
2647,Mary,Dullea
2647,Mary,Ochoa
2647,Mary,Hansberry
2647,Dennis,Glaser
2647,Dennis,Dullea
2647,Dennis,Ochoa
2647,Dennis,Hansberry
2647,Ernesto,Glaser
2647,Ernesto,Dullea
2647,Ernesto,Ochoa
2647,Ernesto,Hansberry
2653,Jose,Partington
2653,Jose,Cole
2653,Danielle,Partington
2653,Danielle,Cole
2655,Susan,Stoneberg
2655,Susan,Labrum
2655,Susan,Zeigler
2655,Laverna,Stoneberg
2655,Laverna,Labrum
2655,Laverna,Zeigler
2655,Roderick,Stoneberg
2655,Roderick,Labrum
2655,Roderick,Zeigler
2656,Beth,Hardin
2656,Beth,Heslop
2656,Beth,Jean
2656,Linda,Hardin
2656,Linda,Heslop
2656,Linda,Jean
2656,Jose,Hardin
2656,Jose,Heslop
2656,Jose,Jean
2659,Gilbert,Barrera
2659,Gilbert,Stuart
2659,Gilbert,House
2659,Harold,Barrera
2659,Harold,Stuart
2659,Harold,House
2659,Arturo,Barrera
2659,Arturo,Stuart
2659,Arturo,House
2663,Russell,Bartels
2663,Russell,Cabrera
2663,Russell,Roberts
2663,James,Bartels
2663,James,Cabrera
2663,James,Roberts
2663,Ellen,Bartels
2663,Ellen,Cabrera
2663,Ellen,Roberts
2664,Norma,Dejohn
2664,Norma,Lewandowski
2664,Norma,Czarnecki
2664,Norma,Li
2664,Sarah,Dejohn
2664,Sarah,Lewandowski
2664,Sarah,Czarnecki
2664,Sarah,Li
2664,Karen,Dejohn
2664,Karen,Lewandowski
2664,Karen,Czarnecki
2664,Karen,Li
2664,David,Dejohn
2664,David,Lewandowski
2664,David,Czarnecki
2664,David,Li
2665,Mary,Ramos
2665,Mary,Johnson
2665,Mary,Blockmon
2665,David,Ramos
2665,David,Johnson
2665,David,Blockmon
2665,Hector,Ramos
2665,Hector,Johnson
2665,Hector,Blockmon
2668,Mary,Rogers
2668,Mary,Marshall
2668,Mary,Meadows
2668,James,Rogers
2668,James,Marshall
2668,James,Meadows
2668,Linda,Rogers
2668,Linda,Marshall
2668,Linda,Meadows
2673,Joan,Finke
2673,Joan,Gannett
2673,Joan,Ricketts
2673,James,Finke
2673,James,Gannett
2673,James,Ricketts
2673,Mary,Finke
2673,Mary,Gannett
2673,Mary,Ricketts
2674,Florence,Mayen
2674,Florence,Dalton
2674,Linda,Mayen
2674,Linda,Dalton
2675,Dee,Hardister
2675,Dee,Dawson
2675,Dee,Alvarez
2675,Dee,Borgman
2675,Douglas,Hardister
2675,Douglas,Dawson
2675,Douglas,Alvarez
2675,Douglas,Borgman
2675,Rick,Hardister
2675,Rick,Dawson
2675,Rick,Alvarez
2675,Rick,Borgman
2675,John,Hardister
2675,John,Dawson
2675,John,Alvarez
2675,John,Borgman
2676,Aaron,Taggart
2676,Aaron,Sims
2676,Aaron,Pratt
2676,Aaron,Adams
2676,Linsey,Taggart
2676,Linsey,Sims
2676,Linsey,Pratt
2676,Linsey,Adams
2676,Cody,Taggart
2676,Cody,Sims
2676,Cody,Pratt
2676,Cody,Adams
2676,Kyle,Taggart
2676,Kyle,Sims
2676,Kyle,Pratt
2676,Kyle,Adams
2677,Jimmie,Kiani
2677,Jimmie,Motley
2677,Jimmie,Gaskin
2677,Jimmie,Hill
2677,Tracey,Kiani
2677,Tracey,Motley
2677,Tracey,Gaskin
2677,Tracey,Hill
2677,Marie,Kiani
2677,Marie,Motley
2677,Marie,Gaskin
2677,Marie,Hill
2677,Edith,Kiani
2677,Edith,Motley
2677,Edith,Gaskin
2677,Edith,Hill
2679,Carmen,Lyford
2679,Carmen,Yohe
2679,Carmen,Regalado
2679,Carmen,Fuqua
2679,Grace,Lyford
2679,Grace,Yohe
2679,Grace,Regalado
2679,Grace,Fuqua
2679,Dorothea,Lyford
2679,Dorothea,Yohe
2679,Dorothea,Regalado
2679,Dorothea,Fuqua
2679,Shelley,Lyford
2679,Shelley,Yohe
2679,Shelley,Regalado
2679,Shelley,Fuqua
2680,Jeffrey,Deboer
2680,Jeffrey,Cruz
2680,Jeffrey,Clerc
2680,Jeffrey,Marzett
2680,Myron,Deboer
2680,Myron,Cruz
2680,Myron,Clerc
2680,Myron,Marzett
2680,Gregory,Deboer
2680,Gregory,Cruz
2680,Gregory,Clerc
2680,Gregory,Marzett
2680,Rebecca,Deboer
2680,Rebecca,Cruz
2680,Rebecca,Clerc
2680,Rebecca,Marzett
2682,Cody,Thomas
2685,Chester,Beshears
2685,Chester,Riggins
2685,Chester,Harrison
2685,Chester,Goldstein
2685,Luis,Beshears
2685,Luis,Riggins
2685,Luis,Harrison
2685,Luis,Goldstein
2685,Kari,Beshears
2685,Kari,Riggins
2685,Kari,Harrison
2685,Kari,Goldstein
2685,Ruby,Beshears
2685,Ruby,Riggins
2685,Ruby,Harrison
2685,Ruby,Goldstein
2686,Jarrod,Sullivan
2686,Jarrod,Tackitt
2686,Magda,Sullivan
2686,Magda,Tackitt
2688,Christina,Weston
2688,Christina,Hernandez
2688,Christina,Pearson
2688,Christina,Fleming
2688,Velma,Weston
2688,Velma,Hernandez
2688,Velma,Pearson
2688,Velma,Fleming
2688,Adrianne,Weston
2688,Adrianne,Hernandez
2688,Adrianne,Pearson
2688,Adrianne,Fleming
2688,Megan,Weston
2688,Megan,Hernandez
2688,Megan,Pearson
2688,Megan,Fleming
2691,Annabelle,Turley
2691,Annabelle,Schafer
2691,Kenneth,Turley
2691,Kenneth,Schafer
2693,Tony,Richardson
2694,Delores,Clifton
2694,Delores,Mitchell
2694,Delores,Holman
2694,Delores,Hudson
2694,Nan,Clifton
2694,Nan,Mitchell
2694,Nan,Holman
2694,Nan,Hudson
2694,Jessica,Clifton
2694,Jessica,Mitchell
2694,Jessica,Holman
2694,Jessica,Hudson
2694,Karolyn,Clifton
2694,Karolyn,Mitchell
2694,Karolyn,Holman
2694,Karolyn,Hudson
2695,Robert,Burnett
2696,Carl,Killam
2696,Carl,Honse
2696,Carl,Vizcarra
2696,Carl,Eggleston
2696,Henry,Killam
2696,Henry,Honse
2696,Henry,Vizcarra
2696,Henry,Eggleston
2696,Erika,Killam
2696,Erika,Honse
2696,Erika,Vizcarra
2696,Erika,Eggleston
2696,Barbara,Killam
2696,Barbara,Honse
2696,Barbara,Vizcarra
2696,Barbara,Eggleston
2699,Roxy,Galle
2699,Roxy,Chaddock
2699,Gladys,Galle
2699,Gladys,Chaddock
2700,Sharon,Robbins
2700,Sharon,Mosley
2700,Sharon,Reed
2700,Sharon,Emory
2700,Paul,Robbins
2700,Paul,Mosley
2700,Paul,Reed
2700,Paul,Emory
2700,Kyle,Robbins
2700,Kyle,Mosley
2700,Kyle,Reed
2700,Kyle,Emory
2700,Wesley,Robbins
2700,Wesley,Mosley
2700,Wesley,Reed
2700,Wesley,Emory
2701,Jack,Hall
2701,Jack,Greene
2701,Jack,Harris
2701,Shannon,Hall
2701,Shannon,Greene
2701,Shannon,Harris
2701,Kevin,Hall
2701,Kevin,Greene
2701,Kevin,Harris
2703,Maxine,Sapp
2703,Maxine,Fry
2703,Lucille,Sapp
2703,Lucille,Fry
2710,Leann,Deutsch
2710,Leann,Hedrick
2710,Leann,Bowman
2710,Don,Deutsch
2710,Don,Hedrick
2710,Don,Bowman
2710,Steven,Deutsch
2710,Steven,Hedrick
2710,Steven,Bowman
2711,Inez,Milano
2711,Inez,Nivens
2711,Inez,Walker
2711,Patricia,Milano
2711,Patricia,Nivens
2711,Patricia,Walker
2711,William,Milano
2711,William,Nivens
2711,William,Walker
2713,Elmer,Cortez
2713,Elmer,Gatlin
2713,Elmer,Coleman
2713,Elmer,Hinton
2713,John,Cortez
2713,John,Gatlin
2713,John,Coleman
2713,John,Hinton
2713,Jessie,Cortez
2713,Jessie,Gatlin
2713,Jessie,Coleman
2713,Jessie,Hinton
2713,Bobby,Cortez
2713,Bobby,Gatlin
2713,Bobby,Coleman
2713,Bobby,Hinton
2715,Carl,Perry
2715,Carl,Castillo
2715,Carl,Giannecchini
2715,Ryan,Perry
2715,Ryan,Castillo
2715,Ryan,Giannecchini
2715,Rebecca,Perry
2715,Rebecca,Castillo
2715,Rebecca,Giannecchini
2716,Mary,Dale
2716,Mary,Fairrow
2716,Pete,Dale
2716,Pete,Fairrow
2719,Pattie,Pixler
2719,Pattie,Napoleon
2719,Pattie,Davis
2719,Michael,Pixler
2719,Michael,Napoleon
2719,Michael,Davis
2719,Kenneth,Pixler
2719,Kenneth,Napoleon
2719,Kenneth,Davis
2722,Sylvia,Thompson
2722,Sylvia,Mitchel
2722,Sylvia,Ruiz
2722,Sylvia,Costa
2722,Thomas,Thompson
2722,Thomas,Mitchel
2722,Thomas,Ruiz
2722,Thomas,Costa
2722,James,Thompson
2722,James,Mitchel
2722,James,Ruiz
2722,James,Costa
2722,Charlene,Thompson
2722,Charlene,Mitchel
2722,Charlene,Ruiz
2722,Charlene,Costa
2724,Donna,Willis
2725,Connie,Hormell
2725,Connie,Wagner
2725,Connie,Wilson
2725,Connie,Aguilar
2725,Jasmin,Hormell
2725,Jasmin,Wagner
2725,Jasmin,Wilson
2725,Jasmin,Aguilar
2725,Steven,Hormell
2725,Steven,Wagner
2725,Steven,Wilson
2725,Steven,Aguilar
2725,Adam,Hormell
2725,Adam,Wagner
2725,Adam,Wilson
2725,Adam,Aguilar
2734,William,Ray
2734,William,Hankins
2734,William,Young
2734,Jerry,Ray
2734,Jerry,Hankins
2734,Jerry,Young
2734,Eddie,Ray
2734,Eddie,Hankins
2734,Eddie,Young
2743,Amy,Geib
2743,Amy,Linn
2743,Amy,Jimenez
2743,Amy,Guerrero
2743,Keith,Geib
2743,Keith,Linn
2743,Keith,Jimenez
2743,Keith,Guerrero
2743,Maureen,Geib
2743,Maureen,Linn
2743,Maureen,Jimenez
2743,Maureen,Guerrero
2743,Jeremiah,Geib
2743,Jeremiah,Linn
2743,Jeremiah,Jimenez
2743,Jeremiah,Guerrero
2747,Mary,Fennimore
2750,Kathryn,Then
2752,Charles,Thompson
2752,Charles,King
2752,Michael,Thompson
2752,Michael,King
2755,Arnold,Gercak
2755,Arnold,Vanwassenhove
2755,Arnold,Jones
2755,Arnold,Mcmahan
2755,Everett,Gercak
2755,Everett,Vanwassenhove
2755,Everett,Jones
2755,Everett,Mcmahan
2755,Sandra,Gercak
2755,Sandra,Vanwassenhove
2755,Sandra,Jones
2755,Sandra,Mcmahan
2755,Robert,Gercak
2755,Robert,Vanwassenhove
2755,Robert,Jones
2755,Robert,Mcmahan
2757,Regina,Still
2757,Regina,Upchurch
2757,Sophie,Still
2757,Sophie,Upchurch
2760,Brittanie,Hinton
2760,Brittanie,Stone
2760,Brittanie,Martinez
2760,Brittanie,Walker
2760,Deana,Hinton
2760,Deana,Stone
2760,Deana,Martinez
2760,Deana,Walker
2760,Bernice,Hinton
2760,Bernice,Stone
2760,Bernice,Martinez
2760,Bernice,Walker
2760,Lela,Hinton
2760,Lela,Stone
2760,Lela,Martinez
2760,Lela,Walker
2762,Jessie,Vanderlinde
2766,Michele,Jeffries
2769,Lawrence,Raphael
2769,Lawrence,Timmons
2769,Lawrence,Porter
2769,Stephen,Raphael
2769,Stephen,Timmons
2769,Stephen,Porter
2769,Richard,Raphael
2769,Richard,Timmons
2769,Richard,Porter
2775,Aleen,Buckman
2775,Aleen,Brewer
2775,Aleen,Spencer
2775,Aleen,Lindsey
2775,Edwin,Buckman
2775,Edwin,Brewer
2775,Edwin,Spencer
2775,Edwin,Lindsey
2775,Lazaro,Buckman
2775,Lazaro,Brewer
2775,Lazaro,Spencer
2775,Lazaro,Lindsey
2775,Jesus,Buckman
2775,Jesus,Brewer
2775,Jesus,Spencer
2775,Jesus,Lindsey
2776,Anthony,Lavery
2776,Anthony,Dougan
2776,Robert,Lavery
2776,Robert,Dougan
2778,Michael,Magallan
2779,Daniel,Hughes
2779,Daniel,Rogers
2779,Mark,Hughes
2779,Mark,Rogers
2780,Nancy,Case
2787,Sandra,Johnson
2787,Sandra,Johnson
2787,Sandra,Williams
2787,Sandra,Roark
2787,Walter,Johnson
2787,Walter,Johnson
2787,Walter,Williams
2787,Walter,Roark
2787,Guadalupe,Johnson
2787,Guadalupe,Johnson
2787,Guadalupe,Williams
2787,Guadalupe,Roark
2787,Miguel,Johnson
2787,Miguel,Johnson
2787,Miguel,Williams
2787,Miguel,Roark
2789,Joseph,Mcrae
2789,Joseph,Groll
2789,Joseph,Bass
2789,Michael,Mcrae
2789,Michael,Groll
2789,Michael,Bass
2789,John,Mcrae
2789,John,Groll
2789,John,Bass
2791,Nancy,Sheetz
2791,Nancy,Kenon
2791,Nancy,Cottle
2791,Nancy,Kneip
2791,Jessica,Sheetz
2791,Jessica,Kenon
2791,Jessica,Cottle
2791,Jessica,Kneip
2791,Noe,Sheetz
2791,Noe,Kenon
2791,Noe,Cottle
2791,Noe,Kneip
2791,Stephen,Sheetz
2791,Stephen,Kenon
2791,Stephen,Cottle
2791,Stephen,Kneip
2799,Cindy,Doody
2799,Cindy,Woodmansee
2799,Cindy,Harris
2799,Paul,Doody
2799,Paul,Woodmansee
2799,Paul,Harris
2799,Stephen,Doody
2799,Stephen,Woodmansee
2799,Stephen,Harris
2800,Yolanda,Kostyla
2800,Yolanda,Little
2800,Yolanda,Cottman
2800,Joseph,Kostyla
2800,Joseph,Little
2800,Joseph,Cottman
2800,Kelly,Kostyla
2800,Kelly,Little
2800,Kelly,Cottman
2803,Elisabeth,Ramirez
2803,Elisabeth,Hyde
2803,Elisabeth,Campbell
2803,Gerald,Ramirez
2803,Gerald,Hyde
2803,Gerald,Campbell
2803,Edith,Ramirez
2803,Edith,Hyde
2803,Edith,Campbell
2804,Joseph,Mcadams
2810,Manuel,Hodgdon
2810,Manuel,Webb
2810,Manuel,Greenwood
2810,Manuel,Willbanks
2810,Charles,Hodgdon
2810,Charles,Webb
2810,Charles,Greenwood
2810,Charles,Willbanks
2810,Lynn,Hodgdon
2810,Lynn,Webb
2810,Lynn,Greenwood
2810,Lynn,Willbanks
2810,April,Hodgdon
2810,April,Webb
2810,April,Greenwood
2810,April,Willbanks
2814,Kevin,Ledwig
2814,Kevin,Baker
2814,Kevin,Crabtree
2814,Kevin,Deveau
2814,Hector,Ledwig
2814,Hector,Baker
2814,Hector,Crabtree
2814,Hector,Deveau
2814,Eduardo,Ledwig
2814,Eduardo,Baker
2814,Eduardo,Crabtree
2814,Eduardo,Deveau
2814,Howard,Ledwig
2814,Howard,Baker
2814,Howard,Crabtree
2814,Howard,Deveau
2815,William,Young
2815,William,Mangione
2815,William,Arnold
2815,William,Poteat
2815,Wayne,Young
2815,Wayne,Mangione
2815,Wayne,Arnold
2815,Wayne,Poteat
2815,Jane,Young
2815,Jane,Mangione
2815,Jane,Arnold
2815,Jane,Poteat
2815,Theodore,Young
2815,Theodore,Mangione
2815,Theodore,Arnold
2815,Theodore,Poteat
2820,James,Washington
2820,James,Shipley
2820,James,Peluso
2820,James,Chirino
2820,Mary,Washington
2820,Mary,Shipley
2820,Mary,Peluso
2820,Mary,Chirino
2820,Debra,Washington
2820,Debra,Shipley
2820,Debra,Peluso
2820,Debra,Chirino
2820,Kathryn,Washington
2820,Kathryn,Shipley
2820,Kathryn,Peluso
2820,Kathryn,Chirino
2821,Mary,Payson
2821,Mary,Jacinto
2821,Mary,Mcalpin
2821,Margaret,Payson
2821,Margaret,Jacinto
2821,Margaret,Mcalpin
2821,Wilson,Payson
2821,Wilson,Jacinto
2821,Wilson,Mcalpin
2830,Bruce,Smith
2830,Bruce,Wentz
2830,Bruce,Jack
2830,Catherine,Smith
2830,Catherine,Wentz
2830,Catherine,Jack
2830,Carole,Smith
2830,Carole,Wentz
2830,Carole,Jack
2831,Mason,Risbeck
2831,Mason,Mcgee
2831,Mason,Bowden
2831,Mason,Brown
2831,Beulah,Risbeck
2831,Beulah,Mcgee
2831,Beulah,Bowden
2831,Beulah,Brown
2831,Robert,Risbeck
2831,Robert,Mcgee
2831,Robert,Bowden
2831,Robert,Brown
2831,Tina,Risbeck
2831,Tina,Mcgee
2831,Tina,Bowden
2831,Tina,Brown
2832,Michael,Kanahele
2832,Michael,Forbes
2832,Michael,Cornell
2832,Michael,Ross
2832,Donald,Kanahele
2832,Donald,Forbes
2832,Donald,Cornell
2832,Donald,Ross
2832,Madge,Kanahele
2832,Madge,Forbes
2832,Madge,Cornell
2832,Madge,Ross
2832,George,Kanahele
2832,George,Forbes
2832,George,Cornell
2832,George,Ross
2836,Alice,Atkinson
2836,Alice,Smith
2836,Kevin,Atkinson
2836,Kevin,Smith
2843,Richard,Corey
2843,Richard,Lewis
2843,Richard,Harper
2843,Richard,Oneill
2843,Jeremy,Corey
2843,Jeremy,Lewis
2843,Jeremy,Harper
2843,Jeremy,Oneill
2843,Lloyd,Corey
2843,Lloyd,Lewis
2843,Lloyd,Harper
2843,Lloyd,Oneill
2843,Arthur,Corey
2843,Arthur,Lewis
2843,Arthur,Harper
2843,Arthur,Oneill
2848,Jonathan,Mathis
2848,Jonathan,Abramowski
2848,Jonathan,Jones
2848,Martha,Mathis
2848,Martha,Abramowski
2848,Martha,Jones
2848,John,Mathis
2848,John,Abramowski
2848,John,Jones
2850,Kenneth,Stockton
2850,Kenneth,Hasting
2850,Kenneth,Durkin
2850,Myra,Stockton
2850,Myra,Hasting
2850,Myra,Durkin
2850,Virginia,Stockton
2850,Virginia,Hasting
2850,Virginia,Durkin
2854,Michael,Brown
2854,Michael,Young
2854,Michael,Sonoski
2854,Kenny,Brown
2854,Kenny,Young
2854,Kenny,Sonoski
2854,Christopher,Brown
2854,Christopher,Young
2854,Christopher,Sonoski
2857,Shawn,Wideman
2857,Shawn,Karpinen
2857,Shawn,Hanna
2857,John,Wideman
2857,John,Karpinen
2857,John,Hanna
2857,Timothy,Wideman
2857,Timothy,Karpinen
2857,Timothy,Hanna
2858,David,Boyd
2858,David,Scrudato
2858,David,Perry
2858,David,Ditullio
2858,Brandon,Boyd
2858,Brandon,Scrudato
2858,Brandon,Perry
2858,Brandon,Ditullio
2858,Joyce,Boyd
2858,Joyce,Scrudato
2858,Joyce,Perry
2858,Joyce,Ditullio
2858,Scott,Boyd
2858,Scott,Scrudato
2858,Scott,Perry
2858,Scott,Ditullio
2859,Roger,Willoughby
2859,Roger,Godbee
2859,Roger,Pederson
2859,Sylvia,Willoughby
2859,Sylvia,Godbee
2859,Sylvia,Pederson
2859,Andrea,Willoughby
2859,Andrea,Godbee
2859,Andrea,Pederson
2862,Joseph,James
2862,Joseph,Nam
2862,David,James
2862,David,Nam
2865,Joel,Carthen
2865,Joel,Coutts
2865,Joel,Pineda
2865,Joel,Blanco
2865,Carolyn,Carthen
2865,Carolyn,Coutts
2865,Carolyn,Pineda
2865,Carolyn,Blanco
2865,Walter,Carthen
2865,Walter,Coutts
2865,Walter,Pineda
2865,Walter,Blanco
2865,Cody,Carthen
2865,Cody,Coutts
2865,Cody,Pineda
2865,Cody,Blanco
2866,Patsy,West
2866,Patsy,Freeman
2866,Patsy,Mims
2866,Janice,West
2866,Janice,Freeman
2866,Janice,Mims
2866,Ebony,West
2866,Ebony,Freeman
2866,Ebony,Mims
2870,Gloria,Axelson
2870,Gloria,Moree
2870,Gloria,Gloss
2870,Amanda,Axelson
2870,Amanda,Moree
2870,Amanda,Gloss
2870,Bonnie,Axelson
2870,Bonnie,Moree
2870,Bonnie,Gloss
2877,Jack,Diamond
2877,Jack,Davis
2877,Jack,Hulbert
2877,Agnes,Diamond
2877,Agnes,Davis
2877,Agnes,Hulbert
2877,Miriam,Diamond
2877,Miriam,Davis
2877,Miriam,Hulbert
2878,Steven,Jackson
2878,Steven,Tinajero
2878,Steven,Musgrave
2878,Benjamin,Jackson
2878,Benjamin,Tinajero
2878,Benjamin,Musgrave
2878,Joseph,Jackson
2878,Joseph,Tinajero
2878,Joseph,Musgrave
2880,Larry,Upchurch
2880,Larry,Oliver
2880,Glenn,Upchurch
2880,Glenn,Oliver
2881,Madelyn,Saum
2882,Thomas,Holloway
2882,Thomas,Bender
2882,Thomas,Fried
2882,Ella,Holloway
2882,Ella,Bender
2882,Ella,Fried
2882,Ruby,Holloway
2882,Ruby,Bender
2882,Ruby,Fried
2887,Margaret,Miller
2892,Kitty,Geiger
2892,Kitty,Visser
2892,Kitty,Justiss
2892,Kitty,Broach
2892,Marie,Geiger
2892,Marie,Visser
2892,Marie,Justiss
2892,Marie,Broach
2892,Paul,Geiger
2892,Paul,Visser
2892,Paul,Justiss
2892,Paul,Broach
2892,Shirley,Geiger
2892,Shirley,Visser
2892,Shirley,Justiss
2892,Shirley,Broach
2899,Patricia,Bastien
2899,Patricia,Castle
2899,Patricia,Glendening
2899,Patricia,Nailor
2899,Don,Bastien
2899,Don,Castle
2899,Don,Glendening
2899,Don,Nailor
2899,Meryl,Bastien
2899,Meryl,Castle
2899,Meryl,Glendening
2899,Meryl,Nailor
2899,Duane,Bastien
2899,Duane,Castle
2899,Duane,Glendening
2899,Duane,Nailor
2901,Leslie,Dixon
2901,Leslie,Richert
2901,Leslie,Foster
2901,Leslie,Truelove
2901,Maria,Dixon
2901,Maria,Richert
2901,Maria,Foster
2901,Maria,Truelove
2901,James,Dixon
2901,James,Richert
2901,James,Foster
2901,James,Truelove
2901,Sara,Dixon
2901,Sara,Richert
2901,Sara,Foster
2901,Sara,Truelove
2903,Geneva,Carpenter
2903,Geneva,Larson
2903,Evangeline,Carpenter
2903,Evangeline,Larson
2904,Susan,Thatcher
2904,Susan,Hernandez
2904,Lydia,Thatcher
2904,Lydia,Hernandez
2906,Richard,Sano
2906,Richard,Travis
2906,Alice,Sano
2906,Alice,Travis
2907,Sharon,Fuller
2907,Sharon,Trimpe
2907,Sharon,Lavin
2907,Sharon,Smith
2907,Irene,Fuller
2907,Irene,Trimpe
2907,Irene,Lavin
2907,Irene,Smith
2907,Elizabeth,Fuller
2907,Elizabeth,Trimpe
2907,Elizabeth,Lavin
2907,Elizabeth,Smith
2907,Ruth,Fuller
2907,Ruth,Trimpe
2907,Ruth,Lavin
2907,Ruth,Smith
2912,Vickie,Pitts
2914,Theodore,Robinson
2914,Theodore,Marshall
2914,Theodore,Smith
2914,Theodore,Cleare
2914,Robert,Robinson
2914,Robert,Marshall
2914,Robert,Smith
2914,Robert,Cleare
2914,Otis,Robinson
2914,Otis,Marshall
2914,Otis,Smith
2914,Otis,Cleare
2914,Kendall,Robinson
2914,Kendall,Marshall
2914,Kendall,Smith
2914,Kendall,Cleare
2915,Edith,Vinson
2915,Edith,Sharp
2915,Edith,Oneal
2915,Derrick,Vinson
2915,Derrick,Sharp
2915,Derrick,Oneal
2915,Willa,Vinson
2915,Willa,Sharp
2915,Willa,Oneal
2922,Warren,Scruggs
2922,Warren,Heier
2922,Daryl,Scruggs
2922,Daryl,Heier
2924,Irene,Swanson
2924,Irene,Fleury
2924,Irene,Enyart
2924,Brian,Swanson
2924,Brian,Fleury
2924,Brian,Enyart
2924,Mary,Swanson
2924,Mary,Fleury
2924,Mary,Enyart
2927,Janet,Green
2931,Ella,Hargraves
2931,Ella,Raymond
2931,Ella,Ledbetter
2931,Ella,Bland
2931,Charles,Hargraves
2931,Charles,Raymond
2931,Charles,Ledbetter
2931,Charles,Bland
2931,David,Hargraves
2931,David,Raymond
2931,David,Ledbetter
2931,David,Bland
2931,Howard,Hargraves
2931,Howard,Raymond
2931,Howard,Ledbetter
2931,Howard,Bland
2932,Bruce,Murray
2932,Bruce,Tiley
2932,Tracey,Murray
2932,Tracey,Tiley
2936,Margaret,Powell
2936,Margaret,Vallejos
2936,Susan,Powell
2936,Susan,Vallejos
2939,Betty,Johnson
2939,Betty,Travis
2939,Betty,Amundson
2939,Anna,Johnson
2939,Anna,Travis
2939,Anna,Amundson
2939,Shelia,Johnson
2939,Shelia,Travis
2939,Shelia,Amundson
2941,Kenneth,Rynders
2941,Kenneth,Smith
2941,Kenneth,Garcia
2941,Amy,Rynders
2941,Amy,Smith
2941,Amy,Garcia
2941,Wade,Rynders
2941,Wade,Smith
2941,Wade,Garcia
2943,Edna,Frisbie
2944,Luella,Li
2944,Luella,Langlois
2944,Luella,Monroe
2944,Luella,Nekola
2944,Douglas,Li
2944,Douglas,Langlois
2944,Douglas,Monroe
2944,Douglas,Nekola
2944,William,Li
2944,William,Langlois
2944,William,Monroe
2944,William,Nekola
2944,Marquetta,Li
2944,Marquetta,Langlois
2944,Marquetta,Monroe
2944,Marquetta,Nekola
2945,Lee,Watkins
2945,Lee,Noel
2945,Raymond,Watkins
2945,Raymond,Noel
2947,Melissa,Ramirez
2947,Melissa,Rivera
2947,Ian,Ramirez
2947,Ian,Rivera
2950,Jill,Manlangit
2950,Jill,Dunn
2950,Jill,Wilkie
2950,Jill,Stewart
2950,Peter,Manlangit
2950,Peter,Dunn
2950,Peter,Wilkie
2950,Peter,Stewart
2950,Jeniffer,Manlangit
2950,Jeniffer,Dunn
2950,Jeniffer,Wilkie
2950,Jeniffer,Stewart
2950,Mary,Manlangit
2950,Mary,Dunn
2950,Mary,Wilkie
2950,Mary,Stewart
2955,Carol,Anderson
2959,Norma,Boudreau
2960,Wilbert,Knapp
2960,Wilbert,Ferber
2960,Wilbert,Long
2960,Wilbert,Chandler
2960,Trevor,Knapp
2960,Trevor,Ferber
2960,Trevor,Long
2960,Trevor,Chandler
2960,Jeremy,Knapp
2960,Jeremy,Ferber
2960,Jeremy,Long
2960,Jeremy,Chandler
2960,Thomas,Knapp
2960,Thomas,Ferber
2960,Thomas,Long
2960,Thomas,Chandler
2964,Margaret,Gladwin
2964,Margaret,Brown
2964,Margaret,Lesko
2964,Margaret,Sheneman
2964,Jacqueline,Gladwin
2964,Jacqueline,Brown
2964,Jacqueline,Lesko
2964,Jacqueline,Sheneman
2964,Richard,Gladwin
2964,Richard,Brown
2964,Richard,Lesko
2964,Richard,Sheneman
2964,Carlos,Gladwin
2964,Carlos,Brown
2964,Carlos,Lesko
2964,Carlos,Sheneman
2967,Charles,Jenkins
2967,Charles,Ingrum
2967,Charles,Hugill
2967,Shannon,Jenkins
2967,Shannon,Ingrum
2967,Shannon,Hugill
2967,Donna,Jenkins
2967,Donna,Ingrum
2967,Donna,Hugill
2968,Russell,Cooper
2968,Russell,Barton
2968,Russell,Estrada
2968,Eric,Cooper
2968,Eric,Barton
2968,Eric,Estrada
2968,Shirley,Cooper
2968,Shirley,Barton
2968,Shirley,Estrada
2976,Robert,Smith
2976,Robert,Ferrari
2976,Robert,Thalls
2976,Kenneth,Smith
2976,Kenneth,Ferrari
2976,Kenneth,Thalls
2976,Stella,Smith
2976,Stella,Ferrari
2976,Stella,Thalls
2979,William,Watkins
2979,William,Tripp
2979,Tina,Watkins
2979,Tina,Tripp
2981,Matthew,Roper
2981,Matthew,Johnson
2981,Matthew,Lynch
2981,Wanda,Roper
2981,Wanda,Johnson
2981,Wanda,Lynch
2981,Emilio,Roper
2981,Emilio,Johnson
2981,Emilio,Lynch
2983,Michael,Higgins
2983,Michael,Thielman
2983,Michael,Rhodes
2983,Michael,Monaghan
2983,Kevin,Higgins
2983,Kevin,Thielman
2983,Kevin,Rhodes
2983,Kevin,Monaghan
2983,Robert,Higgins
2983,Robert,Thielman
2983,Robert,Rhodes
2983,Robert,Monaghan
2983,Suzanne,Higgins
2983,Suzanne,Thielman
2983,Suzanne,Rhodes
2983,Suzanne,Monaghan
2984,Elizabeth,Bryant
2985,Kevin,Dickinson
2985,Kevin,Mcclain
2985,Kevin,Fowler
2985,Thomas,Dickinson
2985,Thomas,Mcclain
2985,Thomas,Fowler
2985,Vernon,Dickinson
2985,Vernon,Mcclain
2985,Vernon,Fowler
2986,Crystal,Mulvihill
2989,Andrea,Jones
2989,Andrea,Bossler
2989,Andrea,Dewitt
2989,Joseph,Jones
2989,Joseph,Bossler
2989,Joseph,Dewitt
2989,Emily,Jones
2989,Emily,Bossler
2989,Emily,Dewitt
2994,Charles,Reik
2994,Charles,Carroll
2994,Catherine,Reik
2994,Catherine,Carroll
2996,Christopher,Marshall
2996,Christopher,Suggett
2996,Christopher,Rodriguez
2996,Bob,Marshall
2996,Bob,Suggett
2996,Bob,Rodriguez
2996,Lynette,Marshall
2996,Lynette,Suggett
2996,Lynette,Rodriguez
2997,Minnie,Rutland
2998,Daniel,Hicks
2998,Daniel,Medel
2998,Daniel,Santiago
2998,Daniel,Wallace
2998,Harriet,Hicks
2998,Harriet,Medel
2998,Harriet,Santiago
2998,Harriet,Wallace
2998,Eleanor,Hicks
2998,Eleanor,Medel
2998,Eleanor,Santiago
2998,Eleanor,Wallace
2998,Christopher,Hicks
2998,Christopher,Medel
2998,Christopher,Santiago
2998,Christopher,Wallace
2503,Joshua,Lauderdale
2503,Joshua,Talton
2503,Joshua,Wolsted
2503,Joshua,Thompson
2503,Sabrina,Lauderdale
2503,Sabrina,Talton
2503,Sabrina,Wolsted
2503,Sabrina,Thompson
2503,Robert,Lauderdale
2503,Robert,Talton
2503,Robert,Wolsted
2503,Robert,Thompson
2503,Marian,Lauderdale
2503,Marian,Talton
2503,Marian,Wolsted
2503,Marian,Thompson
2512,Barry,Galloway
2512,Barry,Bells
2512,Barry,Melton
2512,Clarence,Galloway
2512,Clarence,Bells
2512,Clarence,Melton
2512,Vera,Galloway
2512,Vera,Bells
2512,Vera,Melton
2521,Larry,Alvarez
2521,Larry,Ramsey
2521,Larry,Holmes
2521,Larry,Mcgowan
2521,Michael,Alvarez
2521,Michael,Ramsey
2521,Michael,Holmes
2521,Michael,Mcgowan
2521,Wilfred,Alvarez
2521,Wilfred,Ramsey
2521,Wilfred,Holmes
2521,Wilfred,Mcgowan
2521,Laquita,Alvarez
2521,Laquita,Ramsey
2521,Laquita,Holmes
2521,Laquita,Mcgowan
2524,Billye,Stein
2524,Billye,Smith
2524,Billye,Sample
2524,Billye,Rowell
2524,Susan,Stein
2524,Susan,Smith
2524,Susan,Sample
2524,Susan,Rowell
2524,Marvin,Stein
2524,Marvin,Smith
2524,Marvin,Sample
2524,Marvin,Rowell
2524,Joann,Stein
2524,Joann,Smith
2524,Joann,Sample
2524,Joann,Rowell
2525,Carole,Vanacore
2528,Edith,Martin
2528,Edith,Castagna
2528,Edith,Huls
2528,Edith,Jones
2528,Michael,Martin
2528,Michael,Castagna
2528,Michael,Huls
2528,Michael,Jones
2528,George,Martin
2528,George,Castagna
2528,George,Huls
2528,George,Jones
2528,Catherine,Martin
2528,Catherine,Castagna
2528,Catherine,Huls
2528,Catherine,Jones
2529,Shannon,Yancey
2529,Shannon,Ortiz
2529,Shannon,Herbert
2529,Francisco,Yancey
2529,Francisco,Ortiz
2529,Francisco,Herbert
2529,Mary,Yancey
2529,Mary,Ortiz
2529,Mary,Herbert
2530,Kathleen,Dyson
2530,Kathleen,Roush
2530,Kathleen,Hill
2530,Sandra,Dyson
2530,Sandra,Roush
2530,Sandra,Hill
2530,Theodore,Dyson
2530,Theodore,Roush
2530,Theodore,Hill
2531,Brittany,Warner
2531,Brittany,Aquino
2531,Brittany,Wright
2531,George,Warner
2531,George,Aquino
2531,George,Wright
2531,Danielle,Warner
2531,Danielle,Aquino
2531,Danielle,Wright
2534,Marcia,Licon
2535,Edward,Quattlebaum
2540,Robert,Clodfelter
2540,Robert,Byer
2540,Robert,Washington
2540,Cheryl,Clodfelter
2540,Cheryl,Byer
2540,Cheryl,Washington
2540,Richard,Clodfelter
2540,Richard,Byer
2540,Richard,Washington
2541,Moira,Burgess
2541,Moira,Anderson
2541,John,Burgess
2541,John,Anderson
2548,Robert,Broussard
2548,Robert,Lejeune
2548,Robert,Saling
2548,Miguel,Broussard
2548,Miguel,Lejeune
2548,Miguel,Saling
2548,Sandra,Broussard
2548,Sandra,Lejeune
2548,Sandra,Saling
2551,Charles,Brown
2551,Charles,Crawford
2551,William,Brown
2551,William,Crawford
2555,Gwendolyn,Wade
2555,Gwendolyn,Jones
2555,Gwendolyn,Weber
2555,Ida,Wade
2555,Ida,Jones
2555,Ida,Weber
2555,Priscilla,Wade
2555,Priscilla,Jones
2555,Priscilla,Weber
2562,Bert,Flowers
2571,Bobby,Rocha
2571,Bobby,Waterer
2571,Samuel,Rocha
2571,Samuel,Waterer
2572,Doris,Kopacz
2573,Jason,Zook
2574,Nicole,Strapp
2574,Nicole,Ganey
2574,Nicole,Carney
2574,Nicole,Thole
2574,Asa,Strapp
2574,Asa,Ganey
2574,Asa,Carney
2574,Asa,Thole
2574,Kara,Strapp
2574,Kara,Ganey
2574,Kara,Carney
2574,Kara,Thole
2574,Mary,Strapp
2574,Mary,Ganey
2574,Mary,Carney
2574,Mary,Thole
2596,Dorothy,Tully
2599,Donald,Tuller
2599,Donald,Holston
2599,Donald,Kelly
2599,Donald,Copeland
2599,Kelly,Tuller
2599,Kelly,Holston
2599,Kelly,Kelly
2599,Kelly,Copeland
2599,Kelly,Tuller
2599,Kelly,Holston
2599,Kelly,Kelly
2599,Kelly,Copeland
2599,Daniel,Tuller
2599,Daniel,Holston
2599,Daniel,Kelly
2599,Daniel,Copeland
2604,Brian,Taylor
2604,Brian,Branch
2604,Brian,Espino
2604,Brian,Vanhuss
2604,Edith,Taylor
2604,Edith,Branch
2604,Edith,Espino
2604,Edith,Vanhuss
2604,Robt,Taylor
2604,Robt,Branch
2604,Robt,Espino
2604,Robt,Vanhuss
2604,Margaret,Taylor
2604,Margaret,Branch
2604,Margaret,Espino
2604,Margaret,Vanhuss
2611,Martha,Ridenour
2621,Barbara,Melchor
2621,Barbara,Jensen
2621,Quinn,Melchor
2621,Quinn,Jensen
2630,Roger,Werner
2630,Roger,Wendler
2630,Roger,Taylor
2630,Roger,Stanley
2630,Richard,Werner
2630,Richard,Wendler
2630,Richard,Taylor
2630,Richard,Stanley
2630,Clarence,Werner
2630,Clarence,Wendler
2630,Clarence,Taylor
2630,Clarence,Stanley
2630,William,Werner
2630,William,Wendler
2630,William,Taylor
2630,William,Stanley
2631,Thanh,Brown
2631,Thanh,Leclerc
2631,Thanh,Landry
2631,Jerry,Brown
2631,Jerry,Leclerc
2631,Jerry,Landry
2631,Erica,Brown
2631,Erica,Leclerc
2631,Erica,Landry
2634,Connie,Norman
2634,Connie,Cole
2634,Connie,Hill
2634,Tammy,Norman
2634,Tammy,Cole
2634,Tammy,Hill
2634,Terrence,Norman
2634,Terrence,Cole
2634,Terrence,Hill
2636,Darlene,Street
2636,Darlene,Harris
2636,Darlene,Dixon
2636,David,Street
2636,David,Harris
2636,David,Dixon
2636,William,Street
2636,William,Harris
2636,William,Dixon
2640,Gail,Farrell
2640,Gail,Gardner
2640,Gail,Stevens
2640,Laura,Farrell
2640,Laura,Gardner
2640,Laura,Stevens
2640,Jack,Farrell
2640,Jack,Gardner
2640,Jack,Stevens
2646,Donald,Schaffer
2646,Donald,Brodes
2646,September,Schaffer
2646,September,Brodes
2649,Lawrence,Dungan
2649,Lawrence,Penland
2649,Lawrence,Garcia
2649,Lawrence,Racki
2649,William,Dungan
2649,William,Penland
2649,William,Garcia
2649,William,Racki
2649,Patrick,Dungan
2649,Patrick,Penland
2649,Patrick,Garcia
2649,Patrick,Racki
2649,Stacey,Dungan
2649,Stacey,Penland
2649,Stacey,Garcia
2649,Stacey,Racki
2654,Kenneth,Winburn
2654,Kenneth,Gordon
2654,Kenneth,Bernal
2654,Kenneth,Walz
2654,Krystyna,Winburn
2654,Krystyna,Gordon
2654,Krystyna,Bernal
2654,Krystyna,Walz
2654,Ethel,Winburn
2654,Ethel,Gordon
2654,Ethel,Bernal
2654,Ethel,Walz
2654,Lauren,Winburn
2654,Lauren,Gordon
2654,Lauren,Bernal
2654,Lauren,Walz
2657,Deborah,Calhoun
2657,Deborah,Murphy
2657,Eileen,Calhoun
2657,Eileen,Murphy
2666,Yolanda,Powell
2667,Randy,Rogers
2667,Randy,Thomas
2667,Randy,Bass
2667,Randy,Moniz
2667,Barbara,Rogers
2667,Barbara,Thomas
2667,Barbara,Bass
2667,Barbara,Moniz
2667,Charlotte,Rogers
2667,Charlotte,Thomas
2667,Charlotte,Bass
2667,Charlotte,Moniz
2667,Louise,Rogers
2667,Louise,Thomas
2667,Louise,Bass
2667,Louise,Moniz
2670,Mark,Lopez
2670,Mark,Lee
2670,Mark,Harper
2670,Mark,Tate
2670,Richard,Lopez
2670,Richard,Lee
2670,Richard,Harper
2670,Richard,Tate
2670,Marilyn,Lopez
2670,Marilyn,Lee
2670,Marilyn,Harper
2670,Marilyn,Tate
2670,Bobby,Lopez
2670,Bobby,Lee
2670,Bobby,Harper
2670,Bobby,Tate
2678,Daniel,Knott
2678,Daniel,Valdovinos
2678,Daniel,Roberts
2678,Daniel,Howarth
2678,Alex,Knott
2678,Alex,Valdovinos
2678,Alex,Roberts
2678,Alex,Howarth
2678,Robin,Knott
2678,Robin,Valdovinos
2678,Robin,Roberts
2678,Robin,Howarth
2678,Elaine,Knott
2678,Elaine,Valdovinos
2678,Elaine,Roberts
2678,Elaine,Howarth
2683,Charles,Krueger
2683,Charles,Terry
2683,Daniel,Krueger
2683,Daniel,Terry
2698,Timothy,Modrak
2698,Timothy,Stiff
2698,Timothy,Davila
2698,Timothy,Leonard
2698,Marie,Modrak
2698,Marie,Stiff
2698,Marie,Davila
2698,Marie,Leonard
2698,Phyllis,Modrak
2698,Phyllis,Stiff
2698,Phyllis,Davila
2698,Phyllis,Leonard
2698,Toni,Modrak
2698,Toni,Stiff
2698,Toni,Davila
2698,Toni,Leonard
2704,Pam,Marshall
2704,Pam,Marshall
2704,Heath,Marshall
2704,Heath,Marshall
2708,Donald,Brooks
2708,Donald,Dotson
2708,Donald,Clarkson
2708,Donald,Franklin
2708,Brandy,Brooks
2708,Brandy,Dotson
2708,Brandy,Clarkson
2708,Brandy,Franklin
2708,Diane,Brooks
2708,Diane,Dotson
2708,Diane,Clarkson
2708,Diane,Franklin
2708,Donald,Brooks
2708,Donald,Dotson
2708,Donald,Clarkson
2708,Donald,Franklin
2712,Kenneth,Twitty
2712,Kenneth,Barnett
2712,Kenneth,Kellar
2712,Kenneth,Woods
2712,Randy,Twitty
2712,Randy,Barnett
2712,Randy,Kellar
2712,Randy,Woods
2712,Junior,Twitty
2712,Junior,Barnett
2712,Junior,Kellar
2712,Junior,Woods
2712,Mark,Twitty
2712,Mark,Barnett
2712,Mark,Kellar
2712,Mark,Woods
2717,Lori,Adkins
2717,Lori,Patterson
2717,Lori,Taylor
2717,Robert,Adkins
2717,Robert,Patterson
2717,Robert,Taylor
2717,Annette,Adkins
2717,Annette,Patterson
2717,Annette,Taylor
2720,Larry,Lugo
2720,Larry,Knotts
2720,Larry,Turner
2720,Cheryl,Lugo
2720,Cheryl,Knotts
2720,Cheryl,Turner
2720,Robert,Lugo
2720,Robert,Knotts
2720,Robert,Turner
2721,Paul,Hayward
2721,Paul,Joseph
2721,Dorthy,Hayward
2721,Dorthy,Joseph
2723,Royce,Senft
2723,Royce,Buhl
2723,Royce,Hendrix
2723,Royce,Price
2723,Jackie,Senft
2723,Jackie,Buhl
2723,Jackie,Hendrix
2723,Jackie,Price
2723,Amy,Senft
2723,Amy,Buhl
2723,Amy,Hendrix
2723,Amy,Price
2723,Carolyn,Senft
2723,Carolyn,Buhl
2723,Carolyn,Hendrix
2723,Carolyn,Price
2730,Deborah,Bogosh
2738,Barbara,Staley
2738,Barbara,Biggs
2738,Barbara,Eldred
2738,Barbara,Oaks
2738,Richard,Staley
2738,Richard,Biggs
2738,Richard,Eldred
2738,Richard,Oaks
2738,Catherine,Staley
2738,Catherine,Biggs
2738,Catherine,Eldred
2738,Catherine,Oaks
2738,Susan,Staley
2738,Susan,Biggs
2738,Susan,Eldred
2738,Susan,Oaks
2746,Sally,Dyer
2751,Jason,Diorio
2751,Jason,Comley
2751,Charles,Diorio
2751,Charles,Comley
2765,Kenneth,Fairchild
2765,Kenneth,Secrist
2765,Michael,Fairchild
2765,Michael,Secrist
2770,Eddie,Lagrange
2770,Eddie,Radley
2770,Eddie,Leslie
2770,Eddie,Williamson
2770,Jonathan,Lagrange
2770,Jonathan,Radley
2770,Jonathan,Leslie
2770,Jonathan,Williamson
2770,Vincent,Lagrange
2770,Vincent,Radley
2770,Vincent,Leslie
2770,Vincent,Williamson
2770,Jonathan,Lagrange
2770,Jonathan,Radley
2770,Jonathan,Leslie
2770,Jonathan,Williamson
2774,Troy,Longnecker
2774,Troy,Coleman
2774,Jeffrey,Longnecker
2774,Jeffrey,Coleman
2777,Duane,Kenney
2777,Duane,Tyson
2777,Duane,Quintero
2777,Duane,Branum
2777,Ida,Kenney
2777,Ida,Tyson
2777,Ida,Quintero
2777,Ida,Branum
2777,Jacque,Kenney
2777,Jacque,Tyson
2777,Jacque,Quintero
2777,Jacque,Branum
2777,Patricia,Kenney
2777,Patricia,Tyson
2777,Patricia,Quintero
2777,Patricia,Branum
2781,Denise,Brandenburg
2781,Denise,Calvin
2781,Denise,Hagan
2781,Denise,Garrett
2781,Linda,Brandenburg
2781,Linda,Calvin
2781,Linda,Hagan
2781,Linda,Garrett
2781,Evan,Brandenburg
2781,Evan,Calvin
2781,Evan,Hagan
2781,Evan,Garrett
2781,Mauro,Brandenburg
2781,Mauro,Calvin
2781,Mauro,Hagan
2781,Mauro,Garrett
2782,Marvel,Brown
2784,Evonne,Martel
2784,Evonne,Burlew
2784,Evonne,Underwood
2784,Andrew,Martel
2784,Andrew,Burlew
2784,Andrew,Underwood
2784,Daphine,Martel
2784,Daphine,Burlew
2784,Daphine,Underwood
2790,Jack,Wohner
2793,Melody,Morris
2805,Neil,Phillips
2805,Neil,Ott
2805,Kimberly,Phillips
2805,Kimberly,Ott
2807,Edwin,Compton
2807,Edwin,Bush
2807,Edwin,Slade
2807,Edwin,Sugarman
2807,Earnest,Compton
2807,Earnest,Bush
2807,Earnest,Slade
2807,Earnest,Sugarman
2807,Joanne,Compton
2807,Joanne,Bush
2807,Joanne,Slade
2807,Joanne,Sugarman
2807,Andrea,Compton
2807,Andrea,Bush
2807,Andrea,Slade
2807,Andrea,Sugarman
2808,Norman,Gatlin
2808,Norman,Rocco
2808,Robert,Gatlin
2808,Robert,Rocco
2822,Garret,Lehman
2826,Walter,Anderson
2826,Walter,Leu
2826,Walter,Gamble
2826,Edward,Anderson
2826,Edward,Leu
2826,Edward,Gamble
2826,Robert,Anderson
2826,Robert,Leu
2826,Robert,Gamble
2827,Linda,Meyer
2827,Linda,Kidd
2827,Linda,Greenspan
2827,Linda,Humann
2827,Louis,Meyer
2827,Louis,Kidd
2827,Louis,Greenspan
2827,Louis,Humann
2827,Jeremy,Meyer
2827,Jeremy,Kidd
2827,Jeremy,Greenspan
2827,Jeremy,Humann
2827,Terry,Meyer
2827,Terry,Kidd
2827,Terry,Greenspan
2827,Terry,Humann
2828,Caleb,Everette
2828,Caleb,Doke
2828,Caleb,Hayes
2828,Caleb,Lieb
2828,Kyra,Everette
2828,Kyra,Doke
2828,Kyra,Hayes
2828,Kyra,Lieb
2828,Ralph,Everette
2828,Ralph,Doke
2828,Ralph,Hayes
2828,Ralph,Lieb
2828,Peter,Everette
2828,Peter,Doke
2828,Peter,Hayes
2828,Peter,Lieb
2829,Miranda,Fenton
2829,Miranda,Banner
2829,Eileen,Fenton
2829,Eileen,Banner
2833,Ernie,Hall
2833,Ernie,Williams
2833,Ernie,Woodberry
2833,Lance,Hall
2833,Lance,Williams
2833,Lance,Woodberry
2833,Sherri,Hall
2833,Sherri,Williams
2833,Sherri,Woodberry
2838,Abby,Jones
2838,Abby,Scordato
2838,Frank,Jones
2838,Frank,Scordato
2841,John,Couch
2841,John,Watkins
2841,John,Elder
2841,John,Marsaw
2841,Fabian,Couch
2841,Fabian,Watkins
2841,Fabian,Elder
2841,Fabian,Marsaw
2841,Alfonso,Couch
2841,Alfonso,Watkins
2841,Alfonso,Elder
2841,Alfonso,Marsaw
2841,Brandon,Couch
2841,Brandon,Watkins
2841,Brandon,Elder
2841,Brandon,Marsaw
2847,Fran,Headley
2847,Fran,Blatz
2847,Fran,Wiseman
2847,Fran,Brenton
2847,Patricia,Headley
2847,Patricia,Blatz
2847,Patricia,Wiseman
2847,Patricia,Brenton
2847,Malcolm,Headley
2847,Malcolm,Blatz
2847,Malcolm,Wiseman
2847,Malcolm,Brenton
2847,Angie,Headley
2847,Angie,Blatz
2847,Angie,Wiseman
2847,Angie,Brenton
2851,Barbara,Goodwin
2851,Barbara,Brown
2851,Barbara,Bringle
2851,James,Goodwin
2851,James,Brown
2851,James,Bringle
2851,Cheryl,Goodwin
2851,Cheryl,Brown
2851,Cheryl,Bringle
2863,Stuart,Nasers
2863,Stuart,Pedraza
2863,Lenora,Nasers
2863,Lenora,Pedraza
2867,Jena,Concepcion
2867,Jena,Yee
2867,Jena,Acker
2867,Gertha,Concepcion
2867,Gertha,Yee
2867,Gertha,Acker
2867,Kristina,Concepcion
2867,Kristina,Yee
2867,Kristina,Acker
2874,Ruby,Crowden
2874,Ruby,Locke
2874,Rosemary,Crowden
2874,Rosemary,Locke
2884,Bryan,Schlesener
2884,Bryan,Provino
2884,Bryan,Miner
2884,Donald,Schlesener
2884,Donald,Provino
2884,Donald,Miner
2884,Edwin,Schlesener
2884,Edwin,Provino
2884,Edwin,Miner
2889,Patrick,Keller
2889,Patrick,Davis
2889,Estella,Keller
2889,Estella,Davis
2890,Ines,Beltrami
2890,Ines,Mcgraw
2890,Ines,Anderson
2890,Ines,Bourque
2890,Rick,Beltrami
2890,Rick,Mcgraw
2890,Rick,Anderson
2890,Rick,Bourque
2890,Gary,Beltrami
2890,Gary,Mcgraw
2890,Gary,Anderson
2890,Gary,Bourque
2890,Jessica,Beltrami
2890,Jessica,Mcgraw
2890,Jessica,Anderson
2890,Jessica,Bourque
2891,Joe,Barfield
2891,Joe,Weese
2891,Joe,Grothe
2891,Joe,Carter
2891,Latasha,Barfield
2891,Latasha,Weese
2891,Latasha,Grothe
2891,Latasha,Carter
2891,Crystal,Barfield
2891,Crystal,Weese
2891,Crystal,Grothe
2891,Crystal,Carter
2891,Ronald,Barfield
2891,Ronald,Weese
2891,Ronald,Grothe
2891,Ronald,Carter
2893,Misty,Danner
2893,Misty,Clarke
2893,Misty,Carr
2893,Misty,Harris
2893,Gary,Danner
2893,Gary,Clarke
2893,Gary,Carr
2893,Gary,Harris
2893,Marcus,Danner
2893,Marcus,Clarke
2893,Marcus,Carr
2893,Marcus,Harris
2893,Heidi,Danner
2893,Heidi,Clarke
2893,Heidi,Carr
2893,Heidi,Harris
2897,Joe,Atwell
2897,Joe,Galloway
2897,Joe,Conway
2897,Evelyn,Atwell
2897,Evelyn,Galloway
2897,Evelyn,Conway
2897,Thomas,Atwell
2897,Thomas,Galloway
2897,Thomas,Conway
2898,Karen,Martin
2898,Karen,Oliver
2898,Karen,Clark
2898,Joy,Martin
2898,Joy,Oliver
2898,Joy,Clark
2898,Gloria,Martin
2898,Gloria,Oliver
2898,Gloria,Clark
2909,Helen,Labranche
2909,Helen,Spicer
2909,Helena,Labranche
2909,Helena,Spicer
2911,Richard,Goffinet
2918,Maggie,Bessick
2918,Maggie,Fogle
2918,Maggie,Johnson
2918,Sandra,Bessick
2918,Sandra,Fogle
2918,Sandra,Johnson
2918,William,Bessick
2918,William,Fogle
2918,William,Johnson
2920,David,Jones
2920,David,Davis
2920,Kelly,Jones
2920,Kelly,Davis
2923,Chau,Thoms
2930,Patrick,Stewart
2930,Patrick,Gage
2930,Donald,Stewart
2930,Donald,Gage
2935,James,Jovich
2935,James,Mueller
2935,Pamela,Jovich
2935,Pamela,Mueller
2937,Kathleen,Amidon
2937,Kathleen,Garret
2937,Kathleen,Cox
2937,Kathleen,Kelly
2937,Vicky,Amidon
2937,Vicky,Garret
2937,Vicky,Cox
2937,Vicky,Kelly
2937,Ronald,Amidon
2937,Ronald,Garret
2937,Ronald,Cox
2937,Ronald,Kelly
2937,Tami,Amidon
2937,Tami,Garret
2937,Tami,Cox
2937,Tami,Kelly
2940,James,Lokken
2940,James,Lane
2940,James,Savage
2940,James,Almond
2940,Ramon,Lokken
2940,Ramon,Lane
2940,Ramon,Savage
2940,Ramon,Almond
2940,Dorothy,Lokken
2940,Dorothy,Lane
2940,Dorothy,Savage
2940,Dorothy,Almond
2940,Christina,Lokken
2940,Christina,Lane
2940,Christina,Savage
2940,Christina,Almond
2952,Catherine,Lundy
2954,Harold,Killian
2954,Harold,Wright
2954,Michelle,Killian
2954,Michelle,Wright
2957,Joanna,Barnes
2957,Joanna,Colone
2957,Damien,Barnes
2957,Damien,Colone
2963,Anita,Dempsey
2965,Bertha,Arrington
2965,Bertha,Baghdasarian
2965,Bertha,Serrano
2965,Bertha,Kincaid
2965,Rose,Arrington
2965,Rose,Baghdasarian
2965,Rose,Serrano
2965,Rose,Kincaid
2965,Charles,Arrington
2965,Charles,Baghdasarian
2965,Charles,Serrano
2965,Charles,Kincaid
2965,Joseph,Arrington
2965,Joseph,Baghdasarian
2965,Joseph,Serrano
2965,Joseph,Kincaid
2969,Colleen,Dietrich
2969,Colleen,Paynes
2969,Kathrine,Dietrich
2969,Kathrine,Paynes
2982,Darren,Mann
2982,Darren,Alvarez
2982,Darren,Weaver
2982,Darren,Newberry
2982,Lois,Mann
2982,Lois,Alvarez
2982,Lois,Weaver
2982,Lois,Newberry
2982,Robert,Mann
2982,Robert,Alvarez
2982,Robert,Weaver
2982,Robert,Newberry
2982,Carol,Mann
2982,Carol,Alvarez
2982,Carol,Weaver
2982,Carol,Newberry
2987,Candace,Broussard
2987,Candace,Davidson
2987,Candace,Israel
2987,Sheila,Broussard
2987,Sheila,Davidson
2987,Sheila,Israel
2987,Cindy,Broussard
2987,Cindy,Davidson
2987,Cindy,Israel
2991,Cliff,Peterson
2991,Cliff,Brooks
2991,Rodney,Peterson
2991,Rodney,Brooks
2501,Carrie,Rodriguez
2501,Carrie,Murphy
2501,Karen,Rodriguez
2501,Karen,Murphy
2511,Shannon,Witt
2516,Flo,Snider
2516,Flo,Brunk
2516,Flo,Gore
2516,Bessie,Snider
2516,Bessie,Brunk
2516,Bessie,Gore
2516,Suzanne,Snider
2516,Suzanne,Brunk
2516,Suzanne,Gore
2523,Jim,Allen
2523,Jim,Smith
2523,Kathleen,Allen
2523,Kathleen,Smith
2532,Rebecca,Witter
2533,Audrey,Hallmark
2533,Audrey,Watkins
2533,Ralph,Hallmark
2533,Ralph,Watkins
2537,Glenda,Bell
2537,Glenda,Rhone
2537,Cynthia,Bell
2537,Cynthia,Rhone
2542,Keith,Flory
2542,Keith,Giordano
2542,Mark,Flory
2542,Mark,Giordano
2543,Augustus,Zohn
2543,Augustus,Rand
2543,Barbara,Zohn
2543,Barbara,Rand
2552,Linda,Brown
2552,Linda,Burris
2552,Linda,Lanham
2552,Linda,Stokes
2552,Minnie,Brown
2552,Minnie,Burris
2552,Minnie,Lanham
2552,Minnie,Stokes
2552,Mary,Brown
2552,Mary,Burris
2552,Mary,Lanham
2552,Mary,Stokes
2552,Sarah,Brown
2552,Sarah,Burris
2552,Sarah,Lanham
2552,Sarah,Stokes
2559,Michael,Schneider
2560,Tasha,Browning
2560,Tasha,Rinehart
2560,Tasha,Pullen
2560,Tasha,Whited
2560,Marisa,Browning
2560,Marisa,Rinehart
2560,Marisa,Pullen
2560,Marisa,Whited
2560,Carolyn,Browning
2560,Carolyn,Rinehart
2560,Carolyn,Pullen
2560,Carolyn,Whited
2560,Refugio,Browning
2560,Refugio,Rinehart
2560,Refugio,Pullen
2560,Refugio,Whited
2563,Antonio,Torres
2563,Antonio,Williams
2563,Antonio,Buster
2563,Dana,Torres
2563,Dana,Williams
2563,Dana,Buster
2563,Anne,Torres
2563,Anne,Williams
2563,Anne,Buster
2576,Gidget,Hall
2576,Gidget,Clark
2576,Gidget,Baillie
2576,Gidget,Reid
2576,John,Hall
2576,John,Clark
2576,John,Baillie
2576,John,Reid
2576,June,Hall
2576,June,Clark
2576,June,Baillie
2576,June,Reid
2576,James,Hall
2576,James,Clark
2576,James,Baillie
2576,James,Reid
2580,Michael,Chase
2580,Michael,Caruso
2580,Michael,Bell
2580,Gilbert,Chase
2580,Gilbert,Caruso
2580,Gilbert,Bell
2580,Carly,Chase
2580,Carly,Caruso
2580,Carly,Bell
2594,Barbara,Ball
2594,Barbara,Reagan
2594,Barbara,Davis
2594,Barbara,Schreffler
2594,Dennis,Ball
2594,Dennis,Reagan
2594,Dennis,Davis
2594,Dennis,Schreffler
2594,Amanda,Ball
2594,Amanda,Reagan
2594,Amanda,Davis
2594,Amanda,Schreffler
2594,Terry,Ball
2594,Terry,Reagan
2594,Terry,Davis
2594,Terry,Schreffler
2597,Lynda,Walker
2597,Lynda,Chavis
2597,Lynda,Meyer
2597,Melba,Walker
2597,Melba,Chavis
2597,Melba,Meyer
2597,Heather,Walker
2597,Heather,Chavis
2597,Heather,Meyer
2606,Gary,Vy
2606,Gary,Bouwkamp
2606,Jennifer,Vy
2606,Jennifer,Bouwkamp
2614,Carl,Clark
2614,Carl,Eland
2614,Robert,Clark
2614,Robert,Eland
2618,Eleanor,Noyes
2618,Eleanor,Reeves
2618,Eleanor,Colon
2618,Eleanor,Carter
2618,William,Noyes
2618,William,Reeves
2618,William,Colon
2618,William,Carter
2618,Fred,Noyes
2618,Fred,Reeves
2618,Fred,Colon
2618,Fred,Carter
2618,Trina,Noyes
2618,Trina,Reeves
2618,Trina,Colon
2618,Trina,Carter
2619,Richard,Major
2637,Jessica,Scovil
2637,Jessica,Jones
2637,Jennifer,Scovil
2637,Jennifer,Jones
2641,Bobbi,Triplett
2648,Ashley,Shea
2650,Paul,Goeltz
2650,Paul,Jensen
2650,Paul,Anderson
2650,Paul,Bedford
2650,James,Goeltz
2650,James,Jensen
2650,James,Anderson
2650,James,Bedford
2650,Coleen,Goeltz
2650,Coleen,Jensen
2650,Coleen,Anderson
2650,Coleen,Bedford
2650,June,Goeltz
2650,June,Jensen
2650,June,Anderson
2650,June,Bedford
2662,Philip,Scott
2662,Philip,Wagner
2662,Jeanne,Scott
2662,Jeanne,Wagner
2684,Cynthia,Allen
2687,Robert,Dias
2689,Lahoma,Bigelow
2705,Linda,Duckett
2705,Linda,Luna
2705,Linda,Grimes
2705,Linda,Brittain
2705,Irma,Duckett
2705,Irma,Luna
2705,Irma,Grimes
2705,Irma,Brittain
2705,Edna,Duckett
2705,Edna,Luna
2705,Edna,Grimes
2705,Edna,Brittain
2705,Brian,Duckett
2705,Brian,Luna
2705,Brian,Grimes
2705,Brian,Brittain
2706,Ted,Root
2706,Ted,Glenn
2706,Ted,Terrell
2706,Mary,Root
2706,Mary,Glenn
2706,Mary,Terrell
2706,Warren,Root
2706,Warren,Glenn
2706,Warren,Terrell
2707,Brenda,Warner
2707,Brenda,Kennamore
2707,Brenda,Vinson
2707,Larry,Warner
2707,Larry,Kennamore
2707,Larry,Vinson
2707,Sharonda,Warner
2707,Sharonda,Kennamore
2707,Sharonda,Vinson
2718,James,Butler
2718,James,Simon
2718,Nancy,Butler
2718,Nancy,Simon
2726,Mark,Atkins
2726,Mark,Roberts
2726,Mark,Salisbury
2726,Mark,Smith
2726,Tina,Atkins
2726,Tina,Roberts
2726,Tina,Salisbury
2726,Tina,Smith
2726,Randall,Atkins
2726,Randall,Roberts
2726,Randall,Salisbury
2726,Randall,Smith
2726,Jack,Atkins
2726,Jack,Roberts
2726,Jack,Salisbury
2726,Jack,Smith
2727,Sarah,Hughes
2727,Sarah,Bryant
2727,Sarah,Jackson
2727,Sarah,Smith
2727,Mary,Hughes
2727,Mary,Bryant
2727,Mary,Jackson
2727,Mary,Smith
2727,Richard,Hughes
2727,Richard,Bryant
2727,Richard,Jackson
2727,Richard,Smith
2727,Charles,Hughes
2727,Charles,Bryant
2727,Charles,Jackson
2727,Charles,Smith
2733,Vickie,Lewis
2733,Vickie,Camp
2733,Vickie,Grant
2733,Bradley,Lewis
2733,Bradley,Camp
2733,Bradley,Grant
2733,Warren,Lewis
2733,Warren,Camp
2733,Warren,Grant
2749,Linda,Williams
2749,Linda,Holbrook
2749,Gloria,Williams
2749,Gloria,Holbrook
2756,William,Goode
2756,William,Foulks
2756,William,Todd
2756,Earl,Goode
2756,Earl,Foulks
2756,Earl,Todd
2756,Mark,Goode
2756,Mark,Foulks
2756,Mark,Todd
2761,Susan,Cross
2761,Susan,Marquez
2761,Charles,Cross
2761,Charles,Marquez
2764,Deshawn,Haller
2768,Sharon,Worth
2768,Sharon,Slaney
2768,Marian,Worth
2768,Marian,Slaney
2786,Armando,Stewart
2786,Armando,Gant
2786,Armando,Fonseca
2786,Armando,Egan
2786,Renae,Stewart
2786,Renae,Gant
2786,Renae,Fonseca
2786,Renae,Egan
2786,Janet,Stewart
2786,Janet,Gant
2786,Janet,Fonseca
2786,Janet,Egan
2786,Lillian,Stewart
2786,Lillian,Gant
2786,Lillian,Fonseca
2786,Lillian,Egan
2792,Leda,Jameson
2795,Josephine,Nolasco
2797,Robin,Kidd
2797,Robin,Klyce
2797,Robin,Murray
2797,Robin,Rose
2797,Robert,Kidd
2797,Robert,Klyce
2797,Robert,Murray
2797,Robert,Rose
2797,Angela,Kidd
2797,Angela,Klyce
2797,Angela,Murray
2797,Angela,Rose
2797,Jason,Kidd
2797,Jason,Klyce
2797,Jason,Murray
2797,Jason,Rose
2798,Greta,Mccormack
2798,Greta,Corradino
2798,Greta,Quan
2798,Greta,Bailey
2798,Patricia,Mccormack
2798,Patricia,Corradino
2798,Patricia,Quan
2798,Patricia,Bailey
2798,Daniel,Mccormack
2798,Daniel,Corradino
2798,Daniel,Quan
2798,Daniel,Bailey
2798,Mike,Mccormack
2798,Mike,Corradino
2798,Mike,Quan
2798,Mike,Bailey
2802,Louis,Miller
2802,Louis,Groves
2802,Louis,Birge
2802,Olga,Miller
2802,Olga,Groves
2802,Olga,Birge
2802,Thomas,Miller
2802,Thomas,Groves
2802,Thomas,Birge
2811,Augustine,Deas
2811,Augustine,Davis
2811,Augustine,Thruston
2811,Maude,Deas
2811,Maude,Davis
2811,Maude,Thruston
2811,Milton,Deas
2811,Milton,Davis
2811,Milton,Thruston
2812,Erika,Beckett
2812,Erika,Driver
2812,Bill,Beckett
2812,Bill,Driver
2817,Elizabeth,Miller
2817,Elizabeth,Adams
2817,Elizabeth,Dombrowski
2817,Elizabeth,Morgan
2817,Andrea,Miller
2817,Andrea,Adams
2817,Andrea,Dombrowski
2817,Andrea,Morgan
2817,Jimmy,Miller
2817,Jimmy,Adams
2817,Jimmy,Dombrowski
2817,Jimmy,Morgan
2817,Clarissa,Miller
2817,Clarissa,Adams
2817,Clarissa,Dombrowski
2817,Clarissa,Morgan
2824,Cathi,Kimbrough
2824,Cathi,Brady
2824,Gary,Kimbrough
2824,Gary,Brady
2825,Lizzie,Mcguire
2825,Lizzie,Custer
2825,Lizzie,Graham
2825,Lizzie,Hodosy
2825,Kenneth,Mcguire
2825,Kenneth,Custer
2825,Kenneth,Graham
2825,Kenneth,Hodosy
2825,John,Mcguire
2825,John,Custer
2825,John,Graham
2825,John,Hodosy
2825,Buddy,Mcguire
2825,Buddy,Custer
2825,Buddy,Graham
2825,Buddy,Hodosy
2835,Diane,Fisher
2835,Diane,Mitchell
2835,Diane,Fuller
2835,Diane,Reyes
2835,Kurt,Fisher
2835,Kurt,Mitchell
2835,Kurt,Fuller
2835,Kurt,Reyes
2835,Jody,Fisher
2835,Jody,Mitchell
2835,Jody,Fuller
2835,Jody,Reyes
2835,Alfred,Fisher
2835,Alfred,Mitchell
2835,Alfred,Fuller
2835,Alfred,Reyes
2839,Lawrence,Crane
2839,Lawrence,Babcock
2839,Jeffry,Crane
2839,Jeffry,Babcock
2840,Donald,Pope
2840,Donald,Watson
2840,Richard,Pope
2840,Richard,Watson
2842,Leona,Brown
2842,Leona,Barker
2842,Constance,Brown
2842,Constance,Barker
2849,Thomas,Mcclain
2849,Thomas,Fifield
2849,Thomas,Johnson
2849,Thomas,Bauer
2849,Jill,Mcclain
2849,Jill,Fifield
2849,Jill,Johnson
2849,Jill,Bauer
2849,Lynn,Mcclain
2849,Lynn,Fifield
2849,Lynn,Johnson
2849,Lynn,Bauer
2849,Rosemarie,Mcclain
2849,Rosemarie,Fifield
2849,Rosemarie,Johnson
2849,Rosemarie,Bauer
2852,Tabitha,Walsh
2864,Amy,Burgos
2864,Amy,Harriman
2864,Amy,Stringer
2864,Mary,Burgos
2864,Mary,Harriman
2864,Mary,Stringer
2864,Erin,Burgos
2864,Erin,Harriman
2864,Erin,Stringer
2868,Anthony,Haight
2868,Anthony,Castro
2868,Anthony,Tribble
2868,Shalonda,Haight
2868,Shalonda,Castro
2868,Shalonda,Tribble
2868,Amber,Haight
2868,Amber,Castro
2868,Amber,Tribble
2876,Kathryn,Dominguez
2876,Kathryn,Green
2876,Kathryn,Fennessey
2876,Kathryn,Kennedy
2876,Brandon,Dominguez
2876,Brandon,Green
2876,Brandon,Fennessey
2876,Brandon,Kennedy
2876,James,Dominguez
2876,James,Green
2876,James,Fennessey
2876,James,Kennedy
2876,Kathy,Dominguez
2876,Kathy,Green
2876,Kathy,Fennessey
2876,Kathy,Kennedy
2883,Dora,Snyder
2883,Dora,Cuomo
2883,Dora,Griffin
2883,Barbara,Snyder
2883,Barbara,Cuomo
2883,Barbara,Griffin
2883,Lawrence,Snyder
2883,Lawrence,Cuomo
2883,Lawrence,Griffin
2886,Sara,Bell
2886,Sara,Henning
2886,Sara,Anderson
2886,Sara,Garibay
2886,Kathleen,Bell
2886,Kathleen,Henning
2886,Kathleen,Anderson
2886,Kathleen,Garibay
2886,June,Bell
2886,June,Henning
2886,June,Anderson
2886,June,Garibay
2886,Lydia,Bell
2886,Lydia,Henning
2886,Lydia,Anderson
2886,Lydia,Garibay
2888,Wendy,Smith
2888,Wendy,Bartkowiak
2888,Wendy,Rieth
2888,Dorinda,Smith
2888,Dorinda,Bartkowiak
2888,Dorinda,Rieth
2888,Elizabeth,Smith
2888,Elizabeth,Bartkowiak
2888,Elizabeth,Rieth
2895,Kenneth,Smith
2895,Kenneth,Rees
2895,Cynthia,Smith
2895,Cynthia,Rees
2896,Luke,Lambert
2905,Teresa,Rosseau
2905,Teresa,Salvas
2905,Teresa,Evans
2905,Richard,Rosseau
2905,Richard,Salvas
2905,Richard,Evans
2905,Kyle,Rosseau
2905,Kyle,Salvas
2905,Kyle,Evans
2910,David,Holland
2910,David,Binkley
2910,David,Loree
2910,David,Arvizu
2910,Yolanda,Holland
2910,Yolanda,Binkley
2910,Yolanda,Loree
2910,Yolanda,Arvizu
2910,Angelia,Holland
2910,Angelia,Binkley
2910,Angelia,Loree
2910,Angelia,Arvizu
2910,Kevin,Holland
2910,Kevin,Binkley
2910,Kevin,Loree
2910,Kevin,Arvizu
2921,Elizabeth,Jones
2921,Elizabeth,Andrews
2921,Elizabeth,Nelsen
2921,Elizabeth,Hines
2921,Nita,Jones
2921,Nita,Andrews
2921,Nita,Nelsen
2921,Nita,Hines
2921,Bethany,Jones
2921,Bethany,Andrews
2921,Bethany,Nelsen
2921,Bethany,Hines
2921,Loretta,Jones
2921,Loretta,Andrews
2921,Loretta,Nelsen
2921,Loretta,Hines
2925,Dennis,Gaither
2925,Dennis,Thomas
2925,Dennis,Woods
2925,Nerissa,Gaither
2925,Nerissa,Thomas
2925,Nerissa,Woods
2925,John,Gaither
2925,John,Thomas
2925,John,Woods
2926,Jesse,Ferretti
2926,Jesse,Brown
2926,Richard,Ferretti
2926,Richard,Brown
2928,Maria,Webb
2928,Maria,Harris
2928,Albert,Webb
2928,Albert,Harris
2934,Shane,Jarrett
2934,Shane,Simmons
2934,Freida,Jarrett
2934,Freida,Simmons
2946,April,Dorsey
2946,April,Addington
2946,Alana,Dorsey
2946,Alana,Addington
2949,Tanya,Luff
2949,Tanya,Rauser
2949,Gary,Luff
2949,Gary,Rauser
2951,David,Jones
2951,David,Ennen
2951,Ashley,Jones
2951,Ashley,Ennen
2958,Erlinda,Stanley
2958,Erlinda,Cimini
2958,Reva,Stanley
2958,Reva,Cimini
2970,Liane,Ray
2975,Lisa,Rice
2975,Lisa,Bingham
2975,Dottie,Rice
2975,Dottie,Bingham
2977,Kathleen,Daley
2977,Kathleen,Jones
2977,Kathleen,Mickle
2977,Stanley,Daley
2977,Stanley,Jones
2977,Stanley,Mickle
2977,Myrtis,Daley
2977,Myrtis,Jones
2977,Myrtis,Mickle
2980,Sue,Mangrum
2990,Enda,Cerda
2990,Enda,Gonzales
2990,Enda,Cuomo
2990,Enda,Hickman
2990,Marvin,Cerda
2990,Marvin,Gonzales
2990,Marvin,Cuomo
2990,Marvin,Hickman
2990,Margie,Cerda
2990,Margie,Gonzales
2990,Margie,Cuomo
2990,Margie,Hickman
2990,Karen,Cerda
2990,Karen,Gonzales
2990,Karen,Cuomo
2990,Karen,Hickman
2999,Josh,Crews
2999,Josh,Mcgill
2999,Josh,Orchard
2999,Alonzo,Crews
2999,Alonzo,Mcgill
2999,Alonzo,Orchard
2999,Jonathan,Crews
2999,Jonathan,Mcgill
2999,Jonathan,Orchard
2505,Derek,Sheridan
2505,Derek,Gregory
2505,Roman,Sheridan
2505,Roman,Gregory
2506,Melissa,Poulin
2527,Joseph,Williams
2539,John,Kondracki
2550,John,Abbott
2579,Hallie,Gramham
2579,Hallie,Cepero
2579,Hallie,Moseley
2579,Guadalupe,Gramham
2579,Guadalupe,Cepero
2579,Guadalupe,Moseley
2579,James,Gramham
2579,James,Cepero
2579,James,Moseley
2584,Harold,Usry
2584,Harold,Hema
2584,Bill,Usry
2584,Bill,Hema
2592,Charles,King
2603,Wayne,Longoria
2603,Wayne,Mayes
2603,Anne,Longoria
2603,Anne,Mayes
2615,Loretta,Smith
2615,Loretta,Brummell
2615,Loretta,Dyson
2615,Benjamin,Smith
2615,Benjamin,Brummell
2615,Benjamin,Dyson
2615,Stephanie,Smith
2615,Stephanie,Brummell
2615,Stephanie,Dyson
2625,William,Peterson
2625,William,Buchanan
2625,William,Glover
2625,William,Reece
2625,Christopher,Peterson
2625,Christopher,Buchanan
2625,Christopher,Glover
2625,Christopher,Reece
2625,Richard,Peterson
2625,Richard,Buchanan
2625,Richard,Glover
2625,Richard,Reece
2625,George,Peterson
2625,George,Buchanan
2625,George,Glover
2625,George,Reece
2639,William,Hoffman
2639,William,Wright
2639,Riley,Hoffman
2639,Riley,Wright
2644,Gary,Jones
2644,Gary,Mclain
2644,Gary,Sarkisian
2644,Rachel,Jones
2644,Rachel,Mclain
2644,Rachel,Sarkisian
2644,Paul,Jones
2644,Paul,Mclain
2644,Paul,Sarkisian
2658,Sheila,Koch
2671,Randy,Nordin
2671,Randy,Carney
2671,Randy,Henry
2671,Karen,Nordin
2671,Karen,Carney
2671,Karen,Henry
2671,Cynthia,Nordin
2671,Cynthia,Carney
2671,Cynthia,Henry
2672,Luella,Johnson
2672,Luella,Odonnell
2672,Luella,Hearne
2672,Daniel,Johnson
2672,Daniel,Odonnell
2672,Daniel,Hearne
2672,Dale,Johnson
2672,Dale,Odonnell
2672,Dale,Hearne
2681,David,Duffin
2690,Sharon,Jennings
2690,Sharon,Fitzpatrick
2690,Jeffrey,Jennings
2690,Jeffrey,Fitzpatrick
2702,Nola,Guy
2702,Nola,Dupes
2702,Nola,Dallas
2702,Nola,Murphy
2702,Martha,Guy
2702,Martha,Dupes
2702,Martha,Dallas
2702,Martha,Murphy
2702,Christopher,Guy
2702,Christopher,Dupes
2702,Christopher,Dallas
2702,Christopher,Murphy
2702,Brenda,Guy
2702,Brenda,Dupes
2702,Brenda,Dallas
2702,Brenda,Murphy
2714,Zachary,Wheeler
2742,Matthew,Jones
2742,Matthew,Justen
2742,Matthew,Rodriguez
2742,Matthew,Havercroft
2742,Norris,Jones
2742,Norris,Justen
2742,Norris,Rodriguez
2742,Norris,Havercroft
2742,Donald,Jones
2742,Donald,Justen
2742,Donald,Rodriguez
2742,Donald,Havercroft
2742,Mamie,Jones
2742,Mamie,Justen
2742,Mamie,Rodriguez
2742,Mamie,Havercroft
2744,Mary,Owens
2744,Mary,Joseph
2744,Mary,Miller
2744,Mary,Wilson
2744,Gordon,Owens
2744,Gordon,Joseph
2744,Gordon,Miller
2744,Gordon,Wilson
2744,Jeffrey,Owens
2744,Jeffrey,Joseph
2744,Jeffrey,Miller
2744,Jeffrey,Wilson
2744,Theodore,Owens
2744,Theodore,Joseph
2744,Theodore,Miller
2744,Theodore,Wilson
2758,Craig,Watson
2758,Craig,Light
2758,Craig,Jernigan
2758,Craig,Rosier
2758,Laura,Watson
2758,Laura,Light
2758,Laura,Jernigan
2758,Laura,Rosier
2758,Thomas,Watson
2758,Thomas,Light
2758,Thomas,Jernigan
2758,Thomas,Rosier
2758,Linda,Watson
2758,Linda,Light
2758,Linda,Jernigan
2758,Linda,Rosier
2771,Sergio,Vicini
2771,Sergio,Jeffries
2771,Sergio,Steveson
2771,Sergio,Mckinney
2771,Kendall,Vicini
2771,Kendall,Jeffries
2771,Kendall,Steveson
2771,Kendall,Mckinney
2771,Rosenda,Vicini
2771,Rosenda,Jeffries
2771,Rosenda,Steveson
2771,Rosenda,Mckinney
2771,Angie,Vicini
2771,Angie,Jeffries
2771,Angie,Steveson
2771,Angie,Mckinney
2772,Elizabeth,Hatch
2772,Elizabeth,Bolen
2772,Gaye,Hatch
2772,Gaye,Bolen
2794,Josephine,Gardner
2794,Josephine,Jordan
2794,David,Gardner
2794,David,Jordan
2818,Mildred,Williamson
2818,Mildred,Reed
2818,Mildred,Weist
2818,Linda,Williamson
2818,Linda,Reed
2818,Linda,Weist
2818,Sharon,Williamson
2818,Sharon,Reed
2818,Sharon,Weist
2845,William,Lee
2845,William,Dorfman
2845,Melva,Lee
2845,Melva,Dorfman
2853,Maria,Ruiz
2869,Helen,Sheffer
2869,Helen,Smith
2869,Jane,Sheffer
2869,Jane,Smith
2873,Jenelle,Crawford
2885,Mary,Sterling
2900,Thomas,Hoelscher
2900,Thomas,Kern
2900,Thomas,Kyseth
2900,Serena,Hoelscher
2900,Serena,Kern
2900,Serena,Kyseth
2900,Amanda,Hoelscher
2900,Amanda,Kern
2900,Amanda,Kyseth
2902,Shawn,Boyd
2902,Shawn,Hoban
2902,Teresita,Boyd
2902,Teresita,Hoban
2913,Ricky,Mcgee
2913,Ricky,Vaughan
2913,Ricky,Morrone
2913,Ricky,Sanchez
2913,Winifred,Mcgee
2913,Winifred,Vaughan
2913,Winifred,Morrone
2913,Winifred,Sanchez
2913,Craig,Mcgee
2913,Craig,Vaughan
2913,Craig,Morrone
2913,Craig,Sanchez
2913,Harry,Mcgee
2913,Harry,Vaughan
2913,Harry,Morrone
2913,Harry,Sanchez
2916,Jacqueline,Vaughn
2916,Jacqueline,Sena
2916,Mark,Vaughn
2916,Mark,Sena
2917,Sherri,Rivera
2917,Sherri,Picken
2917,Sherri,Smith
2917,Adriana,Rivera
2917,Adriana,Picken
2917,Adriana,Smith
2917,Weston,Rivera
2917,Weston,Picken
2917,Weston,Smith
2929,John,Shutt
2929,John,Fonner
2929,John,Bridges
2929,John,Shutt
2929,John,Fonner
2929,John,Bridges
2929,Ronald,Shutt
2929,Ronald,Fonner
2929,Ronald,Bridges
2942,Elizabeth,Zirkle
2961,Angie,Lawson
2961,Angie,Meade
2961,Angie,Smith
2961,Rubin,Lawson
2961,Rubin,Meade
2961,Rubin,Smith
2961,Carl,Lawson
2961,Carl,Meade
2961,Carl,Smith
2973,Juan,Quitugua
2973,Juan,Benzi
2973,Juan,Caya
2973,Jeanne,Quitugua
2973,Jeanne,Benzi
2973,Jeanne,Caya
2973,Laura,Quitugua
2973,Laura,Benzi
2973,Laura,Caya
2502,Ruth,Gonzales
2502,Ruth,Favela
2502,Russell,Gonzales
2502,Russell,Favela
2519,Katherine,Demarco
2519,Katherine,Steiger
2519,Katherine,Mcfarland
2519,Katherine,Rogers
2519,Lucy,Demarco
2519,Lucy,Steiger
2519,Lucy,Mcfarland
2519,Lucy,Rogers
2519,Jenni,Demarco
2519,Jenni,Steiger
2519,Jenni,Mcfarland
2519,Jenni,Rogers
2519,Sylvia,Demarco
2519,Sylvia,Steiger
2519,Sylvia,Mcfarland
2519,Sylvia,Rogers
2545,Cynthia,Gonzalez
2545,Cynthia,Medina
2545,Mary,Gonzalez
2545,Mary,Medina
2553,James,Farias
2553,James,Temple
2553,Josephine,Farias
2553,Josephine,Temple
2568,Jennifer,Mitchell
2581,Brenda,Coleman
2581,Brenda,Leblanc
2581,Brenda,King
2581,Brenda,Fancher
2581,Carol,Coleman
2581,Carol,Leblanc
2581,Carol,King
2581,Carol,Fancher
2581,Robert,Coleman
2581,Robert,Leblanc
2581,Robert,King
2581,Robert,Fancher
2581,Sherry,Coleman
2581,Sherry,Leblanc
2581,Sherry,King
2581,Sherry,Fancher
2587,Mary,Barton
2587,Mary,Jensen
2587,Mary,Hong
2587,Debra,Barton
2587,Debra,Jensen
2587,Debra,Hong
2587,Wendell,Barton
2587,Wendell,Jensen
2587,Wendell,Hong
2590,Enoch,Pearl
2590,Enoch,Fleming
2590,Alan,Pearl
2590,Alan,Fleming
2602,Linwood,Holt
2602,Linwood,Dejong
2602,Karen,Holt
2602,Karen,Dejong
2613,Edith,Barnes
2613,Edith,Oleary
2613,Jerome,Barnes
2613,Jerome,Oleary
2616,Tommy,Atkinson
2616,Tommy,Hobbs
2616,Tommy,Rhinehart
2616,Cody,Atkinson
2616,Cody,Hobbs
2616,Cody,Rhinehart
2616,Paul,Atkinson
2616,Paul,Hobbs
2616,Paul,Rhinehart
2635,Joesph,Richman
2661,Edward,Mccallum
2661,Edward,Halvorson
2661,Edward,Daniels
2661,Vicki,Mccallum
2661,Vicki,Halvorson
2661,Vicki,Daniels
2661,Rodney,Mccallum
2661,Rodney,Halvorson
2661,Rodney,Daniels
2697,Reginald,Glaus
2697,Reginald,Leonard
2697,Patrick,Glaus
2697,Patrick,Leonard
2709,Gussie,Welch
2709,Gussie,Snyder
2709,Carol,Welch
2709,Carol,Snyder
2729,Nancy,Anderson
2729,Nancy,Martin
2729,Nancy,Fitzgerald
2729,Nancy,Drake
2729,Carolee,Anderson
2729,Carolee,Martin
2729,Carolee,Fitzgerald
2729,Carolee,Drake
2729,Mark,Anderson
2729,Mark,Martin
2729,Mark,Fitzgerald
2729,Mark,Drake
2729,Glenda,Anderson
2729,Glenda,Martin
2729,Glenda,Fitzgerald
2729,Glenda,Drake
2753,Jesse,Dyer
2754,Doreen,Buchanan
2759,Laurence,Fannin
2759,Laurence,Deshayes
2759,Laurence,Hayden
2759,Laurence,Kassner
2759,Kenneth,Fannin
2759,Kenneth,Deshayes
2759,Kenneth,Hayden
2759,Kenneth,Kassner
2759,James,Fannin
2759,James,Deshayes
2759,James,Hayden
2759,James,Kassner
2759,Marisela,Fannin
2759,Marisela,Deshayes
2759,Marisela,Hayden
2759,Marisela,Kassner
2763,Lauren,Hill
2763,Lauren,Deyo
2763,Lauren,Beck
2763,Deann,Hill
2763,Deann,Deyo
2763,Deann,Beck
2763,Richard,Hill
2763,Richard,Deyo
2763,Richard,Beck
2783,Brian,Whitehead
2783,Brian,Padilla
2783,Brian,Precythe
2783,Gerald,Whitehead
2783,Gerald,Padilla
2783,Gerald,Precythe
2783,Kevin,Whitehead
2783,Kevin,Padilla
2783,Kevin,Precythe
2785,John,Hildebrant
2788,Helen,Belle
2809,Sheri,Sanderlin
2813,Nellie,Graham
2823,Katie,Stanford
2861,Adam,Morrison
2861,Adam,Hledik
2861,Adam,Lee
2861,Shawna,Morrison
2861,Shawna,Hledik
2861,Shawna,Lee
2861,Henry,Morrison
2861,Henry,Hledik
2861,Henry,Lee
2879,William,Destephen
2919,Marcia,Fetzer
2919,Marcia,Sykes
2919,Tara,Fetzer
2919,Tara,Sykes
2933,Catharine,Gibbs
2956,Peter,Lawson
2962,Helen,Scott
2962,Helen,Mccoy
2962,Patricia,Scott
2962,Patricia,Mccoy
2974,Amy,Grant
2974,Amy,Treisch
2974,Loraine,Grant
2974,Loraine,Treisch
2978,Jim,Benware
2978,Jim,Buford
2978,Patricia,Benware
2978,Patricia,Buford
2993,Johanna,Jordon
2993,Johanna,Yutzy
2993,Felix,Jordon
2993,Felix,Yutzy
2544,Virginia,Saldana
2544,Virginia,Morsbach
2544,Katheryn,Saldana
2544,Katheryn,Morsbach
2608,Eileen,Mccomas
2624,Charles,Vazquez
2628,Melanie,Brown
2651,Lou,Soto
2651,Lou,Kelsey
2651,Megan,Soto
2651,Megan,Kelsey
2692,Bobby,Swee
2728,Penny,Canady
2731,Peggy,Diaz
2731,Peggy,Cansler
2731,Todd,Diaz
2731,Todd,Cansler
2741,Melba,Irvin
2748,Joshua,Allen
2767,Lucas,Lallo
2773,Terrie,Bracero
2773,Terrie,Fiorentino
2773,Justin,Bracero
2773,Justin,Fiorentino
2796,Lolita,Hedrick
2801,Richard,Abreu
2801,Richard,Mares
2801,Christina,Abreu
2801,Christina,Mares
2816,Maria,Case
2819,Katherine,Williams
2844,William,Jones
2844,William,Pouncey
2844,Kevin,Jones
2844,Kevin,Pouncey
2872,Douglas,Laforest
2953,Daniel,Billups
2988,Janet,Stout
2995,Rosa,Carr
2995,Rosa,Morgan
2995,Rosa,Lopresti
2995,Christina,Carr
2995,Christina,Morgan
2995,Christina,Lopresti
2995,Sonya,Carr
2995,Sonya,Morgan
2995,Sonya,Lopresti
2536,Arturo,Rhoden
2565,Janice,Mendoza
2565,Janice,Mccoy
2565,Michael,Mendoza
2565,Michael,Mccoy
2589,Jamie,Gilreath
2643,Leah,Tremblay
2652,Bret,Quinn
2660,Constance,Buikema
2669,Richard,Hegyi
2732,Elizabeth,Martin
2736,Sidney,Feller
2739,Douglas,Primeaux
2745,Lashawn,Johnson
2837,Austin,Harris
2846,Tammy,Clantz
2846,Tammy,Moyer
2846,Michael,Clantz
2846,Michael,Moyer
2860,Katherine,Goodwyn
2860,Katherine,Robbins
2860,Roger,Goodwyn
2860,Roger,Robbins
2871,Michael,Cocker
2894,Francisco,Keenan
2938,Tonya,Cookson
2972,Charles,Brown
2566,Scott,Hill
2570,Darlene,Gordon
2570,Darlene,Fox
2570,Carmen,Gordon
2570,Carmen,Fox
2740,Theresa,Warren
2834,Stephen,Cody
2875,Pamela,Pinkham
2875,Pamela,Lloyd
2875,Robert,Pinkham
2875,Robert,Lloyd
2971,Emma,Carter
2514,Leticia,Freeman
2514,Leticia,Delozier
2514,Jeffrey,Freeman
2514,Jeffrey,Delozier
2538,Jose,Socha
2585,Carita,Huerta
2620,Kevin,Gordon
2620,Kevin,Tomasi
2620,Helen,Gordon
2620,Helen,Tomasi
2735,George,Mccormick
2737,Guadalupe,Marin
2856,Donn,Harrod
2908,Helen,Gulke
2948,Samatha,Murray
2966,Megan,Huerta
2992,James,Morgan
2806,Scott,Walter
2855,Janet,Cadena
