ID,payload,sendTo
10,Brittany,S1
10,Brittany,S2
14,Geraldine,S4
39,Mildred,S0
42,Charles,S0
42,Charles,S5
43,Melanie,S2
43,Melanie,S5
45,Martin,S1
45,Martin,S4
45,Martin,S5
54,Sandra,S0
54,Sandra,S3
54,Sandra,S5
69,Angla,S2
69,Angla,S3
69,Angla,S4
79,Thomas,S2
79,Thomas,S3
90,Ruth,S2
90,Ruth,S3
90,Ruth,S4
102,Hazel,S3
102,Hazel,S5
156,Monica,S0
156,Monica,S5
169,Orville,S1
169,Orville,S4
174,Deborah,S0
187,Colleen,S4
191,Melissa,S1
191,Melissa,S3
191,Melissa,S5
203,Barry‖Sabrina,S2
203,Barry‖Sabrina,S3
203,Barry‖Sabrina,S5
208,Magdalena,S1
208,Magdalena,S4
209,Diane,S4
211,Stephanie,S0
211,Stephanie,S3
211,Stephanie,S4
216,Faye,S1
216,Faye,S3
217,George,S0
217,George,S4
224,Anthony,S0
224,Anthony,S1
224,Anthony,S5
230,George,S1
230,George,S2
230,George,S4
246,Timothy,S1
246,Timothy,S4
246,Timothy,S5
253,Diana,S2
253,Diana,S4
258,Manuela,S5
266,Ted,S0
266,Ted,S2
266,Ted,S3
277,Janice,S3
277,Janice,S4
277,Janice,S5
281,Edward,S1
281,Edward,S2
282,Robert,S1
282,Robert,S3
282,Robert,S4
284,Brittney,S3
284,Brittney,S5
285,Mae,S0
285,Mae,S3
301,Carlos,S0
301,Carlos,S2
306,Patrick,S0
306,Patrick,S1
306,Patrick,S5
307,Kenneth,S2
307,Kenneth,S4
307,Kenneth,S5
311,Pedro,S2
311,Pedro,S4
316,Rose,S0
316,Rose,S3
316,Rose,S4
321,Robert,S1
321,Robert,S2
334,Fermin,S1
334,Fermin,S2
334,Fermin,S5
366,Alex,S3
366,Alex,S4
371,Ruth,S1
371,Ruth,S4
373,Jose‖Matthew,S1
373,Jose‖Matthew,S3
373,Jose‖Matthew,S5
375,Jeremy,S0
375,Jeremy,S2
375,Jeremy,S5
378,Chelsea,S1
378,Chelsea,S2
387,Gary‖Pamela,S1
387,Gary‖Pamela,S5
391,Lloyd,S0
391,Lloyd,S1
391,Lloyd,S3
393,Peter,S0
393,Peter,S1
393,Peter,S4
418,Joshua,S2
418,Joshua,S5
427,Elvin,S1
427,Elvin,S2
434,Jesse‖Terence,S0
434,Jesse‖Terence,S1
434,Jesse‖Terence,S5
441,James,S3
441,James,S4
452,Charlotte,S0
452,Charlotte,S3
454,Patsy,S2
454,Patsy,S4
469,Phillip,S1
469,Phillip,S2
485,Odell,S2
485,Odell,S4
496,Neal,S0
498,Charles,S0
498,Charles,S2
508,Robert‖Marilyn,S0
508,Robert‖Marilyn,S2
510,Francisco,S0
510,Francisco,S5
538,John,S0
538,John,S4
538,John,S5
548,William,S2
548,William,S4
548,William,S5
554,Cathy,S1
554,Cathy,S5
565,Aaron,S1
568,Joseph,S2
568,Joseph,S4
569,Kay,S1
569,Kay,S2
569,Kay,S3
609,Waltraud‖Brian,S2
609,Waltraud‖Brian,S4
610,Robert,S1
610,Robert,S3
610,Robert,S4
620,Paul,S0
620,Paul,S3
620,Paul,S4
631,Robin,S1
631,Robin,S0
631,Robin,S5
637,Edna,S2
637,Edna,S4
637,Edna,S5
652,Kelli,S0
652,Kelli,S2
652,Kelli,S4
655,James,S2
655,James,S3
655,James,S5
662,Ryan,S4
662,Ryan,S5
684,Paul,S1
684,Paul,S2
684,Paul,S3
691,Hazel,S0
691,Hazel,S3
705,Carroll,S3
780,Colleen,S3
780,Colleen,S4
803,Steven,S1
803,Steven,S4
803,Steven,S5
806,Lori,S0
806,Lori,S2
806,Lori,S4
827,Louis,S1
827,Louis,S0
835,Joyce,S0
835,Joyce,S2
838,Ola,S1
862,Ann,S1
862,Ann,S0
862,Ann,S4
868,Amy,S2
874,Danielle,S5
889,Blake,S0
889,Blake,S3
908,Mike,S0
908,Mike,S4
908,Mike,S5
916,Sandra,S0
916,Sandra,S2
916,Sandra,S5
919,Adam,S1
919,Adam,S2
922,Diana,S2
922,Diana,S3
926,Raymond,S3
946,Faustino,S1
946,Faustino,S2
946,Faustino,S3
949,Joseph,S2
963,Wendy,S0
963,Wendy,S2
986,Emery,S4
986,Emery,S5
988,Virgina,S3
988,Virgina,S5
992,William,S0
992,William,S4
992,William,S5
993,Daniel,S0
993,Daniel,S2
993,Daniel,S5
1049,Cheryl,S4
1049,Cheryl,S5
1060,Joyce,S3
1060,Joyce,S4
1064,Phyllis,S0
1064,Phyllis,S5
1072,Jill,S0
1072,Jill,S3
1072,Jill,S4
1078,Joy,S0
1078,Joy,S5
1081,Tyesha,S0
1081,Tyesha,S3
1092,Michael,S1
1092,Michael,S4
1092,Michael,S5
1119,Burton,S0
1142,Lisa,S0
1142,Lisa,S3
1142,Lisa,S5
1156,Mark,S5
1165,Sara,S2
1165,Sara,S4
1171,Kandace,S1
1171,Kandace,S5
1182,Elisha,S0
1182,Elisha,S3
1225,Delores,S2
1225,Delores,S1
1225,Delores,S4
1255,Mabel,S3
1255,Mabel,S4
1263,Kylie,S1
1263,Kylie,S4
1270,Mindy,S0
1270,Mindy,S4
1270,Mindy,S5
1276,Reed,S3
1276,Reed,S4
1296,Richard,S3
1296,Richard,S5
1313,Douglas,S0
1313,Douglas,S5
1316,Patricia,S0
1316,Patricia,S3
1329,Monique,S2
1329,Monique,S0
1329,Monique,S3
1337,Gregory,S2
1337,Gregory,S1
1337,Gregory,S5
1354,John,S3
1354,John,S5
1370,Joseph,S3
1370,Joseph,S5
1392,Rosa,S1
1395,Michael,S2
1395,Michael,S0
1417,Dexter‖Linda,S2
1417,Dexter‖Linda,S1
1417,Dexter‖Linda,S5
1443,Carla,S0
1443,Carla,S4
1443,Carla,S5
1472,Shane,S1
1472,Shane,S3
1472,Shane,S5
1484,Maria,S0
1484,Maria,S1
1484,Maria,S5
1491,Otis‖Erick,S0
1491,Otis‖Erick,S1
1496,Carmen‖Teresa,S3
1496,Carmen‖Teresa,S5
1516,Sam,S0
1516,Sam,S1
1516,Sam,S2
1536,Amanda,S0
1536,Amanda,S1
1536,Amanda,S2
1542,William,S1
1543,Wanda,S3
1543,Wanda,S0
1543,Wanda,S2
1559,Michael,S3
1559,Michael,S4
1559,Michael,S5
1561,Trevor,S3
1561,Trevor,S1
1561,Trevor,S5
1578,Patrick,S0
1578,Patrick,S5
1581,Amy,S1
1581,Amy,S2
1581,Amy,S4
1593,Jeffery,S3
1593,Jeffery,S0
1593,Jeffery,S2
1615,Glenn,S3
1615,Glenn,S1
1622,Milton,S0
1622,Milton,S5
1637,Dale,S3
1637,Dale,S1
1637,Dale,S2
1649,Clifton,S3
1649,Clifton,S5
1671,Albert,S5
1677,Matthew,S3
1677,Matthew,S2
1677,Matthew,S5
1685,Barbara,S3
1685,Barbara,S2
1688,Brenda‖Richard,S1
1688,Brenda‖Richard,S5
1695,John,S1
1695,John,S2
1695,John,S4
1725,Nicole,S0
1769,Erwin,S1
1829,Cynthia,S0
1829,Cynthia,S1
1829,Cynthia,S2
1843,Geraldine‖Rose,S3
1843,Geraldine‖Rose,S4
1843,Geraldine‖Rose,S5
1852,Eric,S3
1852,Eric,S2
1862,Allen,S1
1862,Allen,S5
1911,Judith,S0
1911,Judith,S5
1921,Michael,S0
1921,Michael,S1
1921,Michael,S5
1923,Lesia,S2
1923,Lesia,S5
1936,George,S3
1936,George,S1
1936,George,S5
1940,Richard,S0
1940,Richard,S2
1940,Richard,S4
1951,Christopher,S3
1955,Justin,S3
1955,Justin,S0
1955,Justin,S1
1961,Morris‖Cynthia,S0
1961,Morris‖Cynthia,S4
1975,Thomas,S3
1975,Thomas,S4
1977,Danny,S3
1977,Danny,S1
1977,Danny,S5
1989,Edwin‖Larry,S3
1989,Edwin‖Larry,S0
1989,Edwin‖Larry,S5
1991,Linda,S2
1991,Linda,S4
1994,Yolanda,S1
1994,Yolanda,S4
1994,Yolanda,S5
1995,Jerry,S0
1995,Jerry,S1
1995,Jerry,S2
1996,Annamarie,S0
1996,Annamarie,S2
2001,Michael,S4
2001,Michael,S1
2001,Michael,S2
2007,Florence‖Mark,S0
2007,Florence‖Mark,S3
2010,Howard,S4
2010,Howard,S0
2010,Howard,S2
2011,Michael,S2
2011,Michael,S5
2013,Dana,S1
2013,Dana,S3
2015,Maria,S4
2015,Maria,S2
2015,Maria,S5
2016,James,S4
2016,James,S0
2016,James,S1
2017,Ted,S0
2017,Ted,S1
2018,John,S4
2018,John,S5
2031,Helen,S3
2031,Helen,S5
2039,George,S5
2050,German,S0
2050,German,S2
2050,German,S3
2057,James,S0
2057,James,S3
2057,James,S5
2064,Laura,S2
2064,Laura,S3
2065,Barbara,S3
2065,Barbara,S5
2066,Mike,S2
2066,Mike,S3
2074,Ramon,S1
2097,Philip,S4
2097,Philip,S1
2097,Philip,S5
2098,Kym,S0
2098,Kym,S5
2101,Jim,S4
2101,Jim,S5
2116,Keith,S0
2116,Keith,S1
2116,Keith,S3
2120,Pamela,S3
2128,Odell‖Billy,S1
2128,Odell‖Billy,S2
2128,Odell‖Billy,S5
2129,David,S4
2129,David,S0
2132,Mark,S1
2132,Mark,S3
2174,Maria,S0
2174,Maria,S2
2174,Maria,S3
2184,James,S3
2184,James,S5
2188,Angelina,S4
2189,Alan,S4
2189,Alan,S3
2189,Alan,S5
2200,Erik,S2
2200,Erik,S5
2215,Norma,S1
2215,Norma,S5
2236,Amanda,S4
2236,Amanda,S3
2243,Joyce,S1
2243,Joyce,S2
2243,Joyce,S5
2246,Michael,S0
2246,Michael,S1
2246,Michael,S2
2256,Annie,S0
2256,Annie,S2
2256,Annie,S3
2260,Mildred,S1
2260,Mildred,S3
2260,Mildred,S5
2266,George,S1
2266,George,S3
2268,Carol,S4
2268,Carol,S0
2268,Carol,S2
2273,Martha,S4
2273,Martha,S2
2273,Martha,S3
2285,Jerry,S2
2285,Jerry,S5
2309,Nancy,S2
2309,Nancy,S5
2320,Efrain,S0
2320,Efrain,S2
2326,Michael,S0
2326,Michael,S1
2338,Larry,S0
2338,Larry,S1
2338,Larry,S5
2343,Brittany‖Sean,S2
2343,Brittany‖Sean,S5
2355,Ruth,S3
2356,David,S0
2356,David,S1
2356,David,S3
2368,Nancy,S3
2370,Vickie‖Mary,S1
2370,Vickie‖Mary,S5
2398,Bernice,S3
2398,Bernice,S5
2405,Frank,S0
2405,Frank,S5
2406,Amanda,S4
2406,Amanda,S0
2411,Philip,S4
2411,Philip,S2
2411,Philip,S3
2414,Sharon,S0
2414,Sharon,S2
2422,Brenda,S4
2422,Brenda,S3
2423,Marcella,S0
2423,Marcella,S1
2423,Marcella,S3
2433,Reginald,S1
2433,Reginald,S2
2433,Reginald,S3
2461,Robert,S3
2461,Robert,S5
2468,Geraldine,S0
2468,Geraldine,S3
2469,Joyce,S4
2469,Joyce,S0
2480,Bradley‖Jesse‖Burton,S3
2480,Bradley‖Jesse‖Burton,S5
2482,Miguel,S4
2482,Miguel,S2
2483,Austin,S1
2483,Austin,S5
2517,Shelby,S0
2517,Shelby,S2
2517,Shelby,S3
2520,Dane,S0
2520,Dane,S1
2520,Dane,S3
2531,Judith,S3
2537,Lawrence,S4
2551,Ruby,S5
2551,Ruby,S2
2573,George‖Rita,S2
2573,George‖Rita,S4
2576,Dennis,S2
2576,Dennis,S4
2581,Sally,S0
2581,Sally,S1
2585,Alicia‖Douglas,S5
2585,Alicia‖Douglas,S0
2596,Roland,S1
2596,Roland,S2
2596,Roland,S4
2598,Gregory,S2
2598,Gregory,S3
2601,Carrie,S1
2601,Carrie,S2
2601,Carrie,S3
2605,Evan,S5
2605,Evan,S3
2605,Evan,S4
2611,Rhonda,S5
2611,Rhonda,S1
2611,Rhonda,S4
2617,Alice,S5
2617,Alice,S0
2617,Alice,S1
2620,Janice,S0
2620,Janice,S1
2620,Janice,S4
2623,Earl,S1
2623,Earl,S2
2628,Richard,S5
2628,Richard,S2
2628,Richard,S3
2658,Georgia‖Odessa,S5
2658,Georgia‖Odessa,S3
2658,Georgia‖Odessa,S4
2664,Lloyd,S5
2664,Lloyd,S2
2665,Ruthie,S2
2665,Ruthie,S3
2665,Ruthie,S4
2670,Ann,S5
2670,Ann,S1
2679,Shirley,S0
2679,Shirley,S3
2690,Latisha,S5
2690,Latisha,S1
2690,Latisha,S4
2696,Rubin,S5
2696,Rubin,S0
2701,Charles,S5
2701,Charles,S0
2715,Ronald,S5
2715,Ronald,S2
2716,Kelly,S1
2716,Kelly,S2
2716,Kelly,S4
2717,Joshua,S5
2717,Joshua,S2
2753,Shirley,S2
2753,Shirley,S4
2756,Thomas,S0
2756,Thomas,S4
2765,Pedro,S3
2775,Stephanie,S2
2775,Stephanie,S3
2780,Luther,S0
2780,Luther,S1
2780,Luther,S2
2789,Jerry,S3
2791,Georgia,S0
2791,Georgia,S1
2791,Georgia,S2
2794,Alma,S5
2794,Alma,S0
2794,Alma,S2
2795,Jill,S5
2795,Jill,S3
2798,Mary,S5
2798,Mary,S0
2800,Roxanna,S5
2800,Roxanna,S1
2806,Sarah,S0
2806,Sarah,S1
2809,Dianna,S0
2809,Dianna,S4
2810,Brian,S0
2810,Brian,S1
2810,Brian,S4
2813,George,S1
2813,George,S4
2814,Timothy,S2
2814,Timothy,S4
2815,James,S3
2815,James,S4
2817,Nicholas,S5
2817,Nicholas,S0
2817,Nicholas,S1
2818,Kristina‖Virginia,S5
2818,Kristina‖Virginia,S2
2828,Harvey,S4
2834,Jose,S5
2834,Jose,S2
2858,Emilia,S3
2858,Emilia,S4
2870,Michael‖Akiko,S5
2870,Michael‖Akiko,S1
2870,Michael‖Akiko,S2
2884,Bonnie,S0
2884,Bonnie,S1
2905,Morris,S5
2905,Morris,S2
2905,Morris,S3
2910,David,S5
2910,David,S3
2930,Sidney,S2
2930,Sidney,S3
2954,Chang,S0
2954,Chang,S3
2960,Michelle,S5
2960,Michelle,S4
2972,Mary,S5
2972,Mary,S1
2976,Barbara,S4
2984,Debby,S5
2984,Debby,S0
2984,Debby,S1
2,Cooper,R5
6,Mills‖Mulholland,R2
6,Mills‖Mulholland,R5
7,Arreola,R0
7,Arreola,R3
7,Arreola,R4
7,Arreola,R5
11,Castillo,R1
11,Castillo,R3
12,Duffy,R3
18,Delaney,R0
18,Delaney,R4
18,Delaney,R5
25,Cunningham,R0
25,Cunningham,R1
25,Cunningham,R2
34,Pharris,R1
34,Pharris,R2
34,Pharris,R4
34,Pharris,R5
38,Malach,R3
38,Malach,R4
38,Malach,R5
46,Brown,R3
46,Brown,R4
47,Demelo,R1
47,Demelo,R2
47,Demelo,R4
51,Hernandez,R1
58,Crosland,R1
58,Crosland,R3
58,Crosland,R5
75,Dison,R0
75,Dison,R4
80,Huddleston,R0
80,Huddleston,R2
80,Huddleston,R5
81,Wilson,R1
81,Wilson,R2
81,Wilson,R3
84,Guerrero‖Gardner,R1
87,Thuss,R2
89,Ziegler,R3
89,Ziegler,R5
91,Age,R3
91,Age,R4
92,Simmons,R2
92,Simmons,R4
92,Simmons,R5
95,Weaver,R5
103,Saenz,R3
106,Smith,R1
106,Smith,R5
107,Gomez,R0
107,Gomez,R3
107,Gomez,R5
113,Galvis,R4
124,Lieder,R0
124,Lieder,R2
126,Gomez,R0
126,Gomez,R4
128,Dallas,R0
128,Dallas,R3
129,Hynes,R1
129,Hynes,R3
129,Hynes,R5
133,Luna,R2
133,Luna,R4
140,Nieto,R1
140,Nieto,R2
140,Nieto,R5
141,Frizell,R2
141,Frizell,R3
143,Balsamo,R4
147,Yanez,R1
147,Yanez,R2
147,Yanez,R4
147,Yanez,R5
148,Moss,R0
148,Moss,R2
148,Moss,R3
149,Volesky,R3
154,Faust,R0
154,Faust,R1
154,Faust,R3
160,Burtch,R2
160,Burtch,R3
160,Burtch,R5
164,Allen,R0
164,Allen,R3
164,Allen,R4
166,Grossi,R3
166,Grossi,R4
168,Bigler‖Burnette,R0
168,Bigler‖Burnette,R3
168,Bigler‖Burnette,R5
172,Weckerly,R3
172,Weckerly,R5
175,Clemens,R0
175,Clemens,R3
177,Brown,R0
177,Brown,R3
177,Brown,R5
180,Boers,R0
180,Boers,R1
180,Boers,R3
182,Soucier,R3
186,Henry,R0
186,Henry,R1
188,Torres,R2
190,Brown,R3
192,Lara,R0
192,Lara,R3
196,Williams,R3
196,Williams,R4
196,Williams,R5
198,Powell,R1
198,Powell,R5
200,Gilbert,R0
200,Gilbert,R1
200,Gilbert,R5
201,Miller,R0
201,Miller,R1
205,Schneider,R3
205,Schneider,R5
210,Sprouse,R4
213,Pendleton,R3
213,Pendleton,R4
213,Pendleton,R5
214,Barreto,R0
214,Barreto,R5
215,Brosnan,R0
215,Brosnan,R3
215,Brosnan,R5
222,Gramble,R4
222,Gramble,R5
227,Calvo,R1
227,Calvo,R2
227,Calvo,R3
232,Azure,R1
233,Salas,R4
233,Salas,R5
236,Wilkinson,R0
236,Wilkinson,R3
236,Wilkinson,R4
240,Torres,R3
240,Torres,R4
243,Maus,R2
245,Auduong,R3
245,Auduong,R4
251,Sneed,R1
251,Sneed,R5
252,Purinton,R3
252,Purinton,R4
261,Davis,R0
261,Davis,R1
265,Gerber,R5
267,Ward,R1
267,Ward,R4
269,Cortez‖Meza,R2
269,Cortez‖Meza,R5
273,Galvan,R2
273,Galvan,R4
275,Bisonette,R0
275,Bisonette,R3
283,Green,R3
297,Kirk,R1
297,Kirk,R4
300,Emery‖Barbieri,R0
300,Emery‖Barbieri,R1
300,Emery‖Barbieri,R5
303,Foster,R4
308,Gonzalez,R0
308,Gonzalez,R2
308,Gonzalez,R3
309,Hendrix,R0
309,Hendrix,R2
309,Hendrix,R3
310,Xiong,R2
310,Xiong,R4
314,Mason,R1
314,Mason,R2
314,Mason,R5
319,Mcdowell,R1
319,Mcdowell,R4
319,Mcdowell,R5
320,Selmer,R1
320,Selmer,R5
325,Campbell,R2
325,Campbell,R3
328,Aldred,R1
328,Aldred,R2
328,Aldred,R3
331,Smith,R5
333,Poucher,R0
333,Poucher,R2
333,Poucher,R3
336,Pirrone,R0
336,Pirrone,R2
336,Pirrone,R5
341,Moye,R1
341,Moye,R5
342,Robinson,R0
343,Grant‖Delton,R4
343,Grant‖Delton,R5
347,Williams‖Grassi,R3
347,Williams‖Grassi,R4
349,Hinderman‖Wood,R0
349,Hinderman‖Wood,R1
349,Hinderman‖Wood,R3
354,Jolin,R0
357,Mckenzie‖Pierce,R3
357,Mckenzie‖Pierce,R5
358,Alvarez,R3
358,Alvarez,R5
359,Townsend,R1
359,Townsend,R3
359,Townsend,R4
363,Soledad,R0
363,Soledad,R1
363,Soledad,R4
374,Molon,R1
377,Heffner,R1
377,Heffner,R2
377,Heffner,R3
380,Eddinger,R1
380,Eddinger,R3
395,Devine,R0
395,Devine,R1
395,Devine,R4
396,Peterson,R2
396,Peterson,R5
397,Griffin,R2
397,Griffin,R4
397,Griffin,R5
398,Vest,R1
398,Vest,R3
400,Gipson,R1
400,Gipson,R3
401,George,R1
401,George,R2
404,Gillaspie,R0
404,Gillaspie,R3
409,Blevins,R1
409,Blevins,R2
411,Ottinger,R1
411,Ottinger,R4
414,Katz‖Spencer,R0
414,Katz‖Spencer,R3
417,Ellis,R1
417,Ellis,R3
417,Ellis,R4
417,Ellis,R5
419,Johns,R3
419,Johns,R4
419,Johns,R5
420,Bosley‖Poland,R0
420,Bosley‖Poland,R1
420,Bosley‖Poland,R4
422,Horstman,R1
422,Horstman,R3
422,Horstman,R5
426,Fleck,R0
426,Fleck,R2
429,Arnette,R0
429,Arnette,R1
429,Arnette,R4
429,Arnette,R5
432,Hawk,R0
433,Dougherty,R0
433,Dougherty,R2
433,Dougherty,R3
436,Gordon,R1
436,Gordon,R4
438,Harris,R0
438,Harris,R1
438,Harris,R4
442,Hanson,R2
442,Hanson,R4
442,Hanson,R5
450,Hodges,R0
450,Hodges,R4
458,Franks,R1
458,Franks,R4
459,Roy,R0
459,Roy,R4
459,Roy,R5
460,Diaz,R3
460,Diaz,R4
461,Sutton,R2
463,Lopez,R0
463,Lopez,R3
463,Lopez,R5
465,Camp,R1
465,Camp,R2
466,Mobley,R3
466,Mobley,R5
471,Borders,R1
471,Borders,R2
471,Borders,R3
472,Reeder,R5
473,Wood,R1
473,Wood,R3
473,Wood,R5
476,Coleman‖Willhite,R2
476,Coleman‖Willhite,R4
477,Lovelace,R3
482,Alicea,R0
482,Alicea,R4
482,Alicea,R5
483,Cruz,R2
483,Cruz,R3
487,Grams,R3
487,Grams,R4
488,Ryan,R3
488,Ryan,R4
490,Odle,R0
490,Odle,R3
490,Odle,R4
490,Odle,R5
495,Boyd,R0
495,Boyd,R1
495,Boyd,R2
495,Boyd,R4
500,Racine,R4
500,Racine,R5
501,Parks,R1
501,Parks,R5
504,Brown‖Pearce,R0
504,Brown‖Pearce,R2
504,Brown‖Pearce,R3
512,Hilliard‖Marana,R2
512,Hilliard‖Marana,R3
520,Thompson,R0
520,Thompson,R2
520,Thompson,R5
527,Scudder,R3
527,Scudder,R4
531,Padgett,R0
531,Padgett,R4
533,Banks,R2
533,Banks,R3
542,Eaton,R1
542,Eaton,R4
543,Miller‖Wright,R2
543,Miller‖Wright,R3
543,Miller‖Wright,R5
546,Iannotti,R3
547,Mcelroy,R2
547,Mcelroy,R3
550,Carlson,R0
550,Carlson,R5
551,Mcknight,R1
551,Mcknight,R0
551,Mcknight,R5
556,Moody‖Will,R2
556,Moody‖Will,R5
560,Faulkner,R1
560,Faulkner,R0
560,Faulkner,R4
561,Stearns,R3
561,Stearns,R4
563,Bauer,R0
563,Bauer,R3
563,Bauer,R4
564,Roberts,R1
567,Bass,R5
572,Sparrow,R0
572,Sparrow,R3
573,Cazier,R2
573,Cazier,R3
573,Cazier,R4
573,Cazier,R5
574,Boyd‖Horkey,R0
574,Boyd‖Horkey,R3
575,Mcconnell,R4
577,Mahan,R2
577,Mahan,R3
577,Mahan,R4
579,Shepard,R1
579,Shepard,R3
579,Shepard,R4
582,Simmons,R1
582,Simmons,R2
589,Hawes,R0
589,Hawes,R3
592,Coldwell,R1
592,Coldwell,R0
593,Ball,R4
593,Ball,R5
595,Gomez,R3
600,Dye‖Perez,R0
600,Dye‖Perez,R2
600,Dye‖Perez,R3
602,Mendoza,R0
602,Mendoza,R2
602,Mendoza,R5
603,Sears,R1
603,Sears,R0
603,Sears,R5
606,Hinz,R1
606,Hinz,R0
606,Hinz,R4
607,Seegmiller,R4
612,Conger,R1
612,Conger,R0
614,Nichols,R2
614,Nichols,R3
616,Farley,R0
616,Farley,R2
618,Baldwin‖Velovic,R1
618,Baldwin‖Velovic,R3
618,Baldwin‖Velovic,R5
619,Light,R0
619,Light,R4
621,Randolph,R0
621,Randolph,R2
622,Poquette,R3
622,Poquette,R5
625,Utz,R2
627,Keith,R2
627,Keith,R4
629,Garcia,R0
629,Garcia,R4
634,Walker,R4
635,Martinez,R0
639,Thompson,R0
639,Thompson,R4
639,Thompson,R5
641,Moore,R4
642,Abelman,R4
644,Schulte,R2
647,Wicker,R0
649,Behan‖Riley,R2
649,Behan‖Riley,R5
657,Saville,R0
657,Saville,R3
657,Saville,R5
659,Couture,R2
659,Couture,R3
660,Montanez,R3
660,Montanez,R5
663,Garza,R1
663,Garza,R0
665,Mayeux,R1
665,Mayeux,R0
670,Kinroth,R1
671,Henry,R2
671,Henry,R3
671,Henry,R5
674,Bentley,R1
674,Bentley,R2
674,Bentley,R3
677,Simms,R1
685,Pedroza,R4
685,Pedroza,R5
690,Rinderer,R0
690,Rinderer,R2
690,Rinderer,R4
693,Sugar,R0
693,Sugar,R4
693,Sugar,R5
699,Rodriguez‖Gil,R2
699,Rodriguez‖Gil,R5
700,Marshall,R1
700,Marshall,R0
700,Marshall,R5
701,Elliott,R2
701,Elliott,R3
703,Smith,R1
703,Smith,R0
706,Kennedy,R2
710,Mcfarlane,R0
710,Mcfarlane,R2
710,Mcfarlane,R5
711,Traub,R1
711,Traub,R3
711,Traub,R4
711,Traub,R5
712,Taylor,R5
715,Putnam,R0
715,Putnam,R2
715,Putnam,R3
716,Nolen,R1
716,Nolen,R2
717,Eichenberger,R3
717,Eichenberger,R4
720,Taylor,R4
720,Taylor,R5
721,Wolfe,R0
721,Wolfe,R4
722,Roach,R0
722,Roach,R3
723,Pass,R1
723,Pass,R3
724,Crespo,R1
724,Crespo,R0
726,Shipman,R0
726,Shipman,R2
727,Green,R1
727,Green,R2
729,Archie‖Helms,R2
729,Archie‖Helms,R4
729,Archie‖Helms,R5
734,Pyle,R1
734,Pyle,R2
735,Schachter,R4
735,Schachter,R5
736,Sewell,R0
736,Sewell,R3
753,Gerecke,R0
753,Gerecke,R3
756,Wilhelm‖Sanchirico,R0
756,Wilhelm‖Sanchirico,R3
758,Mcfadden,R1
758,Mcfadden,R2
758,Mcfadden,R4
758,Mcfadden,R5
760,Booze,R0
760,Booze,R3
762,Joyner,R3
762,Joyner,R5
764,Young,R0
764,Young,R5
765,Daniel,R1
765,Daniel,R4
769,Munro,R0
769,Munro,R2
778,Croft,R2
779,Hamilton,R1
779,Hamilton,R5
783,Roberts,R0
783,Roberts,R3
785,Phillips,R2
785,Phillips,R3
788,Moore,R0
788,Moore,R5
789,Mounsey,R1
789,Mounsey,R5
794,Burke,R3
794,Burke,R5
796,Graham‖Waren,R3
796,Graham‖Waren,R4
796,Graham‖Waren,R5
805,Boyle,R3
805,Boyle,R5
807,Barela‖Clark,R4
807,Barela‖Clark,R5
810,Weingard,R0
810,Weingard,R5
812,Cullum,R0
812,Cullum,R2
813,Mckee,R1
813,Mckee,R2
813,Mckee,R3
819,Bailey,R1
819,Bailey,R0
819,Bailey,R2
821,Lynch,R1
821,Lynch,R2
821,Lynch,R3
821,Lynch,R4
823,Brown,R2
823,Brown,R4
823,Brown,R5
824,Hanna,R2
824,Hanna,R3
824,Hanna,R4
825,Lockett‖Erickson,R1
825,Lockett‖Erickson,R0
828,Bothwell,R2
828,Bothwell,R5
833,Okumura,R1
833,Okumura,R0
846,Morguson,R0
846,Morguson,R2
846,Morguson,R4
854,Moreta‖Soto,R0
854,Moreta‖Soto,R3
854,Moreta‖Soto,R4
856,Sanchez,R1
856,Sanchez,R3
858,Shilling,R3
858,Shilling,R4
863,Zbell,R2
863,Zbell,R4
863,Zbell,R5
867,Cryderman,R1
867,Cryderman,R2
867,Cryderman,R3
871,Southwick,R0
871,Southwick,R5
873,Wilson,R0
873,Wilson,R2
873,Wilson,R4
875,Barber,R5
878,Chick,R2
879,Valdez,R1
879,Valdez,R2
879,Valdez,R3
880,Nelson,R3
880,Nelson,R5
883,Stokes,R0
883,Stokes,R3
883,Stokes,R4
890,Sterling,R5
892,Rex,R2
892,Rex,R3
894,Thompson,R2
894,Thompson,R3
894,Thompson,R4
897,Miller,R0
897,Miller,R2
898,Mccormick,R1
898,Mccormick,R0
898,Mccormick,R2
898,Mccormick,R5
899,Serrano‖Horton,R3
899,Serrano‖Horton,R5
904,Rowe,R1
904,Rowe,R2
904,Rowe,R4
909,Pierce,R2
909,Pierce,R5
910,Dulany,R3
910,Dulany,R4
910,Dulany,R5
912,Mcnamara,R1
912,Mcnamara,R3
918,Harris,R0
918,Harris,R2
921,Bustios,R2
924,Wood‖Brown,R1
924,Wood‖Brown,R0
924,Wood‖Brown,R3
927,Gutierrez,R1
927,Gutierrez,R3
927,Gutierrez,R4
929,Parker,R2
929,Parker,R3
930,Nolen,R1
930,Nolen,R0
931,Broughton,R1
931,Broughton,R0
931,Broughton,R3
932,Sinkler,R1
932,Sinkler,R0
933,Munoz,R1
933,Munoz,R4
935,Davis,R0
935,Davis,R3
935,Davis,R4
937,Fisch,R0
937,Fisch,R2
937,Fisch,R3
938,Harris‖Stanley,R1
938,Harris‖Stanley,R2
939,Perez‖Reinkemeyer‖Bradford,R2
939,Perez‖Reinkemeyer‖Bradford,R4
940,Long‖Hallaway,R0
940,Long‖Hallaway,R4
940,Long‖Hallaway,R5
941,Birkeland,R2
941,Birkeland,R3
941,Birkeland,R4
947,Woody,R2
951,Peete,R5
952,Braziel,R0
952,Braziel,R3
953,Caylor,R1
953,Caylor,R0
953,Caylor,R3
958,Lewis,R1
958,Lewis,R2
958,Lewis,R4
962,James,R2
962,James,R5
965,Sammartino,R4
965,Sammartino,R5
966,Gomez,R0
966,Gomez,R4
968,Glenn,R1
968,Glenn,R0
974,Bates,R2
974,Bates,R3
976,Jester,R2
976,Jester,R3
978,Miranda,R1
978,Miranda,R2
979,Irwin,R1
979,Irwin,R4
980,Vega,R0
980,Vega,R5
981,Sweet,R0
981,Sweet,R4
981,Sweet,R5
982,Young,R2
982,Young,R3
983,Janusz,R2
984,Mctaggart,R1
984,Mctaggart,R4
989,Timmerman,R0
989,Timmerman,R2
989,Timmerman,R3
991,Bryson‖Skeels,R2
991,Bryson‖Skeels,R5
994,Mcpherson,R2
994,Mcpherson,R4
997,Plyler,R0
997,Plyler,R4
998,Guidry,R0
998,Guidry,R5
999,Marler‖Gatton,R2
999,Marler‖Gatton,R3
999,Marler‖Gatton,R5
1013,Patterson,R2
1013,Patterson,R4
1016,Shupe,R0
1016,Shupe,R3
1017,Jodway,R1
1017,Jodway,R4
1019,Hamilton,R0
1021,Robbins,R3
1021,Robbins,R5
1024,Hunt,R3
1027,Timmer,R2
1027,Timmer,R0
1027,Timmer,R3
1029,Dixon,R0
1029,Dixon,R5
1030,Chipps‖Andersen,R1
1030,Chipps‖Andersen,R4
1037,Terry,R4
1038,Hof,R2
1043,Dorris,R1
1043,Dorris,R4
1043,Dorris,R5
1046,Zenger,R2
1046,Zenger,R0
1046,Zenger,R5
1047,Sandau,R1
1056,Velasco,R5
1057,Hale,R0
1057,Hale,R3
1057,Hale,R5
1059,Brassil,R5
1061,King,R3
1065,Mason,R1
1071,Sandmann,R2
1071,Sandmann,R4
1073,Curling,R0
1073,Curling,R3
1075,Skora,R0
1076,Schwab,R1
1076,Schwab,R4
1082,Watts,R1
1082,Watts,R3
1082,Watts,R5
1083,Young,R2
1086,Link,R4
1088,Hinkle‖Dennis,R1
1088,Hinkle‖Dennis,R5
1090,Coleman,R2
1090,Coleman,R5
1094,Thomas,R0
1094,Thomas,R1
1094,Thomas,R5
1096,Waldal,R0
1096,Waldal,R5
1099,Gallemore,R0
1099,Gallemore,R3
1099,Gallemore,R5
1103,Wilkerson,R0
1105,Andre,R3
1105,Andre,R4
1106,Buttner‖Reynolds,R0
1106,Buttner‖Reynolds,R4
1109,Hines,R3
1109,Hines,R4
1117,Mrozinski,R2
1117,Mrozinski,R1
1117,Mrozinski,R5
1120,Miles,R0
1120,Miles,R4
1121,Warren,R0
1121,Warren,R4
1121,Warren,R5
1126,Seumanu,R0
1129,Lovely,R2
1129,Lovely,R4
1131,Moore,R1
1131,Moore,R4
1132,Johnston,R0
1132,Johnston,R1
1134,Carrico,R3
1140,Sholtis,R2
1140,Sholtis,R1
1140,Sholtis,R3
1140,Sholtis,R5
1143,Glasser,R0
1143,Glasser,R4
1147,Wamsley,R2
1147,Wamsley,R5
1150,Newman,R2
1150,Newman,R3
1153,Boyer,R1
1153,Boyer,R4
1160,Jones,R1
1160,Jones,R3
1160,Jones,R4
1162,Watkins,R2
1162,Watkins,R1
1162,Watkins,R3
1167,Routh,R2
1167,Routh,R0
1167,Routh,R1
1167,Routh,R3
1169,Pedraza,R2
1178,Strahm,R0
1178,Strahm,R4
1179,Rollyson,R4
1185,Donnelly,R2
1185,Donnelly,R3
1185,Donnelly,R4
1186,Dobbs,R2
1186,Dobbs,R1
1186,Dobbs,R4
1189,Crain,R2
1189,Crain,R0
1189,Crain,R5
1190,Williams,R0
1190,Williams,R3
1191,Mata,R1
1191,Mata,R3
1192,Hammond,R1
1194,Patterson,R0
1194,Patterson,R3
1197,Winkler,R2
1197,Winkler,R1
1197,Winkler,R4
1198,Lang,R1
1198,Lang,R3
1199,Walker,R0
1199,Walker,R1
1199,Walker,R4
1200,Fellers,R2
1200,Fellers,R3
1202,Bowen,R2
1202,Bowen,R0
1202,Bowen,R1
1202,Bowen,R4
1203,Hudgens,R2
1203,Hudgens,R1
1203,Hudgens,R4
1204,Hart,R3
1204,Hart,R5
1210,Petty,R0
1210,Petty,R3
1210,Petty,R4
1213,Martinez,R0
1213,Martinez,R3
1220,Roundy,R0
1224,Scheidecker,R0
1224,Scheidecker,R1
1224,Scheidecker,R5
1227,Brough,R2
1227,Brough,R1
1229,Wanty‖Page,R2
1229,Wanty‖Page,R0
1230,Fansler,R2
1230,Fansler,R5
1239,Rivera,R0
1242,Brock,R0
1242,Brock,R1
1242,Brock,R3
1243,Swanson,R3
1243,Swanson,R5
1244,Shipley,R0
1244,Shipley,R1
1244,Shipley,R5
1246,Mcgough,R0
1246,Mcgough,R4
1247,Thornhill,R2
1247,Thornhill,R4
1247,Thornhill,R5
1248,Locklear,R0
1248,Locklear,R1
1248,Locklear,R5
1251,Ruiz,R2
1251,Ruiz,R1
1262,Campbell,R1
1262,Campbell,R3
1262,Campbell,R5
1268,Banda,R1
1268,Banda,R3
1269,Vitullo,R0
1269,Vitullo,R1
1269,Vitullo,R3
1277,Majors,R0
1277,Majors,R1
1277,Majors,R3
1279,Mcdonald,R3
1279,Mcdonald,R5
1280,Hemphill,R5
1281,Sturdivant,R2
1281,Sturdivant,R3
1281,Sturdivant,R5
1282,Lussier,R2
1282,Lussier,R4
1282,Lussier,R5
1285,Lind,R1
1285,Lind,R5
1286,Woodard,R5
1290,Taylor,R3
1290,Taylor,R5
1291,Wooten,R0
1291,Wooten,R5
1295,Fleischmann,R4
1297,Wells,R2
1297,Wells,R0
1297,Wells,R5
1301,Austin,R2
1301,Austin,R3
1302,Rogers,R3
1306,Sizemore,R0
1306,Sizemore,R5
1307,Edmundson‖Southern,R2
1307,Edmundson‖Southern,R0
1307,Edmundson‖Southern,R1
1308,Murdock,R0
1308,Murdock,R4
1312,Lewis,R1
1320,Newell,R2
1320,Newell,R3
1321,Scott,R0
1321,Scott,R4
1325,Noble,R2
1328,Pereira,R1
1328,Pereira,R4
1331,Willie,R3
1333,Jeanette,R3
1333,Jeanette,R5
1335,Larson,R1
1335,Larson,R3
1336,Vandamme,R0
1344,Stagg,R2
1344,Stagg,R0
1349,Roane,R2
1349,Roane,R0
1349,Roane,R4
1353,Taylor‖Cordell,R2
1353,Taylor‖Cordell,R1
1353,Taylor‖Cordell,R4
1359,Connors,R2
1359,Connors,R4
1365,Hernandez,R2
1365,Hernandez,R3
1365,Hernandez,R5
1376,Coleman,R0
1376,Coleman,R4
1376,Coleman,R5
1381,Mallory,R1
1381,Mallory,R4
1382,Steffenhagen,R2
1382,Steffenhagen,R0
1386,Brown,R1
1386,Brown,R5
1390,Johnson,R3
1390,Johnson,R5
1394,France,R0
1394,France,R1
1394,France,R4
1399,Mitchell‖Orser‖Black,R1
1402,Jordan,R4
1409,Miller,R2
1409,Miller,R1
1409,Miller,R3
1412,Manley,R0
1413,Mudd,R2
1413,Mudd,R0
1413,Mudd,R1
1416,Lopez,R2
1416,Lopez,R3
1418,Bump,R0
1418,Bump,R1
1426,Nucklos,R2
1427,James,R0
1427,James,R1
1427,James,R5
1429,Spitler‖Mcbride,R3
1430,Busch,R3
1430,Busch,R5
1442,Smith,R2
1442,Smith,R0
1444,Mercado,R0
1444,Mercado,R1
1444,Mercado,R5
1447,Kennedy,R0
1447,Kennedy,R1
1447,Kennedy,R4
1449,Padron,R2
1449,Padron,R0
1449,Padron,R3
1450,Buchanan,R2
1450,Buchanan,R5
1454,Kennedy,R2
1454,Kennedy,R0
1454,Kennedy,R4
1459,King,R2
1459,King,R3
1459,King,R4
1464,Smith‖Ainsworth,R2
1464,Smith‖Ainsworth,R0
1464,Smith‖Ainsworth,R3
1465,Amos,R0
1465,Amos,R4
1465,Amos,R5
1468,Frieden,R0
1468,Frieden,R3
1469,Morris,R2
1469,Morris,R0
1469,Morris,R1
1471,Klumpp,R2
1471,Klumpp,R3
1478,Reynolds,R1
1478,Reynolds,R4
1483,Michelle,R1
1489,Yates,R2
1489,Yates,R0
1489,Yates,R5
1494,Hooper,R1
1494,Hooper,R5
1498,Schechter,R0
1498,Schechter,R1
1498,Schechter,R3
1500,Rothe,R3
1500,Rothe,R2
1500,Rothe,R5
1501,Blackmon,R1
1501,Blackmon,R5
1505,Jacobson,R0
1505,Jacobson,R2
1507,Gibson,R3
1507,Gibson,R0
1507,Gibson,R1
1512,Arnold,R1
1512,Arnold,R2
1512,Arnold,R4
1512,Arnold,R5
1513,Gomer‖Wooten,R3
1513,Gomer‖Wooten,R2
1513,Gomer‖Wooten,R4
1514,Herrera,R1
1514,Herrera,R4
1520,Martinez,R0
1520,Martinez,R1
1538,Montero,R2
1544,Shannon,R2
1544,Shannon,R4
1545,Revard,R4
1546,Anderson,R3
1546,Anderson,R1
1546,Anderson,R4
1546,Anderson,R5
1547,Largent,R0
1547,Largent,R1
1552,Freed,R3
1552,Freed,R0
1552,Freed,R5
1555,Poyner,R3
1555,Poyner,R2
1562,Lambino,R0
1562,Lambino,R2
1563,Fisher,R4
1563,Fisher,R5
1570,Mccampbell,R4
1583,Claeys,R0
1595,Young,R2
1595,Young,R4
1609,Jefferys,R3
1609,Jefferys,R4
1609,Jefferys,R5
1611,Butler,R4
1611,Butler,R5
1612,Whitener,R1
1612,Whitener,R2
1612,Whitener,R5
1621,Cogliano,R3
1621,Cogliano,R2
1621,Cogliano,R4
1621,Cogliano,R5
1623,Jackson,R2
1623,Jackson,R5
1625,Kraft,R0
1625,Kraft,R1
1625,Kraft,R4
1628,Russell,R4
1632,Bradford,R3
1632,Bradford,R1
1633,Benton,R4
1633,Benton,R5
1635,Longe,R3
1635,Longe,R2
1635,Longe,R5
1636,Schuchart,R3
1636,Schuchart,R1
1640,Barlow,R0
1640,Barlow,R1
1641,Fletcher,R5
1643,Fogg‖Shapiro,R3
1643,Fogg‖Shapiro,R2
1643,Fogg‖Shapiro,R4
1647,Pierson,R1
1647,Pierson,R4
1647,Pierson,R5
1654,Thompson,R3
1654,Thompson,R2
1654,Thompson,R5
1655,Hamilton,R3
1655,Hamilton,R2
1655,Hamilton,R5
1657,Jackson,R2
1657,Jackson,R4
1657,Jackson,R5
1658,Malson,R0
1658,Malson,R1
1658,Malson,R5
1664,Ray,R0
1664,Ray,R1
1665,Moffitt,R2
1665,Moffitt,R4
1668,Hatch,R3
1675,Logiudice,R3
1675,Logiudice,R0
1675,Logiudice,R1
1675,Logiudice,R5
1696,Epson,R1
1696,Epson,R4
1697,Merrill,R0
1697,Merrill,R4
1697,Merrill,R5
1702,Radden,R3
1702,Radden,R4
1710,Yaiva,R0
1710,Yaiva,R1
1710,Yaiva,R2
1711,Sims,R2
1711,Sims,R4
1714,Faris,R0
1714,Faris,R1
1717,Jeffreys,R0
1717,Jeffreys,R2
1718,Bayer,R0
1718,Bayer,R1
1718,Bayer,R2
1723,Bakker,R5
1730,Davis,R3
1730,Davis,R5
1734,Dahlstrom,R5
1737,Vian,R3
1737,Vian,R0
1737,Vian,R2
1737,Vian,R4
1738,Bermudez,R1
1741,Woods,R0
1747,Sargent,R0
1747,Sargent,R1
1747,Sargent,R4
1751,Williams,R3
1751,Williams,R1
1751,Williams,R5
1754,Plaza,R3
1754,Plaza,R0
1761,Heyne,R3
1761,Heyne,R1
1761,Heyne,R4
1761,Heyne,R5
1762,Taylor,R3
1762,Taylor,R0
1762,Taylor,R1
1762,Taylor,R4
1763,Emery,R5
1767,Bradley,R3
1767,Bradley,R2
1767,Bradley,R4
1768,Guadian,R3
1771,Darden,R0
1771,Darden,R5
1775,Mcquaid,R3
1775,Mcquaid,R2
1775,Mcquaid,R5
1776,Turner,R1
1776,Turner,R2
1779,Smith,R2
1782,Cook,R0
1782,Cook,R4
1782,Cook,R5
1788,Jones,R3
1788,Jones,R1
1792,Broughton,R1
1792,Broughton,R4
1796,Walton,R2
1798,Kessler,R2
1799,Hall,R1
1799,Hall,R5
1800,Kent,R0
1800,Kent,R1
1800,Kent,R2
1801,Doyle,R1
1801,Doyle,R2
1801,Doyle,R4
1803,Myers,R0
1803,Myers,R1
1803,Myers,R4
1807,Guzman,R1
1807,Guzman,R5
1808,Rendon‖Ohara,R0
1808,Rendon‖Ohara,R1
1811,Delacerda,R3
1811,Delacerda,R5
1813,Osburn,R1
1813,Osburn,R4
1813,Osburn,R5
1816,Salazar,R0
1817,Elkins,R0
1817,Elkins,R1
1820,Delaine,R0
1820,Delaine,R2
1820,Delaine,R5
1821,Mclean,R0
1821,Mclean,R5
1826,Osullivan,R3
1826,Osullivan,R2
1827,Stewart,R3
1827,Stewart,R5
1830,Miller,R0
1830,Miller,R1
1830,Miller,R5
1832,Thomas,R3
1832,Thomas,R0
1835,Ramirez,R2
1835,Ramirez,R5
1838,Tyler,R2
1839,Winter,R3
1839,Winter,R4
1847,Mix,R0
1847,Mix,R1
1847,Mix,R5
1854,Hill,R1
1854,Hill,R4
1858,Staubin,R3
1858,Staubin,R2
1864,Greene,R3
1864,Greene,R4
1864,Greene,R5
1873,Matuszewski,R3
1873,Matuszewski,R2
1873,Matuszewski,R4
1873,Matuszewski,R5
1874,Phillips,R0
1874,Phillips,R2
1874,Phillips,R4
1877,Mckay‖Turner,R4
1878,Bloom,R3
1878,Bloom,R0
1879,Robinson,R3
1879,Robinson,R2
1879,Robinson,R4
1880,Murray,R0
1880,Murray,R4
1880,Murray,R5
1893,Crafton,R3
1893,Crafton,R2
1897,Campbell,R1
1899,Heinsohn,R1
1899,Heinsohn,R4
1902,Moore,R3
1903,Layman,R0
1903,Layman,R1
1904,Krier,R3
1904,Krier,R2
1904,Krier,R4
1907,Banks,R3
1907,Banks,R0
1907,Banks,R5
1908,Mcarthur,R0
1910,Shellenberger‖Valentine,R3
1910,Shellenberger‖Valentine,R0
1910,Shellenberger‖Valentine,R1
1914,Lorraine,R3
1914,Lorraine,R4
1914,Lorraine,R5
1917,Jackson,R2
1917,Jackson,R4
1918,Stubblefield,R0
1918,Stubblefield,R2
1920,Dingus,R3
1920,Dingus,R0
1920,Dingus,R1
1920,Dingus,R5
1922,Harsh,R3
1922,Harsh,R4
1922,Harsh,R5
1924,Spataro‖Losacco,R3
1924,Spataro‖Losacco,R4
1924,Spataro‖Losacco,R5
1927,Toth,R3
1927,Toth,R4
1927,Toth,R5
1929,Wolford‖Yost,R2
1929,Wolford‖Yost,R4
1932,Flores‖Meeks,R3
1932,Flores‖Meeks,R0
1932,Flores‖Meeks,R1
1934,Wagers‖Michaud,R3
1934,Wagers‖Michaud,R4
1935,Fisher,R5
1947,Anderson,R3
1947,Anderson,R2
1947,Anderson,R5
1953,Powell,R1
1953,Powell,R4
1953,Powell,R5
1956,Swanner,R2
1956,Swanner,R4
1956,Swanner,R5
1970,Bax,R4
1970,Bax,R5
1978,Grabner,R4
1980,Hruby,R1
1980,Hruby,R2
1980,Hruby,R5
1981,Charlie,R3
1982,Watson,R5
1983,Collier,R3
1983,Collier,R2
1985,Kowald,R5
1986,Hayes,R2
1986,Hayes,R4
1986,Hayes,R5
1987,Whitney,R3
1987,Whitney,R0
1987,Whitney,R1
1997,Williams‖Brown,R1
1997,Williams‖Brown,R2
1997,Williams‖Brown,R5
1999,Ellis,R3
1999,Ellis,R0
1999,Ellis,R4
2003,Drury,R4
2003,Drury,R2
2005,Horabik,R4
2006,Brown,R4
2009,Perry,R2
2030,Jeanbaptiste,R2
2030,Jeanbaptiste,R3
2030,Jeanbaptiste,R5
2033,Lukens,R3
2035,Parker,R4
2035,Parker,R0
2036,White,R1
2036,White,R2
2036,White,R3
2037,Spicer,R2
2037,Spicer,R3
2038,Whitehead,R1
2038,Whitehead,R3
2038,Whitehead,R5
2041,Banks‖Bautista‖Clark,R1
2041,Banks‖Bautista‖Clark,R3
2045,Hayes,R3
2045,Hayes,R5
2048,Truelove,R4
2048,Truelove,R1
2048,Truelove,R3
2051,Olszewski,R0
2055,Powell,R3
2055,Powell,R5
2058,Livingstone,R4
2058,Livingstone,R2
2058,Livingstone,R3
2060,Marrero‖Lhuillier,R2
2060,Marrero‖Lhuillier,R5
2067,Ford,R4
2067,Ford,R5
2072,Bray,R5
2073,Black‖Rafferty,R0
2073,Black‖Rafferty,R1
2075,Grand,R0
2075,Grand,R1
2075,Grand,R5
2077,Fulton,R0
2077,Fulton,R3
2078,Brown,R4
2078,Brown,R0
2079,Arterburn,R0
2079,Arterburn,R3
2079,Arterburn,R5
2089,Foss,R4
2089,Foss,R1
2089,Foss,R5
2090,Jones‖Salazar,R0
2090,Jones‖Salazar,R2
2091,Lee,R3
2092,Dillon,R4
2092,Dillon,R0
2093,Toney,R1
2093,Toney,R2
2094,Miller,R5
2095,Delallo‖Ard,R2
2095,Delallo‖Ard,R3
2095,Delallo‖Ard,R5
2099,Lumpkin‖Garcia,R2
2099,Lumpkin‖Garcia,R3
2100,Dunbar,R2
2100,Dunbar,R3
2103,Richardson,R0
2103,Richardson,R2
2105,Brown,R4
2105,Brown,R1
2105,Brown,R3
2111,Beasley,R0
2111,Beasley,R5
2112,Perry,R2
2112,Perry,R5
2114,Shaffer,R0
2114,Shaffer,R3
2117,Ruud,R0
2117,Ruud,R1
2118,Cirino,R4
2118,Cirino,R5
2127,Patrylak,R4
2127,Patrylak,R1
2127,Patrylak,R3
2130,Brown,R1
2130,Brown,R5
2137,Mueller,R0
2137,Mueller,R3
2137,Mueller,R5
2138,Diggs,R1
2138,Diggs,R2
2145,Corona,R0
2145,Corona,R5
2154,Tuck,R0
2154,Tuck,R3
2156,Jones,R0
2156,Jones,R2
2156,Jones,R3
2164,Batey,R4
2164,Batey,R0
2164,Batey,R1
2164,Batey,R3
2165,Eades,R1
2165,Eades,R3
2165,Eades,R5
2171,Boucher,R0
2171,Boucher,R3
2173,Baker,R4
2173,Baker,R0
2173,Baker,R2
2173,Baker,R5
2177,Sainz,R0
2177,Sainz,R5
2181,King,R0
2181,King,R2
2181,King,R5
2190,Russell,R4
2190,Russell,R0
2190,Russell,R1
2193,Breitenbach,R0
2193,Breitenbach,R1
2193,Breitenbach,R2
2196,Bannon,R0
2196,Bannon,R3
2201,Vine,R0
2201,Vine,R3
2206,Bergmann,R1
2206,Bergmann,R5
2207,Biddle,R0
2207,Biddle,R1
2207,Biddle,R5
2210,Crain‖Brown,R3
2210,Crain‖Brown,R5
2217,Gagliardi,R4
2217,Gagliardi,R0
2217,Gagliardi,R1
2217,Gagliardi,R5
2218,Dildy,R1
2218,Dildy,R2
2218,Dildy,R3
2219,Cook,R1
2219,Cook,R2
2219,Cook,R3
2221,Charles,R1
2221,Charles,R5
2225,Rocha,R0
2225,Rocha,R3
2225,Rocha,R5
2227,Duff,R5
2229,Zayicek,R5
2234,Atherton,R1
2234,Atherton,R2
2234,Atherton,R5
2241,Nickel,R0
2241,Nickel,R5
2258,Ford,R4
2258,Ford,R3
2258,Ford,R5
2265,Hindman,R1
2267,Meeks,R4
2267,Meeks,R5
2274,Brennan,R1
2274,Brennan,R5
2275,Minvielle,R4
2275,Minvielle,R0
2275,Minvielle,R1
2276,Tang,R4
2276,Tang,R1
2276,Tang,R2
2279,Thompson,R4
2279,Thompson,R0
2281,Slavin,R1
2281,Slavin,R3
2284,Roberts‖Webb,R4
2284,Roberts‖Webb,R3
2286,Carr,R4
2288,Johnson,R4
2288,Johnson,R1
2288,Johnson,R5
2290,Serrano,R0
2290,Serrano,R1
2290,Serrano,R2
2295,Coss‖Emmons,R4
2297,Rea,R4
2297,Rea,R0
2300,Sears,R4
2300,Sears,R0
2302,Decaro,R0
2302,Decaro,R2
2302,Decaro,R5
2303,Brinkman,R4
2303,Brinkman,R2
2303,Brinkman,R3
2304,Weber,R0
2304,Weber,R1
2304,Weber,R2
2304,Weber,R5
2306,Rodarte,R1
2306,Rodarte,R2
2308,Lewis,R2
2311,Beasley,R1
2311,Beasley,R2
2311,Beasley,R3
2311,Beasley,R5
2312,Davis,R0
2312,Davis,R5
2322,Guglielmi,R4
2322,Guglielmi,R1
2322,Guglielmi,R2
2323,Gavia‖Suarez,R0
2323,Gavia‖Suarez,R3
2323,Gavia‖Suarez,R5
2327,Engler,R4
2327,Engler,R0
2327,Engler,R3
2333,Benson,R1
2333,Benson,R2
2333,Benson,R5
2336,Mars,R4
2336,Mars,R3
2336,Mars,R5
2337,Ellis,R5
2347,Ward,R1
2347,Ward,R2
2348,Karasti,R1
2348,Karasti,R5
2351,Winters,R4
2351,Winters,R2
2351,Winters,R5
2352,Diaz,R1
2352,Diaz,R2
2352,Diaz,R3
2360,Harris,R0
2361,Peavey,R1
2364,Jurasek,R1
2371,Howard,R0
2371,Howard,R2
2371,Howard,R5
2374,Young,R4
2374,Young,R0
2374,Young,R3
2382,Jordan,R0
2382,Jordan,R3
2383,Wright,R4
2383,Wright,R1
2389,Simons,R5
2394,Powell,R1
2394,Powell,R2
2394,Powell,R5
2400,Morgan,R4
2400,Morgan,R2
2402,Dawson,R1
2402,Dawson,R5
2404,Elston,R4
2413,Lester,R0
2413,Lester,R3
2418,Vaughn,R2
2418,Vaughn,R3
2426,Dambrosio,R4
2426,Dambrosio,R2
2430,Knarr,R0
2437,Flaherty,R0
2437,Flaherty,R5
2441,Vanduser,R1
2442,Brooks,R2
2442,Brooks,R3
2442,Brooks,R5
2451,Stull,R0
2451,Stull,R2
2451,Stull,R5
2462,Brown,R4
2462,Brown,R3
2463,Jones,R3
2463,Jones,R5
2464,Clary,R4
2464,Clary,R2
2464,Clary,R5
2467,Brown,R4
2467,Brown,R1
2471,Petros,R1
2471,Petros,R3
2471,Petros,R5
2472,Weston‖Priest,R2
2472,Weston‖Priest,R5
2474,Johnson,R4
2474,Johnson,R3
2474,Johnson,R5
2479,Evans,R4
2487,Miller,R0
2487,Miller,R2
2487,Miller,R3
2489,Jackson,R4
2489,Jackson,R3
2490,Oviedo,R1
2490,Oviedo,R2
2490,Oviedo,R3
2492,Rothfuss,R1
2492,Rothfuss,R2
2492,Rothfuss,R3
2496,Hinde,R5
2497,Lisby,R4
2497,Lisby,R5
2499,Hangartner,R2
2499,Hangartner,R5
2502,Collister,R5
2502,Collister,R2
2502,Collister,R4
2503,Cofield,R5
2503,Cofield,R3
2504,Stinnett,R1
2505,Zimmerman,R2
2505,Zimmerman,R3
2506,Allen,R0
2506,Allen,R1
2506,Allen,R3
2510,Odonnell,R5
2510,Odonnell,R2
2511,Alt,R5
2511,Alt,R0
2512,Cook,R0
2512,Cook,R3
2512,Cook,R4
2513,Maldonado,R3
2513,Maldonado,R4
2515,Kong,R5
2515,Kong,R0
2515,Kong,R4
2526,Smit,R5
2526,Smit,R4
2532,Henderson,R1
2532,Henderson,R2
2534,Rice,R3
2534,Rice,R4
2535,Stidham,R1
2535,Stidham,R2
2535,Stidham,R3
2541,Price,R3
2543,Rivett,R3
2544,Bennett,R0
2544,Bennett,R1
2546,Huff,R0
2546,Huff,R1
2546,Huff,R2
2548,Delaney,R5
2548,Delaney,R3
2553,Dennis,R0
2553,Dennis,R2
2553,Dennis,R3
2556,Levy,R2
2556,Levy,R3
2556,Levy,R4
2558,Kettler,R0
2558,Kettler,R2
2558,Kettler,R4
2560,Saugis,R0
2567,Barker,R0
2567,Barker,R1
2568,Boyle,R3
2569,Prezzia,R5
2569,Prezzia,R1
2570,Dingle,R5
2570,Dingle,R1
2570,Dingle,R4
2578,Riddle,R5
2578,Riddle,R3
2579,Gregory,R1
2582,Santos‖Mcgee,R4
2588,Wyckoff,R5
2588,Wyckoff,R0
2588,Wyckoff,R1
2602,Rothrock,R1
2604,Thomason,R0
2604,Thomason,R3
2608,Smalls,R5
2608,Smalls,R0
2608,Smalls,R2
2610,Collette,R2
2610,Collette,R4
2612,Peters,R5
2612,Peters,R2
2612,Peters,R4
2615,Morris,R5
2627,Chastain,R1
2627,Chastain,R2
2634,Anderson,R5
2634,Anderson,R2
2635,Harris,R5
2641,Conkling,R1
2641,Conkling,R3
2645,Benally,R0
2645,Benally,R4
2646,Spaur,R3
2646,Spaur,R4
2649,Rodriguez,R5
2649,Rodriguez,R1
2649,Rodriguez,R3
2649,Rodriguez,R4
2662,Rodriguez,R3
2668,Scanlan‖Lake,R5
2668,Scanlan‖Lake,R4
2685,Chilcott,R0
2685,Chilcott,R2
2686,Masseria,R5
2686,Masseria,R0
2686,Masseria,R3
2693,Hall,R5
2693,Hall,R2
2693,Hall,R3
2698,Dobles‖Erickson,R5
2698,Dobles‖Erickson,R1
2698,Dobles‖Erickson,R2
2700,Cummings,R0
2700,Cummings,R4
2704,Larson,R5
2704,Larson,R1
2706,Mcgary,R0
2706,Mcgary,R2
2706,Mcgary,R3
2713,Isaacson,R5
2713,Isaacson,R3
2713,Isaacson,R4
2718,Omalley,R3
2718,Omalley,R4
2722,Forrest,R2
2732,Strong,R0
2732,Strong,R2
2732,Strong,R3
2733,Santiago,R0
2733,Santiago,R1
2736,Swanson,R4
2741,Jackson,R3
2743,Swims,R5
2743,Swims,R2
2748,Ramirez,R2
2748,Ramirez,R3
2748,Ramirez,R4
2750,Wilkins,R1
2750,Wilkins,R3
2754,Rosales,R5
2754,Rosales,R1
2754,Rosales,R3
2755,Mabe,R1
2755,Mabe,R3
2759,Madson,R5
2759,Madson,R2
2763,Mau,R5
2763,Mau,R0
2763,Mau,R1
2763,Mau,R3
2766,Ruby,R2
2766,Ruby,R3
2767,Cortez,R5
2767,Cortez,R0
2767,Cortez,R3
2768,Martinez,R0
2768,Martinez,R2
2768,Martinez,R3
2768,Martinez,R4
2769,Reed,R5
2769,Reed,R2
2769,Reed,R4
2770,Perkins,R1
2770,Perkins,R3
2770,Perkins,R4
2782,Stobie,R2
2782,Stobie,R3
2792,Mendosa,R0
2792,Mendosa,R1
2792,Mendosa,R4
2793,Faire,R1
2793,Faire,R3
2803,Harvell,R3
2803,Harvell,R4
2805,Stickles,R0
2805,Stickles,R3
2805,Stickles,R4
2819,Seaton,R0
2819,Seaton,R2
2820,Wilson,R5
2820,Wilson,R1
2820,Wilson,R2
2820,Wilson,R3
2827,Harvey‖Sharpton,R5
2827,Harvey‖Sharpton,R1
2827,Harvey‖Sharpton,R3
2829,Marquez,R5
2829,Marquez,R0
2829,Marquez,R1
2832,Castro,R5
2832,Castro,R0
2832,Castro,R1
2832,Castro,R4
2833,Morrow,R3
2835,Michael,R0
2835,Michael,R2
2837,Chantler,R3
2837,Chantler,R4
2854,Baltz,R5
2854,Baltz,R4
2865,Cade‖Jackson,R5
2865,Cade‖Jackson,R0
2865,Cade‖Jackson,R2
2869,Nugent,R5
2869,Nugent,R0
2869,Nugent,R1
2869,Nugent,R4
2874,Aguero,R5
2874,Aguero,R4
2876,Matthewson,R0
2876,Matthewson,R3
2876,Matthewson,R4
2879,Kay,R0
2879,Kay,R1
2879,Kay,R4
2885,Rankin,R0
2886,Williams,R2
2886,Williams,R3
2892,Stein,R4
2895,Rowe,R4
2900,Ruddy,R0
2907,Porat,R2
2907,Porat,R3
2908,Hays,R1
2908,Hays,R4
2911,Luft,R5
2911,Luft,R1
2911,Luft,R3
2913,Loera,R5
2913,Loera,R3
2913,Loera,R4
2920,Taylor,R0
2920,Taylor,R3
2924,Zepeda,R0
2924,Zepeda,R2
2924,Zepeda,R3
2927,Lopez,R0
2927,Lopez,R1
2927,Lopez,R2
2927,Lopez,R3
2931,Cole,R2
2936,Werner,R4
2937,Vines,R1
2939,Broadfoot,R4
2940,Litwin,R5
2940,Litwin,R1
2944,Rutherford,R5
2944,Rutherford,R2
2945,Kelley,R4
2961,Pointer‖Haley,R5
2961,Pointer‖Haley,R3
2961,Pointer‖Haley,R4
2962,Emert,R5
2962,Emert,R1
2962,Emert,R4
2967,Curry,R5
2967,Curry,R2
2968,Jackson,R3
2971,Hudson,R5
2971,Hudson,R0
2971,Hudson,R3
2973,Howell,R1
2973,Howell,R2
2973,Howell,R3
2973,Howell,R4
2978,Lewis,R5
2978,Lewis,R3
2978,Lewis,R4
2981,Jackson,R1
2981,Jackson,R4
2982,Hopkins,R5
2982,Hopkins,R2
2986,Crawford,R0
2986,Crawford,R1
2986,Crawford,R4
2987,Sohre,R2
2987,Sohre,R4
2988,Griffin,R5
2988,Griffin,R1
2991,Blevins,R5
2991,Blevins,R3
2991,Blevins,R4
2992,Kruse,R5
2992,Kruse,R1
2993,Prince,R3
2993,Prince,R4
2995,Hargrove,R2
2995,Hargrove,R3
2995,Hargrove,R4
2998,Spera,R0
2998,Spera,R2
2998,Spera,R3
2999,Dimmick,R2
2999,Dimmick,R3
