ID,Surname
0,Munoz
0,Shackelford
2,Cooper
6,Mills
6,Mulholland
7,Arreola
9,Swanson
9,Vinton
11,Castillo
12,Duffy
18,Delaney
25,Cunningham
30,Becker
34,Pharris
38,Malach
42,Morris
43,Dillard
43,Fleming
45,Cosby
46,Brown
47,Demelo
51,Hernandez
54,Mcdowell
58,Crosland
75,Dison
80,Huddleston
81,Wilson
84,Guerrero
84,Gardner
87,Thuss
89,Ziegler
91,Age
92,Simmons
95,Weaver
102,Lair
103,Saenz
106,Smith
107,Gomez
113,Galvis
124,Lieder
126,Gomez
128,Dallas
129,Hynes
133,Luna
140,Nieto
141,Frizell
143,Balsamo
147,Yanez
148,Moss
149,Volesky
154,Faust
155,Remiszewski
156,Paxton
156,Torres
160,Burtch
164,Allen
165,Repine
166,Grossi
168,Bigler
168,Burnette
172,Weckerly
175,Clemens
177,Brown
180,Boers
182,Soucier
186,Henry
188,Torres
190,Brown
191,Wright
192,Lara
196,Williams
198,Powell
200,Gilbert
201,Miller
203,Jones
205,Schneider
210,Sprouse
213,Pendleton
214,Barreto
215,Brosnan
222,Gramble
224,Adams
224,Riddick
227,Calvo
231,Gennaro
232,Azure
233,Salas
236,Wilkinson
240,Torres
243,Maus
245,Auduong
246,Reynolds
246,Frias
251,Sneed
252,Purinton
258,Wheeler
258,Coach
261,Davis
265,Gerber
267,Ward
269,Cortez
269,Meza
273,Galvan
275,Bisonette
277,Best
283,Green
284,Hill
289,Sawyer
289,Porter
297,Kirk
300,Emery
300,Barbieri
303,Foster
305,Holmes
305,Ona
306,Swiger
306,Bowens
307,Harper
308,Gonzalez
309,Hendrix
310,Xiong
314,Mason
319,Mcdowell
320,Selmer
325,Campbell
328,Aldred
331,Smith
333,Poucher
334,Parker
336,Pirrone
341,Moye
342,Robinson
343,Grant
343,Delton
347,Williams
347,Grassi
349,Hinderman
349,Wood
354,Jolin
357,Mckenzie
357,Pierce
358,Alvarez
359,Townsend
363,Soledad
373,Guevara
374,Molon
375,Ritter
375,Johnson
377,Heffner
380,Eddinger
387,Neilan
395,Devine
396,Peterson
397,Griffin
398,Vest
400,Gipson
401,George
404,Gillaspie
409,Blevins
411,Ottinger
414,Katz
414,Spencer
416,Guerra
417,Ellis
418,Gleaton
419,Johns
420,Bosley
420,Poland
422,Horstman
425,Sills
426,Fleck
429,Arnette
432,Hawk
433,Dougherty
434,Ponce
436,Gordon
438,Harris
442,Hanson
450,Hodges
458,Franks
459,Roy
460,Diaz
461,Sutton
463,Lopez
465,Camp
466,Mobley
471,Borders
472,Reeder
473,Wood
474,Graves
474,Branz
476,Coleman
476,Willhite
477,Lovelace
482,Alicea
483,Cruz
487,Grams
488,Ryan
490,Odle
495,Boyd
500,Racine
501,Parks
504,Brown
504,Pearce
506,Harris
506,Barnes
510,Sanders
510,Cross
510,Bond
512,Hilliard
512,Marana
513,Bowen
513,Rogers
515,Manning
515,Snell
520,Thompson
525,Whitehead
527,Scudder
531,Padgett
533,Banks
538,Gaskin
542,Eaton
543,Miller
543,Wright
546,Iannotti
547,Mcelroy
548,Pritchett
550,Carlson
551,Mcknight
554,Thompson
556,Moody
556,Will
560,Faulkner
561,Stearns
563,Bauer
564,Roberts
567,Bass
572,Sparrow
573,Cazier
574,Boyd
574,Horkey
575,Mcconnell
577,Mahan
579,Shepard
582,Simmons
586,Parker
589,Hawes
592,Coldwell
593,Ball
595,Gomez
598,Marsh
600,Dye
600,Perez
602,Mendoza
603,Sears
606,Hinz
607,Seegmiller
612,Conger
614,Nichols
616,Farley
618,Baldwin
618,Velovic
619,Light
621,Randolph
622,Poquette
625,Utz
627,Keith
628,Crosby
628,Hutchison
628,Lafontaine
629,Garcia
631,Bish
634,Walker
635,Martinez
637,Frasier
639,Thompson
641,Moore
642,Abelman
644,Schulte
647,Wicker
649,Behan
649,Riley
650,Hedges
650,Diaz
655,Cardona
657,Saville
659,Couture
660,Montanez
662,Morris
662,Nace
663,Garza
665,Mayeux
666,Gable
666,Stone
670,Kinroth
671,Henry
674,Bentley
677,Simms
681,Moss
681,Lynn
685,Pedroza
690,Rinderer
693,Sugar
695,Woodyard
695,Clark
699,Rodriguez
699,Gil
700,Marshall
701,Elliott
703,Smith
706,Kennedy
710,Mcfarlane
711,Traub
712,Taylor
715,Putnam
716,Nolen
717,Eichenberger
720,Taylor
721,Wolfe
722,Roach
723,Pass
724,Crespo
726,Shipman
727,Green
729,Archie
729,Helms
734,Pyle
735,Schachter
736,Sewell
750,Haller
752,Mccoy
753,Gerecke
756,Wilhelm
756,Sanchirico
758,Mcfadden
760,Booze
762,Joyner
763,Reynolds
763,Mccreary
764,Young
765,Daniel
769,Munro
778,Croft
779,Hamilton
783,Roberts
785,Phillips
788,Moore
789,Mounsey
793,Hummingbird
793,Roy
794,Burke
796,Graham
796,Waren
803,Wells
803,Pacheco
805,Boyle
807,Barela
807,Clark
810,Weingard
812,Cullum
813,Mckee
819,Bailey
821,Lynch
823,Brown
824,Hanna
825,Lockett
825,Erickson
828,Bothwell
833,Okumura
846,Morguson
854,Moreta
854,Soto
856,Sanchez
858,Shilling
863,Zbell
867,Cryderman
871,Southwick
872,Kirkpatrick
872,Thao
873,Wilson
874,Rykaczewski
874,Baer
875,Barber
876,Owen
878,Chick
879,Valdez
880,Nelson
883,Stokes
890,Sterling
892,Rex
894,Thompson
895,Lombardi
895,Bonner
895,Otte
897,Miller
898,Mccormick
899,Serrano
899,Horton
904,Rowe
908,Brothers
908,Price
909,Pierce
910,Dulany
912,Mcnamara
916,Day
918,Harris
921,Bustios
924,Wood
924,Brown
927,Gutierrez
929,Parker
930,Nolen
931,Broughton
932,Sinkler
933,Munoz
935,Davis
937,Fisch
938,Harris
938,Stanley
939,Perez
939,Reinkemeyer
939,Bradford
940,Long
940,Hallaway
941,Birkeland
947,Woody
951,Peete
952,Braziel
953,Caylor
954,Krys
954,Liggett
958,Lewis
962,James
965,Sammartino
966,Gomez
968,Glenn
974,Bates
976,Jester
978,Miranda
979,Irwin
980,Vega
981,Sweet
982,Young
983,Janusz
984,Mctaggart
986,Kakos
986,Laforest
988,Kiesel
988,Eckhardt
989,Timmerman
991,Bryson
991,Skeels
992,Jimenes
993,Meyer
993,Edward
994,Mcpherson
997,Plyler
998,Guidry
999,Marler
999,Gatton
1004,Parker
1004,Keith
1007,Dodson
1013,Patterson
1016,Shupe
1017,Jodway
1019,Hamilton
1021,Robbins
1024,Hunt
1026,Long
1026,Thomas
1027,Timmer
1029,Dixon
1030,Chipps
1030,Andersen
1037,Terry
1038,Hof
1043,Dorris
1046,Zenger
1047,Sandau
1049,Sluss
1056,Velasco
1057,Hale
1059,Brassil
1061,King
1062,Bilbo
1064,Waddell
1064,Viola
1065,Mason
1071,Sandmann
1073,Curling
1075,Skora
1076,Schwab
1078,Stokes
1078,Taylor
1082,Watts
1083,Young
1086,Link
1088,Hinkle
1088,Dennis
1090,Coleman
1092,Young
1094,Thomas
1096,Waldal
1099,Gallemore
1103,Wilkerson
1105,Andre
1106,Buttner
1106,Reynolds
1107,Arguellez
1107,Jackson
1109,Hines
1117,Mrozinski
1120,Miles
1121,Warren
1126,Seumanu
1129,Lovely
1131,Moore
1132,Johnston
1134,Carrico
1137,Tate
1140,Sholtis
1142,Scharmer
1143,Glasser
1147,Wamsley
1150,Newman
1153,Boyer
1154,Luhn
1154,Thompson
1156,Armenta
1156,Griffin
1160,Jones
1162,Watkins
1163,Guerrero
1163,Robinson
1167,Routh
1169,Pedraza
1171,Fallenstein
1171,Mcbride
1178,Strahm
1179,Rollyson
1185,Donnelly
1186,Dobbs
1189,Crain
1190,Williams
1191,Mata
1192,Hammond
1194,Patterson
1197,Winkler
1198,Lang
1199,Walker
1200,Fellers
1202,Bowen
1203,Hudgens
1204,Hart
1210,Petty
1213,Martinez
1220,Roundy
1224,Scheidecker
1227,Brough
1229,Wanty
1229,Page
1230,Fansler
1239,Rivera
1242,Brock
1243,Swanson
1244,Shipley
1246,Mcgough
1247,Thornhill
1248,Locklear
1251,Ruiz
1258,Perez
1258,Shoup
1258,Moser
1262,Campbell
1268,Banda
1269,Vitullo
1270,Salvador
1277,Majors
1279,Mcdonald
1280,Hemphill
1281,Sturdivant
1282,Lussier
1285,Lind
1286,Woodard
1287,Quezada
1287,Williams
1290,Taylor
1291,Wooten
1295,Fleischmann
1296,Gill
1296,Graham
1297,Wells
1301,Austin
1302,Rogers
1306,Sizemore
1307,Edmundson
1307,Southern
1308,Murdock
1312,Lewis
1313,Carter
1313,Leonard
1320,Newell
1321,Scott
1325,Noble
1327,Dumas
1327,Dow
1328,Pereira
1331,Willie
1333,Jeanette
1334,Norton
1335,Larson
1336,Vandamme
1337,Oberpriller
1337,Gionet
1344,Stagg
1348,Rucker
1349,Roane
1353,Taylor
1353,Cordell
1354,Taylor
1359,Connors
1365,Hernandez
1370,Otto
1373,Perdue
1373,Paulsen
1376,Coleman
1381,Mallory
1382,Steffenhagen
1385,Perry
1386,Brown
1390,Johnson
1394,France
1399,Mitchell
1399,Orser
1399,Black
1402,Jordan
1403,Sullivan
1404,Bernhard
1409,Miller
1412,Manley
1413,Mudd
1415,Kunert
1415,Flanigan
1416,Lopez
1417,Pritchard
1418,Bump
1426,Nucklos
1427,James
1429,Spitler
1429,Mcbride
1430,Busch
1441,Hughes
1442,Smith
1443,Merrill
1443,Cressman
1444,Mercado
1447,Kennedy
1449,Padron
1450,Buchanan
1454,Kennedy
1459,King
1464,Smith
1464,Ainsworth
1465,Amos
1468,Frieden
1469,Morris
1471,Klumpp
1472,Johnson
1478,Reynolds
1483,Michelle
1484,Ramaker
1484,Bryson
1489,Yates
1494,Hooper
1496,Taylor
1496,Gordon
1498,Schechter
1500,Rothe
1501,Blackmon
1505,Jacobson
1507,Gibson
1512,Arnold
1513,Gomer
1513,Wooten
1514,Herrera
1520,Martinez
1527,Becerra
1538,Montero
1544,Shannon
1545,Revard
1546,Anderson
1547,Largent
1552,Freed
1555,Poyner
1559,Green
1561,Xu
1562,Lambino
1563,Fisher
1570,Mccampbell
1578,Lofton
1583,Claeys
1595,Young
1596,Cain
1596,Canez
1609,Jefferys
1611,Butler
1612,Whitener
1621,Cogliano
1622,Hayes
1622,Kampman
1623,Jackson
1625,Kraft
1628,Russell
1632,Bradford
1633,Benton
1635,Longe
1636,Schuchart
1640,Barlow
1641,Fletcher
1643,Fogg
1643,Shapiro
1647,Pierson
1649,Nelson
1649,Anton
1654,Thompson
1655,Hamilton
1657,Jackson
1658,Malson
1664,Ray
1665,Moffitt
1668,Hatch
1671,Vitiello
1671,Worthington
1675,Logiudice
1677,Shawver
1677,Perry
1688,Velasquez
1696,Epson
1697,Merrill
1702,Radden
1710,Yaiva
1711,Sims
1714,Faris
1717,Jeffreys
1718,Bayer
1723,Bakker
1730,Davis
1734,Dahlstrom
1737,Vian
1738,Bermudez
1741,Woods
1745,Stjacques
1745,Whittle
1747,Sargent
1751,Williams
1754,Plaza
1758,Hamilton
1760,Stark
1760,Milliken
1761,Heyne
1762,Taylor
1763,Emery
1767,Bradley
1768,Guadian
1771,Darden
1775,Mcquaid
1776,Turner
1779,Smith
1782,Cook
1787,Gee
1787,Pineau
1788,Jones
1792,Broughton
1796,Walton
1798,Kessler
1799,Hall
1800,Kent
1801,Doyle
1803,Myers
1807,Guzman
1808,Rendon
1808,Ohara
1811,Delacerda
1813,Osburn
1816,Salazar
1817,Elkins
1819,Doe
1819,Marrero
1820,Delaine
1821,Mclean
1826,Osullivan
1827,Stewart
1830,Miller
1832,Thomas
1835,Ramirez
1838,Tyler
1839,Winter
1843,Whittington
1847,Mix
1854,Hill
1858,Staubin
1862,Donald
1863,Schroeder
1864,Greene
1871,Hague
1871,Johnson
1873,Matuszewski
1874,Phillips
1877,Mckay
1877,Turner
1878,Bloom
1879,Robinson
1880,Murray
1893,Crafton
1897,Campbell
1899,Heinsohn
1901,Gilbert
1901,Holman
1901,Allison
1902,Moore
1903,Layman
1904,Krier
1907,Banks
1908,Mcarthur
1910,Shellenberger
1910,Valentine
1911,Whittle
1911,Alvarez
1914,Lorraine
1915,Simon
1915,Dvorak
1917,Jackson
1918,Stubblefield
1920,Dingus
1921,Arreola
1921,Fuller
1922,Harsh
1923,Perez
1923,Hildebrandt
1923,Banks
1924,Spataro
1924,Losacco
1927,Toth
1929,Wolford
1929,Yost
1932,Flores
1932,Meeks
1934,Wagers
1934,Michaud
1935,Fisher
1936,Conley
1937,Schilling
1937,Nance
1945,Ringo
1945,Horst
1947,Anderson
1952,Kendall
1953,Powell
1956,Swanner
1970,Bax
1977,Penza
1978,Grabner
1980,Hruby
1981,Charlie
1982,Watson
1983,Collier
1985,Kowald
1986,Hayes
1987,Whitney
1989,Green
1992,Hanes
1994,Simmons
1997,Williams
1997,Brown
1999,Ellis
2003,Drury
2005,Horabik
2006,Brown
2009,Perry
2011,Lajoie
2011,Torres
2015,Nelson
2018,Marion
2018,White
2030,Jeanbaptiste
2031,Barr
2033,Lukens
2035,Parker
2036,White
2037,Spicer
2038,Whitehead
2039,Gilbert
2039,Mckenna
2041,Banks
2041,Bautista
2041,Clark
2045,Hayes
2048,Truelove
2051,Olszewski
2055,Powell
2057,Lara
2057,Sellers
2058,Livingstone
2059,Caminiti
2059,Rapp
2060,Marrero
2060,Lhuillier
2065,Cheatwood
2067,Ford
2068,Douglas
2068,Hoes
2072,Bray
2073,Black
2073,Rafferty
2075,Grand
2077,Fulton
2078,Brown
2079,Arterburn
2089,Foss
2090,Jones
2090,Salazar
2091,Lee
2092,Dillon
2093,Toney
2094,Miller
2095,Delallo
2095,Ard
2097,Patterson
2098,Lorna
2098,Fussell
2099,Lumpkin
2099,Garcia
2100,Dunbar
2101,Anderson
2101,Ray
2103,Richardson
2105,Brown
2110,Doucet
2110,Greer
2111,Beasley
2112,Perry
2114,Shaffer
2117,Ruud
2118,Cirino
2125,Shanklin
2125,Nelson
2126,Ebersole
2126,Self
2127,Patrylak
2128,Johnson
2130,Brown
2137,Mueller
2138,Diggs
2145,Corona
2154,Tuck
2156,Jones
2164,Batey
2165,Eades
2171,Boucher
2173,Baker
2177,Sainz
2178,Mckouen
2181,King
2184,Nguyen
2185,Hyatt
2189,Luiz
2189,Pride
2190,Russell
2193,Breitenbach
2196,Bannon
2200,Petit
2200,Hester
2201,Vine
2206,Bergmann
2207,Biddle
2210,Crain
2210,Brown
2215,Clark
2217,Gagliardi
2218,Dildy
2219,Cook
2221,Charles
2225,Rocha
2227,Duff
2229,Zayicek
2234,Atherton
2241,Nickel
2242,Gaydos
2242,Overby
2243,Karalis
2258,Ford
2260,Taveras
2265,Hindman
2267,Meeks
2274,Brennan
2275,Minvielle
2276,Tang
2279,Thompson
2281,Slavin
2284,Roberts
2284,Webb
2285,Couch
2286,Carr
2288,Johnson
2290,Serrano
2295,Coss
2295,Emmons
2297,Rea
2300,Sears
2302,Decaro
2303,Brinkman
2304,Weber
2306,Rodarte
2308,Lewis
2309,Brown
2311,Beasley
2312,Davis
2319,Howell
2319,Suddreth
2322,Guglielmi
2323,Gavia
2323,Suarez
2324,Scarborough
2327,Engler
2331,Myers
2333,Benson
2336,Mars
2337,Ellis
2338,Kym
2343,Miller
2347,Ward
2348,Karasti
2351,Winters
2352,Diaz
2360,Harris
2361,Peavey
2364,Jurasek
2370,Fischer
2370,Gooden
2370,Podmore
2371,Howard
2374,Young
2382,Jordan
2383,Wright
2389,Simons
2390,Starkes
2390,Zwagerman
2390,Stevenson
2394,Powell
2398,Diaz
2398,Davis
2400,Morgan
2402,Dawson
2404,Elston
2405,Rodriguez
2413,Lester
2418,Vaughn
2426,Dambrosio
2430,Knarr
2437,Flaherty
2441,Vanduser
2442,Brooks
2448,Grinage
2448,Williams
2451,Stull
2461,Oglesby
2462,Brown
2463,Jones
2464,Clary
2467,Brown
2471,Petros
2472,Weston
2472,Priest
2474,Johnson
2479,Evans
2480,Stovall
2480,Cerny
2483,Hatley
2483,Reyes
2487,Miller
2489,Jackson
2490,Oviedo
2492,Rothfuss
2496,Hinde
2497,Lisby
2499,Hangartner
2502,Collister
2503,Cofield
2504,Stinnett
2505,Zimmerman
2506,Allen
2510,Odonnell
2511,Alt
2512,Cook
2513,Maldonado
2515,Kong
2526,Smit
2532,Henderson
2534,Rice
2535,Stidham
2538,Anderson
2538,Boner
2541,Price
2543,Rivett
2544,Bennett
2546,Huff
2548,Delaney
2551,Paiz
2551,Klett
2553,Dennis
2556,Levy
2558,Kettler
2560,Saugis
2567,Barker
2568,Boyle
2569,Prezzia
2570,Dingle
2578,Riddle
2579,Gregory
2582,Santos
2582,Mcgee
2585,Binkley
2588,Wyckoff
2595,Higgins
2595,Ashby
2597,Hughes
2602,Rothrock
2604,Thomason
2605,Marceau
2608,Smalls
2610,Collette
2611,Roberts
2612,Peters
2615,Morris
2617,Allred
2619,Rylee
2619,Bradley
2627,Chastain
2628,Stiltner
2634,Anderson
2635,Harris
2641,Conkling
2643,Sudderth
2643,Edwards
2645,Benally
2646,Spaur
2649,Rodriguez
2657,Davis
2657,Juarez
2657,Knapp
2658,Mcgilvray
2662,Rodriguez
2664,Sawyer
2664,Franklin
2668,Scanlan
2668,Lake
2670,Rodkey
2670,Dipietro
2685,Chilcott
2686,Masseria
2690,Evans
2693,Hall
2696,Smith
2696,Montgomery
2696,Adams
2698,Dobles
2698,Erickson
2700,Cummings
2701,Isenberg
2701,Hicks
2701,Coates
2703,Brooks
2704,Larson
2706,Mcgary
2713,Isaacson
2715,Forster
2715,Mcmullen
2717,Harris
2718,Omalley
2722,Forrest
2732,Strong
2733,Santiago
2736,Swanson
2741,Jackson
2743,Swims
2748,Ramirez
2749,Oliver
2749,Buckner
2750,Wilkins
2754,Rosales
2755,Mabe
2759,Madson
2763,Mau
2766,Ruby
2767,Cortez
2768,Martinez
2769,Reed
2770,Perkins
2774,Durate
2774,Burgess
2782,Stobie
2786,Farmer
2786,Contrell
2786,Pineda
2792,Mendosa
2793,Faire
2794,Borden
2794,Cobb
2795,Smith
2795,Diller
2798,Iezzi
2800,Hugo
2800,Olsen
2803,Harvell
2805,Stickles
2817,Molina
2818,Thompson
2819,Seaton
2820,Wilson
2827,Harvey
2827,Sharpton
2829,Marquez
2832,Castro
2833,Morrow
2834,Dallas
2834,Baker
2835,Michael
2837,Chantler
2847,Ballard
2854,Baltz
2865,Cade
2865,Jackson
2869,Nugent
2870,Taylor
2874,Aguero
2876,Matthewson
2879,Kay
2885,Rankin
2886,Williams
2892,Stein
2895,Rowe
2900,Ruddy
2905,Delong
2907,Porat
2908,Hays
2910,Mazor
2910,Wertz
2910,Mattison
2911,Luft
2913,Loera
2917,Ward
2917,Ball
2920,Taylor
2924,Zepeda
2927,Lopez
2931,Cole
2936,Werner
2937,Vines
2939,Broadfoot
2940,Litwin
2944,Rutherford
2945,Kelley
2960,Denton
2960,Cross
2961,Pointer
2961,Haley
2962,Emert
2967,Curry
2968,Jackson
2971,Hudson
2972,Harper
2973,Howell
2978,Lewis
2981,Jackson
2982,Hopkins
2984,Velez
2986,Crawford
2987,Sohre
2988,Griffin
2991,Blevins
2992,Kruse
2993,Prince
2995,Hargrove
2996,Villanueva
2996,Terrio
2998,Spera
2999,Dimmick
