ID,Family Name,First Name
0,Brown,Ann
1,Zaragoza,Marlene
2,Choiniere,Mary
3,Bade,Christopher
8,Schilling,Kimberly
11,Taylor,Clarence
17,Weston,Kennith
32,Foss,"Christine,Pauline"
47,Keith,Tonya
50,Adamson,"Sarah,Rita"
51,Presnell,John
61,Tate,Melanie
78,Nichols,Carl
85,Murray,Michael
88,Mckinley,Mary
89,Mccutcheon,Theodore
90,Anderson,Julie
97,Mabe,Carrie
100,Ditman,James
108,Dyer,Samuel
121,Thompson,"Alejandro,Marian"
123,Lehrman,Michael
132,Williams,Michael
136,Musumeci,Adrienne
149,Laws,"Rachel,Holly"
157,Vitucci,Ella
167,Kelley,Joseph
184,Garrett,Harold
197,Cooper,"Waylon,Ryan"
201,Thomas,Bonnie
204,Springfield,William
216,Hyde,Jerry
232,Stevens,Jason
248,Brown,Venessa
250,Presley,Donna
256,Council,"Roland,Carlos"
262,Freeman,Edgar
272,Tate,"Mary,Dorothy"
273,Townsend,Ruth
318,Rodriguez,Ronald
321,Reynolds,Laura
324,Ferrell,"Margaret,Dolores"
335,Stone,Marta
347,Zediker,Gary
351,Putnam,Benjamin
356,Mccarthy,Joshua
362,Abston,George
364,Krieger,Mark
374,Dean,James
384,Davis,Robert
387,Wynn,Johnny
395,Brown,"Wanda,Stacey"
408,Clark,Michael
410,Mcphatter,Amanda
413,Cathcart,Ardis
416,Bassetti,Jessica
421,Whitten,"Mary,Heather"
425,Greene,Rex
429,Talib,Mark
435,Middendorf,Forrest
439,Riley,Raymond
440,Cairns,"Alfred,Michael"
441,Hughes,Charmaine
449,Kenyon,Dewitt
451,Roderiquez,Joyce
457,Jordan,Lori
460,Davis,Amber
466,Huntley,"Marianela,Hilary"
470,Murray,Annie
473,Burge,Glen
476,Massie,Kimberly
477,Sundermeyer,"William,Debra,Keith"
482,Carter,Rodney
483,Frank,Anthony
488,Cohen,Jeri
511,Clark,Earl
523,Morgan,Nereida
524,Pannell,Leslie
540,Lacombe,Katherine
553,Shephard,John
566,Nolen,"Yvonne,Cristal"
574,Johnson,"Carmen,Sue"
595,Simmons,Betty
603,Thompson,Carolyn
608,Davis,Nannie
624,Brown,Warren
632,Raybon,Rebecca
646,Norman,Evelyn
647,Symonds,Florine
650,Teague,Anne
652,Palen,Nicholas
655,Howell,Carolyn
662,Holm,Darren
663,Varella,Olivia
681,Copley,Dorothy
686,Crawford,"Andrew,Rebecca"
688,Almonte,Vicki
705,Bussell,James
709,Travis,"Frankie,Lisa"
727,Weaver,Milton
728,Mulvey,James
735,Vivier,Jim
736,Cornejo,David
743,Bray,Mary
752,Guerrero,Diane
761,Plamondon,Lori
762,Mcbride,"Justin,Katherine"
776,Walther,Christopher
783,Bueckers,Gertude
788,Warren,Edward
794,Hanson,Pamela
798,Bubert,Stewart
804,Bonner,Brian
812,Rosa,"Debra,Rebecca"
813,Coward,Robert
821,Alexander,Lashonda
831,Machado,Caroline
833,Thomas,Daniel
836,Petti,Michael
837,Ware,Daniel
862,Williams,Margaret
865,Wallace,Manuel
871,Richard,"Stanley,Paul,Nellie"
876,Gullo,Mary
881,Blanton,Donald
883,Sigmon,Diana
889,Patterson,Karl
897,Dacosta,Crystal
909,Nichols,Charles
911,Carrasco,"James,Bill,Robert"
916,Hayes,Theresa
925,Belisle,"Robert,Diane"
926,Tiner,Ronald
928,Barba,Joshua
934,Daub,Mark
938,Mckeever,"Rosalind,Frances"
949,Moss,George
955,Winstead,Randall
972,Sparks,Maggie
976,Painter,Santiago
984,Mullins,Julie
1002,Murrah,Jose
1014,Jeffers,Henrietta
1019,Anderson,Morgan
1025,Paci,Earl
1031,Ulmer,Milagros
1035,Thomasson,Theodora
1049,Marana,Micheal
1051,Morris,Dana
1053,Stein,Catherine
1058,Eikenberry,Arlene
1067,Mathes,"Carolyn,Carolyn"
1086,Bachelor,George
1087,Edwards,Emerald
1114,Garcia,Jessica
1118,Lingberg,Stephen
1119,Fortner,"Matthew,Murray"
1139,Branstetter,"Lois,Darryl"
1150,Padilla,Daniel
1153,Backus,Pete
1165,Sifuentes,Felicia
1171,Szabat,Brenda
1174,Rounds,Rachelle
1178,Robledo,Samuel
1180,Neil,Daniel
1182,Fritz,Tanya
1183,Poche,"Earl,Rena"
1187,Winter,"Christopher,Katherine"
1188,Johnson,Tina
1193,Romero,"Richard,Blanche"
1207,Farrell,Johnny
1209,Francis,Patricia
1224,Lewis,Joe
1236,Horton,Deborah
1243,Banks,Glen
1246,Dvorak,Rudy
1248,Anderson,Vivian
1262,Long,Katie
1266,Archer,Brittany
1272,Evans,John
1273,Hovis,Robert
1278,Kornegay,Helen
1279,Keefe,"Shawna,John"
1280,Mejia,Louis
1289,Irons,Dale
1332,Hoisington,Joy
1342,Fantasia,Tony
1343,King,Frank
1348,Oland,Shelley
1349,Wild,"Nicholas,Jacqueline"
1360,Peacock,Thurman
1370,Cook,Mary
1383,Hoover,Joseph
1391,Thomas,Billie
1394,Pereira,Jennifer
1398,Hudson,Stacy
1410,Staebell,"Lisa,Graciela"
1413,Medford,Lucy
1416,Mcdaniel,Karen
1419,Bingham,William
1427,Abner,Edna
1429,Moreno,Vicki
1431,Monaghan,"Clarence,Patricia"
1434,Patterson,"Erik,Steve"
1440,Robinson,Grace
1444,Dickson,Lupita
1467,Gohn,Valeria
1481,Jenkins,Clifford
1483,Fewell,Latrice
1502,Diaz,Kimberly
1503,Peterson,Laura
1504,Axtell,"Deborah,William"
1519,White,Joseph
1531,Szmidt,Herman
1532,Johnston,Robin
1535,Crews,"Walter,Mario"
1543,Davis,Michael
1544,Mcclain,Christopher
1546,Vaneck,Jason
1553,White,Matthew
1558,Danger,"Stacy,Adam"
1559,Pridgeon,"Raymond,Pamela"
1560,Greenbaum,Charles
1562,Johnson,"Ramiro,Ariel,Edwin"
1571,Nelson,"Sally,Jerry"
1585,Tancredi,Stephanie
1588,Wooten,James
1589,Patella,Crystal
1592,Dilworth,Christine
1607,Cox,Jeffrey
1613,Cuozzo,"Thomas,Gordon"
1616,Brown,Lisa
1622,Meza,Mary
1631,Baerga,Kristin
1637,Pettis,Elizabeth
1643,Derosa,"Esther,Michele"
1646,Mitchell,Althea
1647,Helgeson,Kristen
1657,Wood,Nicholas
1665,Mckenzie,Judy
1674,Stevens,Milagros
1675,Dicarlo,Rose
1689,Lord,Jennifer
1716,Fontenette,"Andrew,Marie"
1735,Richardson,Jason
1741,Jackson,Joann
1745,Grammer,"Marlon,Richard"
1750,Lambert,James
1757,Hoffman,"Dana,Enrique"
1771,Ratcliff,Pedro
1772,Corbitt,Glen
1784,Brown,Doris
1828,Mohammed,Norman
1837,Burgess,Gregory
1841,Mckeeman,Edward
1843,Coryell,Shari
1855,Bray,Wilhelmina
1871,Nevarez,"Candice,Nina"
1873,Clark,Leona
1881,Stillwell,Pearl
1884,Pino,Peter
1888,Boyter,"Christopher,Marilyn"
1889,Dewitt,Joseph
1891,Erickson,Barbara
1894,Lindemann,"Stephen,Kerri"
1899,Castro,Felipe
1910,Hitchcock,"Katherine,Hugh"
1924,Gray,Laura
1930,Williams,Edward
1932,Martinez,Eugene
1937,Turrentine,Martha
1951,Baldon,Bruce
1957,Plummer,Timothy
1964,Hollman,Rose
1977,Godzik,John
1978,Filmore,"Diana,Cecile"
1981,Huskey,"Krista,Simona"
1989,Weber,"Nicole,William"
1991,Kadlec,Gene
1997,Martinez,Harlan
2007,Russell,Angel
2012,Amisano,Rebecca
2021,Stargell,Michael
2033,Hall,Olga
2036,Mcmahon,"Nelda,Deborah"
2039,Long,Andrew
2045,Ruda,Betty
2047,Perez,Dennis
2059,Richard,"Hattie,James"
2085,Ricks,Emil
2088,Moore,John
2095,Johnson,Jerry
2099,Gentry,Ron
2102,Eubank,John
2106,Nilsen,Carolyn
2108,Garcia,Felipa
2122,Gregg,"Michael,Kenneth"
2135,Wilson,Mark
2147,Murphy,Craig
2150,Kilgore,James
2153,Botkin,Lenita
2155,Bell,Russell
2156,Stovall,"Becky,John"
2163,Barnhart,Peg
2164,Bragg,Irene
2169,Jackson,Stacy
2178,Noble,Patrick
2181,Mccurdy,William
2183,Stewart,Emma
2184,Creed,"Mary,Daniel"
2188,Glenn,Selma
2206,Ingram,Tamika
2207,Robinson,Ramona
2219,Owen,Zachary
2231,David,Rene
2246,Chen,Sam
2258,Thomas,William
2276,Pein,Kasey
2309,Guignard,Lucille
2319,Martin,Linda
2330,Garcia,Georgia
2331,Charley,Francis
2336,Lopez,Jeffrey
2341,Burbach,"Judith,Robby"
2351,Mcwayne,Susan
2364,Metzler,Jan
2375,Hsieh,Maxine
2393,Hostetler,Aida
2415,West,Bonnie
2445,Walker,Iona
2447,Massie,Trudy
2454,Green,Velia
2456,Elkins,Timothy
2466,Mauro,Terrence
2467,Cummings,Emilio
2474,Yeates,Katrina
2475,Hunt,"Kevin,Kevin"
2477,Whitten,Marcia
2481,Caraballo,Jenee
2491,Erdman,Norman
2494,Hawks,"Retha,Joyce"
2520,Forsythe,Janelle
2523,Smith,Jim
2537,Rhone,Glenda
2540,Washington,"Robert,Cheryl"
2542,Giordano,Keith
2543,Rand,Augustus
2546,Inman,Betty
2554,Hayter,"Conrad,Andrea"
2560,Whited,Tasha
2576,Reid,Gidget
2580,Bell,Michael
2597,Meyer,Lynda
2606,Bouwkamp,Gary
2612,Tilly,Elbert
2614,Eland,"Carl,Robert"
2618,Carter,"Eleanor,William"
2619,Major,Richard
2626,Gregory,Jeff
2637,Jones,Jessica
2641,Triplett,Bobbi
2650,Bedford,Paul
2654,Walz,"Kenneth,Krystyna"
2662,Wagner,Philip
2675,Borgman,Douglas
2696,Eggleston,Henry
2718,Simon,James
2722,Costa,James
2725,Aguilar,Steven
2726,Smith,"Mark,Tina"
2727,Smith,Sarah
2749,Holbrook,Linda
2761,Marquez,Susan
2768,Slaney,Sharon
2770,Williamson,Eddie
2787,Roark,Walter
2795,Nolasco,Josephine
2797,Rose,Robin
2798,Bailey,"Greta,Patricia"
2800,Cottman,Joseph
2807,Sugarman,"Edwin,Earnest"
2810,Willbanks,Lynn
2817,Morgan,Elizabeth
2826,Gamble,Walter
2838,Scordato,Abby
2839,Babcock,"Lawrence,Jeffry"
2843,Oneill,"Jeremy,Lloyd"
2848,Jones,Martha
2849,Bauer,Thomas
2868,Tribble,"Anthony,Shalonda"
2891,Carter,Joe
2892,Broach,Marie
2910,Arvizu,David
2921,Hines,Elizabeth
2922,Heier,Daryl
2926,Brown,"Jesse,Richard"
2944,Nekola,Douglas
2946,Addington,April
2951,Ennen,"David,Ashley"
2965,Kincaid,Bertha
2981,Lynch,Wanda
2987,Israel,Candace
2999,Orchard,Josh
1,Zaragoza,Woodrow
2,Choiniere,Ellen
12,Williams,Aldo
17,Weston,Marla
32,Foss,"William,Daniel"
33,Cooper,Anthony
38,Fair,Donald
55,Shellenbarger,Susan
57,Simons,Marion
60,Meixner,Christopher
71,Boyd,Kelly
85,Murray,Lulu
92,Reynolds,Olivia
97,Mabe,Jaimie
104,Turner,Dana
110,Downing,Bobbie
122,Gordon,Victor
123,Lehrman,David
126,Stoner,Joseph
132,Williams,Dale
133,Couch,Clarence
151,Smith,"Randall,Sarah"
153,Reid,"Jeffrey,Daniel"
157,Vitucci,Christina
158,Odonnell,Donald
159,Stabler,"Edward,Jonathan"
161,Truitt,Cora
167,Kelley,Katherine
172,Smith,John
173,Koewler,Frederick
180,Mcrary,Donna
206,Clark,Cristal
208,Kidwell,Rosa
227,Strange,Robert
232,Stevens,James
251,Lipsky,Christy
256,Council,Sherri
272,Tate,Louis
273,Townsend,"Evelyn,Jerry"
277,Gunderson,"Charlotte,Mary"
286,Mckane,Daniel
295,Young,Ruth
297,Jefferson,Betty
306,Rios,"Sheila,Elmer"
313,Spiller,Angie
318,Rodriguez,Larry
326,White,Paul
329,Liptrot,Phillip
330,Hart,Fernando
347,Zediker,Tina
351,Putnam,Penny
352,Thorpe,"Martin,Christopher"
355,Andrews,Joe
377,Hofer,Stephanie
384,Davis,Erica
390,Dalton,Herman
393,Nelson,Matt
396,Lupton,"Darlene,Carol"
398,Silva,Vicki
414,Milner,"John,Donna"
416,Bassetti,Sean
435,Middendorf,Beatriz
439,Riley,Justin
440,Cairns,George
447,Justice,Sue
457,Jordan,Barbara
460,Davis,Ivory
461,Willer,Derrick
469,Alverez,Bobbie
470,Murray,Paul
476,Massie,Kristen
482,Carter,Jonathan
483,Frank,Ella
488,Cohen,Marion
490,Tyler,"Mark,Jasper"
509,Boss,"Joesph,Beatrice"
511,Clark,Helen
515,Erickson,Ethel
524,Pannell,Debra
529,Jackson,James
534,Hays,"Rosemary,Willie"
536,Parks,Marlene
547,Burlingame,Bryan
566,Nolen,Barbara
575,Allen,Ina
582,Harrison,Paul
584,Peet,Philip
600,Mccauley,Nancy
608,Davis,Walter
611,Martin,Mary
617,Kuebler,"Robert,Jennifer"
642,Day,"Ronald,Paul"
647,Symonds,Veronica
649,Natale,Beatrice
650,Teague,Shannon
651,Papineau,Carolyn
652,Palen,"Robert,Janet"
659,Johnson,Megan
663,Varella,Anthony
671,Gonzalez,Lisa
681,Copley,Carlton
683,Perea,Ron
690,Contreras,Barbara
698,Krause,"John,Jimmy"
706,Feldt,Steve
707,Walls,"Alvaro,Tresa"
710,Timinsky,Betsy
720,Reyna,Marlene
728,Mulvey,Kathryn
729,Micale,Virginia
732,Evans,Gale
743,Bray,James
758,Gardner,Charlotte
761,Plamondon,Charlene
762,Mcbride,James
783,Bueckers,Charles
794,Hanson,David
796,Worthey,William
809,Shinnick,Virginia
810,Hill,Meaghan
813,Coward,Connie
816,Mcwilliams,Henry
818,Brewington,Juana
820,Taylor,Curtis
821,Alexander,"Ann,Sarah"
830,Love,Kimberly
831,Machado,John
851,Ramey,John
853,Stratton,Duane
855,Taylor,Douglas
871,Richard,Brandon
887,Roth,Danial
911,Carrasco,Jonah
926,Tiner,"Eddie,Shelly"
928,Barba,"Margaret,Steven"
933,Jarrard,Gerald
952,Goldstein,Paul
962,Stewart,Myles
966,Hoff,Frances
976,Painter,Geneva
981,Turk,Olivia
990,Harbin,Eric
995,Shrader,Edwin
1002,Murrah,Manuel
1005,Ashley,"Gertrude,Richard"
1010,Calderon,Susanne
1031,Ulmer,Don
1036,Mitchell,Asia
1037,Berenguer,Frank
1041,Watson,Pamela
1046,Ader,"Sherry,John"
1049,Marana,Priscilla
1059,Schenck,"Samuel,Esther"
1062,Brown,Craig
1068,Gausman,Bryan
1069,Wells,Patrick
1074,Jewett,Brenda
1087,Edwards,"Earl,Lee"
1113,Flores,Emily
1118,Lingberg,Maria
1121,Masters,Carmen
1123,Germano,Troy
1135,Jackson,William
1138,Shepherd,Ruth
1139,Branstetter,Elnora
1150,Padilla,"Gary,Alan"
1165,Sifuentes,Elizabeth
1166,Pratt,Susan
1169,Brown,Sara
1171,Szabat,Cesar
1175,Ward,David
1181,Cassidy,Jesus
1185,Matson,Beth
1187,Winter,Jack
1190,Heavener,Andrew
1196,Vanderpool,Gertrude
1198,Melton,John
1215,Champion,Walter
1216,Bohannon,Doris
1231,Jordan,Michael
1240,Copeland,Becky
1248,Anderson,Dean
1259,Carter,William
1276,Croteau,Elbert
1287,Lewis,Roger
1290,Kennedy,John
1299,Griffis,"Nada,Christopher"
1304,White,"Joshua,Raymond"
1305,Holt,Joseph
1308,Kartes,Janice
1311,Rosenberg,Dylan
1317,Carr,Maria
1319,Bush,Courtney
1322,Carter,Eva
1326,Harris,Joseph
1332,Hoisington,Chester
1334,Reynolds,Samantha
1342,Fantasia,Linda
1357,Rust,"Brenda,Susan"
1366,Lester,Rogelio
1377,Oconner,"Donald,Paula"
1383,Hoover,Kristina
1385,Frye,"Robert,Alexander"
1391,Thomas,Dana
1393,Moore,Sheila
1410,Staebell,Jeffrey
1411,Harris,Martha
1415,Durfee,Terrance
1433,Moody,Wayne
1437,Mcneil,Rose
1440,Robinson,Donald
1444,Dickson,Noe
1448,Clerk,"David,Rex"
1453,Rainey,Anthony
1463,Jones,Kenneth
1478,Maldonado,"Bob,Timothy"
1481,Jenkins,Jean
1483,Fewell,Joseph
1513,Smith,Gary
1515,Keegan,"Scott,Thomas"
1525,Mulholland,Frederick
1529,Castillo,Jason
1531,Szmidt,Gwendolyn
1535,Crews,Dorothy
1558,Danger,Mark
1578,Bresnahan,Christopher
1585,Tancredi,Peggy
1587,Davis,Nina
1589,Patella,Steven
1592,Dilworth,Joseph
1615,Gomez,"David,Kristen"
1616,Brown,Darcy
1622,Meza,Steven
1629,Mcdowell,Jeffrey
1631,Baerga,Martha
1637,Pettis,Paul
1647,Helgeson,Araceli
1649,Edmundson,Donna
1655,Pair,Carolyn
1674,Stevens,Diane
1696,Scott,Ryan
1704,Smith,Jay
1708,Kang,Maria
1710,Mcpherson,Molly
1711,Sutton,Alexis
1713,Sether,Hung
1721,Riedl,Susan
1728,Nicholas,Thomas
1735,Richardson,Karl
1741,Jackson,"Joyce,Eduardo"
1771,Ratcliff,"Manual,Teresa"
1772,Corbitt,Melissa
1773,Alexander,Helen
1795,Lewis,Ada
1806,Byers,Erin
1812,Payne,"Derrick,Richard"
1822,Perez,Jeffrey
1828,Mohammed,Jill
1835,Aho,Thomas
1852,Bligen,John
1856,Mims,Fermina
1860,Ball,"Jarrod,Robert"
1864,Brown,Tiffany
1867,Waters,Crystal
1868,Espinoza,"Melissa,Marcus"
1872,Fortier,"Brad,Cindy"
1889,Dewitt,Steven
1894,Lindemann,Lionel
1911,Corathers,Rosa
1917,Allen,Muriel
1923,Love,Peggy
1930,Williams,Laura
1935,Williams,Kathleen
1941,Pinard,"George,Tonya"
1955,Wright,Alton
1971,Valenzuela,Kourtney
1973,Aste,William
1980,Hamilton,David
1981,Huskey,James
1996,Murphy,Carol
1997,Martinez,"Michael,Mary"
2003,Oliver,"Maria,Alan"
2007,Russell,Violet
2021,Stargell,Rebecca
2023,Geoghegan,Emily
2032,Atkinson,Lisa
2036,Mcmahon,Erwin
2039,Long,Tatiana
2041,Surdam,Karen
2047,Perez,Amber
2053,Greene,Oliver
2082,Scaglione,Chad
2083,Kjar,"Gerald,Phyllis"
2084,Kenely,"Holly,Jason"
2085,Ricks,James
2095,Johnson,"Rosa,Calvin"
2101,Harris,"Matt,Michael"
2106,Nilsen,Emory
2111,Moore,Lana
2115,Sparks,Pam
2128,Fontenette,Alberto
2148,Horst,Brittany
2151,Dobbs,Dwight
2152,Marquez,Gayle
2156,Stovall,Iris
2163,Barnhart,"Daniel,Laura"
2165,Elletson,"Annette,James"
2177,Williams,John
2178,Noble,Alonzo
2180,Hooks,Katherine
2181,Mccurdy,Hans
2184,Creed,Kirk
2207,Robinson,Karen
2237,Ogden,Audrey
2239,Sola,Scott
2243,Sherrill,"Dorothy,Dana"
2258,Thomas,Rocco
2265,Taylor,Erin
2266,Erickson,Gerald
2278,Stewart,Jonathan
2282,Ford,Ginny
2285,Norton,Kathy
2298,Murrah,"Sheri,Marcia"
2330,Garcia,Sarah
2332,Brown,"Cynthia,Gerald"
2345,Sayegh,Connie
2350,Strickland,Kathryn
2352,Johnson,Geraldine
2361,Hall,Vernon
2365,Moore,Justin
2369,Gressler,"Anna,Alana,Steven"
2371,Templeton,Brad
2372,Meeter,"Brandee,Richard"
2375,Hsieh,Charles
2377,Congrove,Constance
2383,Holloway,Tammy
2391,Mcgeever,John
2395,Edwards,Josef
2415,West,Darlene
2435,Rafferty,Teddy
2445,Walker,William
2446,Cornell,Clarence
2450,Grimm,"Agustin,Howard"
2451,Bradley,"Joe,Dianne"
2466,Mauro,"Vada,Angela"
2467,Cummings,"Ross,Anthony"
2469,Mora,"Derrick,Norma"
2476,Copeland,"Jeffrey,James"
2477,Whitten,Evelyn
2478,Wall,Cathy
2481,Caraballo,Teresa
2493,Moon,David
2502,Favela,Ruth
2504,Vallejos,Ralph
2518,Graves,Brandon
2520,Forsythe,Joseph
2537,Rhone,Cynthia
2542,Giordano,Mark
2545,Medina,Cynthia
2557,Murphy,Stephanie
2560,Whited,Marisa
2567,Meehan,Patricia
2576,Reid,"John,June,James"
2577,Capone,Brandon
2580,Bell,Gilbert
2581,Fancher,"Brenda,Carol"
2586,Walton,"Sarah,Duane"
2590,Fleming,Enoch
2602,Dejong,Linwood
2604,Vanhuss,Brian
2610,Kelly,Michael
2615,Dyson,Loretta
2625,Reece,William
2635,Richman,Joesph
2636,Dixon,Darlene
2653,Cole,Danielle
2655,Zeigler,Roderick
2661,Daniels,Edward
2662,Wagner,Jeanne
2670,Tate,"Mark,Richard"
2671,Henry,Randy
2711,Walker,Patricia
2715,Giannecchini,Ryan
2720,Turner,"Larry,Cheryl"
2726,Smith,Randall
2727,Smith,Mary
2729,Drake,Nancy
2743,Guerrero,Keith
2744,Wilson,"Mary,Gordon"
2749,Holbrook,Gloria
2753,Dyer,Jesse
2754,Buchanan,Doreen
2758,Rosier,Craig
2760,Walker,Deana
2763,Beck,Lauren
2770,Williamson,"Jonathan,Vincent"
2771,Mckinney,Sergio
2781,Garrett,"Denise,Linda"
2787,Roark,Guadalupe
2788,Belle,Helen
2791,Kneip,Jessica
2800,Cottman,Kelly
2803,Campbell,"Gerald,Edith"
2823,Stanford,Katie
2826,Gamble,Edward
2832,Ross,Madge
2838,Scordato,Frank
2847,Brenton,"Fran,Patricia"
2849,Bauer,Jill
2861,Lee,Adam
2874,Locke,Ruby
2890,Bourque,"Ines,Rick"
2891,Carter,"Latasha,Crystal"
2897,Conway,Joe
2900,Kyseth,"Thomas,Serena"
2901,Truelove,Maria
2907,Smith,Irene
2914,Cleare,Otis
2917,Smith,"Sherri,Adriana"
2918,Johnson,Maggie
2931,Bland,Charles
2933,Gibbs,Catharine
2939,Amundson,Anna
2940,Almond,"James,Ramon"
2956,Lawson,Peter
2962,Mccoy,Helen
2965,Kincaid,Rose
2974,Treisch,Amy
2976,Thalls,Kenneth
2981,Lynch,Emilio
2989,Dewitt,Emily
2998,Wallace,"Harriet,Eleanor"
2999,Orchard,Alonzo
1,Zaragoza,William
2,Choiniere,Jeffrey
8,Schilling,Julie
11,Taylor,Sidney
12,Williams,Jeffrey
17,Weston,Joe
19,Aucoin,"Jodi,Robert,Dawn"
37,Charles,Lesley
38,Fair,Marci
41,Clements,"Wendy,Aurelia"
43,Knerr,"Yolanda,Scott"
48,Marquardt,Rebecca
51,Presnell,"Frederick,Carrie,Christina"
57,Simons,Brenda
71,Boyd,Rita
92,Reynolds,Charles
109,Johnson,Paul
110,Downing,Samuel
121,Thompson,Clayton
123,Lehrman,Jack
126,Stoner,Carla
158,Odonnell,Michael
167,Kelley,"Lisa,Rita"
172,Smith,Jennifer
173,Koewler,Viola
178,Vanhamlin,"Sophia,Judith"
180,Mcrary,Amanda
184,Garrett,Aaron
186,Miranda,"Richard,Mary"
192,Weiland,Chris
208,Kidwell,David
223,White,"Scott,Melissa"
237,Bennett,Irene
251,Lipsky,Michael
252,Gray,Katy
302,Spiller,Christine
308,Hartford,Gina
313,Spiller,"Dennis,Allan"
318,Rodriguez,Jennifer
321,Reynolds,Paula
324,Ferrell,"Penelope,Rose"
330,Hart,Diane
347,Zediker,Jennifer
352,Thorpe,"Phil,Bernadine"
362,Abston,Kathy
366,Mcpherson,"Nancy,Kristina"
377,Hofer,April
386,Loper,Brian
390,Dalton,"Diann,Charles"
393,Nelson,Kathy
395,Brown,"Tyler,Patrick"
398,Silva,Kathleen
410,Mcphatter,Jerry
414,Milner,Jesse
416,Bassetti,Regina
421,Whitten,"Charles,Melissa"
423,Medina,Ann
435,Middendorf,Brenda
451,Roderiquez,Carlos
453,Weldon,"Charlotte,Margarita"
457,Jordan,Brandi
475,Lambe,James
480,Celestine,Rhea
482,Carter,Albert
500,Echard,Leticia
509,Boss,Mark
512,Cluck,Jason
523,Morgan,Marlene
524,Pannell,Richard
529,Jackson,"Tiffany,Denise"
530,Crawford,Stephan
535,Putnam,"Milton,Brendan"
536,Parks,Carlos
541,Webb,"Jeffrey,Rosalyn"
548,Cook,Glen
553,Shephard,Kathleen
565,Hodges,Raymond
583,Grey,Howard
584,Peet,Raymond
588,Guerrero,Maribeth
600,Mccauley,Lisa
608,Davis,Ronald
611,Martin,Brandon
614,Phillips,Billie
616,Kovach,Susan
617,Kuebler,Sarah
624,Brown,"Christopher,Cheryl"
638,Wilkerson,Margie
651,Papineau,Silvia
662,Holm,Barbara
668,Chamberlin,Leslie
671,Gonzalez,Leslie
673,Plotts,Jessica
685,Willey,Wayne
689,Osbourn,Charles
692,Daisley,Joseph
705,Bussell,Candice
707,Walls,Michael
711,Reed,Steven
732,Evans,Teresa
742,Dupree,Letitia
743,Bray,Tracey
750,Lawrence,Sammy
752,Guerrero,"Deloris,Jerome"
753,Smialek,Judith
758,Gardner,Vickie
762,Mcbride,Scott
765,Lew,Margaret
775,Glass,Betty
804,Bonner,Jocelyn
806,Vitucci,Regina
809,Shinnick,Christopher
810,Hill,Clyde
818,Brewington,Linda
820,Taylor,Nannette
821,Alexander,Walter
825,Morello,Thomas
830,Love,John
837,Ware,"Minnie,Keesha"
851,Ramey,Harold
853,Stratton,"Robin,Keith"
854,Proudfoot,Willene
862,Williams,George
865,Wallace,Selena
889,Patterson,Julia
893,Beard,"Charlene,Norma"
896,Price,Ray
897,Dacosta,"Elizabeth,Lucia,Susan"
925,Belisle,Annette
930,Miller,Albert
933,Jarrard,Karen
938,Mckeever,Karen
946,Walters,Ronnie
963,Davis,Dennis
966,Hoff,Victor
972,Sparks,"Jackie,Gregory"
975,Durbin,Jennifer
981,Turk,Mark
984,Mullins,Leonard
990,Harbin,"Carol,Lori"
995,Shrader,Roberta
1010,Calderon,Mary
1022,French,"Carla,Diane"
1023,Hook,Shirlee
1025,Paci,"Jody,Billie"
1044,Thomas,Patricia
1046,Ader,Susan
1048,Morrison,Barbara
1058,Eikenberry,Lisette
1061,Smith,"Jean,Charlotte"
1062,Brown,"Ella,Danny"
1063,Mooney,"David,Mark"
1067,Mathes,John
1068,Gausman,Craig
1071,Walker,Miriam
1074,Jewett,Mark
1082,Ford,Mark
1085,Turner,May
1120,Carter,Kimberly
1123,Germano,Nancy
1124,Evans,Fred
1138,Shepherd,Minnie
1162,Dunbar,Judith
1165,Sifuentes,Jesus
1181,Cassidy,Gloria
1196,Vanderpool,Martha
1209,Francis,"Sammy,Kirk"
1215,Champion,Steven
1229,Benefield,Barbara
1231,Jordan,Nell
1232,Kryder,Vera
1233,Brock,Lee
1243,Banks,Patricia
1248,Anderson,Lilliam
1259,Carter,Antonia
1266,Archer,Judy
1268,Davis,"Ruth,Raymond"
1275,Allen,"Kristina,Petrina,Juanita,Daniel"
1276,Croteau,Richard
1289,Irons,Lindsay
1290,Kennedy,Cynthia
1293,Crowder,"Robbin,Charlene"
1294,Yancey,"Carlos,Joshua"
1298,Sukhu,Jill
1305,Holt,Willie
1309,Dutcher,Gregory
1317,Carr,Dortha
1319,Bush,Rose
1322,Carter,John
1328,Stotts,Elizabeth
1339,Mcwilliams,Miguel
1340,Gray,Tam
1357,Rust,Melissa
1376,Renn,Jessica
1383,Hoover,Leslie
1385,Frye,Billy
1397,Foster,Jennifer
1398,Hudson,Donald
1413,Medford,"Ramon,Jill"
1415,Durfee,"Jesse,Curtis"
1418,Klar,Joseph
1421,Currie,William
1427,Abner,Joshua
1431,Monaghan,Maggie
1433,Moody,Sandra
1434,Patterson,Maricruz
1437,Mcneil,Gary
1450,Stokes,Donald
1459,Mabry,Kirk
1467,Gohn,"Carolyn,Michael"
1477,Mcneil,John
1482,Harrod,Donald
1486,Tylman,Ruby
1502,Diaz,John
1503,Peterson,Fredrick
1508,Mckinney,Nicole
1515,Keegan,William
1518,Johnson,Eric
1523,Hall,"George,Vera"
1525,Mulholland,Mildred
1529,Castillo,Mercedes
1534,Jackson,Susan
1538,Givens,Mary
1543,Davis,"Ernie,James"
1558,Danger,Paul
1562,Johnson,Barbara
1567,Jones,"Grace,Maria"
1572,Beaulieu,Ryan
1577,Brown,Christine
1578,Bresnahan,"Janice,Mark,Eric"
1597,Huckleberry,James
1607,Cox,Edward
1614,Craghead,Lauren
1631,Baerga,Linda
1643,Derosa,Michael
1646,Mitchell,Helen
1647,Helgeson,Martha
1649,Edmundson,Lacy
1651,Rieke,Roxana
1654,Higgins,Joshua
1655,Pair,Felicia
1656,Dodson,"Janice,Robin"
1657,Wood,Harry
1671,Cadwallader,Lisa
1675,Dicarlo,Michael
1689,Lord,Marcus
1691,Franklin,Al
1713,Sether,Kum
1716,Fontenette,Rodney
1738,Vanderlinden,April
1744,Hartline,Kristian
1745,Grammer,Rose
1750,Lambert,Donald
1761,Pena,"Christopher,Pearl"
1770,Atkins,Jennifer
1790,Jackson,Eric
1793,Adams,Joan
1798,Bookwalter,Daniel
1800,Chavez,Jason
1810,Mehling,Remona
1812,Payne,Sarah
1822,Perez,Gladys
1827,Stephan,Dorothy
1829,Comeau,Victoria
1834,Harrell,Clair
1835,Aho,"Chris,Kimberly"
1837,Burgess,Shelly
1852,Bligen,"Lillian,Catherine"
1855,Bray,Adam
1856,Mims,Mary
1864,Brown,"Joel,Mark"
1867,Waters,Robert
1871,Nevarez,Natalie
1881,Stillwell,Maurice
1884,Pino,Margaret
1888,Boyter,Anthony
1889,Dewitt,Dawn
1896,Vaughn,Jennifer
1915,Towry,"Maurice,Santos"
1917,Allen,Charles
1924,Gray,Mary
1932,Martinez,Adele
1937,Turrentine,"Noel,Ashlie"
1939,Malik,Grace
1941,Pinard,Sherrie
1948,Roehl,"Hector,Norma,Harry"
1951,Baldon,Roberta
1952,Schmidt,"Jacqueline,Maria"
1953,Shouse,Harvey
1958,Clark,Mona
1971,Valenzuela,Samantha
1973,Aste,"Beth,Matthew"
1976,Westmoreland,Lillian
1978,Filmore,"Evangeline,Courtney"
1982,Montes,"Julius,Karen"
1991,Kadlec,David
1997,Martinez,Ruth
2012,Amisano,Daniel
2023,Geoghegan,Florence
2032,Atkinson,Kathy
2034,Smith,"Beatrice,Terrence,Mark"
2058,Pollock,Patricia
2059,Richard,Dorothy
2062,Stuckey,Steven
2083,Kjar,Mitchell
2089,Stephens,"Ronald,Robert,William,John"
2091,Parker,"Rose,Cary"
2095,Johnson,Mary
2099,Gentry,Cory
2105,Kivett,"Jason,Walter"
2108,Garcia,"Geneva,Robert"
2111,Moore,Patti
2112,Lester,Irena
2114,Brown,"Kevin,Howard,Meredith"
2115,Sparks,"Jacqueline,Sheryl"
2122,Gregg,Georgia
2127,Walsh,Marisela
2130,Singh,William
2134,Overall,"Shauna,Penny"
2138,Cloutier,"Jack,Robert"
2147,Murphy,Mary
2150,Kilgore,Wendell
2151,Dobbs,"James,James"
2155,Bell,Carrie
2161,Lundberg,William
2165,Elletson,Eric
2180,Hooks,Clayton
2182,Josilowsky,James
2183,Stewart,"James,Chong"
2184,Creed,Jamie
2188,Glenn,Melissa
2213,Hansberry,"Joe,Russell"
2216,Markell,Deirdre
2219,Owen,Brenda
2230,Rodriguez,Ana
2234,Morris,Sean
2236,Perry,Carlos
2240,Hatley,"Lawrence,Debra"
2251,Cabanilla,"Tommy,Kelly"
2265,Taylor,Mary
2270,Tapia,David
2274,Falconio,Gina
2309,Guignard,Terri
2322,Galarza,Darcy
2327,Fleishman,Evelyn
2331,Charley,Deborah
2341,Burbach,Rachel
2345,Sayegh,Connie
2350,Strickland,Edmund
2354,Mieszala,"Julie,Rachel"
2361,Hall,Daniel
2364,Metzler,Carrie
2366,Bonner,James
2369,Gressler,Robert
2371,Templeton,Becky
2391,Mcgeever,"Andy,Floyd"
2392,Castillo,Gayle
2445,Walker,Edwin
2451,Bradley,Kim
2453,Fontenot,Kathryn
2454,Green,Charles
2456,Elkins,Mae
2464,Colunga,Jennifer
2471,Levenstein,Karen
2478,Wall,Stanley
2491,Erdman,"Tracee,Betsy"
2523,Smith,Kathleen
2545,Medina,Mary
2549,Parker,Carolyn
2555,Weber,"Gwendolyn,Ida"
2560,Whited,Carolyn
2565,Mccoy,Janice
2567,Meehan,Emily
2577,Capone,Frank
2580,Bell,Carly
2581,Fancher,"Robert,Sherry"
2589,Gilreath,Jamie
2590,Fleming,Alan
2591,Payne,Virginia
2597,Meyer,Melba
2598,Lewis,"Kenneth,Crystal"
2602,Dejong,Karen
2604,Vanhuss,Edith
2615,Dyson,Benjamin
2618,Carter,Fred
2626,Gregory,Lance
2634,Hill,"Connie,Tammy"
2637,Jones,Jennifer
2647,Hansberry,"Mary,Dennis"
2650,Bedford,James
2657,Murphy,"Deborah,Eileen"
2661,Daniels,Vicki
2664,Li,Sarah
2670,Tate,Marilyn
2675,Borgman,Rick
2690,Fitzpatrick,Sharon
2696,Eggleston,Erika
2718,Simon,Nancy
2720,Turner,Robert
2726,Smith,Jack
2729,Drake,"Carolee,Mark"
2731,Cansler,Peggy
2732,Martin,Elizabeth
2738,Oaks,Barbara
2739,Primeaux,Douglas
2757,Upchurch,Sophie
2760,Walker,Bernice
2763,Beck,Deann
2771,Mckinney,Kendall
2775,Lindsey,"Edwin,Lazaro"
2787,Roark,Miguel
2791,Kneip,Noe
2797,Rose,Robert
2817,Morgan,Andrea
2826,Gamble,Robert
2843,Oneill,Arthur
2846,Moyer,Tammy
2849,Bauer,Lynn
2860,Robbins,"Katherine,Roger"
2868,Tribble,Amber
2871,Cocker,Michael
2877,Hulbert,Agnes
2882,Fried,Ella
2897,Conway,Evelyn
2898,Clark,"Karen,Joy"
2900,Kyseth,Amanda
2901,Truelove,James
2906,Travis,Alice
2907,Smith,"Elizabeth,Ruth"
2910,Arvizu,Yolanda
2931,Bland,"David,Howard"
2969,Paynes,Colleen
2972,Brown,Charles
2974,Treisch,Loraine
2987,Israel,Sheila
2995,Lopresti,Rosa
8,Schilling,Eric
11,Taylor,Carmelia
13,Wright,Lester
17,Weston,David
19,Aucoin,Jack
33,Cooper,Ardis
39,Villanova,Gavin
50,Adamson,Bradley
61,Tate,Harry
76,Thivierge,Leon
81,Oliver,Joseph
88,Mckinley,Gina
90,Anderson,Judy
92,Reynolds,Randy
97,Mabe,Michael
108,Dyer,Doris
115,Treaster,Evelyn
141,Ferguson,"Edward,Clarence"
149,Laws,Douglas
151,Smith,Douglas
157,Vitucci,"Mary,John"
158,Odonnell,Wilma
161,Truitt,Madeline
172,Smith,Norma
175,Leon,Troy
180,Mcrary,Aldo
183,Lenard,George
186,Miranda,David
197,Cooper,David
201,Thomas,Jimmy
204,Springfield,"Walter,Ernest"
223,White,"Jennifer,Ola"
227,Strange,Joshua
231,Fraser,Agustina
232,Stevens,Wendy
245,Williams,Misti
252,Gray,Karen
261,Knight,Andrea
273,Townsend,Rose
274,Miller,"Rita,Elizabeth"
277,Gunderson,James
285,Whiting,Margaret
306,Rios,Sharon
313,Spiller,Pearl
318,Rodriguez,Beverly
326,White,Christina
337,Harden,Walter
341,Miles,Corrie
349,Hansen,"Fausto,Alan,Donna"
351,Putnam,"Thomas,Kathryn"
363,Osborne,Jeffrey
374,Dean,Juanita
408,Clark,Gary
416,Bassetti,Richard
422,Smith,"Karen,Javier,Perry"
423,Medina,Angela
425,Greene,James
434,Dueber,Sarah
439,Riley,Brian
447,Justice,Juliette
454,Lee,Shannon
461,Willer,James
466,Huntley,Laverne
477,Sundermeyer,Bonnie
482,Carter,George
483,Frank,Esteban
488,Cohen,Rex
497,Morales,Jason
500,Echard,Charles
505,Mooney,"Jason,Carl"
520,Timms,"William,Gavin,Gaston"
528,Hensley,Ronald
535,Putnam,Richard
536,Parks,Brenda
540,Lacombe,Reva
547,Burlingame,Miriam
548,Cook,Jose
565,Hodges,Letha
566,Nolen,Jessica
567,Boggan,James
583,Grey,Paul
594,Straight,Noel
596,Pfaff,Renee
600,Mccauley,Harold
617,Kuebler,James
638,Wilkerson,Mary
643,Dubicki,"Jesse,Jenna,Marylou"
646,Norman,Edith
649,Natale,Jason
650,Teague,John
655,Howell,Joseph
659,Johnson,Paul
664,Sigman,Allie
671,Gonzalez,Shirley
686,Crawford,Jennifer
694,Johnson,Keith
705,Bussell,Larry
710,Timinsky,Yolanda
711,Reed,"Mike,Jayme"
715,Dixon,"Ruby,Cody"
724,Grantham,David
736,Cornejo,"Edward,Linda"
745,Knutson,Andrea
748,Mcdonald,Mel
755,Eldridge,Taylor
758,Gardner,Columbus
759,Foreman,Maria
761,Plamondon,Donna
775,Glass,"Linda,John"
796,Worthey,Eric
798,Bubert,Steve
803,Ross,Vicky
806,Vitucci,"Steven,Annie"
809,Shinnick,Regina
810,Hill,James
812,Rosa,Sallie
813,Coward,Rachel
830,Love,Tyler
833,Thomas,Ada
844,Richardson,"James,Gregory,Melanie"
853,Stratton,Maria
859,Odonnell,Flora
862,Williams,Lindsey
883,Sigmon,Martin
893,Beard,Jeremy
895,Pursell,Gregory
896,Price,Mikel
930,Miller,Lara
938,Mckeever,Todd
952,Goldstein,"Matthew,Daniel"
962,Stewart,Sylvia
963,Davis,Phillip
975,Durbin,Donald
995,Shrader,John
1005,Ashley,"Angel,Esther"
1035,Thomasson,"Peter,Mary"
1036,Mitchell,Richard
1038,Howe,Sandra
1047,Whetstone,Matthew
1051,Morris,Amy
1075,Willsey,"Amanda,George"
1086,Bachelor,Sandra
1102,Trotz,Nichole
1113,Flores,Richard
1118,Lingberg,Keely
1119,Fortner,"April,Linda"
1120,Carter,Patricia
1124,Evans,Royce
1135,Jackson,Linda
1149,Tartaglione,Michael
1150,Padilla,Ben
1162,Dunbar,Charles
1171,Szabat,Eduardo
1174,Rounds,Lisa
1178,Robledo,"Jose,Timothy"
1180,Neil,"Dorothy,Patricia"
1182,Fritz,Sandra
1183,Poche,Emily
1187,Winter,Jonathan
1207,Farrell,Araceli
1214,Cyree,Mary
1215,Champion,Lillian
1226,Smith,Tawana
1229,Benefield,Fred
1231,Jordan,Yvonne
1232,Kryder,"Michelle,Rafael"
1236,Horton,Jeanine
1244,Whitfield,Jill
1246,Dvorak,"Peter,Edward"
1255,Matesic,Casandra
1259,Carter,Susan
1260,Cornell,Holly
1262,Long,"Grace,Kenneth"
1267,Mejia,Martin
1272,Evans,Josette
1278,Kornegay,Leonard
1280,Mejia,"Blaine,Nick"
1287,Lewis,Guy
1289,Irons,Keith
1290,Kennedy,Rachel
1292,Beek,Christopher
1304,White,Paul
1305,Holt,Ronald
1319,Bush,"Cora,Jose"
1320,Elmore,"Gary,Dorothy,Joseph"
1326,Harris,William
1332,Hoisington,Cherise
1334,Reynolds,Corey
1337,Crowe,Jacque
1339,Mcwilliams,Dennis
1340,Gray,Gregory
1342,Fantasia,Sandra
1349,Wild,Sara
1360,Peacock,Randolph
1366,Lester,Kathleen
1370,Cook,Franklin
1385,Frye,Myra
1398,Hudson,Marvel
1399,Neal,"Jerry,Craig,Viola"
1413,Medford,Rene
1419,Bingham,Judith
1425,Bendel,Misty
1439,Sammons,Eric
1441,Brown,"Rick,Andrew"
1444,Dickson,Roxanne
1452,Scott,Dianna
1459,Mabry,"Olga,Thomas"
1463,Jones,"Joseph,Jack"
1477,Mcneil,Matthew
1478,Maldonado,Michael
1482,Harrod,Charles
1483,Fewell,Margaret
1511,Ager,"Ashley,Marvin"
1513,Smith,Tammy
1515,Keegan,Maura
1523,Hall,Susan
1525,Mulholland,Ryan
1534,Jackson,"Lucia,Christopher"
1549,Williams,Anna
1553,White,Loretta
1559,Pridgeon,Eleanor
1571,Nelson,Diane
1572,Beaulieu,James
1579,Woods,Dana
1587,Davis,Candice
1588,Wooten,Sean
1589,Patella,Tonya
1592,Dilworth,Carla
1607,Cox,Reginald
1613,Cuozzo,Lisa
1616,Brown,Adrianne
1629,Mcdowell,Ella
1634,Bryant,Richard
1643,Derosa,Wanda
1646,Mitchell,Wayne
1651,Rieke,Alma
1654,Higgins,"Cynthia,Valerie"
1656,Dodson,Melissa
1665,Mckenzie,Heather
1671,Cadwallader,Pat
1673,Mercer,William
1674,Stevens,Stephanie
1704,Smith,Susan
1711,Sutton,Alexander
1713,Sether,Fran
1714,Taylor,Robert
1721,Riedl,Desmond
1746,Pate,Jay
1750,Lambert,"Junior,Valeria"
1754,Thompson,Paul
1770,Atkins,Eric
1771,Ratcliff,Cory
1772,Corbitt,Keith
1782,Ferrari,"William,James"
1784,Brown,Austin
1785,Gearhart,Alison
1790,Jackson,Susan
1793,Adams,"Kathleen,Angelika"
1795,Lewis,"Andrew,Gregory"
1806,Byers,"Marie,Katherine"
1822,Perez,Matt
1828,Mohammed,James
1829,Comeau,John
1841,Mckeeman,John
1855,Bray,Jeffrey
1871,Nevarez,Joe
1873,Clark,"James,Bradley"
1889,Dewitt,Debra
1911,Corathers,Sharon
1915,Towry,Mellie
1917,Allen,Mildred
1930,Williams,Francis
1935,Williams,"John,Laurel"
1951,Baldon,Susan
1957,Plummer,Laura
1964,Hollman,Norma
1966,Privitera,Isreal
1976,Westmoreland,Shirley
1977,Godzik,Tammy
1982,Montes,Lynn
1993,Baker,Joyce
1996,Murphy,Kathleen
2003,Oliver,Ann
2012,Amisano,Elizabeth
2020,Dobransky,Jack
2021,Stargell,Jason
2041,Surdam,Nakisha
2043,Brown,Fred
2045,Ruda,Gail
2046,Ngo,Annette
2059,Richard,Wayne
2085,Ricks,Edward
2101,Harris,Max
2102,Eubank,"Anthony,Christina"
2106,Nilsen,Donna
2111,Moore,Jesse
2128,Fontenette,Mary
2130,Singh,Jessica
2146,Becerra,"Matthew,Scott,Georgia"
2148,Horst,Christopher
2150,Kilgore,Dana
2151,Dobbs,Dawn
2161,Lundberg,Henry
2185,Payson,Andrew
2219,Owen,Phyllis
2230,Rodriguez,Betty
2239,Sola,"Tiffany,Patricia"
2240,Hatley,Jane
2243,Sherrill,Anna
2258,Thomas,"Rick,Nora"
2265,Taylor,Mike
2266,Erickson,James
2274,Falconio,"Dorthy,Mildred"
2276,Pein,Evelyn
2285,Norton,Mary
2296,Sanders,Suzanne
2300,Destefano,Heather
2327,Fleishman,Sheila
2328,Catlett,"Helen,Danielle"
2331,Charley,John
2332,Brown,Mary
2341,Burbach,Edna
2342,Torres,Gilbert
2352,Johnson,Sarah
2361,Hall,Pablo
2363,Atkinson,Doris
2364,Metzler,Kathy
2365,Moore,"Janet,Stephen"
2383,Holloway,"Marcus,Jesus,Mary"
2395,Edwards,Christal
2403,Moore,Gabriel
2435,Rafferty,"Brian,Alan"
2447,Massie,Terry
2466,Mauro,Rodolfo
2471,Levenstein,Norman
2474,Yeates,Richard
2476,Copeland,Helen
2478,Wall,Christine
2497,Nichell,Gregory
2540,Washington,Richard
2543,Rand,Barbara
2554,Hayter,Judy
2555,Weber,Priscilla
2560,Whited,Refugio
2569,Brown,Phillip
2582,Stimmel,Anna
2585,Huerta,Carita
2595,Humphries,"Sue,George"
2597,Meyer,Heather
2603,Mayes,Wayne
2604,Vanhuss,Robt
2606,Bouwkamp,Jennifer
2615,Dyson,Stephanie
2618,Carter,Trina
2620,Tomasi,"Kevin,Helen"
2625,Reece,"Christopher,Richard"
2634,Hill,Terrence
2636,Dixon,David
2640,Stevens,Gail
2650,Bedford,"Coleen,June"
2664,Li,Karen
2670,Tate,Bobby
2671,Henry,Karen
2674,Dalton,Linda
2685,Goldstein,Luis
2696,Eggleston,Barbara
2727,Smith,"Richard,Charles"
2735,Mccormick,George
2744,Wilson,Jeffrey
2755,Mcmahan,Sandra
2758,Rosier,Laura
2763,Beck,Richard
2768,Slaney,Marian
2771,Mckinney,Rosenda
2775,Lindsey,Jesus
2791,Kneip,Stephen
2794,Jordan,Josephine
2797,Rose,"Angela,Jason"
2807,Sugarman,"Joanne,Andrea"
2817,Morgan,Jimmy
2821,Mcalpin,Margaret
2846,Moyer,Michael
2848,Jones,John
2849,Bauer,Rosemarie
2861,Lee,Shawna
2870,Gloss,Amanda
2874,Locke,Rosemary
2877,Hulbert,Miriam
2898,Clark,Gloria
2901,Truelove,Sara
2910,Arvizu,Angelia
2917,Smith,Weston
2918,Johnson,Sandra
2921,Hines,Nita
2939,Amundson,Shelia
2940,Almond,Dorothy
2944,Nekola,"William,Marquetta"
2948,Murray,Samatha
2965,Kincaid,Charles
2966,Huerta,Megan
2969,Paynes,Kathrine
2976,Thalls,Stella
2992,Morgan,James
2995,Lopresti,Christina
2998,Wallace,Christopher
2999,Orchard,Jonathan
3,Bade,Olga
16,Peters,Wilbert
33,Cooper,Sarah
41,Clements,Johnnie
43,Knerr,Veronica
47,Keith,Anne
48,Marquardt,Moira
55,Shellenbarger,Tianna
57,Simons,"Edna,Marie"
60,Meixner,Lorene
71,Boyd,"Sheila,Misty"
78,Nichols,"Kathleen,Pamela"
89,Mccutcheon,Tara
97,Mabe,Dale
100,Ditman,Pearlie
132,Williams,Krystal
144,Milburn,"Lori,Everett"
153,Reid,Ruth
159,Stabler,Edward
172,Smith,Robert
173,Koewler,Owen
175,Leon,Johnny
178,Vanhamlin,Linsey
180,Mcrary,Paula
184,Garrett,Amy
195,Schlitz,"Michael,Kari,Rosa"
201,Thomas,"Bonnie,David"
206,Clark,Raymond
216,Hyde,William
227,Strange,"Edna,Elizabeth"
232,Stevens,Patty
237,Bennett,Rodney
242,Harris,Edward
252,Gray,Krystal
261,Knight,"Erin,Edward"
285,Whiting,"Danny,Courtney"
287,Villanueva,Clarence
293,Alo,Joseph
295,Young,Jennifer
297,Jefferson,Douglas
306,Rios,Rogelio
308,Hartford,Dennis
326,White,Lisa
329,Liptrot,"James,Joanne"
349,Hansen,Scott
355,Andrews,Anna
356,Mccarthy,"John,Cyndi,Eric"
362,Abston,Thomas
364,Krieger,Norma
366,Mcpherson,Jennifer
374,Dean,Jeffrey
377,Hofer,Christopher
386,Loper,Garnet
387,Wynn,Dana
398,Silva,Cynthia
408,Clark,Elaine
413,Cathcart,Mitchell
414,Milner,Dennis
440,Cairns,Andrea
447,Justice,Sara
449,Kenyon,"Frank,Kim"
451,Roderiquez,Michael
453,Weldon,"Eddie,James"
466,Huntley,Anthony
469,Alverez,Kathleen
475,Lambe,Frank
480,Celestine,Patrick
483,Frank,Donald
500,Echard,Adrianne
505,Mooney,Luann
506,Goodwin,Shane
515,Erickson,Kaci
524,Pannell,Pamela
528,Hensley,Yvonne
534,Hays,Rico
548,Cook,"Michael,Anneliese"
565,Hodges,Tina
575,Allen,Vivian
582,Harrison,Margaret
583,Grey,Osvaldo
584,Peet,Lydia
588,Guerrero,William
594,Straight,Anthony
596,Pfaff,"Frank,Robert"
608,Davis,Lou
611,Martin,Jeremy
614,Phillips,Ira
624,Brown,Ricky
626,Hodgkins,Ronnie
638,Wilkerson,Christopher
639,Swanigan,"Charlie,Virginia"
649,Natale,Jason
655,Howell,Frank
659,Johnson,Maxine
676,Link,Felicia
679,Womack,Dallas
688,Almonte,Lucy
694,Johnson,"Barbara,Paul"
706,Feldt,Judy
707,Walls,Jerry
709,Travis,Robert
719,Kelly,Sandra
720,Reyna,Ralph
728,Mulvey,"Carly,Anna"
732,Evans,Ruben
745,Knutson,Kathleen
748,Mcdonald,Andres
765,Lew,Dorothea
772,Babineaux,Joan
775,Glass,Robert
783,Bueckers,Eddie
788,Warren,Jodi
794,Hanson,Ryan
796,Worthey,Cynthia
797,Talley,Mabel
803,Ross,"John,April"
812,Rosa,Carolyn
813,Coward,Robert
818,Brewington,"Veronica,Dolly"
830,Love,Deborah
833,Thomas,Joseph
836,Petti,"Kevin,Jessica"
851,Ramey,"William,Phyllis"
855,Taylor,Florence
881,Blanton,"Jason,Hilda"
883,Sigmon,Mildred
888,Barrett,Tommy
893,Beard,Michael
895,Pursell,Kari
896,Price,Reyna
909,Nichols,Veronica
916,Hayes,Laura
930,Miller,Robert
937,Bohlke,"Laura,Jacob"
942,Francis,Christine
945,Gregg,"Harold,Pamela"
946,Walters,"Roberto,Laura"
949,Moss,"Velva,James"
952,Goldstein,Robert
955,Winstead,Erin
962,Stewart,"Celia,Leonard"
966,Hoff,"Kevin,Toni"
972,Sparks,Amos
981,Turk,"Ruben,Orpha"
984,Mullins,Anna
990,Harbin,Norman
992,Herrera,Douglas
1002,Murrah,James
1022,French,Misty
1036,Mitchell,"Claude,Thomas"
1037,Berenguer,Donnie
1038,Howe,Jay
1041,Watson,Michelle
1047,Whetstone,Benjamin
1048,Morrison,Robert
1058,Eikenberry,"Ronald,Paulette"
1062,Brown,Eugenia
1069,Wells,Adelaide
1075,Willsey,Lorna
1082,Ford,Barbara
1085,Turner,Alvin
1086,Bachelor,Scott
1114,Garcia,Richard
1120,Carter,"William,Sherry"
1123,Germano,Robert
1124,Evans,"Chris,Maribel"
1135,Jackson,Kristie
1138,Shepherd,"Patrice,Joseph"
1152,Marotta,Blanca
1165,Sifuentes,Bernadette
1168,Boyer,Sherry
1169,Brown,John
1171,Szabat,Ken
1173,Pool,"Samuel,Mary"
1174,Rounds,Gerald
1186,Rizvi,Roger
1190,Heavener,"Irvin,Jason"
1198,Melton,Aida
1206,Rudd,David
1214,Cyree,Deborah
1216,Bohannon,Blair
1224,Lewis,Jane
1226,Smith,Paula
1233,Brock,David
1243,Banks,Cindi
1244,Whitfield,Amanda
1246,Dvorak,Kay
1248,Anderson,Christopher
1255,Matesic,Diane
1260,Cornell,"James,Gerald"
1262,Long,Emory
1278,Kornegay,Javier
1279,Keefe,Cathy
1292,Beek,Edwin
1293,Crowder,Aaron
1299,Griffis,Dustin
1304,White,Sylvia
1308,Kartes,"Jessie,Melody"
1334,Reynolds,Stacy
1340,Gray,David
1344,Rasset,Emilio
1348,Oland,Raul
1357,Rust,Bill
1360,Peacock,Gregory
1366,Lester,Carol
1370,Cook,"Michael,Margaret"
1371,Blakes,"Aaron,Velma"
1373,Deare,Kathleen
1416,Mcdaniel,Steve
1418,Klar,Craig
1429,Moreno,Edward
1437,Mcneil,"John,Kelley"
1441,Brown,David
1444,Dickson,Dorothy
1457,Moody,Clair
1463,Jones,Dan
1467,Gohn,Rebecca
1477,Mcneil,Anna
1481,Jenkins,Josie
1482,Harrod,Virginia
1503,Peterson,"John,Mohamed"
1506,Hamm,"Gladys,Jose"
1511,Ager,Jerry
1518,Johnson,Lynn
1519,White,"Amber,Anna"
1523,Hall,Michael
1532,Johnston,Shirley
1538,Givens,"Ruben,Thomas"
1540,Oliveras,Timothy
1559,Pridgeon,Brian
1567,Jones,Ruby
1585,Tancredi,Lucien
1597,Huckleberry,"Irma,Steven"
1607,Cox,Juanita
1614,Craghead,Mattie
1615,Gomez,Jesus
1616,Brown,Rosario
1637,Pettis,"Robin,Herbert"
1646,Mitchell,David
1654,Higgins,Sandra
1665,Mckenzie,Anthony
1672,Abrams,Willie
1674,Stevens,Nathan
1684,Davis,Kelvin
1691,Franklin,John
1708,Kang,Jennifer
1713,Sether,Liza
1728,Nicholas,Bonnie
1735,Richardson,Sidney
1741,Jackson,Richard
1746,Pate,Wm
1754,Thompson,"Dayle,Rodney"
1761,Pena,Marco
1773,Alexander,Kevin
1782,Ferrari,Danny
1785,Gearhart,Marjorie
1795,Lewis,Julie
1806,Byers,Thelma
1810,Mehling,"David,Edward"
1829,Comeau,"Ann,Karen"
1832,Yip,"Mable,Lana"
1835,Aho,Michael
1837,Burgess,"David,Mike"
1860,Ball,Evan
1868,Espinoza,Gary
1872,Fortier,Levi
1873,Clark,Lisa
1891,Erickson,"Karen,Mary"
1896,Vaughn,"Terry,Chad,Cindy"
1910,Hitchcock,Lauren
1911,Corathers,Will
1915,Towry,Edgar
1917,Allen,Robert
1923,Love,"Vicki,Henry"
1938,Samuels,"Ruth,Nicole"
1941,Pinard,Andrew
1951,Baldon,Doris
1952,Schmidt,Brittany
1953,Shouse,Fannie
1955,Wright,Terry
1964,Hollman,"Addie,David"
1966,Privitera,Alva
1973,Aste,Myrle
1980,Hamilton,Carrie
1989,Weber,Maxwell
1993,Baker,Lillian
2003,Oliver,Deborah
2012,Amisano,Steven
2019,Kelling,Isabel
2020,Dobransky,Judith
2021,Stargell,Jason
2032,Atkinson,Violet
2033,Hall,Mary
2034,Smith,Jim
2041,Surdam,Racquel
2046,Ngo,Elizabeth
2047,Perez,Bernard
2053,Greene,Brooke
2058,Pollock,Claudia
2066,Brown,Lorena
2084,Kenely,David
2085,Ricks,Laura
2091,Parker,Michele
2102,Eubank,Minnie
2103,Jones,Fidel
2105,Kivett,Sharon
2112,Lester,"Fern,Michelle,Nancy"
2117,Reyes,"Eileen,John"
2122,Gregg,Tammy
2127,Walsh,Rebecca
2134,Overall,Robert
2146,Becerra,Amanda
2147,Murphy,Candace
2152,Marquez,Glenn
2155,Bell,Eleanor
2177,Williams,"Minh,Jerry,Carlos"
2179,Jorge,"Mary,Charles"
2180,Hooks,Nicole
2181,Mccurdy,Patricia
2182,Josilowsky,Kenneth
2205,Cuadras,Janet
2206,Ingram,Stephanie
2207,Robinson,Rebecca
2213,Hansberry,Leonard
2217,Ford,"Theodore,Danielle"
2227,Jarrard,Ralph
2230,Rodriguez,Kevin
2234,Morris,Ramona
2236,Perry,Joanna
2237,Ogden,"Crystal,Thomas"
2239,Sola,Michael
2244,Shreve,Nathan
2246,Chen,Steven
2251,Cabanilla,"Danielle,Lyle"
2263,Sadler,"Geralyn,Guy"
2265,Taylor,Harold
2266,Erickson,Linda
2270,Tapia,"Eugene,Connie"
2274,Falconio,Damien
2278,Stewart,Larry
2282,Ford,David
2285,Norton,Jeanne
2298,Murrah,Edith
2309,Guignard,Edna
2319,Martin,Juan
2322,Galarza,"Stacey,Elijah,Louis"
2328,Catlett,Susan
2336,Lopez,"Pauline,Patrick"
2345,Sayegh,"Sybil,Roberta"
2352,Johnson,Raquel
2364,Metzler,Elizabeth
2366,Bonner,Laura
2371,Templeton,Elizabeth
2377,Congrove,Gloria
2391,Mcgeever,David
2392,Castillo,Joey
2403,Moore,Wendy
2415,West,"Sharon,Jo"
2432,Holmes,Patricia
2435,Rafferty,Kevin
2445,Walker,Kenneth
2446,Cornell,Carolyn
2450,Grimm,Todd
2464,Colunga,Katrina
2469,Mora,Leigh
2471,Levenstein,Denise
2481,Caraballo,"Patricia,Joseph"
2483,Kanzenbach,Patricia
2493,Moon,Tiffany
2502,Favela,Russell
2517,Brown,Steven
2549,Parker,Levi
2565,Mccoy,Michael
2569,Brown,Tanner
2577,Capone,Stuart
2582,Stimmel,Marvin
2586,Walton,Rose
2591,Payne,William
2603,Mayes,Anne
2604,Vanhuss,Margaret
2612,Tilly,"Bob,Donald"
2625,Reece,George
2636,Dixon,William
2640,Stevens,"Laura,Jack"
2642,Southward,Billy
2647,Hansberry,Ernesto
2651,Kelsey,"Lou,Megan"
2654,Walz,"Ethel,Lauren"
2661,Daniels,Rodney
2664,Li,David
2671,Henry,Cynthia
2673,Ricketts,Mary
2675,Borgman,John
2685,Goldstein,"Kari,Ruby"
2690,Fitzpatrick,Jeffrey
2711,Walker,William
2715,Giannecchini,Rebecca
2722,Costa,Charlene
2725,Aguilar,Adam
2729,Drake,Glenda
2731,Cansler,Todd
2738,Oaks,"Richard,Catherine,Susan"
2743,Guerrero,"Maureen,Jeremiah"
2744,Wilson,Theodore
2755,Mcmahan,Robert
2758,Rosier,"Thomas,Linda"
2760,Walker,Lela
2761,Marquez,Charles
2770,Williamson,Jonathan
2771,Mckinney,Angie
2781,Garrett,"Evan,Mauro"
2794,Jordan,David
2798,Bailey,"Daniel,Mike"
2810,Willbanks,April
2817,Morgan,Clarissa
2821,Mcalpin,Wilson
2832,Ross,George
2847,Brenton,"Malcolm,Angie"
2855,Cadena,Janet
2861,Lee,Henry
2870,Gloss,Bonnie
2882,Fried,Ruby
2890,Bourque,"Gary,Jessica"
2891,Carter,Ronald
2892,Broach,"Paul,Shirley"
2897,Conway,Thomas
2910,Arvizu,Kevin
2914,Cleare,Kendall
2918,Johnson,William
2921,Hines,"Bethany,Loretta"
2940,Almond,Christina
2946,Addington,Alana
2962,Mccoy,Patricia
2965,Kincaid,Joseph
2987,Israel,Cindy
2995,Lopresti,Sonya
0,Brown,Eric
2,Choiniere,Timothy
11,Taylor,Kimberly
12,Williams,"Brian,Glenn"
13,Wright,"Wendy,Jessica"
16,Peters,Margaret
33,Cooper,Marian
37,Charles,"Shara,James"
38,Fair,Clayton
41,Clements,Arnold
47,Keith,Zoila
50,Adamson,William
55,Shellenbarger,"David,Nicolasa"
61,Tate,"Robert,Arturo"
76,Thivierge,David
81,Oliver,Terry
85,Murray,Nancy
88,Mckinley,"Sterling,Jeffrey"
89,Mccutcheon,"Julia,Kareem"
90,Anderson,"William,Joseph"
104,Turner,Dana
108,Dyer,Gabriel
122,Gordon,"Martha,Anna"
132,Williams,Jana
133,Couch,"Marvin,Zita"
151,Smith,Jennifer
153,Reid,Lawrence
158,Odonnell,Jeremy
159,Stabler,Donald
186,Miranda,Anne
204,Springfield,Emory
231,Fraser,"Doris,David"
237,Bennett,Ronald
261,Knight,Laurette
272,Tate,Theresa
274,Miller,James
277,Gunderson,Glenda
286,Mckane,Martha
287,Villanueva,"Mary,Bryce"
295,Young,"Eunice,Jaclyn"
302,Spiller,Ricardo
308,Hartford,James
329,Liptrot,Amy
331,Garafalo,"Maegan,Lois"
334,Schaffer,Herman
355,Andrews,"Jennifer,Cleo"
363,Osborne,Shannon
368,Mcdaniel,Blanche
383,Eason,"Angela,Eric"
384,Davis,Jeanette
386,Loper,Thomas
393,Nelson,"Janel,David"
396,Lupton,Marsha
397,Watlington,Tomas
410,Mcphatter,"John,Patricia"
441,Hughes,Stephanie
447,Justice,Florence
449,Kenyon,Scott
454,Lee,Micheal
457,Jordan,Max
460,Davis,Sharon
461,Willer,Casey
470,Murray,"Martin,Norma"
473,Burge,Lawrence
474,Bernard,John
480,Celestine,"Edgar,Richard"
488,Cohen,Diane
509,Boss,Thomas
512,Cluck,"Misty,Viola"
515,Erickson,Elouise
520,Timms,Kathy
523,Morgan,Kristina
529,Jackson,Sherry
541,Webb,Betty
547,Burlingame,Jerry
565,Hodges,Mary
582,Harrison,Phillip
583,Grey,Harold
588,Guerrero,William
595,Simmons,"Lora,John"
600,Mccauley,Nellie
603,Thompson,"Michael,Donna"
611,Martin,Hazel
614,Phillips,Cheryl
616,Kovach,Barbara
626,Hodgkins,Edgar
646,Norman,Shirley
649,Natale,Fred
650,Teague,Johnny
651,Papineau,Elmer
652,Palen,Grace
655,Howell,George
659,Johnson,My
664,Sigman,Rod
668,Chamberlin,Wesley
676,Link,"Jack,Troy"
678,Goble,Denny
679,Womack,Sharron
681,Copley,Kathleen
688,Almonte,"Caitlin,Martin"
689,Osbourn,"Sarah,Edna"
690,Contreras,Gina
698,Krause,Latonia
705,Bussell,Sue
706,Feldt,"Heather,Jose"
709,Travis,Kathryn
727,Weaver,Eveline
729,Micale,Larry
735,Vivier,Donald
739,Pyle,"David,Ivy,Charlotte"
742,Dupree,Steven
748,Mcdonald,"Patti,Elaine"
750,Lawrence,Michael
752,Guerrero,Glenn
758,Gardner,Stephen
765,Lew,Tammy
772,Babineaux,"Regina,James,Jeannette"
776,Walther,Keely
796,Worthey,Natalie
804,Bonner,Wesley
816,Mcwilliams,Andrew
820,Taylor,Mia
825,Morello,"Stacy,Michele,Robert"
844,Richardson,Robyn
854,Proudfoot,"Alvin,Virginia"
859,Odonnell,"Jerry,Ronald"
865,Wallace,Carmen
881,Blanton,Bonnie
888,Barrett,Samantha
909,Nichols,Alexis
916,Hayes,"Homer,Jim"
926,Tiner,Peter
942,Francis,"Martin,Joseph"
945,Gregg,"Stephanie,Keli"
949,Moss,Allene
975,Durbin,Rita
984,Mullins,Maria
992,Herrera,Anthony
995,Shrader,Lucille
1002,Murrah,Marylou
1010,Calderon,James
1019,Anderson,Monica
1023,Hook,Claude
1025,Paci,Dennis
1029,Mann,Barbara
1035,Thomasson,Albert
1041,Watson,Susan
1044,Thomas,Donald
1046,Ader,Britta
1048,Morrison,Ronald
1049,Marana,Claire
1061,Smith,Jennifer
1063,Mooney,Linda
1069,Wells,"Jessica,Anna"
1071,Walker,Carl
1075,Willsey,Howard
1082,Ford,Bobby
1085,Turner,Heidi
1086,Bachelor,Edward
1093,Riekena,"Charles,Daniel"
1114,Garcia,Ruth
1135,Jackson,Tashina
1162,Dunbar,Lan
1163,Chisholm,David
1168,Boyer,Elizabeth
1169,Brown,"Rosemary,Gary"
1174,Rounds,Debra
1175,Ward,Christina
1178,Robledo,Jimmie
1181,Cassidy,"Gary,Barbara"
1182,Fritz,Douglas
1183,Poche,Susan
1188,Johnson,"James,Edward,Helen"
1190,Heavener,Stephen
1193,Romero,Richard
1198,Melton,Erick
1206,Rudd,Gregory
1214,Cyree,Nicholas
1216,Bohannon,Ethel
1224,Lewis,James
1231,Jordan,Eddie
1243,Banks,Robert
1255,Matesic,Herman
1259,Carter,Darrell
1267,Mejia,Jessie
1268,Davis,Loyd
1273,Hovis,Terry
1277,Wilde,"Audra,Andrew"
1289,Irons,Kenneth
1292,Beek,"Brett,Lee"
1293,Crowder,Megan
1298,Sukhu,Vickie
1299,Griffis,Priscilla
1305,Holt,Mario
1309,Dutcher,Robert
1311,Rosenberg,Hazel
1317,Carr,Mary
1320,Elmore,Luke
1322,Carter,Christopher
1337,Crowe,Terry
1339,Mcwilliams,Kris
1348,Oland,Michael
1349,Wild,Robert
1354,Millet,Eric
1371,Blakes,Melissa
1376,Renn,"Mary,Jerry,Brandon"
1377,Oconner,"Henry,Jerry"
1391,Thomas,Donna
1394,Pereira,Vivien
1398,Hudson,Brad
1399,Neal,Ben
1411,Harris,Thomas
1415,Durfee,Joseph
1416,Mcdaniel,Enid
1418,Klar,Paul
1425,Bendel,Marie
1427,Abner,"Kyle,Chester"
1431,Monaghan,Lisa
1439,Sammons,"Cathy,Candy"
1441,Brown,Theresa
1445,Wyant,Thomas
1450,Stokes,Christina
1457,Moody,Joseph
1477,Mcneil,Diane
1478,Maldonado,John
1482,Harrod,Timothy
1486,Tylman,"Linda,Calvin"
1498,Hassler,Brian
1518,Johnson,David
1529,Castillo,Charles
1531,Szmidt,"Timothy,Barbara"
1535,Crews,Daniel
1538,Givens,Linda
1540,Oliveras,Pauline
1549,Williams,Frank
1553,White,"Carrie,Tina"
1577,Brown,Natasha
1597,Huckleberry,Stephen
1613,Cuozzo,Joseph
1615,Gomez,Glenn
1626,Dillard,Lawrence
1651,Rieke,Michael
1672,Abrams,Chad
1675,Dicarlo,Sara
1684,Davis,Brenda
1696,Scott,Nancy
1710,Mcpherson,Jason
1714,Taylor,"Andrew,Peter"
1721,Riedl,Dolores
1728,Nicholas,"Georgia,Dorothy"
1738,Vanderlinden,"Ernest,Anne"
1744,Hartline,Dennis
1746,Pate,"John,Amanda"
1754,Thompson,Sarah
1761,Pena,Charlene
1770,Atkins,"Lillie,Timothy"
1772,Corbitt,Melvin
1773,Alexander,Marjorie
1782,Ferrari,Priscilla
1784,Brown,"Whitney,Jose"
1785,Gearhart,"Robert,Gerald"
1790,Jackson,"Robert,Brenda"
1810,Mehling,Eddie
1822,Perez,Brenda
1828,Mohammed,Patrice
1832,Yip,Charles
1834,Harrell,Lionel
1841,Mckeeman,Mary
1843,Coryell,Norberto
1852,Bligen,Harlan
1855,Bray,Barbara
1864,Brown,Richard
1867,Waters,Timothy
1868,Espinoza,Annette
1872,Fortier,Christina
1884,Pino,"George,Elizabeth"
1891,Erickson,Joesph
1906,Duffy,Carl
1911,Corathers,Krista
1923,Love,Rick
1930,Williams,Susan
1932,Martinez,"Wesley,Susan"
1935,Williams,Ronald
1948,Roehl,Katherine
1957,Plummer,Patti
1971,Valenzuela,"Charles,Margaret"
1976,Westmoreland,Beverly
1977,Godzik,Marilyn
1989,Weber,Lan
1991,Kadlec,Richard
1996,Murphy,Rhoda
2023,Geoghegan,Perry
2030,Mance,Daryl
2043,Brown,"George,Fannie"
2045,Ruda,Samantha
2046,Ngo,Debra
2047,Perez,Irena
2053,Greene,Bernard
2084,Kenely,Phillip
2106,Nilsen,Vernon
2108,Garcia,Shirley
2111,Moore,John
2114,Brown,Juan
2128,Fontenette,"Roger,Carlos"
2130,Singh,"John,Ricardo"
2134,Overall,Velma
2138,Cloutier,Justin
2144,Villalobos,"Mary,Robert"
2147,Murphy,Briana
2148,Horst,Edwina
2153,Botkin,"Jerome,Simone,Timothy"
2156,Stovall,Dixie
2161,Lundberg,Lucinda
2171,Gamboa,James
2178,Noble,William
2182,Josilowsky,"Ana,Lucille"
2185,Payson,"Linda,Alan,Tanya"
2206,Ingram,Carmela
2207,Robinson,Jeanine
2217,Ford,Tabitha
2218,Garafalo,Claude
2219,Owen,Hazel
2227,Jarrard,Vernon
2231,David,Lillie
2237,Ogden,Kay
2240,Hatley,Judith
2243,Sherrill,Marjorie
2246,Chen,Marjorie
2266,Erickson,Crystal
2276,Pein,"Becky,Rosemary"
2282,Ford,"Mae,Nancy"
2285,Norton,Angela
2309,Guignard,John
2319,Martin,Alexander
2328,Catlett,Roger
2330,Garcia,Madeline
2350,Strickland,Bryce
2363,Atkinson,Dolores
2366,Bonner,"Joseph,Leona"
2377,Congrove,Norman
2385,Hunt,Jeffrey
2392,Castillo,"Mary,Geraldine"
2393,Hostetler,Edwin
2395,Edwards,"John,Laurie"
2403,Moore,"Richard,Carolyn"
2446,Cornell,Thomas
2451,Bradley,Wesley
2453,Fontenot,"Maria,Eva"
2464,Colunga,"Mark,Lucia"
2467,Cummings,Derek
2474,Yeates,Ruby
2475,Hunt,Tammy
2477,Whitten,"Phillip,John"
2478,Wall,James
2491,Erdman,Miguel
2493,Moon,Shani
2494,Hawks,"Gwendolyn,Lavonda"
2497,Nichell,Richard
2504,Vallejos,Esther
2517,Brown,George
2518,Graves,Bertha
2520,Forsythe,Edith
2546,Inman,Rose
2549,Parker,Amy
2554,Hayter,Joyce
2557,Murphy,"Kimberly,Jamie,Herman"
2567,Meehan,Joshua
2569,Brown,"Ronnie,John"
2577,Capone,Eric
2582,Stimmel,Jeannie
2586,Walton,Thomas
2591,Payne,"Jay,Margaret"
2595,Humphries,Benjamin
2598,Lewis,"Stephanie,Carmela"
2601,Simas,Abraham
2610,Kelly,"Paul,Kevin"
2612,Tilly,Joseph
2626,Gregory,Nancy
2642,Southward,Dennis
2647,Hansberry,Martha
2653,Cole,Jose
2655,Zeigler,"Susan,Laverna"
2664,Li,Norma
2673,Ricketts,"Joan,James"
2674,Dalton,Florence
2675,Borgman,Dee
2685,Goldstein,Chester
2696,Eggleston,Carl
2710,Bowman,"Leann,Don,Steven"
2711,Walker,Inez
2715,Giannecchini,Carl
2722,Costa,"Sylvia,Thomas"
2724,Willis,Donna
2725,Aguilar,"Connie,Jasmin"
2743,Guerrero,Amy
2755,Mcmahan,"Arnold,Everett"
2757,Upchurch,Regina
2760,Walker,Brittanie
2775,Lindsey,Aleen
2787,Roark,Sandra
2791,Kneip,Nancy
2800,Cottman,Yolanda
2803,Campbell,Elisabeth
2804,Mcadams,Joseph
2810,Willbanks,"Manuel,Charles"
2821,Mcalpin,Mary
2832,Ross,"Michael,Donald"
2843,Oneill,Richard
2848,Jones,Jonathan
2870,Gloss,Gloria
2877,Hulbert,Jack
2882,Fried,Thomas
2892,Broach,Kitty
2901,Truelove,Leslie
2906,Travis,Richard
2907,Smith,Sharon
2914,Cleare,"Theodore,Robert"
2922,Heier,Warren
2931,Bland,Ella
2939,Amundson,Betty
2943,Frisbie,Edna
2944,Nekola,Luella
2976,Thalls,Robert
2981,Lynch,Matthew
2989,Dewitt,"Andrea,Joseph"
2998,Wallace,Daniel
