ID,Family Name,First Name
1002,Murrah,Jose
649,Natale,Beatrice
830,Love,Kimberly
1002,Murrah,Manuel
830,Love,John
1048,Williams,Barbara
1048,Davenport,Barbara
1048,Morrison,Barbara
649,Natale,Jason
830,Love,Tyler
649,Natale,Jason
830,Love,Deborah
1002,Murrah,James
1048,Williams,Robert
1048,Davenport,Robert
1048,Morrison,Robert
649,Natale,Fred
1002,Murrah,Marylou
1048,Williams,Ronald
1048,Davenport,Ronald
1048,Morrison,Ronald
21,Williams,William
22,Esquivez,Jon
22,Osterstuck,Jon
23,Sanchez,Jon
28,Powers,George
30,Carson,Leroy
30,Carson,Jordan
47,Judkins,Anne
48,Reeb,Moira
54,Gonzalez,Stevie
54,Ragland,Stevie
55,Coxon,Tianna
57,Clinton,Edna
57,Ibrahim,Edna
57,Clinton,Marie
57,Ibrahim,Marie
68,Crisafi,Leann
68,Busch,Leann
75,Cooper,Leroy
75,Love,Leroy
75,Cooper,Margarita
75,Love,Margarita
106,Dierking,Marian
113,Watts,Paul
113,Cabler,Paul
129,Wayne,Bill
129,Wayne,Ana
132,Shockley,Krystal
153,Yoon,Ruth
156,Sterrett,Michael
160,Mitchel,Frederick
160,Mitchel,Heather
172,Torres,Robert
188,George,Eloise
190,Rehm,Kindra
190,Whaley,Kindra
201,Hendryx,Bonnie
201,Brown,Bonnie
201,Hendryx,David
201,Brown,David
220,Miller,Edward
220,Miller,Robert
239,Armstrong,Raymond
243,Murray,Robert
252,Crumm,Krystal
264,Null,Patsy
264,Null,Gary
268,Harper,Belinda
268,Harper,Jennifer
282,Snowden,Mitchell
295,Bates,Jennifer
299,Jenner,Ashley
299,Baez,Ashley
306,Richardson,Rogelio
306,Negrete,Rogelio
317,Baker,Teresa
322,Prater,Barry
333,Kirtley,Donald
333,Kirtley,Katherine
340,Schmucker,Charlene
346,Bekerman,Esteban
349,Varner,Scott
349,Fitzgerald,Scott
353,Peterson,Jaime
362,Weigel,Thomas
364,Mosher,Norma
366,Sawyer,Jennifer
369,Hernandez,Faith
373,Jones,Raymond
373,Smith,Raymond
374,Roberts,Jeffrey
398,Doyle,Cynthia
398,Sanders,Cynthia
408,Taylor,Elaine
413,Stack,Mitchell
418,Deck,Jennifer
418,Nixon,Jennifer
431,Capps,Violet
445,Marcum,Jose
447,Veach,Sara
463,Lowery,Michelle
466,Salimi,Anthony
466,Goodale,Anthony
480,Larson,Patrick
483,Beauprez,Donald
486,Thompson,Henry
495,Gantt,Carlota
498,Litaker,Jose
514,Ross,Vernon
521,Earheart,Jay
524,Bright,Pamela
524,Chesley,Pamela
532,Hart,Lucy
532,Cadwell,Lucy
554,Mcfadden,Darrell
563,Lee,Mary
564,Mccoy,Andy
564,Qualls,Andy
577,Mayes,Maria
577,Fortier,Maria
577,Mayes,Becky
577,Fortier,Becky
583,Mccurdy,Osvaldo
591,Breden,Michael
607,Fry,Brian
611,Lum,Jeremy
613,Lasure,Samantha
619,Sanpedro,Lisa
619,Hendon,Lisa
624,Carter,Ricky
629,Bernabe,Kevin
638,Hernandez,Christopher
658,Vedder,Judy
665,Hausner,Norman
674,Shores,Christian
674,Cooper,Christian
679,Geer,Dallas
693,Harris,Alaina
694,Corbett,Barbara
694,Corbett,Paul
708,Milton,George
744,Mcgee,Angela
746,Robinson,Dorothy
746,Robinson,Michele
751,Willey,Frances
751,Overshown,Frances
751,Willey,Rebekah
751,Overshown,Rebekah
754,Koski,Sheri
764,Boggioni,Kelly
765,Howard,Dorothea
769,Neer,Paul
772,Goggin,Joan
775,Murphy,Robert
775,Dover,Robert
783,Elliot,Eddie
783,Sokol,Eddie
788,Thompson,Jodi
794,Licursi,Ryan
801,Lopez,Gertrude
802,Brown,Joseph
813,Morton,Robert
815,Perez,Wendy
818,Chouteau,Veronica
818,Chouteau,Dolly
819,Montoya,Linda
819,Thompson,Linda
819,Montoya,Chuck
819,Thompson,Chuck
833,Killian,Joseph
836,Vanvleck,Kevin
836,Vanvleck,Jessica
861,Sandridge,Jean
869,White,Cathleen
874,Bailey,Maria
878,Sheridan,David
878,Couto,David
878,Sheridan,Ronald
878,Couto,Ronald
878,Sheridan,Jeffrey
878,Couto,Jeffrey
882,Rabello,Gloria
883,Slostad,Mildred
884,Bass,Patti
885,Stroope,Gregory
886,Johnson,Jeffrey
890,Staten,Steven
890,Staten,Steve
890,Staten,Matthew
892,Damour,Gail
896,Wasson,Reyna
901,Paradiso,Daisy
901,Kimber,Daisy
905,Gravitt,David
908,Roberts,Richard
908,Roberts,Rogelio
917,Smith,Michael
918,Poulton,Aaron
918,Poulton,Craig
919,Little,Dorothy
922,Cole,Dina
937,Brown,Laura
937,Brown,Jacob
941,Blomdahl,Jesse
943,Sussman,Steven
945,Mcchriston,Harold
945,Mcchriston,Pamela
949,Fry,Velva
949,Thompson,Velva
949,Fry,James
949,Thompson,James
952,Garabedian,Robert
962,Crawford,Celia
962,Crawford,Leonard
966,Marrara,Kevin
966,Marrara,Toni
969,Lucero,Earl
969,Lucero,Stephen
989,Meier,Jena
990,Pledger,Norman
994,Roth,Clara
994,Roth,Geneva
996,Taliaferro,Hazel
1032,Lisonbee,Billy
1036,Mcdowell,Claude
1036,Mcdowell,Thomas
1038,Root,Jay
1041,Roden,Michelle
1058,Williams,Ronald
1058,Williams,Paulette
1069,Daniels,Adelaide
1077,Gleason,Stephanie
1079,Wilson,Margaret
1085,Gould,Alvin
1090,Williams,Lisa
1097,Arcos,Steven
1109,Gibson,Lula
1117,Brown,Ronnie
1123,Wingfield,Robert
1124,Norton,Chris
1124,Norton,Maribel
1128,Rust,Sandra
1128,Rust,Donovan
1129,Fouse,Faye
1135,Monroy,Kristie
1138,Verkamp,Patrice
1138,Verkamp,Joseph
1143,Castillo,Richard
1143,Castillo,Robert
1144,Oconnell,Pauline
1154,Green,William
1158,Pfeiffer,Alice
1171,Casares,Ken
1172,Hughes,George
1173,Burke,Samuel
1173,Burke,Mary
1179,Forget,Alice
1179,Forget,Jonathan
1203,Hayes,Howard
1203,Frink,Howard
1210,Eckloff,Mary
1213,Puckett,Lora
1213,Johnson,Lora
1221,Witherspoon,Nina
1224,Green,Jane
1227,Whitney,James
1228,Leiva,Reed
1228,Leiva,Lauren
1237,Newman,Michael
1246,Forcier,Kay
1248,Pujols,Christopher
1253,Petree,Annette
1253,Cox,Annette
1282,Pacheco,William
1288,Collins,Mae
1291,Cobb,Naomi
1293,Boatner,Aaron
1293,Gillick,Aaron
1308,Mayo,Jessie
1308,Mayo,Melody
1325,Hill,Paul
1325,Ewings,Paul
1329,Watson,Randolph
1334,Williams,Stacy
1341,Widera,Rachel
1345,Johnson,Jodie
1345,Cowley,Jodie
1351,Herndon,Jennifer
1353,Swan,Jean
1362,Martin,Carol
1362,Martin,Marilyn
1363,Mcgraw,Cynthia
1363,Mcgraw,Brittany
1366,Carlone,Carol
1366,Adam,Carol
1368,Cooke,Joseph
1378,Russell,Erica
1404,Renzi,Christopher
1404,Renzi,Kenneth
1407,Brandon,Joann
1409,Parker,Eugene
1409,Parker,Eugene
1418,Benton,Craig
1430,Nase,Jack
1436,Munson,Joseph
1436,Munson,Anthony
1443,Monat,Drew
1444,Hughs,Dorothy
1449,Liu,Matthew
1455,Goodwin,Lonnie
1455,Seay,Lonnie
1456,Olson,Robert
1457,Coleman,Clair
1463,Reeves,Dan
1476,Green,Deborah
1479,Marino,Marvin
1482,Channell,Virginia
1482,Wells,Virginia
1495,Bank,Nicole
1495,Bank,Pamela
1496,Stanley,Shane
1503,Lane,John
1503,Lane,Mohamed
1521,Porat,Tom
1523,Barry,Michael
1538,Dyas,Ruben
1538,Dyas,Thomas
1540,Wilkinson,Timothy
1554,Wallace,Julie
1559,Sawyers,Brian
1574,Hoskins,Delores
1584,Harris,Maria
1602,Raynor,Dorothy
1607,Johnson,Juanita
1616,Ochoa,Rosario
1623,Riggins,Maria
1624,Butler,Clifford
1624,Mortensen,Clifford
1636,Osei,Belinda
1637,Penttila,Robin
1637,Penttila,Herbert
1645,Rogers,Kimberly
1646,Cook,David
1652,Rusko,Rudolph
1660,Reyes,Roger
1674,Jone,Nathan
1679,Jones,William
1685,Cupit,Gerard
1691,Arce,John
1712,Ellis,Isabella
1712,Ellis,Charles
1722,Harris,Barbara
1722,Williams,Barbara
1739,Hurst,Christine
1754,Natonabah,Dayle
1754,Natonabah,Rodney
1761,Hayes,Marco
1761,Roddy,Marco
1765,Harper,Brenda
1769,Meeks,Angel
1774,Dodson,Keesha
1774,Dodson,Elizabeth
1777,Rawlings,Darren
1777,Hopkins,Darren
1782,Bacon,Danny
1787,Jageman,Patricia
1787,Amato,Patricia
1787,Cartright,Patricia
1792,Wells,Roosevelt
1810,Ngo,David
1810,Ngo,Edward
1814,Ozga,Gerald
1814,Ozga,Cheryl
1816,Brown,Joel
1824,Chiang,Vince
1831,Biro,Jacquelin
1831,Lucchesi,Jacquelin
1838,Baird,Johnny
1838,Baird,Margaret
1848,Harms,Adrienne
1854,Carter,Amanda
1860,Jones,Evan
1862,Davis,Janet
1862,Davis,Cruz
1868,Hickmon,Gary
1891,Samuel,Karen
1891,Parks,Karen
1891,Samuel,Mary
1891,Parks,Mary
1892,Syphers,Joann
1897,Mortell,Daryl
1902,Zenz,Quinn
1904,Lizardi,Barbara
1922,Bauer,Robin
1923,Campbell,Vicki
1923,Campbell,Henry
1931,Green,Gerald
1931,Thomas,Gerald
1936,Witek,David
1952,Bowman,Brittany
1952,Diercks,Brittany
1954,Petit,Elizabeth
1965,Valdes,Erica
1966,Gentile,Alva
1979,Kato,Deanne
1989,Wulff,Maxwell
2004,Burns,Terri
2009,Grantham,Loan
2025,Conway,Brian
2025,Conway,Robert
2029,Cecchini,Leo
2034,Phillips,Jim
2046,Eland,Elizabeth
2051,Kidd,Norman
2053,Sanmiguel,Brooke
2079,Gable,Megan
2079,Gable,Steven
2085,Arnold,Laura
2093,Ball,Frieda
2102,Elrod,Minnie
2102,Clyde,Minnie
2121,Daniels,Greg
2121,Bender,Greg
2132,Byard,Margaret
2132,Byard,Greta
2134,Smith,Robert
2137,Manley,Roscoe
2141,Jordan,Jodie
2146,King,Amanda
2147,Mingus,Candace
2147,Foster,Candace
2157,Fowler,Scott
2181,Hernandez,Patricia
2182,Ward,Kenneth
2196,Knox,Jennifer
2201,Smith,Cornelia
2201,Smith,Bertha
2204,Nation,Calvin
2208,Mancine,John
2208,Oday,John
2213,Jeffries,Leonard
2221,Harris,Crystal
2230,Hernandez,Kevin
2239,Aaron,Michael
2263,Friedman,Geralyn
2263,Friedman,Guy
2266,Higgin,Linda
2268,White,Kathleen
2268,Meyers,Kathleen
2270,Trowbridge,Eugene
2270,Trowbridge,Connie
2271,Huseby,Leon
2274,Roberts,Damien
2277,Casparian,Brian
2279,Steele,Natalie
2285,Moore,Jeanne
2287,Schneeman,Laura
2291,Rivas,Sharon
2292,Evans,Keven
2295,Yoder,Louise
2295,Mullis,Louise
2297,Ransom,Marie
2304,Rainey,Alice
2314,Mixon,Sammy
2314,Mixon,Ruth
2319,Nicholson,Juan
2326,Moran,Donald
2328,Holbrook,Susan
2333,Thompson,Allie
2333,Hou,Allie
2333,Thompson,Tanisha
2333,Hou,Tanisha
2337,Tran,Herschel
2337,Wright,Herschel
2337,Tran,Nathaniel
2337,Wright,Nathaniel
2344,Stollings,Katrina
2358,Baker,Natasha
2358,Baker,Magdalena
2364,Mccarville,Elizabeth
2368,Grissom,Imogene
2380,Perras,Donald
2380,Clauson,Donald
2396,Sartain,Carmen
2398,Dupre,Lance
2398,Thomas,Lance
2398,Butz,Lance
2398,Dupre,Barbara
2398,Thomas,Barbara
2398,Butz,Barbara
2403,Meyer,Wendy
2404,Neidecker,Marianne
2404,Neidecker,Ida
2407,Snider,Judy
2412,Mejia,Ellen
2419,Vessey,Anna
2419,Vessey,Twila
2419,Vessey,Jennifer
2423,Brewer,Marvin
2423,Ballard,Marvin
2433,Sowl,Nicole
2433,Evans,Nicole
2436,Fischer,Kenneth
2436,Harper,Kenneth
2438,Reed,Herman
2438,Reed,Paul
2439,Brown,Ryan
2444,Martinez,Jeffrey
2485,Watkins,Michele
2486,Jastrebski,Daniel
2486,Jastrebski,Mary
2490,Bush,Beverly
2490,Bush,Alexander
2517,Davis,Steven
2524,Smith,Marvin
2524,Smith,Joann
2527,Williams,Joseph
2574,Carney,Mary
2577,Mottillo,Stuart
2586,Allen,Rose
2592,King,Charles
2594,Ball,Amanda
2594,Reagan,Amanda
2594,Davis,Amanda
2594,Ball,Terry
2594,Reagan,Terry
2594,Davis,Terry
2599,Holston,Kelly
2599,Holston,Daniel
2603,Longoria,Anne
2604,Branch,Margaret
2605,Cokely,Mary
2609,Moree,Donald
2609,Stovall,Donald
2622,West,Jeff
2622,West,Glenda
2623,Castello,Francis
2625,Peterson,George
2625,Buchanan,George
2625,Glover,George
2632,Haigh,Charles
2644,Jones,Paul
2644,Mclain,Paul
2664,Dejohn,David
2671,Nordin,Cynthia
2672,Johnson,Dale
2673,Finke,Mary
2675,Hardister,John
2675,Dawson,John
2676,Taggart,Cody
2676,Taggart,Kyle
2680,Deboer,Rebecca
2680,Cruz,Rebecca
2680,Clerc,Rebecca
2685,Riggins,Kari
2685,Riggins,Ruby
2686,Sullivan,Magda
2686,Tackitt,Magda
2690,Jennings,Jeffrey
2702,Guy,Brenda
2702,Dupes,Brenda
2706,Root,Warren
2706,Glenn,Warren
2708,Dotson,Donald
2712,Barnett,Mark
2717,Patterson,Annette
2723,Buhl,Carolyn
2733,Lewis,Warren
2733,Camp,Warren
2734,Hankins,Eddie
2743,Geib,Maureen
2743,Geib,Jeremiah
2744,Owens,Theodore
2755,Gercak,Robert
2758,Watson,Thomas
2758,Watson,Linda
2770,Radley,Jonathan
2771,Vicini,Angie
2772,Hatch,Gaye
2786,Stewart,Lillian
2789,Mcrae,Michael
2789,Mcrae,John
2794,Gardner,David
2811,Deas,Milton
2817,Miller,Clarissa
2818,Williamson,Sharon
2827,Kidd,Jeremy
2827,Kidd,Terry
2831,Mcgee,Tina
2831,Bowden,Tina
2835,Fisher,Alfred
2835,Mitchell,Alfred
2835,Fuller,Alfred
2847,Blatz,Malcolm
2847,Blatz,Angie
2857,Wideman,Timothy
2858,Scrudato,Scott
2859,Willoughby,Andrea
2869,Sheffer,Jane
2873,Crawford,Jenelle
2882,Holloway,Ruby
2885,Sterling,Mary
2888,Smith,Elizabeth
2891,Weese,Ronald
2892,Justiss,Paul
2892,Justiss,Shirley
2905,Rosseau,Kyle
2910,Holland,Kevin
2916,Vaughn,Mark
2924,Fleury,Mary
2929,Shutt,Ronald
2936,Powell,Susan
2937,Cox,Tami
2941,Garcia,Wade
2946,Dorsey,Alana
2982,Alvarez,Carol
2982,Weaver,Carol
2983,Thielman,Suzanne
10,Chin,Rita
16,Ayers,Wilbert
23,Richardson,Jon
30,Vanwormer,Leroy
30,Vanwormer,Jordan
45,Haddad,Kristina
47,Singer,Anne
55,Batres,Tianna
60,Miranda,Lorene
66,Wright,Arlene
68,Streb,Leann
71,Wasinger,Sheila
71,Wasinger,Misty
78,Riso,Kathleen
78,Riso,Pamela
89,Swanson,Tara
94,Rosales,Virginia
97,Powell,Dale
97,Scott,Dale
106,Dudley,Marian
113,Pewitt,Paul
113,Levasseur,Paul
118,Miller,Dawn
129,Waldron,Bill
129,Waldron,Ana
153,Walker,Ruth
159,Mcfarland,Edward
159,Leon,Edward
172,Hill,Robert
180,Settle,Paula
182,Kirsch,Precious
184,Somogyi,Amy
188,Eglinton,Eloise
191,Fuhrman,Valerie
191,Reichert,Valerie
195,Chivers,Michael
195,Chivers,Kari
195,Chivers,Rosa
196,Sanders,Jessie
211,Reyes,Cindy
211,Reyes,Kim
220,Mcbride,Edward
220,Mcbride,Robert
230,Clemente,Kathy
232,Lanasa,Patty
237,Bacon,Rodney
243,Fox,Robert
260,Bryant,Debra
282,Flens,Mitchell
282,Jagger,Mitchell
285,Frazier,Danny
285,Frazier,Courtney
287,Polston,Clarence
297,Williams,Douglas
308,Skinner,Dennis
322,Valdovinos,Barry
333,Weidner,Donald
333,Randolph,Donald
333,Weidner,Katherine
333,Randolph,Katherine
340,Marsh,Charlene
354,Lee,Tameika
354,Lee,Anne
355,Braun,Anna
356,Mccain,John
356,Mccain,Cyndi
356,Mccain,Eric
357,Larson,David
357,Elkins,David
362,Baver,Thomas
369,Scharmer,Faith
370,Mccarroll,Mayra
370,Heald,Mayra
378,Bair,Deb
378,Russ,Deb
386,Starr,Garnet
387,Starr,Dana
399,Mccormick,Ashley
400,Pikula,Penny
406,Ullery,Janet
408,Bonney,Elaine
415,Cromartie,John
415,Cromartie,Susan
418,Long,Jennifer
427,Brown,Shelly
431,Nelson,Violet
440,Chatman,Andrea
446,Hudson,Rose
464,Wyatt,Tony
465,Mitchell,Jeffrey
465,Wylam,Jeffrey
465,Mitchell,Kristin
465,Wylam,Kristin
466,Maymi,Anthony
467,Haywood,Kelly
467,Haywood,Jack
475,Germon,Frank
495,Cheung,Carlota
505,Stewart,Luann
521,Edwards,Jay
534,Ferris,Rico
543,Martin,Mario
543,Martin,Jo
548,Gully,Michael
548,Gully,Anneliese
555,Hedger,Charles
555,Dorman,Charles
578,Schrandt,Elizabeth
596,Whitley,Frank
596,Whitley,Robert
601,Crate,Michelle
607,Torres,Brian
608,Kirby,Lou
614,Spueler,Ira
636,Morris,Blake
636,Bowens,Blake
636,Lennox,Blake
636,Morris,Dale
636,Bowens,Dale
636,Lennox,Dale
636,Morris,Melissa
636,Bowens,Melissa
636,Lennox,Melissa
657,Bell,Giovanni
675,Gardener,Charles
693,Lopez,Alaina
696,Albright,Gene
696,Peterson,Gene
696,Albright,William
696,Peterson,William
699,Rudolph,James
699,Rudolph,Andrea
706,Huebner,Judy
707,Ruffin,Jerry
709,Hayes,Robert
717,Arnold,Jean
718,Finch,Efrain
718,Mccormick,Efrain
725,Lamarre,David
726,Kim,Pauline
728,Martin,Carly
728,Martin,Anna
733,Ramirez,May
740,Watson,Tabitha
740,Watson,Robert
744,Stone,Angela
744,Ellis,Angela
746,Westlund,Dorothy
746,Scott,Dorothy
746,Westlund,Michele
746,Scott,Michele
751,Delgado,Frances
751,Delgado,Rebekah
766,Villicana,John
772,Castano,Joan
774,Ibarra,Nathaniel
785,King,Larry
790,Cushing,Brittany
791,Meyer,Andrew
813,Rodkey,Robert
815,Quezada,Wendy
815,Vargas,Wendy
818,Mccarthy,Veronica
818,Mccarthy,Dolly
819,Neal,Linda
819,Neal,Chuck
836,Carnahan,Kevin
836,Carnahan,Jessica
861,Wright,Jean
878,Owens,David
878,Owens,Ronald
878,Owens,Jeffrey
884,Morales,Patti
893,Tuholski,Michael
893,Thompson,Michael
903,Montgomery,Megan
905,Grams,David
909,Grunder,Veronica
914,Daugherty,Rachel
916,Jenkins,Laura
917,King,Michael
917,Tartaglione,Michael
922,Campbell,Dina
924,Bowe,Dale
931,Martell,Nicole
932,Daniels,Stephen
945,Johnson,Harold
945,Johnson,Pamela
946,Ellinger,Roberto
946,Ellinger,Laura
952,Byrd,Robert
956,Thomas,Rocco
969,Kelch,Earl
969,Kelch,Stephen
977,Council,Bessie
984,Yawn,Anna
986,Benson,Colin
990,Glassman,Norman
991,Cardenas,Henry
994,Marinez,Clara
994,Marinez,Geneva
1004,Barker,Tony
1021,Ovalle,Edwin
1032,Morris,Billy
1042,Schwartz,Joseph
1058,Daniels,Ronald
1058,Debuhr,Ronald
1058,Daniels,Paulette
1058,Debuhr,Paulette
1075,Reed,Lorna
1076,Burns,Geraldine
1076,Bishop,Geraldine
1077,Miller,Stephanie
1079,Alvarado,Margaret
1080,Wester,Thelma
1080,Wester,Marcia
1082,Johnson,Barbara
1086,Cowan,Scott
1096,Witham,John
1097,Pooley,Steven
1098,Williams,Marie
1098,Denk,Marie
1098,Williams,Fred
1098,Denk,Fred
1110,Wick,Gordon
1120,Moore,William
1120,Moore,Sherry
1128,Holland,Sandra
1128,Holland,Donovan
1137,Williams,Lee
1137,Summers,Lee
1143,Reilly,Richard
1143,Reilly,Robert
1169,Yenz,John
1171,Moore,Ken
1174,Campbell,Gerald
1176,Schrader,Tammy
1179,Taylor,Alice
1179,Taylor,Jonathan
1190,Wight,Irvin
1190,Wight,Jason
1203,Tew,Howard
1210,Page,Mary
1214,Davis,Deborah
1223,Page,Rosa
1225,Burkhart,Carmen
1225,Burkhart,Lily
1225,Burkhart,Michael
1226,Evans,Paula
1228,Fairchild,Reed
1228,Imes,Reed
1228,Fairchild,Lauren
1228,Imes,Lauren
1243,Digregorio,Cindi
1246,Blaise,Kay
1246,Emery,Kay
1248,Edwards,Christopher
1260,Smith,James
1260,Smith,Gerald
1264,Wagner,Andres
1282,Devoy,William
1291,Powers,Naomi
1292,Foster,Edwin
1293,Regan,Aaron
1299,Kragt,Dustin
1304,Flenory,Sylvia
1321,Williams,Terry
1324,Bumgardner,Theodore
1325,Petty,Paul
1334,Hunte,Stacy
1340,Lowry,David
1341,Vale,Rachel
1341,Twombley,Rachel
1351,Bove,Jennifer
1356,Caldwell,Kerry
1357,Good,Bill
1362,Sugg,Carol
1362,Sugg,Marilyn
1371,Ipock,Aaron
1371,Ipock,Velma
1400,Thompson,Bettie
1400,Cormier,Bettie
1404,Sagar,Christopher
1404,Sagar,Kenneth
1436,Ruiz,Joseph
1436,Ruiz,Anthony
1441,Gerecke,David
1443,Goehring,Drew
1462,Montgomery,Rosie
1462,Nielsen,Rosie
1462,Hickey,Rosie
1467,Thomas,Rebecca
1470,Ramos,Anne
1474,Jones,Tamara
1477,Long,Anna
1495,Gandy,Nicole
1495,Gandy,Pamela
1511,Roach,Jerry
1519,Goodson,Amber
1519,Goodson,Anna
1522,Fraley,Cheryl
1545,Perez,Lisa
1566,Mattern,Brian
1580,Nordman,Donald
1593,Jones,William
1593,Cromwell,William
1593,Linton,William
1595,Cracchiolo,Deloris
1595,Farrell,Deloris
1596,Benefield,Hazel
1596,Scrudato,Hazel
1602,Allen,Dorothy
1606,Montgomery,Helen
1614,Mcdowell,Mattie
1617,Roberts,James
1621,Yong,Carl
1623,Mcgee,Maria
1624,Estrada,Clifford
1628,Steller,Kimberly
1633,Ulatowski,Mary
1636,Aadland,Belinda
1636,Manns,Belinda
1645,Mcminn,Kimberly
1654,Avery,Sandra
1660,Lopez,Roger
1684,Murray,Kelvin
1687,French,Ronald
1687,Salano,Ronald
1687,Denger,Ronald
1687,French,Liana
1687,Salano,Liana
1687,Denger,Liana
1687,French,Thomas
1687,Salano,Thomas
1687,Denger,Thomas
1699,Johnston,Edwin
1699,Johnston,Brad
1700,Toan,Elizabeth
1708,Brown,Jennifer
1713,Kaylor,Liza
1717,Fuentes,Clyde
1717,Horton,Clyde
1717,Fuentes,Carson
1717,Horton,Carson
1728,Mclaughlin,Bonnie
1728,Howell,Bonnie
1731,Melendez,Maureen
1741,Meadows,Richard
1741,Jones,Richard
1746,Morales,Wm
1748,Cooper,Shawn
1753,Fortunato,Wanda
1753,Fortunato,Carol
1754,Debarge,Dayle
1754,Debarge,Rodney
1761,Smith,Marco
1763,Ballew,Debbie
1774,Anderson,Keesha
1774,Anderson,Elizabeth
1775,Tagliarini,Michael
1775,Smith,Michael
1783,Stremming,Harry
1783,Stremming,Shirley
1785,Sevier,Marjorie
1792,Cavanagh,Roosevelt
1801,Kitchens,Judy
1801,Eplin,Judy
1814,Hickey,Gerald
1814,Hickey,Cheryl
1815,Weaver,Lorie
1831,Thompson,Jacquelin
1835,Kaplan,Michael
1839,Culbreath,Ross
1839,Douthit,Ross
1846,Nine,Katherine
1846,Riffe,Katherine
1853,Wolff,Kelsi
1853,Agrela,Kelsi
1885,Cross,Elda
1892,Lewis,Joann
1910,Whelton,Lauren
1914,Aguilar,Russell
1916,Daniel,Luther
1941,Wangberg,Andrew
1941,Brennan,Andrew
1949,Brown,Barbara
1955,Robinson,Terry
1960,Hapke,Maria
1962,Rocha,Kim
1962,Shook,Kim
1963,Warner,John
1964,Valencia,Addie
1964,Valencia,David
1965,Sawyer,Erica
2001,Conrad,Vivian
2004,Schwing,Terri
2016,Robertson,Jeffrey
2018,Raymo,Mary
2018,Honeycutt,Mary
2018,Barnes,Mary
2018,Raymo,Frank
2018,Honeycutt,Frank
2018,Barnes,Frank
2020,Gibson,Judith
2021,Johnson,Jason
2021,Rockwood,Jason
2038,Dewees,Yong
2040,King,Marlene
2047,Richardson,Bernard
2047,Johnson,Bernard
2065,Appleton,Jon
2076,Heft,Suzan
2079,Leahy,Megan
2079,Leahy,Steven
2087,Hollinger,Gavin
2090,Harris,Mary
2091,Chaffin,Michele
2097,Hinds,Patricia
2097,Hinds,Jeffrey
2098,Parish,Barbara
2098,Parish,Faustino
2105,Ingersoll,Sharon
2117,Dunigan,Eileen
2117,Dunigan,John
2120,Parson,Denise
2122,Donaldson,Tammy
2129,Stinnett,Kevin
2131,Mason,Constance
2132,Steed,Margaret
2132,Steed,Greta
2133,Hughey,Wanda
2146,Wallace,Amanda
2147,Rios,Candace
2154,Benge,Wayne
2155,Tracy,Eleanor
2158,Dunkel,Eduardo
2168,Sims,Robert
2168,Cox,Robert
2168,Jimenez,Robert
2182,Hartz,Kenneth
2201,Lee,Cornelia
2201,Lee,Bertha
2202,Silva,Daniel
2206,Haitz,Stephanie
2210,Williams,Charles
2232,Brown,Michael
2242,Guardado,Pat
2246,Kreidel,Steven
2251,Broenneke,Danielle
2251,Broenneke,Lyle
2262,Darnley,Marva
2267,Beckstead,Johnny
2267,Beckstead,George
2279,Wagner,Natalie
2280,Sylvia,Elvina
2281,Eberheart,Omar
2287,Thornton,Laura
2291,Johnson,Sharon
2304,Rivera,Alice
2320,Banks,Gene
2325,Loffelbein,Mary
2333,Mast,Allie
2333,Mast,Tanisha
2336,Mireles,Pauline
2336,Mireles,Patrick
2338,Esposito,Elizabeth
2343,Garcia,Fred
2344,Jones,Katrina
2345,Bryson,Sybil
2345,Bryson,Roberta
2352,Deguire,Raquel
2371,Gage,Elizabeth
2373,Ramer,John
2391,Riina,David
2392,Mccrae,Joey
2394,Seabolt,Phyllis
2404,Duke,Marianne
2404,Fowler,Marianne
2404,Duke,Ida
2404,Fowler,Ida
2412,Lozoya,Ellen
2419,Woodley,Anna
2419,Woodley,Twila
2419,Woodley,Jennifer
2421,Fleming,Claudia
2421,Downes,Claudia
2421,Oneill,Claudia
2421,Fleming,Hazel
2421,Downes,Hazel
2421,Oneill,Hazel
2433,Evans,Nicole
2436,Goins,Kenneth
2445,Bailey,Kenneth
2446,Wenthold,Carolyn
2465,Vasquez,Janice
2470,Rossano,Jessica
2490,Kearns,Beverly
2490,Kearns,Alexander
2493,Poplin,Tiffany
2502,Gonzales,Russell
2512,Bells,Vera
2512,Melton,Vera
2519,Demarco,Jenni
2519,Steiger,Jenni
2519,Mcfarland,Jenni
2519,Demarco,Sylvia
2519,Steiger,Sylvia
2519,Mcfarland,Sylvia
2524,Sample,Marvin
2524,Sample,Joann
2547,Dwyer,Justin
2547,Kuhn,Justin
2548,Lejeune,Sandra
2548,Saling,Sandra
2549,Roberts,Levi
2549,Asberry,Levi
2563,Torres,Anne
2563,Williams,Anne
2569,Aybar,Tanner
2574,Thole,Mary
2582,Mills,Marvin
2587,Barton,Wendell
2608,Mccomas,Eileen
2612,Lyons,Bob
2612,Lyons,Donald
2613,Barnes,Jerome
2622,Todd,Jeff
2622,Todd,Glenda
2630,Wendler,William
2632,Barbre,Charles
2642,Oharra,Billy
2644,Sarkisian,Paul
2651,Soto,Lou
2651,Soto,Megan
2654,Gordon,Ethel
2654,Gordon,Lauren
2661,Mccallum,Rodney
2664,Lewandowski,David
2665,Ramos,David
2665,Johnson,David
2665,Ramos,Hector
2665,Johnson,Hector
2676,Sims,Cody
2676,Pratt,Cody
2676,Sims,Kyle
2676,Pratt,Kyle
2678,Valdovinos,Robin
2678,Roberts,Robin
2678,Valdovinos,Elaine
2678,Roberts,Elaine
2679,Yohe,Shelley
2679,Regalado,Shelley
2683,Terry,Daniel
2685,Harrison,Kari
2685,Harrison,Ruby
2698,Davila,Toni
2702,Dallas,Brenda
2708,Clarkson,Donald
2709,Welch,Carol
2711,Milano,William
2711,Nivens,William
2717,Taylor,Annette
2722,Thompson,Charlene
2723,Hendrix,Carolyn
2729,Anderson,Glenda
2731,Diaz,Todd
2733,Grant,Warren
2738,Biggs,Richard
2738,Biggs,Catherine
2738,Biggs,Susan
2743,Linn,Maureen
2743,Linn,Jeremiah
2748,Allen,Joshua
2759,Fannin,Marisela
2760,Hinton,Lela
2767,Lallo,Lucas
2771,Jeffries,Angie
2773,Bracero,Justin
2773,Fiorentino,Justin
2777,Quintero,Patricia
2779,Hughes,Mark
2779,Rogers,Mark
2781,Hagan,Evan
2781,Hagan,Mauro
2783,Whitehead,Kevin
2784,Burlew,Daphine
2786,Gant,Lillian
2786,Fonseca,Lillian
2796,Hedrick,Lolita
2798,Mccormack,Daniel
2798,Mccormack,Mike
2801,Abreu,Richard
2801,Abreu,Christina
2817,Adams,Clarissa
2817,Dombrowski,Clarissa
2820,Washington,Kathryn
2828,Hayes,Peter
2832,Kanahele,George
2841,Watkins,Brandon
2841,Elder,Brandon
2844,Jones,Kevin
2857,Karpinen,Timothy
2858,Perry,Scott
2866,Freeman,Ebony
2870,Moree,Bonnie
2872,Laforest,Douglas
2876,Dominguez,Kathy
2876,Green,Kathy
2876,Fennessey,Kathy
2891,Grothe,Ronald
2895,Smith,Cynthia
2905,Salvas,Kyle
2910,Binkley,Kevin
2914,Robinson,Kendall
2914,Marshall,Kendall
2916,Sena,Mark
2924,Enyart,Mary
2929,Fonner,Ronald
2937,Kelly,Tami
2940,Lane,Christina
2950,Manlangit,Mary
2953,Billups,Daniel
2983,Rhodes,Suzanne
2988,Stout,Janet
2995,Carr,Sonya
10,Krause,Rita
10,Andrews,Rita
23,Frey,Jon
24,Hernandez,Crystal
33,Yanez,Sarah
71,Deacon,Sheila
71,Deacon,Misty
75,Monroe,Leroy
75,Monroe,Margarita
100,Mcgrath,Pearlie
111,Edwards,Gary
128,Costanzo,Dina
128,Pensinger,Dina
128,Costanzo,David
128,Pensinger,David
129,Roberts,Bill
129,Jackson,Bill
129,Roberts,Ana
129,Jackson,Ana
132,Carroll,Krystal
132,Williams,Krystal
139,Kimble,Anthony
144,Lemen,Lori
144,Lemen,Everett
147,Mason,Berenice
147,Mason,Harry
152,Chan,Justine
159,Lazarine,Edward
160,Richmond,Frederick
160,Richmond,Heather
178,Stonerock,Linsey
180,Parker,Paula
180,Smith,Paula
187,Edmondson,Michael
190,Davis,Kindra
190,Wolfe,Kindra
196,Torres,Jessie
207,Green,Matthew
207,Gardea,Matthew
211,Troia,Cindy
211,Troia,Kim
218,Oneill,Linda
227,Hurst,Edna
227,Kinnard,Edna
227,Trantham,Edna
227,Hurst,Elizabeth
227,Kinnard,Elizabeth
227,Trantham,Elizabeth
230,Poland,Kathy
232,Tallman,Patty
239,Simmons,Raymond
246,Winebarger,Teresa
267,Garcia,Jeremy
268,Devine,Belinda
268,Purdy,Belinda
268,Devine,Jennifer
268,Purdy,Jennifer
285,Wilson,Danny
285,Wilson,Courtney
300,Simon,Jessica
315,Dietrick,Elizabeth
317,Grissinger,Teresa
329,Larsen,James
329,Larsen,Joanne
338,Grabe,Cynthia
340,Haslam,Charlene
340,Baker,Charlene
346,Holmes,Esteban
355,Johnson,Anna
361,Johnson,Olga
378,Gibson,Deb
378,Nichols,Deb
399,Hilgert,Ashley
399,Polycarpe,Ashley
412,Leon,Antonio
414,Larsen,Dennis
414,Wickman,Dennis
415,Wilson,John
415,Wilson,Susan
427,Stanley,Shelly
433,Gilligan,Alan
433,Stein,Alan
445,Snyder,Jose
446,Shultz,Rose
447,Cleare,Sara
448,Edwards,Barbara
448,Hubbard,Barbara
449,Herrera,Frank
449,Herrera,Kim
453,Fassett,Eddie
453,Vierra,Eddie
453,Fassett,James
453,Vierra,James
464,Kleinpeter,Tony
464,Ackerman,Tony
467,Mccaskill,Kelly
467,Struthers,Kelly
467,Mccaskill,Jack
467,Struthers,Jack
468,Medas,Alex
468,Molina,Alex
492,Wallace,Karin
494,Flores,Jose
495,Rivera,Carlota
498,Holland,Jose
514,Roche,Vernon
516,Broome,Lydia
524,Carrillo,Pamela
532,Gonzales,Lucy
534,Johnson,Rico
538,Mitchell,Jaime
543,Pereda,Mario
543,Pereda,Jo
548,Tran,Michael
548,Tran,Anneliese
554,Jones,Darrell
554,Miller,Darrell
565,Hale,Tina
565,Flachs,Tina
578,Newton,Elizabeth
582,Steele,Margaret
583,Pitcher,Osvaldo
584,Urbaniak,Lydia
588,Martin,William
596,Carls,Frank
596,Carls,Robert
599,Blake,Brenda
607,Main,Brian
607,Wylie,Brian
609,Rangel,Thomas
609,Rangel,Keith
611,Fairman,Jeremy
611,Colbert,Jeremy
613,Rodriguez,Samantha
614,Farish,Ira
622,Blackwell,Gary
629,Hills,Kevin
640,Thompson,Martha
658,Naffziger,Judy
665,Mccullough,Norman
675,Kennedy,Charles
676,Ross,Felicia
688,Ohare,Lucy
693,Malinsky,Alaina
694,Chen,Barbara
694,Chen,Paul
699,Phillips,James
699,Myers,James
699,Phillips,Andrea
699,Myers,Andrea
701,Marshall,Clemmie
701,Brett,Clemmie
702,Pao,Arthur
707,Perkins,Jerry
708,Coon,George
708,Black,George
709,Ackerman,Robert
722,Bellomy,Robert
732,Davis,Ruben
733,Barnes,May
745,Brandt,Kathleen
748,Heling,Andres
764,Nighman,Kelly
764,Jameson,Kelly
766,Frost,John
768,Moody,Justin
769,Wilson,Paul
769,Flick,Paul
777,Brown,Robin
784,Mcmanus,Anne
790,Cruz,Brittany
801,Jordan,Gertrude
803,Black,John
803,Black,April
812,Surber,Carolyn
813,Rosado,Robert
843,Smith,Elida
851,Vitale,William
851,Vitale,Phyllis
877,Merkle,Taylor
881,Wingfield,Jason
881,Moskowitz,Jason
881,Wingfield,Hilda
881,Moskowitz,Hilda
885,Burke,Gregory
888,Gonzalez,Tommy
890,Patterson,Steven
890,Patterson,Steve
890,Patterson,Matthew
894,Similien,Christopher
901,Begay,Daisy
903,Trujillo,Megan
905,Wood,David
908,Pereira,Richard
908,Ulrich,Richard
908,Pereira,Rogelio
908,Ulrich,Rogelio
914,Fleming,Rachel
918,Harris,Aaron
918,Harris,Craig
922,Davis,Dina
924,Pierce,Dale
931,Wimberly,Nicole
932,Jones,Stephen
941,Musselwhite,Jesse
942,Vause,Christine
945,Sharum,Harold
945,Sharum,Pamela
946,Moore,Roberto
946,Moore,Laura
951,Barwick,Thomas
955,White,Erin
961,Ingram,Gary
962,Sepulveda,Celia
962,Sepulveda,Leonard
966,Schultz,Kevin
966,Schultz,Toni
972,Badgley,Amos
984,Smith,Anna
985,Mahoney,Andre
985,Black,Andre
986,Mullen,Colin
993,Conley,Everett
994,Rehkop,Clara
994,Rehkop,Geneva
996,Moore,Hazel
1006,Hensley,Julie
1011,White,Lillie
1015,Baxter,Erasmo
1021,Saunders,Edwin
1021,Helbling,Edwin
1036,Dage,Claude
1036,Dage,Thomas
1041,Anderson,Michelle
1042,Gunderman,Joseph
1047,Yoes,Benjamin
1062,Smith,Eugenia
1075,Abrams,Lorna
1076,Dowler,Geraldine
1079,Turpin,Margaret
1080,Sargent,Thelma
1080,Sargent,Marcia
1086,Smith,Scott
1092,Crum,Corrina
1092,Vazquez,Corrina
1095,Hickman,John
1095,Rodriguez,John
1095,Garrett,John
1095,Hickman,Johnny
1095,Rodriguez,Johnny
1095,Garrett,Johnny
1097,Thompson,Steven
1098,Fiecke,Marie
1098,Edmonds,Marie
1098,Fiecke,Fred
1098,Edmonds,Fred
1109,Pastian,Lula
1109,Cardillo,Lula
1114,Barrows,Richard
1120,Kimes,William
1120,Kimes,Sherry
1123,Mcglinchey,Robert
1129,Fuentes,Faye
1138,Carruthers,Patrice
1138,Carruthers,Joseph
1143,Schumann,Richard
1143,Schumann,Robert
1165,Macri,Bernadette
1170,Player,George
1172,Smith,George
1174,Cason,Gerald
1203,Hopkins,Howard
1210,Rico,Mary
1213,Davis,Lora
1213,Alm,Lora
1216,Schiller,Blair
1243,Rodriguez,Cindi
1255,Nguyen,Diane
1260,Marks,James
1260,Marks,Gerald
1262,Flanders,Emory
1278,Comer,Javier
1279,Buckner,Cathy
1292,Phillips,Edwin
1295,Keister,Dora
1299,Stanley,Dustin
1304,Mckinney,Sylvia
1306,Mitchell,Sarah
1308,Williams,Jessie
1308,Williams,Melody
1324,Harris,Theodore
1340,Lima,David
1351,Harris,Jennifer
1353,Camp,Jean
1356,Ferguson,Kerry
1357,Fordyce,Bill
1360,Orduno,Gregory
1407,Melnick,Joann
1407,Farnsworth,Joann
1409,Chavez,Eugene
1409,Hixson,Eugene
1409,Chavez,Eugene
1409,Hixson,Eugene
1416,Herrington,Steve
1430,Linnane,Jack
1436,Ballester,Joseph
1436,Ballester,Anthony
1444,Clark,Dorothy
1470,Hernandez,Anne
1477,Kasper,Anna
1479,Lockhart,Marvin
1511,Kelly,Jerry
1522,Johnson,Cheryl
1522,Sisk,Cheryl
1545,Martinez,Lisa
1564,Moss,Joshua
1566,Curry,Brian
1574,Maxwell,Delores
1574,Marshall,Delores
1584,Russell,Maria
1595,Seals,Deloris
1596,Williams,Hazel
1597,Whitman,Irma
1597,Whitman,Steven
1602,Hatch,Dorothy
1615,Baird,Jesus
1616,Rivera,Rosario
1621,Bell,Carl
1628,Braun,Kimberly
1633,Speicher,Mary
1633,Cofield,Mary
1636,Burke,Belinda
1645,Devers,Kimberly
1654,Crisp,Sandra
1654,Trudel,Sandra
1658,Rathbum,Jeremiah
1668,Sigler,John
1672,Michael,Willie
1674,Swindell,Nathan
1679,Page,William
1685,Hammond,Gerard
1699,Velasquez,Edwin
1699,Velasquez,Brad
1702,Hughes,Michael
1713,Lentz,Liza
1724,Oliver,Bradley
1724,Black,Bradley
1741,Lopes,Richard
1748,Travis,Shawn
1753,Bryant,Wanda
1753,Bryant,Carol
1773,Brockman,Kevin
1777,Summers,Darren
1782,Brown,Danny
1785,Mccain,Marjorie
1792,Wood,Roosevelt
1795,Jones,Julie
1795,Doran,Julie
1796,Opperman,Rachael
1796,Robinette,Rachael
1805,Hanson,David
1806,Harris,Thelma
1810,Rahim,David
1810,Bookhardt,David
1810,Rahim,Edward
1810,Bookhardt,Edward
1814,Littman,Gerald
1814,Brackins,Gerald
1814,Littman,Cheryl
1814,Brackins,Cheryl
1815,Montgomery,Lorie
1816,Thornley,Joel
1829,Smith,Ann
1829,Espinoza,Ann
1829,Smith,Karen
1829,Espinoza,Karen
1830,Estrella,Rosa
1835,Meads,Michael
1835,Young,Michael
1837,Austell,David
1837,Austell,Mike
1845,Torbert,Kennith
1845,Roberts,Kennith
1846,Groce,Katherine
1846,Walsh,Katherine
1851,Pearson,Anne
1873,Santistevan,Lisa
1887,Mcbride,Edward
1896,Charles,Terry
1896,Charles,Chad
1896,Charles,Cindy
1897,Briley,Daryl
1907,Knopp,Deborah
1907,Knopp,Sylvester
1910,Vandusen,Lauren
1911,White,Will
1911,Burton,Will
1914,Peloquin,Russell
1914,Franklin,Russell
1921,Dean,Helen
1923,Walters,Vicki
1923,Walters,Henry
1925,Johnson,Mike
1942,Aleo,Donald
1949,Robinette,Barbara
1973,Mcclendon,Myrle
1973,Howard,Myrle
1975,Jones,Bonnie
1980,Degasperis,Carrie
1989,Johnson,Maxwell
2001,Perez,Vivian
2001,Gandee,Vivian
2003,Redhead,Deborah
2003,Ayotte,Deborah
2009,Anwar,Loan
2025,Peltier,Brian
2025,Peltier,Robert
2026,Vandiford,Michael
2029,Jobson,Leo
2029,Bowers,Leo
2034,Archer,Jim
2041,Corf,Racquel
2047,Knowles,Bernard
2049,Siggins,David
2060,Travis,James
2065,Roley,Jon
2076,Garner,Suzan
2080,Duke,Daniel
2084,Jansen,David
2084,Doughty,David
2090,Pugh,Mary
2093,Kimbrell,Frieda
2093,Maynard,Frieda
2097,Meyers,Patricia
2097,Meyers,Jeffrey
2098,Frey,Barbara
2098,Carter,Barbara
2098,Frey,Faustino
2098,Carter,Faustino
2112,Hong,Fern
2112,Hong,Michelle
2112,Hong,Nancy
2122,Kilgore,Tammy
2127,Coleman,Rebecca
2134,Hall,Robert
2149,Mcguire,Terry
2149,Krieg,Terry
2154,Winchell,Wayne
2157,Verret,Scott
2166,Mcneal,Morgan
2168,Moore,Robert
2191,Lanosga,Keith
2200,Evans,Bobbie
2200,Dejohn,Bobbie
2200,Evans,John
2200,Dejohn,John
2202,Arwood,Daniel
2208,Johnstonbaugh,John
2220,Harmon,Dawn
2230,Fontanella,Kevin
2237,Fitzgerald,Crystal
2237,Luce,Crystal
2237,Fitzgerald,Thomas
2237,Luce,Thomas
2241,Mortensen,Truman
2251,Saunders,Danielle
2251,Saunders,Lyle
2266,Ruiz,Linda
2267,Bankhead,Johnny
2267,Bankhead,George
2271,Shibuya,Leon
2271,Terry,Leon
2277,Mcneil,Brian
2282,Diaz,David
2287,Labranche,Laura
2295,Bailey,Louise
2297,Laflore,Marie
2297,Brown,Marie
2298,Samples,Edith
2314,Rock,Sammy
2314,Huntington,Sammy
2314,Rock,Ruth
2314,Huntington,Ruth
2322,Dudley,Stacey
2322,Dudley,Elijah
2322,Dudley,Louis
2328,Mclaughlin,Susan
2333,Shaw,Allie
2333,Shaw,Tanisha
2358,Berrios,Natasha
2358,Berrios,Magdalena
2362,Stec,Manuel
2368,Mack,Imogene
2371,Langley,Elizabeth
2374,Christopherso,Belinda
2384,Harris,John
2391,Burton,David
2392,Pressley,Joey
2396,Willis,Carmen
2403,Woodall,Wendy
2421,Hampton,Claudia
2421,Hampton,Hazel
2435,Maguire,Kevin
2435,Macomber,Kevin
2438,Alvey,Herman
2438,Alvey,Paul
2444,Dyas,Jeffrey
2445,Delarosa,Kenneth
2464,Frith,Katrina
2465,Thomas,Janice
2465,Norris,Janice
2470,Gilbert,Jessica
2470,Gonzalez,Jessica
2481,Duncan,Patricia
2481,Mccutcheon,Patricia
2481,Balde,Patricia
2481,Duncan,Joseph
2481,Mccutcheon,Joseph
2481,Balde,Joseph
2486,Mcguire,Daniel
2486,Evans,Daniel
2486,Mcguire,Mary
2486,Evans,Mary
2490,Labbie,Beverly
2490,Labbie,Alexander
2493,Thompson,Tiffany
2495,Millsap,Kenneth
2515,Powell,Tammy
2515,Powell,Sharon
2519,Rogers,Jenni
2519,Rogers,Sylvia
2524,Rowell,Marvin
2524,Rowell,Joann
2529,Herbert,Mary
2530,Roush,Theodore
2530,Hill,Theodore
2547,Confalone,Justin
2547,Rice,Justin
2563,Buster,Anne
2565,Mendoza,Michael
2566,Hill,Scott
2569,Coleman,Tanner
2570,Gordon,Carmen
2577,Barnes,Stuart
2586,Tvedt,Rose
2587,Jensen,Wendell
2594,Schreffler,Amanda
2594,Schreffler,Terry
2599,Kelly,Kelly
2599,Kelly,Daniel
2604,Espino,Margaret
2605,Federico,Mary
2609,Lyon,Donald
2623,Woolley,Francis
2623,Vance,Francis
2623,Spencer,Francis
2627,Ciaburri,Curtis
2630,Taylor,William
2630,Stanley,William
2636,Harris,William
2640,Gardner,Laura
2640,Gardner,Jack
2649,Penland,Stacey
2649,Garcia,Stacey
2654,Bernal,Ethel
2654,Bernal,Lauren
2661,Halvorson,Rodney
2668,Rogers,Linda
2671,Carney,Cynthia
2672,Odonnell,Dale
2679,Fuqua,Shelley
2680,Marzett,Rebecca
2698,Leonard,Toni
2704,Marshall,Heath
2709,Snyder,Carol
2712,Kellar,Mark
2715,Perry,Rebecca
2725,Wagner,Adam
2729,Martin,Glenda
2734,Young,Eddie
2738,Eldred,Richard
2738,Eldred,Catherine
2738,Eldred,Susan
2740,Warren,Theresa
2743,Jimenez,Maureen
2743,Jimenez,Jeremiah
2744,Joseph,Theodore
2744,Miller,Theodore
2755,Vanwassenhove,Robert
2759,Deshayes,Marisela
2759,Hayden,Marisela
2759,Kassner,Marisela
2760,Stone,Lela
2761,Cross,Charles
2765,Secrist,Michael
2771,Steveson,Angie
2772,Bolen,Gaye
2774,Coleman,Jeffrey
2784,Underwood,Daphine
2798,Corradino,Daniel
2798,Corradino,Mike
2799,Harris,Stephen
2801,Mares,Richard
2801,Mares,Christina
2810,Hodgdon,April
2811,Davis,Milton
2820,Shipley,Kathryn
2827,Greenspan,Jeremy
2827,Greenspan,Terry
2828,Lieb,Peter
2831,Brown,Tina
2832,Forbes,George
2834,Cody,Stephen
2841,Marsaw,Brandon
2857,Hanna,Timothy
2859,Godbee,Andrea
2866,Mims,Ebony
2869,Smith,Jane
2875,Pinkham,Pamela
2875,Pinkham,Robert
2882,Bender,Ruby
2884,Provino,Edwin
2888,Bartkowiak,Elizabeth
2890,Mcgraw,Gary
2890,Mcgraw,Jessica
2895,Rees,Cynthia
2905,Evans,Kyle
2918,Fogle,William
2921,Jones,Bethany
2921,Andrews,Bethany
2921,Jones,Loretta
2921,Andrews,Loretta
2935,Mueller,James
2935,Mueller,Pamela
2936,Vallejos,Susan
2945,Watkins,Raymond
2947,Ramirez,Ian
2950,Dunn,Mary
2950,Wilkie,Mary
2962,Scott,Patricia
2982,Newberry,Carol
2983,Monaghan,Suzanne
10,Ritter,Rita
21,Aguilar,William
22,Mayhugh,Jon
22,Grey,Jon
24,Johnson,Crystal
30,Meeks,Leroy
30,Meeks,Jordan
33,Lauridsen,Sarah
33,Burroughs,Sarah
41,Walker,Johnnie
43,Knee,Veronica
43,Mitchell,Veronica
45,Williams,Kristina
54,Wilson,Stevie
56,Milton,Jane
57,Oconnell,Edna
57,Oconnell,Marie
66,Gehling,Arlene
78,Wiedenheft,Kathleen
78,Wiedenheft,Pamela
89,Willson,Tara
89,Youngs,Tara
94,Carson,Virginia
94,Mclean,Virginia
99,Pearce,Luis
106,Herrera,Marian
111,Perez,Gary
118,Lewis,Dawn
127,Hill,Vannesa
128,Fields,Dina
128,Braxton,Dina
128,Fields,David
128,Braxton,David
153,Dupree,Ruth
160,Quan,Frederick
160,Quan,Heather
172,Hammers,Robert
175,Caylor,Johnny
182,White,Precious
184,Jones,Amy
195,Kelly,Michael
195,Kelly,Kari
195,Kelly,Rosa
201,Wolf,Bonnie
201,Wolf,David
206,Davis,Raymond
216,Thielman,William
218,Varel,Linda
230,Sanchez,Kathy
232,Branch,Patty
239,Adams,Raymond
243,Topolosky,Robert
246,Gasaway,Teresa
252,Hudson,Krystal
261,Johnson,Erin
261,Johnson,Edward
267,Cano,Jeremy
269,Murphy,Laura
280,Husband,Wanda
299,Orr,Ashley
300,Maddox,Jessica
306,Chambley,Rogelio
308,Broadway,Dennis
326,Haddad,Lisa
329,Ryant,James
329,Ryant,Joanne
338,Douthitt,Cynthia
353,Bogard,Jaime
354,Greer,Tameika
354,Tran,Tameika
354,Delzer,Tameika
354,Greer,Anne
354,Tran,Anne
354,Delzer,Anne
355,Stevens,Anna
356,Sylvester,John
356,Werner,John
356,Sylvester,Cyndi
356,Werner,Cyndi
356,Sylvester,Eric
356,Werner,Eric
369,Angel,Faith
374,James,Jeffrey
377,Church,Christopher
377,Mobley,Christopher
418,Anderson,Jennifer
431,Nolting,Violet
431,Funes,Violet
440,Louis,Andrea
440,Frech,Andrea
448,Espinoza,Barbara
449,Dickson,Frank
449,Dickson,Kim
451,Malley,Michael
463,Resch,Michelle
467,Moshier,Kelly
467,Moshier,Jack
468,Perkins,Alex
468,Poundstone,Alex
469,Heath,Kathleen
480,Whirry,Patrick
480,Ellis,Patrick
483,Bernal,Donald
491,Freeman,Meaghan
492,Chapin,Karin
500,Briley,Adrianne
515,Warren,Kaci
515,Menzel,Kaci
516,Fassett,Lydia
516,Rogers,Lydia
521,Browder,Jay
528,Willis,Yvonne
545,Lloyd,Mary
545,Craver,Mary
563,Currin,Mary
565,Cline,Tina
579,Goodwin,Brenda
583,Metzler,Osvaldo
584,Scheel,Lydia
588,Higgin,William
608,Kirkwood,Lou
609,Winters,Thomas
609,Wolfe,Thomas
609,Winters,Keith
609,Wolfe,Keith
624,Matson,Ricky
624,Quinn,Ricky
626,Johnson,Ronnie
631,Cox,Walter
633,Ray,Valeria
638,Campbell,Christopher
659,Howe,Maxine
693,Sassano,Alaina
695,Garon,Anthony
695,Powell,Anthony
696,Kelly,Gene
696,Kelly,William
701,Stremming,Clemmie
701,Slater,Clemmie
706,Herrington,Judy
717,Shackelford,Jean
718,Washburn,Efrain
718,Alexander,Efrain
720,Capp,Ralph
725,Boyer,David
726,Mcmullen,Pauline
726,Bane,Pauline
728,Isbell,Carly
728,Isbell,Anna
740,Hauman,Tabitha
740,Hauman,Robert
751,Thompson,Frances
751,Thompson,Rebekah
764,Little,Kelly
765,Cornett,Dorothea
766,Everett,John
766,Ortiz,John
769,Russell,Paul
774,Cook,Nathaniel
774,Harris,Nathaniel
785,Safford,Larry
790,Ross,Brittany
790,Lewis,Brittany
796,Burt,Cynthia
800,Burridge,Walter
802,Peterson,Joseph
803,Vanwoert,John
803,Vanwoert,April
812,Herman,Carolyn
818,Henderson,Veronica
818,Henderson,Dolly
819,Soto,Linda
819,Soto,Chuck
851,Winter,William
851,Winter,Phyllis
855,Bielecki,Florence
866,Nickson,Judy
877,Higby,Taylor
886,Crowley,Jeffrey
890,Reist,Steven
890,Reist,Steve
890,Reist,Matthew
892,Newland,Gail
892,Trujillo,Gail
893,Wilcutt,Michael
903,Talley,Megan
909,Black,Veronica
916,Carter,Laura
919,Parker,Dorothy
924,Woods,Dale
924,Jackson,Dale
942,Evanich,Christine
952,Harris,Robert
956,Schoppert,Rocco
968,Cornish,Christine
969,Ball,Earl
969,Ball,Stephen
972,Howell,Amos
977,Lopez,Bessie
981,Murphy,Ruben
981,Hicks,Ruben
981,Murphy,Orpha
981,Hicks,Orpha
993,Plessinger,Everett
993,Barnett,Everett
1004,Tabor,Tony
1011,Reynolds,Lillie
1011,Boggs,Lillie
1022,Dahl,Misty
1027,Holland,Melinda
1027,Joseph,Melinda
1042,Edwards,Joseph
1042,Master,Joseph
1062,Whalen,Eugenia
1069,Becwar,Adelaide
1075,Brown,Lorna
1076,Canty,Geraldine
1080,Mehling,Thelma
1080,Mehling,Marcia
1090,Deese,Lisa
1090,Vigne,Lisa
1096,Rogers,John
1097,Notis,Steven
1129,Warren,Faye
1135,Rodrigues,Kristie
1137,Goodman,Lee
1158,Cameron,Alice
1158,Wrobel,Alice
1165,Kelley,Bernadette
1168,Swims,Sherry
1171,Hyslop,Ken
1176,Jones,Tammy
1176,Abramowitz,Tammy
1179,Vance,Alice
1179,Vance,Jonathan
1190,Gugler,Irvin
1190,Gugler,Jason
1198,Saults,Aida
1204,Millington,Travis
1204,Presley,Travis
1214,Bond,Deborah
1223,Mccreary,Rosa
1224,Myers,Jane
1225,Washington,Carmen
1225,Ready,Carmen
1225,Kelly,Carmen
1225,Washington,Lily
1225,Ready,Lily
1225,Kelly,Lily
1225,Washington,Michael
1225,Ready,Michael
1225,Kelly,Michael
1233,Cain,David
1242,Reibert,Wanda
1248,Nagata,Christopher
1255,Choi,Diane
1278,Sallee,Javier
1282,Reed,William
1296,Jones,Norman
1304,Soto,Sylvia
1313,Wise,Carol
1321,Zieman,Terry
1324,Mills,Theodore
1351,Dodson,Jennifer
1363,Gile,Cynthia
1363,Mitchell,Cynthia
1363,Gile,Brittany
1363,Mitchell,Brittany
1370,Conley,Michael
1370,Conley,Margaret
1371,Bulson,Aaron
1371,Bulson,Velma
1418,Cockrell,Craig
1429,Johnson,Edward
1430,Wright,Jack
1441,Ball,David
1444,Knight,Dorothy
1455,Ramirez,Lonnie
1456,Schick,Robert
1470,Blechman,Anne
1474,Turner,Tamara
1476,Wyckoff,Deborah
1476,Williams,Deborah
1477,Yin,Anna
1494,Comeaux,Eleanor
1494,Coleman,Eleanor
1495,Curry,Nicole
1495,Curry,Pamela
1522,Greenman,Cheryl
1523,Wood,Michael
1530,Scudder,Julius
1538,Poulin,Ruben
1538,Poulin,Thomas
1559,Vides,Brian
1566,Morabito,Brian
1580,Pettrey,Donald
1584,Crieghton,Maria
1602,Hinman,Dorothy
1612,Amezquita,Benedict
1616,Ward,Rosario
1621,Liebl,Carl
1624,Johnson,Clifford
1628,Sjolander,Kimberly
1646,Brown,David
1660,Gunnels,Roger
1665,Mckenzie,Anthony
1665,Patel,Anthony
1668,Harry,John
1674,Sanyaro,Nathan
1699,Knodel,Edwin
1699,Knodel,Brad
1700,Murphy,Elizabeth
1705,Mills,Brian
1712,Morrill,Isabella
1712,Morrill,Charles
1713,Terry,Liza
1715,Stephenson,Terry
1722,Williams,Barbara
1727,Shapiro,Brenda
1727,Danforth,Brenda
1735,Garza,Sidney
1746,Mchone,Wm
1748,Banks,Shawn
1753,Doyle,Wanda
1753,Doyle,Carol
1756,Powell,Russell
1773,Vega,Kevin
1774,Garica,Keesha
1774,Garica,Elizabeth
1777,Escoto,Darren
1783,Prehn,Harry
1783,Sanchez,Harry
1783,Fryer,Harry
1783,Prehn,Shirley
1783,Sanchez,Shirley
1783,Fryer,Shirley
1795,Thomas,Julie
1805,Castle,David
1806,Goggin,Thelma
1816,Lewis,Joel
1832,Baxter,Mable
1832,Baxter,Lana
1837,Love,David
1837,Love,Mike
1860,Greene,Evan
1862,Anderson,Janet
1862,Quigley,Janet
1862,Cohn,Janet
1862,Anderson,Cruz
1862,Quigley,Cruz
1862,Cohn,Cruz
1868,Cropley,Gary
1885,Gutirrez,Elda
1891,Denny,Karen
1891,Denny,Mary
1896,Edmisten,Terry
1896,Edmisten,Chad
1896,Edmisten,Cindy
1902,Francis,Quinn
1902,Allen,Quinn
1904,Newkirk,Barbara
1904,Warner,Barbara
1911,Taylor,Will
1915,Welder,Edgar
1916,Cody,Luther
1917,Drabant,Robert
1922,Adams,Robin
1923,Sanchez,Vicki
1923,Sanchez,Henry
1925,Blum,Mike
1927,Bulow,Daniel
1927,Neal,Daniel
1936,Calvert,David
1949,Franks,Barbara
1951,Kite,Doris
1951,Mcdowell,Doris
1953,Redden,Fannie
1954,Caraballo,Elizabeth
1954,Halloran,Elizabeth
1960,Burke,Maria
1964,Burch,Addie
1964,Burch,David
1965,Oneal,Erica
1972,Odom,Jean
1975,Hein,Bonnie
1979,August,Deanne
1983,Howell,Douglas
1989,Peters,Maxwell
1993,Partlow,Lillian
2003,Battista,Deborah
2004,Rickman,Terri
2012,Smith,Steven
2012,Hunter,Steven
2015,Welch,Patrice
2015,Patel,Patrice
2015,Welch,Mary
2015,Patel,Mary
2018,Thomas,Mary
2018,Thomas,Frank
2021,Lawson,Jason
2026,Neel,Michael
2033,Gregorio,Mary
2034,Miller,Jim
2038,Dudley,Yong
2040,Dias,Marlene
2040,Lindsey,Marlene
2044,Mcentire,Hallie
2049,Melton,David
2051,Case,Norman
2053,Kirchausen,Brooke
2065,Xie,Jon
2065,Thomes,Jon
2079,Reddicks,Megan
2079,Reddicks,Steven
2084,Connolly,David
2087,Chandler,Gavin
2087,Hernandez,Gavin
2097,Sullivan,Patricia
2097,Sullivan,Jeffrey
2098,Burchfield,Barbara
2098,Burchfield,Faustino
2102,Camden,Minnie
2109,Farley,Donna
2122,Green,Tammy
2146,Baldridge,Amanda
2149,Frank,Terry
2154,Mendoza,Wayne
2157,Delamora,Scott
2158,Williams,Eduardo
2166,Porter,Morgan
2177,Ratliff,Minh
2177,Ratliff,Jerry
2177,Ratliff,Carlos
2181,Dougal,Patricia
2191,Harris,Keith
2191,Merchant,Keith
2192,Ramos,Kevin
2204,Wing,Calvin
2207,Blake,Rebecca
2207,Rogan,Rebecca
2213,Bolden,Leonard
2220,Levy,Dawn
2234,Barrette,Ramona
2237,Graham,Crystal
2237,Graham,Thomas
2246,Zimmerman,Steven
2262,Gill,Marva
2265,Lowery,Harold
2266,Richardson,Linda
2267,Cloutier,Johnny
2267,Cloutier,George
2270,Urbanek,Eugene
2270,Urbanek,Connie
2271,Cummins,Leon
2274,Newton,Damien
2279,Douglas,Natalie
2281,Riederer,Omar
2285,Sonoda,Jeanne
2292,Hirkaler,Keven
2292,Earheart,Keven
2304,Mentz,Alice
2309,Vaccaro,Edna
2319,Gunning,Juan
2322,Kimball,Stacey
2322,Kimball,Elijah
2322,Kimball,Louis
2338,Powell,Elizabeth
2345,Paxman,Sybil
2345,Paxman,Roberta
2366,Londono,Laura
2368,Anderson,Imogene
2373,Bowden,John
2373,Ramirez,John
2380,Vickers,Donald
2384,Ramage,John
2391,Honeycutt,David
2394,Kirby,Phyllis
2396,Johnson,Carmen
2412,Verstraete,Ellen
2423,Buchanan,Marvin
2423,Johnson,Marvin
2436,Distasio,Kenneth
2440,Farrer,Violet
2450,Turner,Todd
2482,Bova,Margot
2486,Standley,Daniel
2486,Standley,Mary
2489,Shuler,Brenda
2514,Freeman,Jeffrey
2514,Delozier,Jeffrey
2515,Rivas,Tammy
2515,Rivas,Sharon
2528,Huls,Catherine
2528,Jones,Catherine
2570,Fox,Carmen
2582,Hinton,Marvin
2587,Hong,Wendell
2591,Hennigan,William
2599,Copeland,Kelly
2599,Copeland,Daniel
2605,Stewart,Mary
2612,Canelo,Bob
2612,Canelo,Donald
2613,Oleary,Jerome
2647,Dullea,Ernesto
2647,Ochoa,Ernesto
2649,Racki,Stacey
2664,Czarnecki,David
2665,Blockmon,David
2665,Blockmon,Hector
2668,Marshall,Linda
2668,Meadows,Linda
2672,Hearne,Dale
2673,Gannett,Mary
2675,Alvarez,John
2676,Adams,Cody
2676,Adams,Kyle
2678,Howarth,Robin
2678,Howarth,Elaine
2702,Murphy,Brenda
2706,Terrell,Warren
2708,Franklin,Donald
2712,Woods,Mark
2715,Castillo,Rebecca
2721,Joseph,Paul
2721,Joseph,Dorthy
2722,Mitchel,Charlene
2722,Ruiz,Charlene
2723,Price,Carolyn
2725,Wilson,Adam
2729,Fitzgerald,Glenda
2751,Comley,Charles
2758,Light,Thomas
2758,Light,Linda
2770,Leslie,Jonathan
2777,Branum,Patricia
2783,Padilla,Kevin
2783,Precythe,Kevin
2786,Egan,Lillian
2789,Groll,Michael
2789,Bass,Michael
2789,Groll,John
2789,Bass,John
2798,Quan,Daniel
2798,Quan,Mike
2806,Walter,Scott
2810,Webb,April
2811,Thruston,Milton
2818,Reed,Sharon
2818,Weist,Sharon
2820,Peluso,Kathryn
2820,Chirino,Kathryn
2821,Payson,Wilson
2827,Humann,Jeremy
2827,Humann,Terry
2835,Reyes,Alfred
2844,Pouncey,Kevin
2847,Wiseman,Malcolm
2847,Wiseman,Angie
2858,Ditullio,Scott
2859,Pederson,Andrea
2861,Morrison,Henry
2861,Hledik,Henry
2867,Yee,Kristina
2867,Acker,Kristina
2875,Lloyd,Pamela
2875,Lloyd,Robert
2876,Kennedy,Kathy
2884,Miner,Edwin
2888,Rieth,Elizabeth
2903,Larson,Evangeline
2910,Loree,Kevin
2914,Smith,Kendall
2929,Bridges,Ronald
2940,Savage,Christina
2945,Noel,Raymond
2947,Rivera,Ian
2950,Stewart,Mary
2965,Baghdasarian,Joseph
2965,Serrano,Joseph
2987,Davidson,Cindy
2995,Morgan,Sonya
3,Madrid,Olga
3,Bade,Olga
16,Peters,Wilbert
33,Cooper,Sarah
41,Clements,Johnnie
43,Knerr,Veronica
47,Keith,Anne
48,Marquardt,Moira
55,Shellenbarger,Tianna
57,Simons,Edna
57,Simons,Marie
60,Meixner,Lorene
71,Boyd,Sheila
71,Boyd,Misty
78,Nichols,Kathleen
78,Nichols,Pamela
89,Mccutcheon,Tara
97,Mabe,Dale
100,Ditman,Pearlie
132,Williams,Krystal
144,Milburn,Lori
144,Milburn,Everett
153,Reid,Ruth
159,Stabler,Edward
172,Smith,Robert
173,Hoff,Owen
173,Koewler,Owen
175,Leon,Johnny
178,Koh,Linsey
178,Vanhamlin,Linsey
180,Mcrary,Paula
184,Garrett,Amy
195,Schlitz,Michael
195,Schlitz,Kari
195,Schlitz,Rosa
201,Thomas,Bonnie
201,Thomas,David
206,Clark,Raymond
216,Hyde,William
227,Strange,Edna
227,Strange,Elizabeth
232,Stevens,Patty
237,Harris,Rodney
237,Bennett,Rodney
242,Harris,Edward
252,Gray,Krystal
261,Vicic,Erin
261,Davis,Erin
261,Knight,Erin
261,Vicic,Edward
261,Davis,Edward
261,Knight,Edward
285,Whiting,Danny
285,Whiting,Courtney
287,Luthi,Clarence
287,Villanueva,Clarence
293,Alo,Joseph
295,Young,Jennifer
297,Jefferson,Douglas
306,Rios,Rogelio
308,Hartford,Dennis
326,Butler,Lisa
326,White,Lisa
329,Donley,James
329,Liptrot,James
329,Donley,Joanne
329,Liptrot,Joanne
349,Bisson,Scott
349,Hansen,Scott
355,Andrews,Anna
356,Mccarthy,John
356,Mccarthy,Cyndi
356,Mccarthy,Eric
362,Abston,Thomas
364,Krieger,Norma
366,Mcpherson,Jennifer
374,Dean,Jeffrey
377,Hofer,Christopher
386,Earlywine,Garnet
386,Loper,Garnet
387,Wynn,Dana
398,Silva,Cynthia
408,Clark,Elaine
413,Cathcart,Mitchell
414,Lopez,Dennis
414,Milner,Dennis
440,Cairns,Andrea
447,Justice,Sara
449,Kenyon,Frank
449,Kenyon,Kim
451,Roderiquez,Michael
453,Weldon,Eddie
453,Weldon,James
466,Huntley,Anthony
469,Alverez,Kathleen
475,Lambe,Frank
480,Celestine,Patrick
483,Frank,Donald
500,Sparrow,Adrianne
500,Echard,Adrianne
505,Mooney,Luann
506,Goodwin,Shane
515,Erickson,Kaci
524,Pannell,Pamela
528,Hensley,Yvonne
534,Hays,Rico
548,Cook,Michael
548,Cook,Anneliese
565,Hodges,Tina
575,Allen,Vivian
582,Harrison,Margaret
583,Grey,Osvaldo
584,Peet,Lydia
588,Guerrero,William
594,Straight,Anthony
596,Pfaff,Frank
596,Pfaff,Robert
608,Davis,Lou
611,Martin,Jeremy
614,Phillips,Ira
624,Brown,Ricky
626,Hodgkins,Ronnie
638,Wilkerson,Christopher
639,Bradley,Charlie
639,Swanigan,Charlie
639,Bradley,Virginia
639,Swanigan,Virginia
655,Howell,Frank
659,Johnson,Maxine
676,Perry,Felicia
676,Link,Felicia
679,Womack,Dallas
688,Pelham,Lucy
688,Corpus,Lucy
688,Almonte,Lucy
694,Johnson,Barbara
694,Johnson,Paul
706,Feldt,Judy
707,Walls,Jerry
709,Walker,Robert
709,Travis,Robert
719,Kelly,Sandra
720,Reyna,Ralph
728,Harrison,Carly
728,Mulvey,Carly
728,Harrison,Anna
728,Mulvey,Anna
732,Hudson,Ruben
732,Evans,Ruben
745,Knutson,Kathleen
748,Pineda,Andres
748,Lamarr,Andres
748,Mcdonald,Andres
765,Lew,Dorothea
772,Babineaux,Joan
775,Glass,Robert
783,Bueckers,Eddie
788,Warren,Jodi
794,Hanson,Ryan
796,Emerson,Cynthia
796,Worthey,Cynthia
797,Talley,Mabel
803,Ross,John
803,Ross,April
812,Easterling,Carolyn
812,Rosa,Carolyn
813,Coward,Robert
818,Brewington,Veronica
818,Brewington,Dolly
833,Gaden,Joseph
833,Thomas,Joseph
836,Petti,Kevin
836,Petti,Jessica
851,Ramey,William
851,Ramey,Phyllis
855,Taylor,Florence
881,Blanton,Jason
881,Blanton,Hilda
883,Sigmon,Mildred
888,Barrett,Tommy
893,Beard,Michael
895,Pursell,Kari
896,Price,Reyna
909,Nichols,Veronica
916,Gore,Laura
916,Hayes,Laura
930,Miller,Robert
937,Bohlke,Laura
937,Bohlke,Jacob
942,Francis,Christine
945,Gregg,Harold
945,Gregg,Pamela
946,Walters,Roberto
946,Walters,Laura
949,Moss,Velva
949,Moss,James
952,Goldstein,Robert
955,Winstead,Erin
962,Stewart,Celia
962,Stewart,Leonard
966,Hoff,Kevin
966,Hoff,Toni
972,Sparks,Amos
981,Griffith,Ruben
981,Turk,Ruben
981,Griffith,Orpha
981,Turk,Orpha
984,Brannan,Anna
984,Mullins,Anna
990,Harbin,Norman
992,Herrera,Douglas
1022,Ball,Misty
1022,French,Misty
1036,Lancaster,Claude
1036,Mitchell,Claude
1036,Lancaster,Thomas
1036,Mitchell,Thomas
1037,Cherenfant,Donnie
1037,Berenguer,Donnie
1038,Howe,Jay
1041,Watson,Michelle
1047,Whetstone,Benjamin
1058,Eikenberry,Ronald
1058,Eikenberry,Paulette
1062,Brown,Eugenia
1069,Mcelderry,Adelaide
1069,Wells,Adelaide
1075,Willsey,Lorna
1082,Labruzzo,Barbara
1082,Ford,Barbara
1085,Turner,Alvin
1086,Bachelor,Scott
1114,Garcia,Richard
1120,Carter,William
1120,Carter,Sherry
1123,Germano,Robert
1124,Vincent,Chris
1124,Evans,Chris
1124,Vincent,Maribel
1124,Evans,Maribel
1135,Jackson,Kristie
1138,Walker,Patrice
1138,Shepherd,Patrice
1138,Walker,Joseph
1138,Shepherd,Joseph
1152,Marotta,Blanca
1165,Johansen,Bernadette
1165,Sifuentes,Bernadette
1168,Boyer,Sherry
1169,Brown,John
1171,Szabat,Ken
1173,Pool,Samuel
1173,Pool,Mary
1174,Rounds,Gerald
1186,Rizvi,Roger
1190,Heavener,Irvin
1190,Heavener,Jason
1198,Melton,Aida
1206,Rudd,David
1214,Cyree,Deborah
1216,Mckillop,Blair
1216,Bohannon,Blair
1224,Lewis,Jane
1226,Smith,Paula
1233,Brock,David
1243,Cormier,Cindi
1243,Banks,Cindi
1244,Whitfield,Amanda
1246,Dvorak,Kay
1248,Anderson,Christopher
1255,Matesic,Diane
1260,Cornell,James
1260,Cornell,Gerald
1262,Long,Emory
1278,Kornegay,Javier
1279,Mortensen,Cathy
1279,Keefe,Cathy
1292,White,Edwin
1292,Beek,Edwin
1293,Crowder,Aaron
1299,Griffis,Dustin
1304,White,Sylvia
1308,Kartes,Jessie
1308,Kartes,Melody
1334,Reynolds,Stacy
1340,Gray,David
1344,Rasset,Emilio
1348,Oland,Raul
1357,Rust,Bill
1360,Peacock,Gregory
1366,Lester,Carol
1370,Cook,Michael
1370,Cook,Margaret
1371,Blakes,Aaron
1371,Blakes,Velma
1373,Deare,Kathleen
1416,Mcdaniel,Steve
1418,Klar,Craig
1429,Moreno,Edward
1437,Gregory,John
1437,Mcneil,John
1437,Gregory,Kelley
1437,Mcneil,Kelley
1441,Brown,David
1444,Dickson,Dorothy
1457,Moody,Clair
1463,Jones,Dan
1467,Gohn,Rebecca
1477,Mcneil,Anna
1481,Kite,Josie
1481,Jenkins,Josie
1482,Harrod,Virginia
1503,Peterson,John
1503,Peterson,Mohamed
1506,Guerra,Gladys
1506,Hamm,Gladys
1506,Guerra,Jose
1506,Hamm,Jose
1511,Ager,Jerry
1518,Funke,Lynn
1518,Johnson,Lynn
1519,White,Amber
1519,White,Anna
1523,Hall,Michael
1532,Lane,Shirley
1532,Johnston,Shirley
1538,Paulsen,Ruben
1538,Givens,Ruben
1538,Paulsen,Thomas
1538,Givens,Thomas
1540,Oliveras,Timothy
1559,Stewart,Brian
1559,Pridgeon,Brian
1567,Jones,Ruby
1585,Tancredi,Lucien
1597,Huckleberry,Irma
1597,Huckleberry,Steven
1607,Lavalley,Juanita
1607,Cox,Juanita
1614,Craghead,Mattie
1615,Gomez,Jesus
1616,Brown,Rosario
1637,Pettis,Robin
1637,Pettis,Herbert
1646,Mitchell,David
1654,Higgins,Sandra
1665,Mckenzie,Anthony
1672,Abrams,Willie
1674,Stevens,Nathan
1684,Davis,Kelvin
1691,Franklin,John
1708,Kang,Jennifer
1713,Sether,Liza
1728,Nicholas,Bonnie
1735,Richardson,Sidney
1741,Jackson,Richard
1746,Lamp,Wm
1746,Pate,Wm
1754,Thompson,Dayle
1754,Thompson,Rodney
1761,Pena,Marco
1773,Alexander,Kevin
1782,Ferrari,Danny
1785,Gearhart,Marjorie
1795,Lewis,Julie
1806,Southern,Thelma
1806,Byers,Thelma
1810,Mehling,David
1810,Mehling,Edward
1829,Morquecho,Ann
1829,Comeau,Ann
1829,Morquecho,Karen
1829,Comeau,Karen
1832,Steen,Mable
1832,Yip,Mable
1832,Steen,Lana
1832,Yip,Lana
1835,Aho,Michael
1837,Burgess,David
1837,Burgess,Mike
1860,Ball,Evan
1868,Espinoza,Gary
1872,Scott,Levi
1872,Fortier,Levi
1873,Wear,Lisa
1873,Clark,Lisa
1891,Erickson,Karen
1891,Erickson,Mary
1896,Fellman,Terry
1896,Vaughn,Terry
1896,Fellman,Chad
1896,Vaughn,Chad
1896,Fellman,Cindy
1896,Vaughn,Cindy
1910,Hitchcock,Lauren
1911,Corathers,Will
1915,Towry,Edgar
1917,Jones,Robert
1917,Allen,Robert
1923,Love,Vicki
1923,Love,Henry
1938,Samuels,Ruth
1938,Samuels,Nicole
1941,Pinard,Andrew
1951,Northup,Doris
1951,Baldon,Doris
1952,Schmidt,Brittany
1953,Shouse,Fannie
1955,Wright,Terry
1964,Hollman,Addie
1964,Hollman,David
1966,Privitera,Alva
1973,Aste,Myrle
1980,Hamilton,Carrie
1989,Weber,Maxwell
1993,Baker,Lillian
2003,Oliver,Deborah
2012,Amisano,Steven
2019,Kelling,Isabel
2020,Dobransky,Judith
2021,Stargell,Jason
2032,Nemerofsky,Violet
2032,Atkinson,Violet
2033,Hall,Mary
2034,Smith,Jim
2041,Wilson,Racquel
2041,Surdam,Racquel
2046,Ngo,Elizabeth
2047,Perez,Bernard
2053,Greene,Brooke
2058,Johnson,Claudia
2058,Pollock,Claudia
2066,Brown,Lorena
2084,Kenely,David
2085,Richards,Laura
2085,Manning,Laura
2085,Ricks,Laura
2091,Parker,Michele
2102,Eubank,Minnie
2103,Jones,Fidel
2105,Kivett,Sharon
2112,Lester,Fern
2112,Lester,Michelle
2112,Lester,Nancy
2117,Reyes,Eileen
2117,Reyes,John
2122,Gregg,Tammy
2127,Walsh,Rebecca
2134,Winters,Robert
2134,Overall,Robert
2146,Becerra,Amanda
2147,Murphy,Candace
2152,Marquez,Glenn
2155,Bell,Eleanor
2177,Mcintosh,Minh
2177,Williams,Minh
2177,Mcintosh,Jerry
2177,Williams,Jerry
2177,Mcintosh,Carlos
2177,Williams,Carlos
2179,Jorge,Mary
2179,Jorge,Charles
2180,Hooks,Nicole
2181,Mccurdy,Patricia
2182,Josilowsky,Kenneth
2205,Cuadras,Janet
2206,Simpson,Stephanie
2206,Ingram,Stephanie
2207,Werner,Rebecca
2207,Robinson,Rebecca
2213,Hansberry,Leonard
2217,Cahoon,Theodore
2217,Ford,Theodore
2217,Cahoon,Danielle
2217,Ford,Danielle
2227,Jarrard,Ralph
2230,Rodriguez,Kevin
2234,Morris,Ramona
2236,Perry,Joanna
2237,Ogden,Crystal
2237,Ogden,Thomas
2239,Sola,Michael
2244,Shreve,Nathan
2246,Chen,Steven
2251,Cabanilla,Danielle
2251,Cabanilla,Lyle
2263,Sadler,Geralyn
2263,Sadler,Guy
2265,Friend,Harold
2265,Taylor,Harold
2266,Erickson,Linda
2270,Tapia,Eugene
2270,Tapia,Connie
2274,Falconio,Damien
2278,Austin,Larry
2278,Stewart,Larry
2282,Bozek,David
2282,Carver,David
2282,Ford,David
2285,Lott,Jeanne
2285,Norton,Jeanne
2298,Murrah,Edith
2309,Killeagle,Edna
2309,Guignard,Edna
2319,Martin,Juan
2322,Galarza,Stacey
2322,Galarza,Elijah
2322,Galarza,Louis
2328,Catlett,Susan
2336,Lopez,Pauline
2336,Lopez,Patrick
2345,Sayegh,Sybil
2345,Sayegh,Roberta
2352,Hernandez,Raquel
2352,Johnson,Raquel
2364,Metzler,Elizabeth
2366,Bonner,Laura
2371,Templeton,Elizabeth
2377,Congrove,Gloria
2391,Mcgeever,David
2392,Brock,Joey
2392,Castillo,Joey
2403,Moore,Wendy
2415,Silva,Sharon
2415,West,Sharon
2415,Silva,Jo
2415,West,Jo
2432,Holmes,Patricia
2435,Rafferty,Kevin
2445,Walker,Kenneth
2446,Cornell,Carolyn
2450,Grimm,Todd
2464,Colunga,Katrina
2469,West,Leigh
2469,Mora,Leigh
2471,Meyers,Denise
2471,Levenstein,Denise
2481,Caraballo,Patricia
2481,Caraballo,Joseph
2483,Kanzenbach,Patricia
2493,Moon,Tiffany
2502,Favela,Russell
2517,Brown,Steven
2549,Parker,Levi
2565,Mccoy,Michael
2569,Brown,Tanner
2577,Capone,Stuart
2582,Stimmel,Marvin
2586,Walton,Rose
2591,Humble,William
2591,Payne,William
2603,Mayes,Anne
2604,Vanhuss,Margaret
2612,Tilly,Bob
2612,Tilly,Donald
2625,Reece,George
2636,Dixon,William
2640,Stevens,Laura
2640,Stevens,Jack
2642,Southward,Billy
2647,Hansberry,Ernesto
2651,Kelsey,Lou
2651,Kelsey,Megan
2654,Walz,Ethel
2654,Walz,Lauren
2661,Daniels,Rodney
2664,Li,David
2671,Henry,Cynthia
2673,Ricketts,Mary
2675,Borgman,John
2685,Goldstein,Kari
2685,Goldstein,Ruby
2690,Fitzpatrick,Jeffrey
2711,Walker,William
2715,Giannecchini,Rebecca
2722,Costa,Charlene
2725,Aguilar,Adam
2729,Drake,Glenda
2731,Cansler,Todd
2738,Oaks,Richard
2738,Oaks,Catherine
2738,Oaks,Susan
2743,Guerrero,Maureen
2743,Guerrero,Jeremiah
2744,Wilson,Theodore
2755,Jones,Robert
2755,Mcmahan,Robert
2758,Jernigan,Thomas
2758,Rosier,Thomas
2758,Jernigan,Linda
2758,Rosier,Linda
2760,Martinez,Lela
2760,Walker,Lela
2761,Marquez,Charles
2770,Williamson,Jonathan
2771,Mckinney,Angie
2781,Garrett,Evan
2781,Garrett,Mauro
2794,Jordan,David
2798,Bailey,Daniel
2798,Bailey,Mike
2810,Greenwood,April
2810,Willbanks,April
2817,Morgan,Clarissa
2821,Jacinto,Wilson
2821,Mcalpin,Wilson
2832,Cornell,George
2832,Ross,George
2847,Brenton,Malcolm
2847,Brenton,Angie
2855,Cadena,Janet
2861,Lee,Henry
2870,Gloss,Bonnie
2882,Fried,Ruby
2890,Anderson,Gary
2890,Bourque,Gary
2890,Anderson,Jessica
2890,Bourque,Jessica
2891,Carter,Ronald
2892,Broach,Paul
2892,Broach,Shirley
2897,Conway,Thomas
2910,Arvizu,Kevin
2914,Cleare,Kendall
2918,Johnson,William
2921,Nelsen,Bethany
2921,Hines,Bethany
2921,Nelsen,Loretta
2921,Hines,Loretta
2940,Almond,Christina
2946,Addington,Alana
2962,Mccoy,Patricia
2965,Kincaid,Joseph
2987,Israel,Cindy
2995,Lopresti,Sonya
20,Hills,Toccara
21,Phares,William
21,Rankin,William
24,Mata,Crystal
24,Corbin,Crystal
41,Lewis,Johnnie
41,Herrin,Johnnie
49,Costanzo,Ella
55,Armstrong,Tianna
56,Dunne,Jane
66,Wahlstrom,Arlene
66,Lee,Arlene
71,Brooks,Sheila
71,Brooks,Misty
94,Otero,Virginia
97,Rudolph,Dale
106,Rios,Marian
139,Madlung,Anthony
139,Mcknight,Anthony
147,Resner,Berenice
147,Resner,Harry
152,Walters,Justine
160,Herrod,Frederick
160,Herrod,Heather
173,Dulin,Owen
187,Gonzalez,Michael
188,Kelsey,Eloise
207,Rodriguez,Matthew
218,Jerman,Linda
218,Martin,Linda
220,Branche,Edward
220,Heslep,Edward
220,Branche,Robert
220,Heslep,Robert
239,Robles,Raymond
260,Maxon,Debra
264,Andreozzi,Patsy
264,Andreozzi,Gary
267,Mccrae,Jeremy
295,Flynn,Jennifer
295,Page,Jennifer
315,Gallion,Elizabeth
332,Vega,Angela
332,Sinotte,Angela
346,Madrid,Esteban
346,Marcy,Esteban
357,Millwood,David
361,Nemoede,Olga
366,Hill,Jennifer
369,Sandy,Faith
399,Disimone,Ashley
400,Sauceda,Penny
400,Benner,Penny
412,Kelly,Antonio
412,Torres,Antonio
412,Holien,Antonio
415,Parker,John
415,Wolfinger,John
415,Parker,Susan
415,Wolfinger,Susan
446,Villatoro,Rose
446,Sawicki,Rose
447,King,Sara
449,Baxter,Frank
449,Baxter,Kim
451,Johnson,Michael
453,Lane,Eddie
453,Lane,James
465,Lin,Jeffrey
465,Lin,Kristin
483,Kittell,Donald
486,Corbin,Henry
486,Bess,Henry
491,Prosser,Meaghan
491,Kittle,Meaghan
492,Spicer,Karin
492,Duff,Karin
494,Harris,Jose
494,Vo,Jose
495,Washington,Carlota
496,Sanchez,Susan
505,Mccollum,Luann
514,Chastain,Vernon
532,Bauer,Lucy
548,Kelash,Michael
548,Kelash,Anneliese
554,Wedderburn,Darrell
575,Kiernan,Vivian
578,Charles,Elizabeth
578,Gilbert,Elizabeth
579,Eguia,Brenda
582,Massey,Margaret
591,Patterson,Michael
594,Wagner,Anthony
599,Huson,Brenda
599,Flores,Brenda
599,Garrett,Brenda
608,Glass,Lou
609,Delargy,Thomas
609,Delargy,Keith
629,Steffen,Kevin
629,Price,Kevin
633,Young,Valeria
636,Bannister,Blake
636,Bannister,Dale
636,Bannister,Melissa
640,Walker,Martha
655,Matherly,Frank
655,Claxton,Frank
655,Bowers,Frank
659,Cochran,Maxine
659,Ress,Maxine
674,Mccary,Christian
675,Green,Charles
696,Peterson,Gene
696,Peterson,William
699,Baca,James
699,Baca,Andrea
702,Holcomb,Arthur
706,Trager,Judy
707,Marvin,Jerry
717,Heyes,Jean
733,Washington,May
740,Dehaven,Tabitha
740,Dehaven,Robert
746,Lemire,Dorothy
746,Lemire,Michele
768,Bing,Justin
772,Mccrary,Joan
775,Lopez,Robert
791,Fields,Andrew
794,Gibson,Ryan
796,Irvin,Cynthia
800,Schmiedeskamp,Walter
800,Lauderdale,Walter
815,Guzman,Wendy
843,Mccord,Elida
851,Wilson,William
851,Wilson,Phyllis
861,Robertson,Jean
861,Berstein,Jean
877,Grubbs,Taylor
878,Mcdougal,David
878,Mcdougal,Ronald
878,Mcdougal,Jeffrey
881,Leet,Jason
881,Leet,Hilda
883,Fritz,Mildred
886,Baker,Jeffrey
890,Baker,Steven
890,Baker,Steve
890,Baker,Matthew
892,Schmidt,Gail
894,Frederick,Christopher
895,Odowd,Kari
896,Johnson,Reyna
902,Ward,Michael
902,Allen,Michael
905,Humphrey,David
908,Correia,Richard
908,Correia,Rogelio
917,Davis,Michael
918,Livesay,Aaron
918,Livesay,Craig
919,Friesner,Dorothy
922,Driscoll,Dina
930,Ellingson,Robert
930,Lints,Robert
931,White,Nicole
931,Boone,Nicole
932,Duchesne,Stephen
941,Henry,Jesse
949,Falcon,Velva
949,Falcon,James
957,Brown,Charles
962,Cox,Celia
962,Cox,Leonard
966,Price,Kevin
966,Price,Toni
969,Manzo,Earl
969,Manzo,Stephen
972,Mcconnell,Amos
979,Mcdonald,Kelly
985,Robinson,Andre
986,Colvin,Colin
990,Duong,Norman
992,Fleeger,Douglas
993,Visick,Everett
994,Connelly,Clara
994,Connelly,Geneva
1006,Congleton,Julie
1006,Wendte,Julie
1011,Hoyman,Lillie
1062,Manalo,Eugenia
1077,Patton,Stephanie
1085,Culver,Alvin
1086,Snider,Scott
1095,Lee,John
1095,Lee,Johnny
1110,Williams,Gordon
1110,Yates,Gordon
1110,Frazier,Gordon
1114,Gero,Richard
1117,Bryant,Ronnie
1120,Bayer,William
1120,Bayer,Sherry
1124,Stone,Chris
1124,Stone,Maribel
1128,Seguin,Sandra
1128,Seguin,Donovan
1129,Williams,Faye
1135,Wasson,Kristie
1148,Meier,Phillip
1148,Mccarty,Phillip
1154,Adelstein,William
1158,Lister,Alice
1169,Monroe,John
1169,Delrosso,John
1172,Cook,George
1174,Daniels,Gerald
1179,Venzke,Alice
1179,Venzke,Jonathan
1190,Laramee,Irvin
1190,Laramee,Jason
1198,Unrein,Aida
1206,Hall,David
1242,Delcour,Wanda
1244,Carroll,Amanda
1262,Dishon,Emory
1262,Caruso,Emory
1295,Galeano,Dora
1299,James,Dustin
1306,Greene,Sarah
1306,Biddix,Sarah
1324,Whitford,Theodore
1325,Leonard,Paul
1329,Ballance,Randolph
1341,Borkowski,Rachel
1347,Burch,Eleanore
1348,Hamilton,Raul
1348,Buxton,Raul
1353,Broussard,Jean
1353,Beets,Jean
1356,Mcshane,Kerry
1357,Hargrove,Bill
1360,Vanhoose,Gregory
1368,Vasquez,Joseph
1370,Guajardo,Michael
1370,Ballard,Michael
1370,Guajardo,Margaret
1370,Ballard,Margaret
1400,Murray,Bettie
1400,Stevenson,Bettie
1407,Hurtubise,Joann
1409,Rosenbaum,Eugene
1409,Rosenbaum,Eugene
1416,Stringfellow,Steve
1435,Pike,Martha
1437,Augeri,John
1437,Meyer,John
1437,Augeri,Kelley
1437,Meyer,Kelley
1441,Mattox,David
1456,White,Robert
1463,Cahill,Dan
1463,Aubry,Dan
1467,Robinson,Rebecca
1467,Jimenez,Rebecca
1470,Winslow,Anne
1474,Johnson,Tamara
1481,Scruggs,Josie
1482,Mellis,Virginia
1494,Kleffman,Eleanor
1495,Jordon,Nicole
1495,Jordon,Pamela
1503,Hostetler,John
1503,Crosten,John
1503,Hostetler,Mohamed
1503,Crosten,Mohamed
1518,Williams,Lynn
1519,Fabert,Amber
1519,Fabert,Anna
1523,Cirone,Michael
1530,Goddard,Julius
1554,Holley,Julie
1554,Bailey,Julie
1563,Perry,Beatris
1567,Lemieux,Ruby
1567,Howard,Ruby
1584,Masztal,Maria
1585,Ripp,Lucien
1585,Pruitt,Lucien
1593,Murphy,William
1595,Norris,Deloris
1596,Barajas,Hazel
1597,Mcintyre,Irma
1597,Kelly,Irma
1597,Mcintyre,Steven
1597,Kelly,Steven
1607,Nikolai,Juanita
1615,Bishop,Jesus
1615,Limerick,Jesus
1621,Mcnab,Carl
1637,Engle,Robin
1637,Thompson,Robin
1637,Engle,Herbert
1637,Thompson,Herbert
1646,Arias,David
1652,Bartoletti,Rudolph
1658,Troxel,Jeremiah
1668,Dickson,John
1687,Willingham,Ronald
1687,Willingham,Liana
1687,Willingham,Thomas
1695,Saunders,Gilda
1705,Haggard,Brian
1712,Sims,Isabella
1712,Dixon,Isabella
1712,Sims,Charles
1712,Dixon,Charles
1715,Weathers,Terry
1717,Moseley,Clyde
1717,Jackson,Clyde
1717,Moseley,Carson
1717,Jackson,Carson
1722,Adams,Barbara
1727,Burkholder,Brenda
1728,Thompson,Bonnie
1731,Borders,Maureen
1735,Baadsgaard,Sidney
1739,Walsh,Christine
1739,Gilbert,Christine
1754,Sneed,Dayle
1754,Sneed,Rodney
1763,Spueler,Debbie
1765,Hernandez,Brenda
1775,Diggs,Michael
1782,Johnson,Danny
1785,Rodino,Marjorie
1787,Hosmer,Patricia
1789,Ponzi,James
1789,Lake,James
1792,Swanson,Roosevelt
1815,Dick,Lorie
1830,Stanley,Rosa
1837,Balas,David
1837,Balas,Mike
1838,Allen,Johnny
1838,Roberto,Johnny
1838,Allen,Margaret
1838,Roberto,Margaret
1845,Tuttle,Kennith
1845,Rousseau,Kennith
1848,Smith,Adrienne
1851,Fuller,Anne
1853,Bartel,Kelsi
1854,Wilson,Amanda
1854,Miller,Amanda
1858,Stokes,Matthew
1868,Jones,Gary
1872,Nguyen,Levi
1872,Koerner,Levi
1873,Johnson,Lisa
1885,Taylor,Elda
1892,Hart,Joann
1907,Chaisson,Deborah
1907,Chaisson,Sylvester
1914,Godbold,Russell
1915,Marshall,Edgar
1915,Miller,Edgar
1917,Pierce,Robert
1927,Ridgway,Daniel
1931,Cooley,Gerald
1938,Reilly,Ruth
1938,Reilly,Nicole
1941,Dillingham,Andrew
1942,Watson,Donald
1954,Caraballo,Elizabeth
1959,Hanna,Micheal
1959,Poulson,Micheal
1959,Hanna,Michael
1959,Poulson,Michael
1960,Martel,Maria
1964,Dejesus,Addie
1964,Dejesus,David
1965,Burns,Erica
1972,Schuetze,Jean
1973,Perkins,Myrle
1979,Woods,Deanne
1979,Gustafson,Deanne
2009,Mitchell,Loan
2012,Pegues,Steven
2015,Sealock,Patrice
2015,Sealock,Mary
2016,Aldrich,Jeffrey
2025,Martin,Brian
2025,Martin,Robert
2029,Mcwilliams,Leo
2032,Simmons,Violet
2044,Pitts,Hallie
2046,Wright,Elizabeth
2079,Long,Megan
2079,Long,Steven
2087,Irwin,Gavin
2091,Murphy,Michele
2097,Marin,Patricia
2097,Marin,Jeffrey
2105,Soderquist,Sharon
2112,Bookman,Fern
2112,Johnson,Fern
2112,Bookman,Michelle
2112,Johnson,Michelle
2112,Bookman,Nancy
2112,Johnson,Nancy
2129,Moore,Kevin
2132,Patrick,Margaret
2132,Patrick,Greta
2137,Ruiz,Roscoe
2149,Crafford,Terry
2152,Brooks,Glenn
2154,Cheatom,Wayne
2155,Barks,Eleanor
2157,Riley,Scott
2158,Plienis,Eduardo
2177,Otto,Minh
2177,Otto,Jerry
2177,Otto,Carlos
2179,Mizutani,Mary
2179,Mizutani,Charles
2180,Jordan,Nicole
2180,Smith,Nicole
2182,Stone,Kenneth
2191,Martin,Keith
2192,Merryman,Kevin
2200,Dathe,Bobbie
2200,Dathe,John
2202,Cruz,Daniel
2204,Melton,Calvin
2217,Gray,Theodore
2217,Gray,Danielle
2220,Hayes,Dawn
2227,Zecca,Ralph
2232,Clark,Michael
2232,Bolding,Michael
2236,Taylor,Joanna
2239,Todd,Michael
2239,Bowen,Michael
2251,Ely,Danielle
2251,Ely,Lyle
2265,Lake,Harold
2267,Brown,Johnny
2267,Brown,George
2274,Tierney,Damien
2280,Fortner,Elvina
2281,Hernandez,Omar
2281,Salmons,Omar
2292,Metzler,Keven
2297,Creighton,Marie
2298,Delgado,Edith
2304,Habib,Alice
2309,Ortega,Edna
2314,Bynum,Sammy
2314,Bynum,Ruth
2316,Mills,Deborah
2322,Jones,Stacey
2322,Jones,Elijah
2322,Jones,Louis
2325,Mellinger,Mary
2328,Draper,Susan
2336,Mervyn,Pauline
2336,Mervyn,Patrick
2337,Seifert,Herschel
2337,Seifert,Nathaniel
2338,Starkey,Elizabeth
2345,Fox,Sybil
2345,Fox,Roberta
2358,Johnson,Natasha
2358,Johnson,Magdalena
2362,Hill,Manuel
2362,Thompson,Manuel
2364,Baskin,Elizabeth
2364,Patton,Elizabeth
2366,Dequattro,Laura
2366,Brown,Laura
2373,Zimmerman,John
2374,Ross,Belinda
2377,Wadas,Gloria
2377,Curl,Gloria
2384,Hughes,John
2400,Taegel,Andrew
2403,Clark,Wendy
2404,Calvo,Marianne
2404,Calvo,Ida
2407,Johnson,Judy
2415,Oneal,Sharon
2415,Schappert,Sharon
2415,Oneal,Jo
2415,Schappert,Jo
2419,Stout,Anna
2419,Pickard,Anna
2419,Stout,Twila
2419,Pickard,Twila
2419,Stout,Jennifer
2419,Pickard,Jennifer
2435,Johnson,Kevin
2438,Gay,Herman
2438,Gay,Paul
2445,Mcdaniel,Kenneth
2446,Schofield,Carolyn
2450,Nolan,Todd
2464,Gilbert,Katrina
2464,Sneeden,Katrina
2465,Greene,Janice
2469,Thomas,Leigh
2471,Herrera,Denise
2485,Ramirez,Michele
2489,Seaman,Brenda
2490,Rodriguez,Beverly
2490,Rodriguez,Alexander
2495,Silverthorn,Kenneth
2495,Tomita,Kenneth
2512,Galloway,Vera
2515,Lorna,Tammy
2515,Lorna,Sharon
2524,Stein,Marvin
2524,Stein,Joann
2525,Vanacore,Carole
2528,Martin,Catherine
2528,Castagna,Catherine
2529,Yancey,Mary
2529,Ortiz,Mary
2530,Dyson,Theodore
2534,Licon,Marcia
2548,Broussard,Sandra
2569,Bright,Tanner
2574,Strapp,Mary
2574,Ganey,Mary
2577,Petersen,Stuart
2586,Meyer,Rose
2591,Valdez,William
2599,Tuller,Kelly
2599,Tuller,Daniel
2604,Taylor,Margaret
2605,Lyon,Mary
2612,Cagle,Bob
2612,Cagle,Donald
2622,Anselmo,Jeff
2622,Anselmo,Glenda
2627,Ozaeta,Curtis
2627,Baker,Curtis
2630,Werner,William
2636,Street,William
2640,Farrell,Laura
2640,Farrell,Jack
2647,Glaser,Ernesto
2649,Dungan,Stacey
2654,Winburn,Ethel
2654,Winburn,Lauren
2678,Knott,Robin
2678,Knott,Elaine
2679,Lyford,Shelley
2683,Krueger,Daniel
2685,Beshears,Kari
2685,Beshears,Ruby
2698,Modrak,Toni
2698,Stiff,Toni
2704,Marshall,Heath
2708,Brooks,Donald
2712,Twitty,Mark
2717,Adkins,Annette
2721,Hayward,Paul
2721,Hayward,Dorthy
2723,Senft,Carolyn
2725,Hormell,Adam
2730,Bogosh,Deborah
2734,Ray,Eddie
2738,Staley,Richard
2738,Staley,Catherine
2738,Staley,Susan
2751,Diorio,Charles
2765,Fairchild,Michael
2770,Lagrange,Jonathan
2774,Longnecker,Jeffrey
2777,Kenney,Patricia
2777,Tyson,Patricia
2781,Brandenburg,Evan
2781,Calvin,Evan
2781,Brandenburg,Mauro
2781,Calvin,Mauro
2784,Martel,Daphine
2799,Doody,Stephen
2799,Woodmansee,Stephen
2827,Meyer,Jeremy
2827,Meyer,Terry
2828,Everette,Peter
2828,Doke,Peter
2831,Risbeck,Tina
2841,Couch,Brandon
2847,Headley,Malcolm
2847,Headley,Angie
2858,Boyd,Scott
2863,Nasers,Lenora
2863,Pedraza,Lenora
2866,West,Ebony
2867,Concepcion,Kristina
2870,Axelson,Bonnie
2884,Schlesener,Edwin
2890,Beltrami,Gary
2890,Beltrami,Jessica
2891,Barfield,Ronald
2892,Geiger,Paul
2892,Visser,Paul
2892,Geiger,Shirley
2892,Visser,Shirley
2897,Atwell,Thomas
2897,Galloway,Thomas
2903,Carpenter,Evangeline
2918,Bessick,William
2924,Swanson,Mary
2935,Jovich,James
2935,Jovich,Pamela
2937,Amidon,Tami
2937,Garret,Tami
2940,Lokken,Christina
2941,Rynders,Wade
2941,Smith,Wade
2952,Lundy,Catherine
2963,Dempsey,Anita
2965,Arrington,Joseph
2982,Mann,Carol
2983,Higgins,Suzanne
2987,Broussard,Cindy
